Student_ID;Marital status;Application mode;Application order;Course;"Daytime/evening attendance	";Previous qualification;Previous qualification (grade);Nacionality;Mother's qualification;Father's qualification;Mother's occupation;Father's occupation;Admission grade;Displaced;Educational special needs;Debtor;Tuition fees up to date;Gender;Scholarship holder;Age at enrollment;International;Curricular units 1st sem (credited);Curricular units 1st sem (enrolled);Curricular units 1st sem (evaluations);Curricular units 1st sem (approved);Curricular units 1st sem (grade);Curricular units 1st sem (without evaluations);Curricular units 2nd sem (credited);Curricular units 2nd sem (enrolled);Curricular units 2nd sem (evaluations);Curricular units 2nd sem (approved);Curricular units 2nd sem (grade);Curricular units 2nd sem (without evaluations);Unemployment rate;Inflation rate;GDP;Target;Approval_Rate;Credited-Rate;Total_Enrolled
723;1;1;1;171;1;1;156.0;1;19;38;9;5;170.0;1;0;0;1;1;0;22;0;0;0;0;0;0.0;0;0;0;0;0;0.0;0;7.6;2.6;0.32;Graduate;2;2;0
1513;1;17;1;171;1;1;143.0;1;19;37;5;9;156.3;1;0;0;1;1;1;19;0;0;0;0;0;0.0;0;0;0;0;0;0.0;0;11.1;0.6;2.02;Graduate;2;2;0
1891;1;1;1;171;1;1;146.0;1;40;43;4;4;150.2;1;0;0;1;0;0;18;0;0;0;0;0;0.0;0;0;0;0;0;0.0;0;11.1;0.6;2.02;Graduate;2;2;0
3684;1;18;1;171;1;1;110.0;1;19;2;5;5;117.7;1;0;1;1;1;1;20;0;0;0;0;0;0.0;0;0;0;0;0;0.0;0;12.4;0.5;1.79;Graduate;2;2;0
3929;1;1;6;171;1;1;134.0;1;19;37;5;5;126.0;1;0;0;1;0;1;18;0;0;0;0;0;0.0;0;0;0;0;0;0.0;0;9.4;-0.8;-3.12;Graduate;2;2;0
2231;1;1;4;171;1;1;137.0;1;1;38;4;8;141.2;1;0;0;1;1;0;19;0;0;0;0;0;0.0;0;0;0;0;0;0.0;0;11.1;0.6;2.02;Graduate;2;2;0
528;1;39;1;171;1;1;145.0;1;3;1;2;10;114.5;1;0;0;1;1;0;24;0;0;0;0;0;0.0;0;0;0;0;0;0.0;0;9.4;-0.8;-3.12;Graduate;2;2;0
2657;1;16;1;171;1;1;155.0;1;1;3;5;10;167.3;1;0;0;1;1;0;19;0;0;0;0;0;0.0;0;0;0;0;0;0.0;0;13.9;-0.3;0.79;Graduate;2;2;0
2027;1;1;1;171;1;1;110.0;1;3;2;3;3;117.0;1;0;0;1;1;0;21;0;0;0;0;0;0.0;0;0;0;0;0;0.0;0;9.4;-0.8;-3.12;Graduate;2;2;0
2195;1;1;1;171;1;1;136.0;1;37;19;5;8;129.0;1;0;0;1;1;1;19;0;0;0;0;0;0.0;0;0;0;0;0;0.0;0;13.9;-0.3;0.79;Graduate;2;2;0
1193;1;1;1;171;1;1;142.0;1;19;19;7;7;142.0;1;0;0;1;0;1;18;0;0;0;0;0;0.0;0;0;0;0;0;0.0;0;13.9;-0.3;0.79;Graduate;2;2;0
790;1;17;3;171;1;1;147.0;1;19;1;5;4;137.6;1;0;0;1;0;1;20;0;0;0;0;0;0.0;0;0;0;0;0;0.0;0;12.7;3.7;-1.7;Graduate;2;2;0
1378;1;1;1;171;1;1;147.0;1;37;19;7;7;134.4;1;0;0;1;1;1;18;0;0;0;0;0;0.0;0;0;0;0;0;0.0;0;10.8;1.4;1.74;Graduate;2;2;0
1576;1;1;4;171;1;1;131.0;1;19;19;4;4;119.8;1;1;0;1;0;0;22;0;0;0;0;0;0.0;0;0;0;0;0;0.0;0;16.2;0.3;-0.92;Graduate;2;2;0
2921;1;1;1;171;1;1;162.0;1;19;19;4;7;152.9;1;0;0;1;0;1;18;0;0;0;0;0;0.0;0;0;0;0;0;0.0;0;12.4;0.5;1.79;Graduate;2;2;0
2956;1;1;1;171;1;1;139.0;1;37;37;9;9;124.0;1;0;0;1;0;0;18;0;0;0;0;0;0.0;0;0;0;0;0;0.0;0;7.6;2.6;0.32;Graduate;2;2;0
4371;1;1;3;171;1;1;137.0;1;1;3;5;2;133.9;1;0;0;1;1;0;19;0;0;0;0;0;0.0;0;0;0;0;0;0.0;0;12.7;3.7;-1.7;Graduate;2;2;0
21;1;1;3;171;1;1;122.0;1;1;1;9;8;120.3;0;0;0;1;0;1;21;0;0;0;0;0;0.0;0;0;0;0;0;0.0;0;11.1;0.6;2.02;Graduate;2;2;0
4354;1;1;1;171;1;1;141.0;1;3;1;4;4;142.8;1;0;0;1;0;0;18;0;0;0;0;0;0.0;0;0;0;0;0;0.0;0;12.4;0.5;1.79;Graduate;2;2;0
1899;1;1;1;171;1;1;143.0;1;12;12;4;1;155.3;1;1;0;1;0;0;18;0;0;0;0;0;0.0;0;0;0;0;0;0.0;0;11.1;0.6;2.02;Graduate;2;2;0
1051;1;1;1;171;1;1;141.0;1;1;38;4;8;136.8;1;0;0;1;0;1;18;0;0;0;0;0;0.0;0;0;0;0;0;0.0;0;13.9;-0.3;0.79;Graduate;2;2;0
1364;1;44;1;171;1;39;150.0;1;19;1;9;9;154.8;1;0;0;1;1;0;21;0;0;0;0;0;0.0;0;0;0;0;0;0.0;0;12.4;0.5;1.79;Graduate;2;2;0
575;1;43;4;171;1;1;117.0;1;19;12;9;10;109.3;0;0;0;1;1;0;19;0;0;0;0;0;0.0;0;0;0;0;0;0.0;0;9.4;-0.8;-3.12;Graduate;2;2;0
1890;1;1;1;171;1;1;149.0;1;1;1;9;3;156.0;1;0;0;1;0;0;18;0;0;0;0;0;0.0;0;0;0;0;0;0.0;0;10.8;1.4;1.74;Graduate;2;2;0
1508;1;1;1;171;1;1;134.0;1;19;37;7;7;136.1;1;0;0;1;1;0;19;0;0;0;0;0;0.0;0;0;0;0;0;0.0;0;9.4;-0.8;-3.12;Graduate;2;2;0
3947;1;17;2;171;1;1;142.0;1;3;1;2;6;139.4;1;0;0;1;0;1;18;0;0;0;0;0;0.0;0;0;0;0;0;0.0;0;15.5;2.8;-4.06;Graduate;2;2;0
2638;1;16;2;171;1;1;145.0;1;3;3;2;2;143.6;1;0;0;1;1;0;18;0;0;0;0;0;0.0;0;0;0;0;0;0.0;0;12.4;0.5;1.79;Graduate;2;2;0
2125;1;1;1;171;1;1;174.0;1;5;3;3;3;157.9;0;0;0;1;0;0;18;0;0;0;0;0;0.0;0;0;0;0;0;0.0;0;13.9;-0.3;0.79;Graduate;2;2;0
680;1;1;1;171;1;1;151.0;41;3;3;2;5;161.9;1;0;0;1;0;1;19;1;0;0;0;0;0.0;0;0;0;0;0;0.0;0;13.9;-0.3;0.79;Graduate;2;2;0
3482;1;17;1;171;1;1;142.0;1;37;37;9;9;132.9;0;0;0;1;1;0;22;0;0;0;0;0;0.0;0;0;0;0;0;0.0;0;12.7;3.7;-1.7;Graduate;2;2;0
822;1;1;3;171;1;1;147.0;1;12;19;9;3;151.6;1;0;0;1;0;0;19;0;0;0;0;0;0.0;0;0;0;0;0;0.0;0;13.9;-0.3;0.79;Graduate;2;2;0
2329;1;1;1;171;1;1;170.0;1;38;19;9;2;160.6;1;0;0;1;1;1;18;0;0;0;0;0;0.0;0;0;0;0;0;0.0;0;12.7;3.7;-1.7;Graduate;2;2;0
1601;1;1;4;171;1;1;131.0;1;1;1;0;3;149.9;1;0;0;1;1;0;18;0;0;0;0;0;0.0;0;0;0;0;0;0.0;0;11.1;0.6;2.02;Graduate;2;2;0
3024;1;1;2;171;1;1;152.0;1;38;19;9;9;151.7;1;0;0;1;0;1;24;0;0;0;0;0;0.0;0;0;0;0;0;0.0;0;11.1;0.6;2.02;Graduate;2;2;0
3708;1;17;3;171;1;1;125.0;1;37;37;5;10;120.5;1;0;0;1;1;0;22;0;0;0;0;0;0.0;0;0;0;0;0;0.0;0;12.4;0.5;1.79;Graduate;2;2;0
1752;1;1;1;171;1;1;150.0;1;38;19;9;9;137.8;1;0;0;1;1;1;19;0;0;0;0;0;0.0;0;0;0;0;0;0.0;0;13.9;-0.3;0.79;Graduate;2;2;0
3746;1;1;1;171;1;1;145.0;1;3;1;4;3;149.9;1;0;0;0;0;0;19;0;0;0;0;0;0.0;0;0;0;0;0;0.0;0;16.2;0.3;-0.92;Graduate;2;2;0
2509;1;17;1;171;1;1;114.0;1;19;38;9;7;129.1;0;0;0;1;1;1;23;0;0;0;0;0;0.0;0;0;0;0;0;0.0;0;9.4;-0.8;-3.12;Graduate;2;2;0
2372;1;1;5;171;1;1;139.0;1;19;3;9;2;136.9;1;0;0;1;1;1;19;0;0;0;0;0;0.0;0;0;0;0;0;0.0;0;9.4;-0.8;-3.12;Graduate;2;2;0
2176;1;1;1;171;1;1;156.0;1;19;38;9;1;153.6;1;0;0;1;0;0;18;0;0;0;0;0;0.0;0;0;0;0;0;0.0;0;9.4;-0.8;-3.12;Graduate;2;2;0
2407;2;39;1;171;1;12;110.0;1;37;37;7;7;106.0;1;0;0;1;1;0;36;0;0;0;0;0;0.0;0;0;0;0;0;0.0;0;7.6;2.6;0.32;Graduate;2;2;0
3718;1;1;3;171;1;1;140.0;1;37;37;9;9;124.3;1;0;0;1;1;0;18;0;0;0;0;0;0.0;0;0;0;0;0;0.0;0;7.6;2.6;0.32;Graduate;2;2;0
2388;1;1;1;171;1;1;135.0;1;1;38;5;7;137.5;1;0;1;0;1;0;19;0;0;0;0;0;0.0;0;0;0;0;0;0.0;0;12.7;3.7;-1.7;Graduate;2;2;0
406;1;1;1;171;1;1;135.0;1;1;19;3;9;137.1;1;0;0;1;0;0;18;0;0;0;0;0;0.0;0;0;0;0;0;0.0;0;12.7;3.7;-1.7;Graduate;2;2;0
67;1;1;3;171;1;1;139.0;1;19;19;5;3;128.2;1;0;0;1;1;1;19;0;0;0;0;0;0.0;0;0;0;0;0;0.0;0;10.8;1.4;1.74;Graduate;2;2;0
3406;1;17;2;171;1;1;146.0;1;3;3;3;3;155.1;1;0;0;1;0;0;18;0;0;0;0;0;0.0;0;0;0;0;0;0.0;0;13.9;-0.3;0.79;Graduate;2;2;0
3025;1;1;1;171;1;1;169.0;1;19;37;9;7;176.0;1;0;0;1;0;1;18;0;0;0;0;0;0.0;0;0;0;0;0;0.0;0;12.4;0.5;1.79;Graduate;2;2;0
3136;1;1;1;171;1;1;138.0;1;1;40;4;3;149.9;1;0;0;1;0;0;20;0;0;0;0;0;0.0;0;0;0;0;0;0.0;0;11.1;0.6;2.02;Graduate;2;2;0
2357;1;1;1;171;1;1;138.0;1;1;1;4;3;141.5;0;0;0;1;1;0;19;0;0;0;0;0;0.0;0;0;0;0;0;0.0;0;7.6;2.6;0.32;Graduate;2;2;0
2900;1;17;2;171;1;1;131.0;1;2;1;3;3;148.9;1;0;0;1;0;0;20;0;0;0;0;0;0.0;0;0;0;0;0;0.0;0;9.4;-0.8;-3.12;Graduate;2;2;0
2236;1;1;1;171;1;1;136.0;1;19;19;4;8;150.4;1;0;0;1;1;1;21;0;0;0;0;0;0.0;0;0;0;0;0;0.0;0;12.4;0.5;1.79;Graduate;2;2;0
3318;1;1;1;171;1;1;172.0;1;1;1;4;9;167.1;0;0;0;1;1;1;18;0;0;0;0;0;0.0;0;0;0;0;0;0.0;0;16.2;0.3;-0.92;Graduate;2;2;0
882;1;1;1;171;1;1;149.0;1;3;2;2;5;151.1;1;0;0;1;1;0;19;0;0;0;0;0;0.0;0;0;0;0;0;0.0;0;9.4;-0.8;-3.12;Graduate;2;2;0
558;1;1;1;171;1;1;161.0;1;37;37;9;9;144.2;1;0;0;1;1;0;18;0;0;0;0;0;0.0;0;0;0;0;0;0.0;0;7.6;2.6;0.32;Graduate;2;2;0
1586;1;1;1;171;1;1;130.0;1;29;38;9;8;122.0;1;0;0;1;1;0;20;0;0;0;0;0;0.0;0;0;0;0;0;0.0;0;7.6;2.6;0.32;Graduate;2;2;0
3161;1;1;2;171;1;1;125.0;1;38;19;9;9;117.3;1;0;0;1;1;1;21;0;0;0;0;0;0.0;0;0;0;0;0;0.0;0;10.8;1.4;1.74;Graduate;2;2;0
535;1;44;1;171;1;39;150.0;1;4;4;2;2;150.0;0;0;0;1;1;0;25;0;0;0;0;0;0.0;0;0;0;0;0;0.0;0;15.5;2.8;-4.06;Graduate;2;2;0
1884;1;1;1;171;1;1;145.0;1;1;19;10;5;150.6;1;0;0;1;1;0;18;0;0;0;0;0;0.0;0;0;0;0;0;0.0;0;10.8;1.4;1.74;Graduate;2;2;0
2009;1;1;1;171;1;1;151.0;1;37;37;9;7;147.5;1;0;0;1;0;0;18;0;0;0;0;0;0.0;0;0;0;0;0;0.0;0;7.6;2.6;0.32;Graduate;2;2;0
2777;1;17;2;171;1;1;141.0;1;19;37;9;9;136.1;1;0;0;1;0;1;18;0;0;0;0;0;0.0;0;0;0;0;0;0.0;0;12.7;3.7;-1.7;Enrolled;2;2;0
2120;1;17;1;171;1;1;133.0;1;1;1;6;7;134.8;1;0;0;1;0;0;18;0;0;0;0;0;0.0;0;0;0;0;0;0.0;0;12.4;0.5;1.79;Enrolled;2;2;0
2157;1;17;2;171;1;1;137.0;1;1;1;4;1;143.3;1;0;0;1;0;0;18;0;0;0;0;0;0.0;0;0;0;0;0;0.0;0;9.4;-0.8;-3.12;Enrolled;2;2;0
63;1;17;3;171;1;1;133.0;1;1;37;4;7;126.0;1;0;0;1;1;1;19;0;0;0;0;0;0.0;0;0;0;0;0;0.0;0;10.8;1.4;1.74;Enrolled;2;2;0
1525;1;1;1;171;1;1;134.0;1;3;2;2;2;141.7;1;0;0;1;1;0;18;0;0;0;0;0;0.0;0;0;0;0;0;0.0;0;7.6;2.6;0.32;Enrolled;2;2;0
4154;1;1;1;171;1;1;135.0;1;19;4;9;2;143.8;1;0;1;1;0;0;19;0;0;0;0;0;0.0;0;0;0;0;0;0.0;0;12.7;3.7;-1.7;Enrolled;2;2;0
2558;1;1;2;171;1;1;165.0;1;3;3;2;2;163.6;1;0;0;1;0;0;18;0;0;0;0;0;0.0;0;0;0;0;0;0.0;0;12.4;0.5;1.79;Enrolled;2;2;0
2028;1;1;2;171;1;1;127.0;1;3;39;1;3;133.5;1;0;0;1;1;0;17;0;0;0;0;0;0.0;0;0;0;0;0;0.0;0;15.5;2.8;-4.06;Enrolled;2;2;0
4203;1;17;1;171;1;1;125.0;1;1;1;7;3;143.9;1;0;0;1;0;0;20;0;0;0;0;0;0.0;0;0;0;0;0;0.0;0;15.5;2.8;-4.06;Enrolled;2;2;0
3610;1;1;1;171;1;1;133.1;1;1;37;9;9;117.0;0;0;1;1;1;0;19;0;0;0;0;0;0.0;0;0;0;0;0;0.0;0;15.5;2.8;-4.06;Enrolled;2;2;0
2373;1;17;3;171;1;1;125.0;1;3;39;2;5;117.0;1;1;0;1;1;0;22;0;0;0;0;0;0.0;0;0;0;0;0;0.0;0;10.8;1.4;1.74;Enrolled;2;2;0
3608;1;43;1;171;1;1;144.0;1;19;19;9;4;121.6;0;0;0;1;1;0;22;0;0;0;0;0;0.0;0;0;0;0;0;0.0;0;13.9;-0.3;0.79;Enrolled;2;2;0
1090;1;43;1;171;1;1;133.0;1;19;19;5;7;133.0;0;0;0;1;0;0;18;0;0;0;0;0;0.0;0;0;0;0;0;0.0;0;15.5;2.8;-4.06;Enrolled;2;2;0
1660;1;1;1;171;1;1;136.0;1;3;3;1;2;152.5;1;0;0;1;0;0;20;0;0;0;0;0;0.0;0;0;0;0;0;0.0;0;13.9;-0.3;0.79;Enrolled;2;2;0
1580;1;16;1;171;1;1;158.0;1;38;37;9;9;164.3;1;0;0;1;1;1;18;0;0;0;0;0;0.0;0;0;0;0;0;0.0;0;10.8;1.4;1.74;Enrolled;2;2;0
4267;1;44;1;171;1;39;140.0;1;1;1;9;9;140.0;0;0;0;1;1;0;21;0;0;0;0;0;0.0;0;0;0;0;0;0.0;0;15.5;2.8;-4.06;Enrolled;2;2;0
2451;1;1;1;171;1;1;130.0;1;1;38;5;9;118.1;0;0;1;0;1;0;18;0;0;0;0;0;0.0;0;0;0;0;0;0.0;0;9.4;-0.8;-3.12;Enrolled;2;2;0
1147;1;1;1;171;1;1;131.0;1;19;38;4;5;132.8;1;0;0;1;0;0;18;0;0;0;0;0;0.0;0;0;0;0;0;0.0;0;7.6;2.6;0.32;Enrolled;2;2;0
2481;1;43;1;171;1;1;120.0;1;3;3;2;2;120.0;1;0;0;1;1;0;22;0;0;0;0;0;0.0;0;0;0;0;0;0.0;0;7.6;2.6;0.32;Enrolled;2;2;0
762;1;5;1;171;1;1;137.0;1;3;19;1;10;144.7;1;0;0;1;1;0;20;0;0;0;0;0;0.0;0;0;0;0;0;0.0;0;16.2;0.3;-0.92;Enrolled;2;2;0
60;1;1;3;171;1;1;125.0;1;38;37;4;9;115.2;1;0;0;1;0;0;18;0;0;0;0;0;0.0;0;0;0;0;0;0.0;0;7.6;2.6;0.32;Enrolled;2;2;0
3840;1;1;2;171;1;1;129.0;1;37;37;9;9;122.0;1;0;0;0;1;0;22;0;0;0;0;0;0.0;0;0;0;0;0;0.0;0;7.6;2.6;0.32;Dropout;2;2;0
1393;1;1;1;171;1;1;131.0;1;19;19;9;9;134.9;1;0;1;1;0;0;20;0;0;0;0;0;0.0;0;0;0;0;0;0.0;0;16.2;0.3;-0.92;Dropout;2;2;0
606;1;1;3;171;1;1;115.0;1;9;1;6;6;108.7;1;0;0;0;0;0;21;0;0;0;0;0;0.0;0;0;0;0;0;0.0;0;9.4;-0.8;-3.12;Dropout;2;2;0
3513;1;1;1;171;1;1;140.0;1;19;19;1;1;129.5;1;0;0;1;1;0;20;0;0;0;0;0;0.0;0;0;0;0;0;0.0;0;10.8;1.4;1.74;Dropout;2;2;0
73;1;1;1;171;1;1;141.0;1;19;19;5;10;135.8;1;0;0;1;1;0;19;0;0;0;0;0;0.0;0;0;0;0;0;0.0;0;15.5;2.8;-4.06;Dropout;2;2;0
4302;1;43;1;171;1;39;140.0;1;38;37;9;7;140.0;0;0;0;0;1;0;25;0;0;0;0;0;0.0;0;0;0;0;0;0.0;0;15.5;2.8;-4.06;Dropout;2;2;0
1992;1;43;1;171;1;2;140.0;1;37;37;9;9;140.0;1;0;0;1;0;0;34;0;0;0;0;0;0.0;0;0;0;0;0;0.0;0;10.8;1.4;1.74;Dropout;2;2;0
2975;1;1;1;171;1;1;124.0;1;1;19;123;103;113.9;1;1;0;1;0;0;19;0;0;0;0;0;0.0;0;0;0;0;0;0.0;0;13.9;-0.3;0.79;Dropout;2;2;0
3491;1;1;1;171;1;1;162.0;1;37;37;9;9;142.8;1;0;0;1;1;0;21;0;0;0;0;0;0.0;0;0;0;0;0;0.0;0;12.7;3.7;-1.7;Dropout;2;2;0
4309;1;44;1;171;1;39;110.0;1;1;1;1;7;114.2;0;0;0;1;1;0;19;0;0;0;0;0;0.0;0;0;0;0;0;0.0;0;12.4;0.5;1.79;Dropout;2;2;0
1594;1;1;3;171;1;1;129.0;1;38;37;9;3;127.3;1;0;1;0;1;1;19;0;0;0;0;0;0.0;0;0;0;0;0;0.0;0;9.4;-0.8;-3.12;Dropout;2;2;0
2129;1;1;1;171;1;1;170.0;1;19;19;8;8;176.7;1;0;0;1;0;1;19;0;0;0;0;0;0.0;0;0;0;0;0;0.0;0;11.1;0.6;2.02;Dropout;2;2;0
2181;1;17;1;171;1;1;136.0;1;38;38;7;7;127.3;1;0;0;1;0;0;19;0;0;0;0;0;0.0;0;0;0;0;0;0.0;0;15.5;2.8;-4.06;Dropout;2;2;0
342;1;1;1;171;1;1;188.0;1;3;3;2;2;178.3;1;0;0;1;0;0;18;0;0;0;0;0;0.0;0;0;0;0;0;0.0;0;15.5;2.8;-4.06;Dropout;2;2;0
4081;1;1;1;171;1;1;140.0;1;37;37;7;9;126.8;1;0;0;0;0;1;18;0;0;0;0;0;0.0;0;0;0;0;0;0.0;0;12.7;3.7;-1.7;Dropout;2;2;0
2830;1;17;1;171;1;1;130.0;1;3;1;9;9;126.9;1;0;0;1;0;0;20;0;0;0;0;0;0.0;0;0;0;0;0;0.0;0;12.7;3.7;-1.7;Dropout;2;2;0
2463;1;1;1;171;1;1;159.0;1;3;3;2;2;165.7;1;0;0;1;1;0;18;0;0;0;0;0;0.0;0;0;0;0;0;0.0;0;9.4;-0.8;-3.12;Dropout;2;2;0
2275;2;39;1;171;1;19;100.0;1;37;37;9;9;139.0;0;0;0;1;1;0;36;0;0;0;0;0;0.0;0;0;0;0;0;0.0;0;10.8;1.4;1.74;Dropout;2;2;0
3681;1;1;1;171;1;1;127.0;1;37;38;9;9;120.7;1;0;1;1;1;0;18;0;0;0;0;0;0.0;0;0;0;0;0;0.0;0;7.6;2.6;0.32;Dropout;2;2;0
2232;1;1;1;171;1;1;124.0;1;3;3;2;2;119.1;1;0;0;1;1;0;18;0;0;0;0;0;0.0;0;0;0;0;0;0.0;0;16.2;0.3;-0.92;Dropout;2;2;0
3601;1;18;4;171;1;1;133.0;1;1;4;9;5;129.2;1;0;1;0;1;0;20;0;0;0;0;0;0.0;0;0;0;0;0;0.0;0;9.4;-0.8;-3.12;Dropout;2;2;0
1646;1;1;2;171;1;1;120.0;1;3;19;4;7;119.7;1;0;0;1;0;0;21;0;0;0;0;0;0.0;0;0;0;0;0;0.0;0;8.9;1.4;3.51;Dropout;2;2;0
910;1;1;1;171;1;1;150.0;1;38;19;7;10;134.6;0;0;0;1;0;0;20;0;0;0;0;0;0.0;0;0;0;0;0;0.0;0;15.5;2.8;-4.06;Dropout;2;2;0
1690;1;43;4;171;1;1;136.0;1;37;37;9;9;123.8;1;0;0;1;1;0;19;0;0;0;0;0;0.0;0;0;0;0;0;0.0;0;7.6;2.6;0.32;Dropout;2;2;0
4216;1;1;1;171;1;1;140.0;1;19;37;5;6;137.9;1;0;1;0;0;0;18;0;0;0;0;0;0.0;0;0;0;0;0;0.0;0;8.9;1.4;3.51;Dropout;2;2;0
3152;1;1;1;171;1;1;159.0;1;3;1;4;4;162.2;1;0;1;0;0;0;18;0;0;0;0;0;0.0;0;0;0;0;0;0.0;0;12.4;0.5;1.79;Dropout;2;2;0
2598;1;43;1;171;1;1;145.0;1;19;38;9;9;100.0;0;0;0;1;0;1;18;0;0;0;0;0;0.0;0;0;0;0;0;0.0;0;13.9;-0.3;0.79;Dropout;2;2;0
1079;1;43;1;171;1;1;116.0;1;3;1;2;3;117.3;1;0;1;1;0;0;20;0;0;0;0;0;0.0;0;0;0;0;0;0.0;0;13.9;-0.3;0.79;Dropout;2;2;0
3301;1;1;1;171;1;1;138.0;1;19;19;5;1;130.7;1;0;0;1;0;0;18;0;0;0;0;0;0.0;0;0;0;0;0;0.0;0;13.9;-0.3;0.79;Dropout;2;2;0
1879;1;1;2;171;1;1;127.0;1;2;19;5;5;139.6;1;0;1;0;1;1;18;0;0;0;0;0;0.0;0;0;0;0;0;0.0;0;13.9;-0.3;0.79;Dropout;2;2;0
1447;1;1;1;171;1;1;114.0;1;3;29;3;5;111.9;0;0;0;0;1;0;18;0;0;0;0;0;0.0;0;0;0;0;0;0.0;0;9.4;-0.8;-3.12;Dropout;2;2;0
2646;1;1;1;171;1;1;133.1;1;1;37;7;7;118.0;0;0;0;1;1;0;22;0;0;0;0;0;0.0;0;0;0;0;0;0.0;0;11.1;0.6;2.02;Dropout;2;2;0
3695;1;17;1;171;1;1;129.0;1;1;1;9;9;124.8;1;0;0;1;1;0;18;0;0;0;0;0;0.0;0;0;0;0;0;0.0;0;12.7;3.7;-1.7;Dropout;2;2;0
3517;1;17;1;171;1;1;123.0;1;3;12;2;9;116.4;1;0;1;1;1;0;19;0;0;0;0;0;0.0;0;0;0;0;0;0.0;0;10.8;1.4;1.74;Dropout;2;2;0
2499;1;39;1;171;1;19;133.1;101;1;19;2;7;110.0;0;0;0;1;1;1;25;1;0;0;0;0;0.0;0;0;0;0;0;0.0;0;15.5;2.8;-4.06;Dropout;2;2;0
756;1;1;4;171;1;1;132.0;1;1;19;4;5;138.0;1;0;1;0;1;0;19;0;0;0;0;0;0.0;0;0;0;0;0;0.0;0;15.5;2.8;-4.06;Dropout;2;2;0
846;1;1;1;171;1;1;115.0;1;37;37;9;8;129.0;1;0;1;0;0;1;23;0;0;0;0;0;0.0;0;0;0;0;0;0.0;0;9.4;-0.8;-3.12;Dropout;2;2;0
2858;1;1;1;171;1;1;163.0;1;1;1;4;3;149.7;1;0;0;1;0;1;18;0;0;0;0;0;0.0;0;0;0;0;0;0.0;0;13.9;-0.3;0.79;Dropout;2;2;0
1953;1;1;1;171;1;1;138.0;1;19;37;7;7;124.0;1;0;0;0;0;0;19;0;0;0;0;0;0.0;0;0;0;0;0;0.0;0;10.8;1.4;1.74;Dropout;2;2;0
1;1;17;5;171;1;1;122.0;1;19;12;5;9;127.3;1;0;0;1;1;0;20;0;0;0;0;0;0.0;0;0;0;0;0;0.0;0;10.8;1.4;1.74;Dropout;2;2;0
1152;1;17;1;171;1;1;145.0;1;37;37;9;1;150.3;1;0;0;1;0;0;19;0;0;0;0;0;0.0;0;0;0;0;0;0.0;0;15.5;2.8;-4.06;Dropout;2;2;0
3712;1;44;1;171;1;39;160.0;1;19;38;9;9;160.0;1;0;1;1;1;1;21;0;0;0;0;0;0.0;0;0;0;0;0;0.0;0;15.5;2.8;-4.06;Dropout;2;2;0
3629;1;1;1;171;1;1;143.0;1;3;37;9;9;142.7;1;0;0;1;0;0;18;0;0;0;0;0;0.0;0;0;0;0;0;0.0;0;16.2;0.3;-0.92;Dropout;2;2;0
1106;1;1;4;171;1;1;139.0;1;37;38;9;9;127.8;1;0;0;1;0;0;19;0;0;0;0;0;0.0;0;0;0;0;0;0.0;0;10.8;1.4;1.74;Dropout;2;2;0
2334;1;1;6;171;1;1;126.0;1;10;10;4;4;130.2;1;0;0;1;1;1;18;0;0;0;0;0;0.0;0;0;0;0;0;0.0;0;9.4;-0.8;-3.12;Dropout;2;2;0
1221;1;1;2;171;1;1;136.0;1;39;1;3;4;134.3;1;0;1;1;0;0;19;0;0;0;0;0;0.0;0;0;0;0;0;0.0;0;12.4;0.5;1.79;Dropout;2;2;0
2954;1;39;1;171;1;1;140.0;1;37;37;9;9;100.8;0;1;0;1;0;0;26;0;0;0;0;0;0.0;0;0;0;0;0;0.0;0;16.2;0.3;-0.92;Dropout;2;2;0
3826;1;1;1;171;1;1;130.0;1;1;38;7;8;135.6;1;0;0;1;1;0;26;0;0;0;0;0;0.0;0;0;0;0;0;0.0;0;11.1;0.6;2.02;Dropout;2;2;0
2023;1;17;4;171;1;1;133.1;1;38;38;9;9;117.0;1;0;0;1;1;0;21;0;0;0;0;0;0.0;0;0;0;0;0;0.0;0;10.8;1.4;1.74;Dropout;2;2;0
1453;1;1;1;171;1;1;132.0;1;1;1;4;1;119.4;1;0;0;1;1;0;20;0;0;0;0;0;0.0;0;0;0;0;0;0.0;0;10.8;1.4;1.74;Dropout;2;2;0
4165;1;43;3;171;1;1;140.0;1;37;38;7;7;143.4;1;0;0;1;0;0;21;0;0;0;0;0;0.0;0;0;0;0;0;0.0;0;9.4;-0.8;-3.12;Dropout;2;2;0
4308;1;39;1;171;1;1;116.0;1;34;34;0;0;127.0;1;0;0;1;1;0;38;0;0;0;0;0;0.0;0;0;0;0;0;0.0;0;7.6;2.6;0.32;Dropout;2;2;0
3325;1;39;1;171;1;1;110.0;1;12;3;5;2;100.0;1;0;0;1;1;0;27;0;0;0;0;0;0.0;0;0;0;0;0;0.0;0;9.4;-0.8;-3.12;Dropout;2;2;0
3587;1;7;1;171;1;3;130.0;1;1;2;9;2;130.0;0;0;0;0;1;0;18;0;0;0;0;0;0.0;0;0;0;0;0;0.0;0;9.4;-0.8;-3.12;Dropout;2;2;0
353;1;1;4;171;1;1;127.0;1;1;1;9;5;124.2;1;0;0;0;0;0;19;0;0;0;0;0;0.0;0;0;0;0;0;0.0;0;9.4;-0.8;-3.12;Dropout;2;2;0
1359;1;17;1;171;1;1;128.0;1;1;1;4;10;134.7;0;0;0;0;1;0;19;0;0;0;0;0;0.0;0;0;0;0;0;0.0;0;10.8;1.4;1.74;Dropout;2;2;0
2224;1;17;1;171;1;1;129.0;1;38;37;4;6;128.0;0;0;0;0;1;0;20;0;0;0;0;0;0.0;0;0;0;0;0;0.0;0;9.4;-0.8;-3.12;Dropout;2;2;0
4389;2;43;1;9147;1;2;120.0;1;37;37;9;9;122.8;0;0;1;0;0;0;42;0;13;13;13;13;11.923.076.923.076.900;0;12;12;12;12;12.5;0;15.5;2.8;-4.06;Dropout;1;1;25
1077;1;2;1;9853;1;1;120.0;1;19;38;9;9;122.5;0;0;0;0;0;0;28;0;11;11;11;11;11.727.272.727.272.700;0;8;8;8;8;12.0;0;15.5;2.8;-4.06;Dropout;1;1;19
2450;1;7;1;9991;0;3;130.0;1;37;37;9;9;130.0;0;0;0;1;1;0;31;0;9;9;9;9;1.422.222.222.222.220;0;5;5;5;5;12.8;0;12.7;3.7;-1.7;Dropout;1;1;14
687;1;39;1;9085;1;39;120.0;1;37;37;1;9;137.7;1;0;0;0;1;0;41;0;3;3;3;3;12.333.333.333.333.300;0;2;2;2;2;11.0;0;12.4;0.5;1.79;Dropout;1;1;5
703;1;7;1;9556;1;4;190.0;1;5;5;2;2;190.0;1;0;0;1;1;0;43;0;4;4;4;4;13.875;0;1;1;1;1;12.5;0;11.1;0.6;2.02;Dropout;1;1;5
2624;1;43;1;9991;0;1;133.1;41;37;37;9;8;114.7;0;0;0;1;0;0;34;1;2;2;2;2;10.5;0;1;1;1;1;11.0;0;10.8;1.4;1.74;Dropout;1;1;3
2864;1;43;1;9853;1;1;140.0;1;37;37;6;6;125.2;0;0;1;1;0;0;41;0;20;21;23;21;12.333.333.333.333.300;0;19;19;19;19;12.105.263.157.894.700;0;12.4;0.5;1.79;Graduate;1;0,975;40
3818;1;17;1;9003;1;1;120.0;1;38;37;5;9;131.4;1;0;0;1;1;1;23;0;17;18;19;18;11.894.736.842.105.200;0;12;13;13;13;12.923.076.923.076.900;0;15.5;2.8;-4.06;Graduate;1;0,935483871;31
1895;1;18;1;171;1;1;121.0;1;1;1;4;3;116.8;1;0;0;1;0;0;23;0;15;17;18;17;11.5;0;16;17;17;17;12.176.470.588.235.200;0;12.4;0.5;1.79;Graduate;1;0,911764706;34
3290;1;39;1;9003;1;19;133.1;1;37;37;9;7;100.0;0;0;0;1;1;0;35;0;17;18;20;18;11.555.555.555.555.500;0;11;13;13;13;11.615.384.615.384.600;0;15.5;2.8;-4.06;Graduate;1;0,903225806;31
468;1;43;6;9238;1;1;129.0;1;34;34;0;0;125.2;0;0;0;1;0;1;23;0;15;16;18;16;13.0;0;11;13;15;13;13.266.666.666.666.600;0;9.4;-0.8;-3.12;Graduate;1;0,896551724;29
1516;1;1;1;171;1;1;146.0;1;19;37;9;7;153.0;1;0;0;1;0;1;21;0;15;17;18;17;1.338.888.888.888.880;0;15;17;18;17;1.488.888.888.888.880;0;11.1;0.6;2.02;Graduate;1;0,882352941;34
1194;1;7;1;9254;1;40;130.0;1;1;1;3;6;130.0;0;0;0;1;0;0;39;0;12;13;14;13;1.376.923.076.923.070;0;9;12;16;12;14.583.333.333.333.300;0;13.9;-0.3;0.79;Graduate;1;0,84;25
181;1;43;1;9853;1;1;140.0;1;3;1;3;3;128.3;1;0;0;1;0;0;35;0;19;21;21;21;1.261.904.761.904.760;0;13;19;19;19;12.789.473.684.210.500;0;12.4;0.5;1.79;Graduate;1;0,8;40
4314;1;43;1;9853;1;1;130.0;1;2;39;2;5;124.6;0;0;0;1;1;0;37;0;19;21;21;21;12.476.190.476.190.400;0;13;19;19;19;12.210.526.315.789.400;0;12.4;0.5;1.79;Graduate;1;0,8;40
3814;1;7;1;8014;0;43;180.0;1;19;19;9;4;180.0;0;0;0;1;0;0;37;0;12;14;14;14;16.5;0;8;11;11;11;1.690.909.090.909.090;0;8.9;1.4;3.51;Graduate;1;0,8;25
3962;1;42;1;9500;1;1;168.0;1;37;1;9;4;133.4;1;0;0;1;0;0;23;0;20;26;27;26;1.507.777.777.777.770;0;14;17;17;17;15.023.529.411.764.700;0;15.5;2.8;-4.06;Graduate;1;0,790697674;43
1383;1;7;1;9003;1;3;120.0;1;1;19;4;1;120.0;1;0;0;1;1;0;27;0;14;18;21;18;11.421.052.631.578.900;0;10;13;16;13;11.076.923.076.923.000;1;15.5;2.8;-4.06;Graduate;1;0,774193548;31
1195;2;39;1;9003;1;1;130.0;1;38;37;9;9;144.0;0;0;0;1;0;0;29;0;13;18;20;18;15.444.444.444.444.400;0;11;13;13;13;15.307.692.307.692.300;0;15.5;2.8;-4.06;Graduate;1;0,774193548;31
3567;2;43;1;9070;1;2;140.0;1;37;37;6;6;140.0;1;0;0;1;1;0;38;0;14;18;18;18;14.5;0;13;18;18;18;14.5;0;16.2;0.3;-0.92;Graduate;1;0,75;36
716;1;43;1;8014;0;1;161.0;1;19;37;4;10;100.0;0;0;0;1;1;0;44;0;9;13;18;13;11.846.153.846.153.800;0;9;11;11;11;12.0;0;12.7;3.7;-1.7;Graduate;1;0,75;24
768;1;7;1;9991;0;40;133.1;1;1;37;4;1;100.0;0;0;0;1;0;0;26;0;8;9;11;9;12.333.333.333.333.300;0;4;7;7;7;12.571.428.571.428.500;0;12.4;0.5;1.79;Graduate;1;0,75;16
104;4;39;1;9003;1;12;133.1;1;37;37;9;6;160.0;0;0;0;1;0;0;43;0;13;18;19;18;1.463.157.894.736.840;0;10;13;14;13;1.423.076.923.076.920;1;15.5;2.8;-4.06;Graduate;1;0,741935484;31
600;1;17;1;9003;1;1;133.0;1;38;37;9;9;125.3;1;0;0;1;0;0;21;0;12;18;22;18;1.188.888.888.888.880;1;11;13;13;13;11.461.538.461.538.400;0;15.5;2.8;-4.06;Graduate;1;0,741935484;31
2886;1;39;1;8014;0;2;130.0;1;37;37;5;7;147.5;0;0;0;1;0;0;39;0;7;11;13;11;14.454.545.454.545.400;0;6;8;8;8;13.5;0;12.7;3.7;-1.7;Graduate;1;0,684210526;19
2958;2;39;1;8014;0;3;110.0;1;37;37;9;9;160.5;0;0;0;1;0;0;38;0;8;11;11;11;12.636.363.636.363.600;0;5;8;8;8;11.0;0;13.9;-0.3;0.79;Graduate;1;0,684210526;19
1634;1;43;1;8014;0;1;130.0;1;38;3;132;122;100.0;0;0;0;1;1;0;54;0;9;13;14;13;13.307.692.307.692.300;0;7;11;12;11;12.818.181.818.181.800;0;12.7;3.7;-1.7;Enrolled;1;0,666666667;24
726;4;7;1;9500;1;3;140.0;1;37;38;9;7;140.0;0;0;0;1;1;0;51;0;4;7;7;7;15.2;0;6;8;8;8;16.575;0;13.9;-0.3;0.79;Graduate;1;0,666666667;15
1727;1;43;1;9238;1;1;142.0;1;34;34;99;99;131.9;0;0;0;1;0;1;29;0;9;16;17;16;12.588.235.294.117.600;0;10;13;14;13;13.357.142.857.142.800;0;9.4;-0.8;-3.12;Graduate;1;0,655172414;29
895;1;42;1;9085;1;39;150.0;1;1;1;4;7;150.0;1;0;0;1;0;0;26;0;11;18;45;18;11.833.333.333.333.300;10;9;13;27;13;12.461.538.461.538.400;5;15.5;2.8;-4.06;Graduate;1;0,64516129;31
2175;1;43;1;9238;1;1;120.0;1;1;38;4;3;118.3;0;0;0;1;0;1;20;0;8;11;12;11;12.0;0;6;11;14;11;12.75;0;13.9;-0.3;0.79;Graduate;1;0,636363636;22
3087;1;43;1;9991;0;1;130.0;1;37;37;9;9;119.5;1;0;0;1;0;0;22;0;9;15;17;15;11.2;0;9;14;15;14;12.428.571.428.571.400;0;7.6;2.6;0.32;Graduate;1;0,620689655;29
2779;1;7;0;9003;1;3;130.0;1;1;37;4;9;130.0;1;0;0;1;0;0;23;0;10;17;28;17;13.15;2;8;12;22;12;13.214.285.714.285.700;0;15.5;2.8;-4.06;Graduate;1;0,620689655;29
1187;2;7;1;9500;1;3;120.0;1;37;19;9;7;120.0;1;0;0;1;0;0;45;0;7;11;11;11;12.7;0;6;10;12;10;1.296.818.181.818.180;0;13.9;-0.3;0.79;Enrolled;1;0,619047619;21
2786;1;1;1;8014;0;1;125.0;1;37;37;9;7;114.9;0;0;0;1;0;0;29;0;8;11;14;11;12.75;0;3;7;7;7;13.428.571.428.571.400;0;9.4;-0.8;-3.12;Graduate;1;0,611111111;18
1730;2;43;1;9991;0;1;110.0;1;37;37;9;9;132.5;0;0;0;1;1;0;37;0;7;12;13;12;12.25;0;8;13;13;13;12.846.153.846.153.800;0;9.4;-0.8;-3.12;Graduate;1;0,6;25
407;1;7;1;9070;1;40;120.0;1;1;19;3;9;120.0;1;0;0;1;0;0;21;0;9;13;14;13;13.615.384.615.384.600;1;6;12;12;12;14.25;0;13.9;-0.3;0.79;Graduate;1;0,6;25
2510;1;43;1;9070;1;1;114.0;1;19;38;9;7;135.9;0;0;0;1;1;0;26;0;9;14;14;14;14.0;0;7;13;13;13;13.615.384.615.384.600;0;15.5;2.8;-4.06;Graduate;1;0,592592593;27
2885;1;7;1;9003;1;3;120.0;1;37;37;6;6;120.0;0;0;0;1;0;0;54;0;9;13;13;13;14.307.692.307.692.300;0;5;12;15;12;1.523.076.923.076.920;0;15.5;2.8;-4.06;Graduate;1;0,56;25
3017;1;53;1;9085;1;42;150.0;1;1;19;4;8;145.2;1;0;0;1;0;0;20;0;7;11;13;11;14.615.384.615.384.600;0;4;9;11;9;13.7;0;8.9;1.4;3.51;Graduate;1;0,55;20
1307;1;53;1;9003;1;42;150.0;1;1;38;8;8;150.0;0;0;0;1;0;1;23;0;7;12;14;12;14.384.615.384.615.300;0;5;10;12;10;13.3;0;8.9;1.4;3.51;Graduate;1;0,545454545;22
707;2;39;1;8014;0;1;133.1;1;19;1;4;8;144.3;0;0;0;1;1;0;41;0;6;10;10;10;12.5;0;3;7;7;7;12.142.857.142.857.100;0;10.8;1.4;1.74;Graduate;1;0,529411765;17
2057;1;53;1;9003;1;42;130.0;1;1;19;9;7;133.8;0;0;1;1;0;1;24;0;7;12;13;12;12.846.153.846.153.800;0;5;11;13;11;12.636.363.636.363.600;0;8.9;1.4;3.51;Graduate;1;0,52173913;23
3730;1;1;1;9003;1;1;133.1;1;38;38;4;8;115.0;0;0;1;1;1;0;21;0;8;12;13;12;14.538.461.538.461.500;0;4;12;14;12;14.461.538.461.538.400;0;15.5;2.8;-4.06;Graduate;1;0,5;24
2754;1;43;1;9991;0;1;120.0;1;38;38;9;7;141.0;0;0;0;1;1;1;32;0;5;10;12;10;13.8;0;5;10;10;10;12.8;0;10.8;1.4;1.74;Graduate;1;0,5;20
2976;5;43;1;9991;0;3;130.0;1;3;3;1;1;130.0;0;0;0;1;0;0;41;0;5;10;14;10;14.636.363.636.363.600;0;5;10;13;10;14.6;0;16.2;0.3;-0.92;Graduate;1;0,5;20
4250;2;43;1;9991;0;3;130.0;1;37;37;9;9;130.0;0;0;0;1;0;0;41;0;5;10;11;10;14.3;0;5;10;10;10;14.2;0;12.7;3.7;-1.7;Graduate;1;0,5;20
1008;1;53;1;9238;1;42;140.0;1;37;37;9;10;136.9;1;0;0;1;0;0;21;0;5;9;10;9;1.277.777.777.777.770;0;4;9;9;9;1.322.222.222.222.220;0;8.9;1.4;3.51;Graduate;1;0,5;18
2891;2;39;1;8014;0;12;110.0;1;34;34;0;0;157.8;0;0;0;1;0;0;44;0;5;8;13;8;13.75;0;2;6;9;6;12.5;0;7.6;2.6;0.32;Graduate;1;0,5;14
3259;1;44;1;9147;1;39;130.0;1;19;1;9;3;130.0;0;0;0;1;0;1;20;0;4;7;8;7;13.0;0;2;5;5;5;13.4;0;11.1;0.6;2.02;Graduate;1;0,5;12
2264;1;39;1;9003;1;1;130.0;1;38;38;9;9;150.0;0;0;1;0;1;0;28;0;5;11;14;11;15.090.909.090.909.000;0;5;10;11;10;15.0;0;11.1;0.6;2.02;Dropout;1;0,476190476;21
603;1;7;1;9500;1;40;170.0;1;1;1;9;4;170.0;0;0;0;1;0;0;24;0;4;7;7;7;16.885.714.285.714.200;0;3;8;9;8;15.744.444.444.444.400;0;16.2;0.3;-0.92;Graduate;1;0,466666667;15
397;1;51;1;9238;1;1;121.0;1;3;19;3;10;111.9;1;0;0;1;0;0;20;0;5;11;12;11;11.727.272.727.272.700;0;5;11;14;11;12.0;0;12.4;0.5;1.79;Graduate;1;0,454545455;22
462;1;51;1;9070;1;1;130.0;1;19;19;5;7;124.5;0;0;0;1;0;1;20;0;5;11;11;11;13.818.181.818.181.800;0;5;11;11;11;13.454.545.454.545.400;0;11.1;0.6;2.02;Graduate;1;0,454545455;22
1765;1;53;1;9147;1;42;140.0;1;1;1;6;6;142.2;0;0;0;1;1;1;21;0;6;11;11;11;12.636.363.636.363.600;0;3;9;11;9;12.6;0;8.9;1.4;3.51;Graduate;1;0,45;20
135;1;43;1;9238;1;1;130.0;1;38;37;9;7;133.2;0;0;0;1;0;0;20;0;5;9;15;9;11.666.666.666.666.600;0;2;7;8;7;11.714.285.714.285.700;0;7.6;2.6;0.32;Graduate;1;0,4375;16
2989;1;17;1;171;1;1;158.0;1;3;3;3;3;151.4;1;0;0;0;0;0;19;0;6;12;12;12;13.0;0;4;11;14;11;13.25;0;8.9;1.4;3.51;Graduate;1;0,434782609;23
3154;1;1;1;171;1;1;156.0;1;3;3;2;2;147.7;1;0;0;1;0;0;21;0;6;12;12;12;15.333.333.333.333.300;0;4;11;15;11;15.0;0;8.9;1.4;3.51;Graduate;1;0,434782609;23
936;1;1;3;171;1;1;145.0;1;1;1;3;3;140.1;1;0;0;1;0;0;20;0;6;12;12;12;13.25;0;4;11;14;11;14.333.333.333.333.300;0;8.9;1.4;3.51;Graduate;1;0,434782609;23
1647;1;1;2;171;1;1;117.0;1;1;19;3;3;121.6;1;0;0;1;0;0;22;0;6;12;12;12;12.916.666.666.666.600;0;4;11;16;11;14.5;0;8.9;1.4;3.51;Graduate;1;0,434782609;23
1869;1;1;3;171;1;1;139.0;1;37;19;9;8;142.2;1;0;0;1;1;1;20;0;6;12;12;12;14.583.333.333.333.300;0;4;11;14;11;14.333.333.333.333.300;0;8.9;1.4;3.51;Graduate;1;0,434782609;23
3671;1;1;1;171;1;1;138.0;1;1;3;4;4;147.5;1;0;0;1;0;1;19;0;6;12;12;12;13.666.666.666.666.600;0;4;11;12;11;14.166.666.666.666.600;0;8.9;1.4;3.51;Graduate;1;0,434782609;23
4319;1;1;1;171;1;1;161.0;41;1;1;9;7;163.1;1;0;0;0;0;0;19;1;6;12;12;12;15.25;0;4;11;12;11;15.0;0;8.9;1.4;3.51;Graduate;1;0,434782609;23
1478;1;51;1;171;1;1;128.0;1;2;1;3;3;131.2;1;0;0;1;1;0;21;0;6;12;12;12;13.666.666.666.666.600;0;4;11;16;11;13.0;0;8.9;1.4;3.51;Graduate;1;0,434782609;23
3389;1;1;4;171;1;1;146.0;1;1;1;9;5;151.3;1;0;0;1;0;1;19;0;6;12;12;12;12.75;0;4;11;16;11;13.25;0;8.9;1.4;3.51;Graduate;1;0,434782609;23
1518;1;17;1;171;1;1;135.0;1;19;1;4;1;131.9;1;0;0;1;1;0;19;0;6;12;12;12;13.583.333.333.333.300;0;4;11;12;11;13.583.333.333.333.300;0;8.9;1.4;3.51;Graduate;1;0,434782609;23
2799;1;42;1;9500;1;1;150.0;1;19;1;9;3;110.0;1;0;0;1;1;1;33;0;6;14;20;14;13.072.857.142.857.100;6;6;14;20;14;13.072.857.142.857.100;6;9.4;-0.8;-3.12;Graduate;1;0,428571429;28
106;1;51;1;9070;1;1;130.0;1;3;1;2;8;122.2;0;0;1;1;0;0;20;0;4;10;12;10;13.0;0;5;11;11;11;12.272.727.272.727.200;0;11.1;0.6;2.02;Graduate;1;0,428571429;21
3912;2;44;1;8014;0;39;160.0;1;37;19;9;10;155.9;0;0;0;1;0;0;33;0;3;6;7;6;15.714.285.714.285.700;0;2;6;7;6;15.5;0;13.9;-0.3;0.79;Graduate;1;0,416666667;12
2927;1;44;1;8014;0;39;140.0;1;1;3;4;6;139.2;0;0;1;1;0;0;20;0;3;6;6;6;13.833.333.333.333.300;0;2;6;7;6;14.571.428.571.428.500;0;12.4;0.5;1.79;Graduate;1;0,416666667;12
2166;1;44;1;9238;1;39;140.0;1;1;1;9;3;135.7;1;0;0;1;0;0;20;0;3;6;6;6;12.833.333.333.333.300;0;2;6;6;6;13.833.333.333.333.300;0;12.4;0.5;1.79;Graduate;1;0,416666667;12
49;1;44;1;8014;0;39;130.0;1;1;19;9;9;133.4;0;0;0;1;0;1;21;0;3;6;6;6;11.5;0;2;6;7;6;13.285.714.285.714.200;0;12.4;0.5;1.79;Graduate;1;0,416666667;12
62;1;44;1;9238;1;39;130.0;1;19;1;9;9;131.9;0;0;0;1;0;1;21;0;3;6;7;6;12.0;0;2;6;7;6;12.0;0;13.9;-0.3;0.79;Graduate;1;0,416666667;12
1906;1;44;1;9238;1;39;150.0;1;1;37;4;8;145.6;1;0;0;1;0;1;20;0;3;6;6;6;13.333.333.333.333.300;0;2;6;6;6;14.166.666.666.666.600;0;13.9;-0.3;0.79;Graduate;1;0,416666667;12
1072;1;44;1;9238;1;39;140.0;1;19;19;8;8;144.3;1;0;0;1;0;1;19;0;3;6;7;6;13.142.857.142.857.100;0;2;6;6;6;14.333.333.333.333.300;0;12.4;0.5;1.79;Graduate;1;0,416666667;12
1341;1;44;1;9238;1;1;120.0;1;37;37;6;9;121.0;0;0;0;1;0;1;21;0;3;6;6;6;12.333.333.333.333.300;0;2;6;8;6;11.333.333.333.333.300;0;13.9;-0.3;0.79;Graduate;1;0,416666667;12
4226;1;44;1;9238;1;39;140.0;1;38;19;5;0;141.8;0;0;0;1;0;0;21;0;3;6;7;6;12.571.428.571.428.500;0;2;6;6;6;13.5;0;12.4;0.5;1.79;Graduate;1;0,416666667;12
2823;1;44;1;9238;1;1;150.0;1;1;38;4;9;145.9;0;0;0;1;0;1;19;0;3;6;6;6;15.5;0;2;6;7;6;13.571.428.571.428.500;0;13.9;-0.3;0.79;Graduate;1;0,416666667;12
3656;1;44;1;9238;1;39;140.0;1;1;1;3;5;141.7;0;0;0;1;0;1;20;0;3;6;6;6;12.833.333.333.333.300;0;2;6;6;6;12.833.333.333.333.300;0;13.9;-0.3;0.79;Graduate;1;0,416666667;12
682;1;44;1;9238;1;39;140.0;41;1;1;4;6;137.5;0;0;1;1;0;1;23;1;3;6;7;6;13.142.857.142.857.100;0;2;6;6;6;14.0;0;12.4;0.5;1.79;Graduate;1;0,416666667;12
204;1;44;1;9238;1;39;130.0;1;38;38;5;10;126.7;0;0;1;1;0;0;21;0;3;6;6;6;12.166.666.666.666.600;0;2;6;7;6;11.714.285.714.285.700;0;13.9;-0.3;0.79;Graduate;1;0,416666667;12
994;1;44;2;9238;1;39;150.0;1;3;19;4;9;147.0;1;0;0;1;0;0;19;0;3;6;6;6;14.166.666.666.666.600;0;2;6;6;6;13.5;0;12.4;0.5;1.79;Graduate;1;0,416666667;12
1218;1;44;1;8014;0;39;120.0;1;19;37;7;6;121.8;1;0;0;1;0;0;22;0;3;6;6;6;12.5;0;2;6;7;6;13.285.714.285.714.200;0;12.4;0.5;1.79;Graduate;1;0,416666667;12
390;1;44;1;8014;0;39;160.0;1;37;37;7;7;156.1;0;0;0;1;0;1;21;0;3;6;6;6;14.666.666.666.666.600;0;2;6;6;6;14.166.666.666.666.600;0;13.9;-0.3;0.79;Graduate;1;0,416666667;12
769;2;39;1;8014;0;1;133.1;1;37;37;9;7;162.5;0;0;0;1;1;0;54;0;4;9;9;9;14.333.333.333.333.300;0;2;7;7;7;13.857.142.857.142.800;0;8.9;1.4;3.51;Graduate;1;0,375;16
705;1;39;1;9238;1;12;100.0;1;37;37;9;9;124.3;0;0;0;1;1;0;47;0;3;9;9;9;1.311.111.111.111.110;0;3;7;7;7;14.857.142.857.142.800;0;10.8;1.4;1.74;Graduate;1;0,375;16
2593;1;7;1;9147;1;3;130.0;1;37;19;9;8;130.0;0;0;0;1;0;0;21;0;4;9;9;9;1.088.888.888.888.880;0;3;10;18;10;11.615.384.615.384.600;0;10.8;1.4;1.74;Graduate;1;0,368421053;19
2444;2;39;1;9003;1;3;110.0;1;3;19;4;6;150.0;0;0;0;1;1;0;32;0;0;6;8;6;18.875;0;6;12;14;12;17.692.307.692.307.600;0;16.2;0.3;-0.92;Graduate;1;0,333333333;18
3032;1;43;1;9500;1;1;157.0;1;38;3;5;2;141.4;0;0;0;1;0;0;21;0;3;7;8;7;133.875;0;2;8;8;8;15.9;0;13.9;-0.3;0.79;Graduate;1;0,333333333;15
593;1;44;1;9670;1;39;110.0;1;37;1;9;4;110.0;0;0;0;1;0;1;20;0;2;6;9;6;12.125;0;2;6;7;6;13.571.428.571.428.500;0;11.1;0.6;2.02;Graduate;1;0,333333333;12
182;1;44;1;9991;0;39;140.0;1;37;19;9;8;140.0;0;0;0;1;0;1;26;0;2;6;7;6;12.666.666.666.666.600;0;2;6;7;6;13.166.666.666.666.600;1;9.4;-0.8;-3.12;Enrolled;1;0,333333333;12
3804;1;43;1;8014;0;10;100.0;1;34;34;0;0;113.0;1;0;0;1;0;0;30;0;3;9;11;9;12.666.666.666.666.600;0;2;7;7;7;12.142.857.142.857.100;0;7.6;2.6;0.32;Graduate;1;0,3125;16
3585;1;39;1;8014;0;1;133.1;1;3;19;4;7;119.0;0;0;0;1;1;0;39;0;3;9;10;9;1.322.222.222.222.220;0;2;7;8;7;13.142.857.142.857.100;0;8.9;1.4;3.51;Graduate;1;0,3125;16
3803;4;43;1;8014;0;1;140.0;1;38;37;9;9;126.0;0;0;0;1;0;1;39;0;3;9;9;9;1.311.111.111.111.110;0;2;7;10;7;11.714.285.714.285.700;0;12.7;3.7;-1.7;Graduate;1;0,3125;16
938;1;44;1;9991;0;39;150.0;1;37;37;6;6;150.0;0;0;0;1;0;0;31;0;2;6;8;6;12.0;0;2;7;8;7;13.428.571.428.571.400;0;9.4;-0.8;-3.12;Enrolled;1;0,307692308;13
3673;1;44;1;9085;1;39;150.0;1;19;37;4;7;150.0;1;0;0;1;0;0;19;0;2;6;8;6;14.142.857.142.857.100;0;1;6;7;6;13.0;0;13.9;-0.3;0.79;Graduate;1;0,25;12
3211;1;7;1;9003;1;3;130.0;1;3;3;6;2;130.0;1;0;0;1;1;0;29;0;1;6;10;6;1.711.111.111.111.110;0;2;6;9;6;15.571.428.571.428.500;0;13.9;-0.3;0.79;Graduate;1;0,25;12
865;1;44;1;9085;1;39;160.0;1;1;1;5;4;160.0;1;1;0;0;1;0;19;0;2;6;6;6;14.0;0;1;6;11;6;13.5;0;12.4;0.5;1.79;Dropout;1;0,25;12
727;1;51;1;9670;1;1;140.0;1;12;5;3;3;126.6;0;0;0;1;1;0;19;0;2;6;7;6;14.428.571.428.571.400;0;1;7;8;7;14.375;0;11.1;0.6;2.02;Graduate;1;0,230769231;13
2718;1;15;1;9670;1;1;133.1;41;1;1;9;4;100.0;0;0;0;1;0;0;21;1;2;7;9;7;14.666.666.666.666.600;0;1;6;8;6;14.0;0;11.1;0.6;2.02;Graduate;1;0,230769231;13
1768;1;44;1;9254;1;39;170.0;1;19;2;9;3;170.0;0;0;0;0;1;0;26;0;2;8;14;8;15.125;0;1;6;12;6;13.666.666.666.666.600;0;11.1;0.6;2.02;Enrolled;1;0,214285714;14
3029;1;39;1;8014;0;1;130.0;1;37;37;9;6;134.0;0;0;0;1;0;1;35;0;2;8;8;8;13.625;0;1;7;7;7;14.0;0;8.9;1.4;3.51;Graduate;1;0,2;15
226;2;7;1;9991;0;43;140.0;1;40;5;3;3;140.0;0;0;0;1;0;0;33;0;2;6;7;6;15.333.333.333.333.300;0;0;5;5;5;15.8;0;11.1;0.6;2.02;Graduate;1;0,181818182;11
3138;1;39;1;9085;1;3;150.0;1;2;3;4;7;173.3;1;0;0;1;0;0;25;0;1;6;7;6;16.857.142.857.142.800;0;1;6;6;6;16.5;0;13.9;-0.3;0.79;Graduate;1;0,166666667;12
2172;1;44;1;9085;1;39;140.0;1;1;19;4;4;140.0;0;0;0;1;0;0;21;0;2;6;9;6;13.142.857.142.857.100;0;0;6;9;6;12.166.666.666.666.600;0;13.9;-0.3;0.79;Graduate;1;0,166666667;12
95;2;39;1;8014;0;1;133.1;1;37;19;9;9;114.0;0;0;0;1;0;0;44;0;2;8;11;8;11.875;0;0;6;7;6;12.333.333.333.333.300;0;12.7;3.7;-1.7;Graduate;1;0,142857143;14
1674;1;39;1;9500;1;40;130.0;1;1;1;4;4;190.0;1;0;0;1;0;0;27;0;1;7;7;7;14.757.142.857.142.800;0;1;8;9;8;14.077.777.777.777.700;0;16.2;0.3;-0.92;Graduate;1;0,133333333;15
4379;2;39;1;9853;1;19;133.1;1;37;37;9;9;131.0;0;0;0;1;0;1;32;0;0;7;10;7;13.428.571.428.571.400;0;2;8;8;8;13.25;0;13.9;-0.3;0.79;Graduate;1;0,133333333;15
2678;1;43;1;9991;0;1;130.0;1;37;37;9;9;124.0;0;0;0;1;1;0;31;0;1;5;6;5;13.833.333.333.333.300;0;0;5;7;5;15.4;0;9.4;-0.8;-3.12;Graduate;1;0,1;10
283;2;51;1;9991;0;1;127.0;1;37;37;8;4;100.1;0;0;0;1;0;0;31;0;1;5;5;5;14.0;0;0;5;5;5;13.8;0;8.9;1.4;3.51;Graduate;1;0,1;10
604;1;39;1;8014;0;1;120.0;1;1;1;4;4;150.5;0;0;0;1;0;0;27;0;0;6;6;6;12.5;0;1;6;6;6;12.333.333.333.333.300;0;15.5;2.8;-4.06;Graduate;1;0,083333333;12
3808;1;39;1;8014;0;19;149.0;1;34;34;0;0;126.3;0;0;0;1;0;0;55;0;0;6;6;6;13.833.333.333.333.300;0;1;6;6;6;12.833.333.333.333.300;0;7.6;2.6;0.32;Graduate;1;0,083333333;12
491;1;1;1;9070;1;1;115.0;1;19;1;3;8;123.4;0;0;0;1;0;0;23;0;1;6;8;6;13.0;1;0;6;8;6;11.875;0;13.9;-0.3;0.79;Graduate;1;0,083333333;12
2785;1;1;1;9070;1;1;152.0;1;37;37;5;7;136.3;0;0;0;1;0;1;18;0;1;6;8;6;13.571.428.571.428.500;1;0;6;11;6;12.375;0;13.9;-0.3;0.79;Graduate;1;0,083333333;12
2854;1;18;3;9070;1;1;164.0;1;1;1;5;3;161.2;1;0;0;1;0;0;18;0;1;6;8;6;13.714.285.714.285.700;1;0;6;8;6;14.375;0;13.9;-0.3;0.79;Graduate;1;0,083333333;12
2984;1;7;1;9853;1;3;150.0;1;19;19;4;5;150.0;0;0;1;0;0;0;25;0;1;6;7;6;14.428.571.428.571.400;0;0;6;7;6;13.666.666.666.666.600;0;10.8;1.4;1.74;Graduate;1;0,083333333;12
4059;1;1;1;9085;1;1;138.0;1;1;3;9;1;123.0;1;0;0;1;0;0;19;0;1;6;14;6;15.538.461.538.461.500;0;0;6;9;6;12.625;0;15.5;2.8;-4.06;Graduate;1;0,083333333;12
1085;1;1;2;9070;1;1;124.0;1;19;1;9;3;123.7;1;0;0;1;0;1;18;0;1;6;8;6;12.714.285.714.285.700;1;0;6;8;6;12.625;0;13.9;-0.3;0.79;Graduate;1;0,083333333;12
3044;1;1;1;9070;1;1;131.0;1;3;3;3;3;135.9;0;0;0;1;0;1;21;0;1;6;8;6;12.571.428.571.428.500;1;0;6;8;6;11.625;0;13.9;-0.3;0.79;Graduate;1;0,083333333;12
2833;2;39;1;9003;1;1;150.0;1;3;3;2;2;120.0;0;0;1;0;0;0;34;0;1;6;10;6;14.333.333.333.333.300;0;0;6;9;6;12.833.333.333.333.300;0;11.1;0.6;2.02;Enrolled;1;0,083333333;12
4244;1;1;1;9070;1;1;132.0;1;4;39;2;2;136.6;1;0;0;1;0;0;18;0;1;6;10;6;11.714.285.714.285.700;1;0;6;15;6;10.375;0;13.9;-0.3;0.79;Enrolled;1;0,083333333;12
2965;1;1;1;9070;1;1;124.0;1;19;19;9;9;138.4;1;0;1;1;0;1;19;0;1;6;8;6;13.285.714.285.714.200;1;0;6;8;6;12.5;0;13.9;-0.3;0.79;Dropout;1;0,083333333;12
649;1;43;2;9556;1;1;120.0;1;1;19;4;3;110.2;0;0;0;1;0;0;27;0;0;7;9;7;12.228.571.428.571.400;0;1;8;10;8;132.125;0;10.8;1.4;1.74;Graduate;1;0,066666667;15
1127;1;39;1;9500;1;3;133.8;1;3;37;2;10;184.0;0;0;0;1;0;0;28;0;0;7;9;7;17.005.555.555.555.500;0;1;8;9;8;16.582.222.222.222.200;0;15.5;2.8;-4.06;Graduate;1;0,066666667;15
4101;1;43;1;9556;1;1;149.0;1;1;1;4;8;140.2;1;1;0;1;0;0;20;0;1;7;9;7;12.333.333.333.333.300;0;0;8;8;8;12.625;0;12.7;3.7;-1.7;Enrolled;1;0,066666667;15
300;1;1;1;9500;1;1;141.0;1;19;38;5;7;125.5;0;0;0;1;0;0;18;0;0;8;10;8;12.86;2;0;8;10;8;12.86;2;9.4;-0.8;-3.12;Graduate;1;0;16
2548;1;1;5;9500;1;1;146.0;1;19;37;7;7;133.8;1;0;0;1;0;0;19;0;0;8;9;8;132.325;1;0;8;9;8;132.325;1;9.4;-0.8;-3.12;Graduate;1;0;16
1608;1;1;6;9500;1;1;141.0;1;4;3;2;1;136.3;1;0;0;1;1;0;18;0;0;8;9;8;128.875;1;0;8;9;8;128.875;1;9.4;-0.8;-3.12;Graduate;1;0;16
2571;1;1;4;9500;1;1;137.0;1;19;37;9;7;130.8;0;0;1;1;0;0;18;0;0;8;9;8;144.025;1;0;8;9;8;144.025;1;9.4;-0.8;-3.12;Graduate;1;0;16
2633;1;43;1;9500;1;1;130.0;1;1;1;7;4;136.0;1;0;0;1;1;0;22;0;0;8;9;8;1.255.375;1;0;8;9;8;1.255.375;1;9.4;-0.8;-3.12;Graduate;1;0;16
2099;1;18;1;9500;1;1;126.0;1;37;19;5;5;119.3;0;0;0;1;0;1;19;0;0;8;9;8;1.378.125;1;0;8;9;8;1.378.125;1;9.4;-0.8;-3.12;Graduate;1;0;16
2078;1;17;1;9500;1;1;145.0;1;19;37;4;8;136.8;1;0;0;1;0;0;18;0;0;8;9;8;143.775;1;0;8;9;8;143.775;1;9.4;-0.8;-3.12;Graduate;1;0;16
469;1;1;5;9500;1;1;144.0;1;19;38;4;8;141.3;1;0;0;1;0;1;18;0;0;8;9;8;13.31;1;0;8;9;8;13.31;1;9.4;-0.8;-3.12;Graduate;1;0;16
1100;1;1;2;9500;1;1;133.0;1;19;37;1;9;128.5;1;0;0;1;0;1;19;0;0;8;8;8;1.407.125;0;0;8;8;8;1.407.125;0;9.4;-0.8;-3.12;Graduate;1;0;16
2562;1;1;3;9500;1;1;143.0;1;19;37;7;7;127.0;1;0;0;1;0;0;18;0;0;8;8;8;1.307.375;0;0;8;8;8;1.307.375;0;9.4;-0.8;-3.12;Graduate;1;0;16
3244;1;1;1;9500;1;1;142.0;1;37;19;7;7;133.0;1;0;0;1;0;1;19;0;0;8;8;8;14.11;0;0;8;8;8;14.11;0;9.4;-0.8;-3.12;Graduate;1;0;16
1839;1;17;3;9500;1;1;133.0;1;3;19;2;5;130.8;1;0;0;1;0;0;19;0;0;8;8;8;13.427.499.999.999.900;0;0;8;8;8;13.427.499.999.999.900;0;9.4;-0.8;-3.12;Graduate;1;0;16
3747;1;1;1;9500;1;1;125.0;1;1;1;4;4;119.8;1;0;0;1;0;1;19;0;0;8;8;8;1.282.875;0;0;8;8;8;1.282.875;0;9.4;-0.8;-3.12;Graduate;1;0;16
3408;1;1;3;9500;1;1;139.0;1;1;19;9;3;130.3;1;0;0;1;0;1;18;0;0;8;8;8;1.415.375;0;0;8;8;8;1.415.375;0;9.4;-0.8;-3.12;Graduate;1;0;16
1987;2;42;1;9500;1;2;130.0;1;37;37;9;9;130.0;0;0;0;1;0;1;32;0;0;8;8;8;146.625;0;0;8;8;8;146.625;0;9.4;-0.8;-3.12;Graduate;1;0;16
1323;1;1;5;9500;1;1;145.0;1;38;38;9;9;125.5;1;0;0;1;0;1;18;0;0;8;8;8;1.376.375;0;0;8;8;8;1.376.375;0;9.4;-0.8;-3.12;Graduate;1;0;16
1131;1;1;3;9500;1;1;145.0;1;19;37;7;7;141.5;1;0;0;1;0;1;18;0;0;8;8;8;1.305.875;0;0;8;8;8;1.305.875;0;9.4;-0.8;-3.12;Graduate;1;0;16
560;1;42;1;9500;1;1;111.0;1;1;3;9;10;128.2;1;0;0;1;1;0;23;0;0;8;8;8;125.075;0;0;8;8;8;125.075;0;9.4;-0.8;-3.12;Graduate;1;0;16
3421;1;1;1;9500;1;1;125.0;1;1;1;9;4;117.0;0;0;0;1;0;1;21;0;0;8;8;8;132.575;0;0;8;8;8;132.575;0;9.4;-0.8;-3.12;Graduate;1;0;16
829;1;1;4;9500;1;1;148.0;1;19;19;4;5;137.0;1;0;0;1;0;0;18;0;0;8;8;8;14.25;0;0;8;8;8;14.25;0;9.4;-0.8;-3.12;Graduate;1;0;16
1116;1;18;1;9500;1;1;124.0;1;38;37;9;7;119.3;1;0;0;1;0;0;19;0;0;8;8;8;1.311.625;0;0;8;8;8;1.311.625;0;9.4;-0.8;-3.12;Graduate;1;0;16
1668;1;1;4;9500;1;1;145.0;1;3;19;1;5;130.0;1;0;0;1;0;0;18;0;0;8;8;8;1.376.125;0;0;8;8;8;1.376.125;0;9.4;-0.8;-3.12;Graduate;1;0;16
3392;1;42;1;9500;1;1;124.0;1;19;19;4;9;124.0;0;0;0;1;0;0;23;0;0;8;8;8;1.288.625;0;0;8;8;8;1.288.625;0;9.4;-0.8;-3.12;Graduate;1;0;16
2912;1;1;6;9500;1;1;143.0;1;19;19;4;4;135.3;1;0;0;1;0;0;18;0;0;8;8;8;1.327.625;0;0;8;8;8;1.327.625;0;9.4;-0.8;-3.12;Graduate;1;0;16
1064;1;1;1;9500;1;1;149.0;1;19;1;4;4;134.8;0;0;0;1;0;0;18;0;0;8;8;8;14.445;0;0;8;8;8;14.445;0;9.4;-0.8;-3.12;Graduate;1;0;16
1947;1;1;1;9500;1;1;157.0;1;19;38;5;3;149.3;0;0;0;1;0;0;18;0;0;8;8;8;14.035;0;0;8;8;8;14.035;0;9.4;-0.8;-3.12;Graduate;1;0;16
4020;1;1;2;9500;1;1;131.0;1;1;1;5;9;129.5;1;0;0;1;0;1;19;0;0;8;8;8;139.475;0;0;8;8;8;139.475;0;9.4;-0.8;-3.12;Graduate;1;0;16
1229;1;1;5;9500;1;1;137.0;1;38;38;4;8;126.5;1;0;0;1;0;0;18;0;0;8;8;8;1.376.375;0;0;8;8;8;1.376.375;0;9.4;-0.8;-3.12;Graduate;1;0;16
3966;1;1;3;9500;1;1;150.0;1;19;19;5;5;132.8;1;0;0;1;0;1;18;0;0;8;8;8;1.301.125;0;0;8;8;8;1.301.125;0;9.4;-0.8;-3.12;Graduate;1;0;16
1391;1;1;2;9500;1;1;140.0;1;1;1;2;7;131.0;1;0;0;1;0;1;18;0;0;8;8;8;1.388.125;0;0;8;8;8;1.388.125;0;9.4;-0.8;-3.12;Graduate;1;0;16
1912;1;1;2;9500;1;1;132.0;1;37;37;5;7;127.5;1;0;0;1;0;0;20;0;0;8;8;8;1.248.375;0;0;8;8;8;1.248.375;0;9.4;-0.8;-3.12;Graduate;1;0;16
3107;1;1;6;9500;1;1;141.0;1;1;38;4;5;125.0;1;0;0;1;0;1;18;0;0;8;8;8;12.32;0;0;8;8;8;12.32;0;9.4;-0.8;-3.12;Graduate;1;0;16
2772;1;1;4;9500;1;1;137.0;1;37;37;9;9;127.5;1;0;0;1;0;0;18;0;0;8;8;8;13.045;0;0;8;8;8;13.045;0;9.4;-0.8;-3.12;Graduate;1;0;16
2766;1;16;4;9500;1;1;145.0;1;1;1;4;4;127.5;1;0;0;1;0;0;18;0;0;8;8;8;13.11;0;0;8;8;8;13.11;0;9.4;-0.8;-3.12;Graduate;1;0;16
338;1;1;4;9500;1;1;141.0;1;38;38;7;7;132.5;1;0;0;1;0;1;18;0;0;8;8;8;1.339.125;0;0;8;8;8;1.339.125;0;9.4;-0.8;-3.12;Graduate;1;0;16
2774;1;42;3;9500;1;1;136.0;1;1;1;4;4;148.8;1;0;0;1;0;1;19;0;0;8;8;8;142.525;0;0;8;8;8;142.525;0;9.4;-0.8;-3.12;Graduate;1;0;16
2188;1;1;6;9500;1;1;140.0;1;19;38;5;7;128.5;1;0;0;1;0;1;18;0;0;8;8;8;1.340.375;0;0;8;8;8;1.340.375;0;9.4;-0.8;-3.12;Graduate;1;0;16
4362;1;17;1;9500;1;1;145.0;1;3;3;2;3;141.8;0;0;0;1;0;0;19;0;0;8;8;8;133.475;0;0;8;8;8;133.475;0;9.4;-0.8;-3.12;Graduate;1;0;16
1712;1;1;3;9500;1;1;137.0;1;19;19;5;4;131.5;1;0;0;1;0;1;20;0;0;8;8;8;1.338.125;0;0;8;8;8;1.338.125;0;9.4;-0.8;-3.12;Graduate;1;0;16
1266;1;1;6;9500;1;1;137.0;1;1;1;4;5;126.3;1;0;0;1;0;1;18;0;0;8;8;8;1.342.375;0;0;8;8;8;1.342.375;0;9.4;-0.8;-3.12;Graduate;1;0;16
3226;2;43;1;9500;1;1;140.0;1;37;37;9;10;105.7;1;0;0;1;0;0;27;0;0;8;8;8;1.381.375;0;0;8;8;8;1.381.375;0;9.4;-0.8;-3.12;Graduate;1;0;16
1892;1;1;5;9500;1;1;139.0;1;38;37;7;7;126.3;1;0;0;1;0;1;18;0;0;8;8;8;13.435;0;0;8;8;8;13.435;0;9.4;-0.8;-3.12;Graduate;1;0;16
3355;1;1;1;9500;1;1;149.0;1;38;37;9;9;139.5;0;0;0;1;1;1;18;0;0;8;8;8;15.3;0;0;8;8;8;15.3;0;9.4;-0.8;-3.12;Graduate;1;0;16
1701;1;1;1;9500;1;1;156.0;1;38;37;9;9;156.3;0;0;0;1;1;1;18;0;0;8;8;8;1.563.375;0;0;8;8;8;1.563.375;0;9.4;-0.8;-3.12;Graduate;1;0;16
753;1;42;1;9500;1;1;123.0;1;37;37;3;3;123.0;1;0;0;1;0;1;21;0;0;8;8;8;13.105;0;0;8;8;8;13.105;0;9.4;-0.8;-3.12;Graduate;1;0;16
4395;1;1;4;9500;1;1;168.0;1;38;1;9;10;166.0;1;0;0;1;0;0;18;0;0;8;8;8;1.488.875;0;0;8;8;8;1.488.875;0;9.4;-0.8;-3.12;Graduate;1;0;16
1716;1;17;2;9500;1;1;135.0;1;1;19;4;10;133.5;1;0;0;1;0;0;19;0;0;8;8;8;133.425;0;0;8;8;8;133.425;0;9.4;-0.8;-3.12;Graduate;1;0;16
644;1;1;3;9500;1;1;143.0;1;37;38;7;7;133.8;1;0;0;1;0;0;18;0;0;8;8;8;1.426.875;0;0;8;8;8;1.426.875;0;9.4;-0.8;-3.12;Enrolled;1;0;16
323;1;1;1;9500;1;1;150.0;1;1;1;5;1;155.6;0;0;0;1;0;0;19;0;0;7;7;7;14.3;0;0;8;9;8;14.055.555.555.555.500;0;16.2;0.3;-0.92;Graduate;1;0;15
1329;1;1;4;9500;1;1;123.0;1;1;1;3;3;113.6;1;0;0;1;0;0;21;0;0;7;8;7;1.469.625;0;0;8;9;8;14.622.222.222.222.200;0;12.4;0.5;1.79;Graduate;1;0;15
7;1;1;1;9500;1;1;142.0;1;19;38;7;10;128.4;1;0;0;1;0;1;18;0;0;7;9;7;13.3;0;0;8;8;8;14.345;0;15.5;2.8;-4.06;Graduate;1;0;15
991;1;17;1;9500;1;1;130.0;1;1;3;9;2;128.6;1;0;0;1;0;0;18;0;0;7;7;7;14.728.571.428.571.400;0;0;8;11;8;16.327.272.727.272.700;0;16.2;0.3;-0.92;Graduate;1;0;15
2903;2;39;1;9556;1;1;100.0;6;38;38;9;9;130.0;0;0;0;1;0;0;32;1;0;7;10;7;11.0;0;0;8;8;8;13.125;0;12.7;3.7;-1.7;Graduate;1;0;15
130;1;17;6;9500;1;1;132.0;1;1;37;8;9;128.0;1;0;0;1;0;0;19;0;0;7;7;7;13.467.142.857.142.800;0;0;8;9;8;15.011.111.111.111.100;0;12.4;0.5;1.79;Graduate;1;0;15
1331;1;17;3;9556;1;1;131.0;1;19;38;9;7;128.5;0;0;0;1;0;1;18;0;0;7;9;7;12.855.555.555.555.500;0;0;8;8;8;139.125;0;12.7;3.7;-1.7;Graduate;1;0;15
140;1;18;1;9500;1;1;178.0;1;19;1;4;8;174.7;0;0;0;1;0;0;18;0;0;7;8;7;17.125;0;0;8;8;8;175.875;0;13.9;-0.3;0.79;Graduate;1;0;15
1258;1;1;3;9556;1;1;132.0;1;38;37;7;7;119.0;1;0;0;1;0;0;19;0;0;7;9;7;11.677.777.777.777.700;0;0;8;8;8;13.8;0;12.7;3.7;-1.7;Graduate;1;0;15
3976;1;17;4;9500;1;1;121.0;1;37;37;5;5;118.9;1;0;0;1;0;0;21;0;0;7;7;7;14.428.571.428.571.400;0;0;8;9;8;14.511.111.111.111.100;0;16.2;0.3;-0.92;Graduate;1;0;15
2061;1;17;6;9500;1;1;126.0;1;19;37;3;9;119.4;1;0;0;1;0;1;19;0;0;7;7;7;13.371.428.571.428.500;0;0;8;9;8;13.666.666.666.666.600;0;16.2;0.3;-0.92;Graduate;1;0;15
1931;1;1;4;9500;1;1;125.0;1;19;1;1;1;117.8;1;0;0;1;0;0;18;0;0;7;10;7;13.03;0;0;8;8;8;1.321.875;0;15.5;2.8;-4.06;Graduate;1;0;15
1648;1;43;1;9500;1;1;140.0;1;1;38;4;7;100.0;0;0;0;1;0;1;18;0;0;7;8;7;136.375;0;0;8;8;8;143.875;0;13.9;-0.3;0.79;Graduate;1;0;15
673;1;1;4;9500;1;1;135.0;1;1;19;9;7;123.5;1;0;0;1;0;1;19;0;0;7;8;7;12.285.714.285.714.200;0;0;8;10;8;117.375;0;12.4;0.5;1.79;Graduate;1;0;15
1134;1;1;1;9500;1;1;145.0;1;19;1;9;5;145.0;0;0;0;1;0;1;18;0;0;7;7;7;14.071.428.571.428.500;0;0;8;8;8;151.625;0;13.9;-0.3;0.79;Graduate;1;0;15
4180;1;17;4;9500;1;1;148.0;1;3;19;4;7;131.9;1;0;0;1;0;1;18;0;0;7;8;7;14.15;0;0;8;8;8;1.451.125;0;15.5;2.8;-4.06;Graduate;1;0;15
378;1;1;1;9500;1;1;152.0;1;1;1;4;4;141.0;1;0;0;1;0;1;18;0;0;7;7;7;15.135.714.285.714.200;0;0;8;8;8;15.287.499.999.999.900;0;12.4;0.5;1.79;Graduate;1;0;15
1641;1;1;4;9500;1;1;128.0;1;1;37;4;3;117.9;1;0;0;1;0;1;19;0;0;7;9;7;121.375;0;0;8;9;8;1.291.111.111.111.110;0;12.4;0.5;1.79;Graduate;1;0;15
2062;1;17;5;9556;1;1;139.0;1;19;19;9;8;121.3;1;0;0;1;0;1;19;0;0;7;8;7;13.385.714.285.714.200;0;0;8;8;8;133.875;0;10.8;1.4;1.74;Graduate;1;0;15
4067;1;1;1;9556;1;1;118.0;1;19;38;9;9;116.3;1;0;0;1;0;1;20;0;0;7;10;7;1.188.888.888.888.880;0;0;8;10;8;1.195.625;0;12.7;3.7;-1.7;Graduate;1;0;15
3450;1;1;2;9500;1;1;138.0;1;3;3;2;2;127.5;1;0;0;1;0;1;18;0;0;7;7;7;14.485.714.285.714.200;0;0;8;9;8;1.458.888.888.888.880;0;16.2;0.3;-0.92;Graduate;1;0;15
945;1;16;1;9556;1;1;137.0;1;37;37;9;7;122.7;1;0;0;1;0;1;18;0;0;7;7;7;15.285.714.285.714.200;0;0;8;8;8;16.075;0;12.4;0.5;1.79;Graduate;1;0;15
56;1;1;1;9500;1;1;130.0;1;1;19;5;5;129.1;1;0;0;1;0;0;18;0;0;7;9;7;13.044.444.444.444.400;0;0;8;10;8;13.595;0;15.5;2.8;-4.06;Graduate;1;0;15
1237;1;1;6;9500;1;1;141.0;1;1;37;4;3;126.8;1;0;0;1;0;0;18;0;0;7;7;7;1.344.285.714.285.710;0;0;8;9;8;13.744.444.444.444.400;0;16.2;0.3;-0.92;Graduate;1;0;15
3112;1;17;4;9500;1;1;133.0;1;4;4;4;4;130.7;1;0;0;1;0;0;19;0;0;7;7;7;14.757.142.857.142.800;0;0;8;9;8;15.366.666.666.666.600;0;12.4;0.5;1.79;Graduate;1;0;15
889;1;1;1;9500;1;1;136.0;1;19;19;4;7;136.0;0;0;0;1;0;1;19;0;0;7;7;7;14.014.285.714.285.700;0;0;8;8;8;15.35;0;13.9;-0.3;0.79;Graduate;1;0;15
3940;1;1;5;9500;1;1;118.0;1;3;1;5;10;113.5;1;0;0;1;0;0;20;0;0;7;7;7;1.430.714.285.714.280;0;0;8;8;8;150.125;0;12.4;0.5;1.79;Graduate;1;0;15
1216;1;1;1;9500;1;1;176.0;1;3;38;3;7;169.7;0;0;0;1;0;1;18;0;0;7;7;7;16.9;0;0;8;9;8;1.637.777.777.777.770;0;16.2;0.3;-0.92;Graduate;1;0;15
544;1;1;1;9500;1;1;154.0;1;1;1;5;3;144.9;0;0;0;1;1;1;18;0;0;7;7;7;15.957.142.857.142.800;0;0;8;9;8;15.188.888.888.888.800;0;16.2;0.3;-0.92;Graduate;1;0;15
2031;1;17;2;9500;1;1;135.0;1;19;19;9;10;133.4;1;0;0;1;0;0;19;0;0;7;7;7;14.125.714.285.714.200;0;0;8;8;8;1.436.875;0;11.1;0.6;2.02;Graduate;1;0;15
2513;1;17;4;9500;1;1;136.0;1;3;3;2;2;132.5;1;0;0;1;0;0;19;0;0;7;8;7;13.198.571.428.571.400;0;0;8;8;8;130.625;0;11.1;0.6;2.02;Graduate;1;0;15
1029;1;17;2;9500;1;1;135.0;1;19;19;9;4;129.8;1;0;0;1;0;0;18;0;0;7;8;7;13.175;0;0;8;8;8;14.875;0;13.9;-0.3;0.79;Graduate;1;0;15
1930;1;17;3;9500;1;1;133.0;1;1;1;9;9;128.5;1;0;0;1;0;1;18;0;0;7;7;7;14.868.571.428.571.400;0;0;8;9;8;1.511.111.111.111.110;0;11.1;0.6;2.02;Graduate;1;0;15
2018;1;1;1;9500;1;1;144.0;1;38;1;9;10;137.4;0;0;0;1;0;0;19;0;0;7;7;7;13.542.857.142.857.100;0;0;8;9;8;1.422.222.222.222.220;0;16.2;0.3;-0.92;Graduate;1;0;15
2898;1;43;1;9500;1;1;136.0;1;3;3;2;2;100.0;0;0;0;1;0;0;18;0;0;7;8;7;136.125;0;0;8;8;8;14.575;0;13.9;-0.3;0.79;Graduate;1;0;15
3010;1;1;4;9500;1;1;125.0;1;1;12;3;6;115.2;1;0;0;1;0;0;20;0;0;7;7;7;12.982.857.142.857.100;0;0;8;8;8;144.625;0;12.4;0.5;1.79;Graduate;1;0;15
798;1;18;3;9500;1;1;145.0;1;1;1;4;8;133.6;1;0;0;1;0;0;18;0;0;7;8;7;13.087.142.857.142.800;0;0;8;8;8;12.95;0;11.1;0.6;2.02;Graduate;1;0;15
3108;1;1;1;9500;1;1;118.0;1;1;19;9;10;113.1;1;0;0;1;0;0;19;0;0;7;7;7;1.379.857.142.857.140;0;0;8;8;8;1.475.625;0;11.1;0.6;2.02;Graduate;1;0;15
3006;1;1;4;9500;1;1;122.0;1;19;38;7;7;117.1;1;0;0;1;0;1;18;0;0;7;7;7;14.572.857.142.857.100;0;0;8;9;8;14.955.555.555.555.500;0;12.4;0.5;1.79;Graduate;1;0;15
3387;1;1;2;9500;1;1;147.0;1;3;1;4;3;136.7;0;0;0;1;0;0;18;0;0;7;7;7;13.995.714.285.714.200;0;0;8;9;8;14.955.555.555.555.500;0;11.1;0.6;2.02;Graduate;1;0;15
4071;1;18;1;9500;1;1;136.0;1;3;3;3;3;130.8;0;0;0;1;0;0;18;0;0;7;7;7;1.405.714.285.714.280;0;0;8;9;8;14.6;0;16.2;0.3;-0.92;Graduate;1;0;15
18;1;17;2;9500;1;1;135.0;1;19;1;5;4;127.3;1;0;0;1;0;0;18;0;0;7;8;7;1.330.625;0;0;8;8;8;14.545;0;15.5;2.8;-4.06;Graduate;1;0;15
3236;1;1;2;9500;1;1;141.0;1;37;37;9;7;126.3;1;0;0;1;0;0;19;0;0;7;10;7;13.805;0;0;8;8;8;142.725;0;15.5;2.8;-4.06;Graduate;1;0;15
3125;1;17;3;9500;1;1;137.0;1;19;37;7;7;126.7;1;0;0;1;0;1;19;0;0;7;7;7;13.714.285.714.285.700;0;0;8;11;8;14.863.636.363.636.300;0;16.2;0.3;-0.92;Graduate;1;0;15
318;1;1;1;9500;1;1;152.0;1;41;19;3;5;137.8;0;0;0;1;0;0;19;0;0;7;7;7;13.694.285.714.285.700;0;0;8;9;8;14.355.555.555.555.500;0;11.1;0.6;2.02;Graduate;1;0;15
3082;1;1;6;9500;1;1;122.0;1;19;37;3;5;116.6;1;0;1;1;1;1;20;0;0;7;7;7;13.314.285.714.285.700;0;0;8;8;8;12.575;0;12.4;0.5;1.79;Graduate;1;0;15
425;1;17;6;9556;1;1;115.0;1;19;2;5;3;112.2;1;0;0;1;0;0;20;0;0;7;7;7;13.785.714.285.714.200;0;0;8;8;8;14.1;0;12.4;0.5;1.79;Graduate;1;0;15
1180;1;18;1;9556;1;1;140.0;1;38;37;9;9;122.8;0;0;0;1;0;1;19;0;0;7;11;7;12.625;0;0;8;11;8;125.125;0;12.7;3.7;-1.7;Graduate;1;0;15
299;1;17;4;9556;1;1;112.0;1;1;1;4;10;107.1;1;0;0;1;0;0;20;0;0;7;7;7;12.5;0;0;8;8;8;131.375;0;12.4;0.5;1.79;Graduate;1;0;15
79;1;17;4;9500;1;1;150.0;1;38;37;9;9;130.8;0;0;0;1;1;1;22;0;0;7;7;7;14.842.857.142.857.100;0;0;8;9;8;15.055.555.555.555.500;0;16.2;0.3;-0.92;Graduate;1;0;15
1050;1;1;1;9500;1;1;143.0;1;38;38;5;5;133.9;0;0;0;1;0;0;18;0;0;7;7;7;15.014.285.714.285.700;0;0;8;8;8;160.875;0;12.4;0.5;1.79;Graduate;1;0;15
628;1;1;3;9500;1;1;106.0;1;19;37;9;7;109.5;1;0;0;1;0;0;19;0;0;7;8;7;13.025;0;0;8;9;8;13.811.111.111.111.100;0;13.9;-0.3;0.79;Graduate;1;0;15
1222;1;1;1;9500;1;1;132.0;1;19;1;9;5;123.4;0;0;0;1;0;1;18;0;0;7;7;7;14.604.285.714.285.700;0;0;8;9;8;1.568.333.333.333.330;0;11.1;0.6;2.02;Graduate;1;0;15
2169;1;18;2;9500;1;1;131.0;1;1;3;3;2;121.2;1;0;0;1;0;0;18;0;0;7;8;7;12.4;0;0;8;9;8;12.8;0;16.2;0.3;-0.92;Graduate;1;0;15
3653;1;17;1;9556;1;1;133.0;1;38;37;9;9;124.4;1;0;0;1;0;1;18;0;0;7;7;7;13.3;0;0;8;8;8;15.125;0;15.5;2.8;-4.06;Graduate;1;0;15
4131;1;1;5;9500;1;1;143.0;1;37;37;9;5;131.6;1;0;0;1;0;1;19;0;0;7;10;7;14.368;0;0;8;8;8;1.444.875;0;15.5;2.8;-4.06;Graduate;1;0;15
2543;1;17;2;9556;1;1;136.0;1;1;1;9;9;128.3;0;0;0;1;0;1;18;0;0;7;7;7;13.428.571.428.571.400;0;0;8;8;8;14.75;0;15.5;2.8;-4.06;Graduate;1;0;15
1654;1;1;3;9556;1;1;122.0;1;19;19;3;10;113.3;1;0;0;1;0;1;20;0;0;7;7;7;13.0;0;0;8;8;8;150.625;0;12.4;0.5;1.79;Graduate;1;0;15
3758;1;1;2;9500;1;1;137.0;1;1;3;4;3;124.6;0;0;0;1;0;0;18;0;0;7;10;7;13.398;0;0;8;8;8;135.425;0;15.5;2.8;-4.06;Graduate;1;0;15
1335;1;1;1;9500;1;1;133.0;1;38;38;5;5;123.2;0;0;0;1;0;0;18;0;0;7;7;7;13.285.714.285.714.200;0;0;8;9;8;13.333.333.333.333.300;0;16.2;0.3;-0.92;Graduate;1;0;15
4112;1;1;3;9500;1;1;119.0;1;19;37;9;9;119.4;1;0;0;1;0;0;20;0;0;7;7;7;13.775.714.285.714.200;0;0;8;8;8;15.599.999.999.999.900;0;12.4;0.5;1.79;Graduate;1;0;15
2572;1;1;1;9500;1;1;143.0;1;38;38;9;9;138.8;1;0;0;1;0;0;31;0;0;7;9;7;1.546.875;0;0;8;8;8;163.875;0;11.1;0.6;2.02;Graduate;1;0;15
2567;1;17;1;9500;1;1;142.0;1;38;1;5;4;136.6;0;0;0;1;0;1;18;0;0;7;7;7;13.464.285.714.285.700;0;0;8;9;8;14.788.888.888.888.800;0;12.4;0.5;1.79;Graduate;1;0;15
2627;1;1;1;9500;1;1;148.0;1;1;1;4;3;137.5;0;0;0;1;1;0;18;0;0;7;7;7;14.842.857.142.857.100;0;0;8;9;8;1.438.888.888.888.880;0;16.2;0.3;-0.92;Graduate;1;0;15
276;1;17;3;9500;1;1;145.0;1;12;1;4;10;139.8;1;0;0;1;0;0;18;0;0;7;7;7;13.685.714.285.714.200;0;0;8;8;8;153.875;0;13.9;-0.3;0.79;Graduate;1;0;15
4208;1;1;1;9500;1;1;153.0;1;38;37;7;8;147.9;0;0;0;1;0;1;18;0;0;7;7;7;14.652.857.142.857.100;0;0;8;9;8;14.755.555.555.555.500;0;12.4;0.5;1.79;Graduate;1;0;15
2528;1;17;6;9500;1;1;135.0;1;19;19;7;7;128.0;1;0;0;1;0;1;18;0;0;7;7;7;1.444.142.857.142.850;0;0;8;8;8;1.365.625;0;11.1;0.6;2.02;Graduate;1;0;15
3229;1;1;2;9500;1;1;115.0;1;38;38;9;8;108.4;1;0;0;1;0;1;20;0;0;7;8;7;119.625;0;0;8;9;8;13.044.444.444.444.400;0;13.9;-0.3;0.79;Graduate;1;0;15
2153;1;1;4;9500;1;1;137.0;1;38;37;7;7;126.0;1;0;0;1;0;0;19;0;0;7;9;7;14.283.333.333.333.300;0;0;8;9;8;13.125.555.555.555.500;0;15.5;2.8;-4.06;Graduate;1;0;15
688;1;17;3;9500;1;1;133.0;1;38;19;9;8;128.8;1;0;0;1;1;0;18;0;0;7;8;7;118.375;0;0;8;9;8;1.248.125;0;13.9;-0.3;0.79;Graduate;1;0;15
3939;1;1;2;9500;1;1;138.0;1;19;1;5;5;128.0;1;0;0;1;0;0;19;0;0;7;7;7;1.420.857.142.857.140;0;0;8;9;8;15.127.777.777.777.700;0;11.1;0.6;2.02;Graduate;1;0;15
163;1;1;2;9500;1;1;134.0;1;19;19;9;9;125.8;1;0;0;1;0;0;18;0;0;7;8;7;1.491.875;0;0;8;8;8;15.355;0;15.5;2.8;-4.06;Graduate;1;0;15
1663;1;1;1;9500;1;1;150.0;1;19;1;4;4;137.8;0;0;0;1;0;0;18;0;0;7;10;7;15.145;0;0;8;8;8;157.425;0;15.5;2.8;-4.06;Graduate;1;0;15
4075;1;18;1;9500;1;1;143.0;1;38;37;4;9;116.5;1;0;0;1;0;1;20;0;0;7;10;7;12.625;0;0;8;8;8;130.625;0;15.5;2.8;-4.06;Graduate;1;0;15
3404;1;17;5;9500;1;1;141.0;1;19;19;9;7;131.9;1;0;0;1;0;1;18;0;0;7;8;7;1.356.875;0;0;8;8;8;1.402.625;0;15.5;2.8;-4.06;Graduate;1;0;15
2156;1;1;1;9500;1;1;148.0;1;19;19;9;9;138.7;0;0;0;1;0;1;19;0;0;7;10;7;15.114.999.999.999.900;0;0;8;10;8;15.092;0;15.5;2.8;-4.06;Graduate;1;0;15
4349;1;1;1;9500;1;1;127.0;1;3;1;2;9;119.3;1;0;0;1;0;0;20;0;0;7;7;7;14.105.714.285.714.200;0;0;8;8;8;136.625;0;11.1;0.6;2.02;Graduate;1;0;15
2781;1;1;3;9500;1;1;137.0;1;38;38;5;7;122.7;1;0;0;1;0;1;18;0;0;7;8;7;13.778.571.428.571.400;0;0;8;10;8;13.122.222.222.222.200;0;16.2;0.3;-0.92;Graduate;1;0;15
2996;1;17;5;9500;1;1;137.0;1;1;1;5;5;132.6;1;0;0;1;0;1;18;0;0;7;7;7;13.857.142.857.142.800;0;0;8;8;8;14.9;0;13.9;-0.3;0.79;Graduate;1;0;15
317;1;1;1;9500;1;1;140.0;1;19;19;3;6;124.3;1;0;0;1;0;1;18;0;0;7;7;7;14.542.857.142.857.100;0;0;8;11;8;1.488.181.818.181.810;0;16.2;0.3;-0.92;Graduate;1;0;15
1780;1;1;1;9500;1;1;125.0;1;37;19;9;9;122.4;1;0;0;1;1;0;19;0;0;7;7;7;13.725.714.285.714.200;0;0;8;8;8;14.5;0;11.1;0.6;2.02;Graduate;1;0;15
3959;1;17;4;9500;1;1;133.0;1;19;19;3;10;131.1;1;0;0;1;0;0;18;0;0;7;7;7;13.971.428.571.428.500;0;0;8;8;8;15.75;0;13.9;-0.3;0.79;Graduate;1;0;15
813;1;17;1;9500;1;1;135.0;1;19;38;9;9;129.2;0;0;0;1;0;1;18;0;0;7;7;7;14.145.714.285.714.200;0;0;8;9;8;13.627.777.777.777.700;0;11.1;0.6;2.02;Graduate;1;0;15
4293;2;39;1;9500;1;3;130.0;1;1;1;4;6;126.0;0;0;0;1;1;0;32;0;0;7;7;7;1.362.857.142.857.140;0;0;8;8;8;139.125;0;13.9;-0.3;0.79;Graduate;1;0;15
1404;1;17;5;9500;1;1;143.0;1;38;1;9;7;130.6;1;0;0;1;0;1;18;0;0;7;8;7;13.15;0;0;8;9;8;1.506.875;0;13.9;-0.3;0.79;Graduate;1;0;15
2113;1;1;2;9556;1;1;136.0;1;19;19;9;9;129.5;1;0;0;1;0;0;18;0;0;7;9;7;15.155.555.555.555.500;0;0;8;8;8;16.8;0;12.7;3.7;-1.7;Graduate;1;0;15
1907;1;1;6;9500;1;1;117.0;1;4;12;5;9;119.8;1;0;0;1;0;0;18;0;0;7;7;7;13.877.142.857.142.800;0;0;8;8;8;156.625;0;12.4;0.5;1.79;Graduate;1;0;15
1415;1;18;3;9500;1;1;131.0;1;19;1;4;7;127.5;1;0;0;1;0;0;18;0;0;7;7;7;13.457.142.857.142.800;0;0;8;8;8;145.125;0;13.9;-0.3;0.79;Graduate;1;0;15
3791;1;1;2;9500;1;1;134.0;1;19;19;4;7;131.0;1;0;0;1;1;0;18;0;0;7;9;7;14.594.444.444.444.400;0;0;8;10;8;13.472;0;15.5;2.8;-4.06;Graduate;1;0;15
2103;1;1;6;9500;1;1;138.0;1;37;37;9;8;127.2;1;0;0;1;0;1;18;0;0;7;8;7;13.26;0;0;8;8;8;1.428.625;0;15.5;2.8;-4.06;Graduate;1;0;15
2945;1;1;4;9500;1;1;118.0;1;4;3;2;3;110.7;1;0;0;1;0;0;18;0;0;7;7;7;11.714.285.714.285.700;0;0;8;8;8;12.75;0;12.4;0.5;1.79;Graduate;1;0;15
303;1;1;1;9500;1;1;160.0;1;19;19;4;9;154.4;0;0;0;1;0;1;18;0;0;7;9;7;15.116.666.666.666.600;0;0;8;9;8;16.168.888.888.888.800;0;15.5;2.8;-4.06;Graduate;1;0;15
1918;1;1;4;9500;1;1;123.0;1;19;38;9;10;116.7;1;0;0;1;0;0;20;0;0;7;7;7;12.485.714.285.714.200;0;0;8;12;8;129.375;0;16.2;0.3;-0.92;Graduate;1;0;15
1964;1;1;2;9500;1;1;119.0;1;1;1;4;4;115.2;1;0;0;1;0;1;20;0;0;7;8;7;12.725;0;0;8;8;8;137.125;0;13.9;-0.3;0.79;Graduate;1;0;15
3547;1;17;4;9500;1;1;143.0;1;19;38;9;6;131.5;1;0;0;1;1;1;18;0;0;7;8;7;125.125;0;0;8;8;8;141.875;0;13.9;-0.3;0.79;Graduate;1;0;15
2244;1;17;4;9500;1;1;133.0;1;38;37;5;7;126.4;1;0;0;1;1;1;18;0;0;7;7;7;13.462.857.142.857.100;0;0;8;8;8;1.390.625;0;11.1;0.6;2.02;Graduate;1;0;15
590;1;1;4;9556;1;1;122.0;1;37;1;5;4;123.9;0;0;0;1;0;0;19;0;0;7;9;7;121.625;0;0;8;8;8;13.825;0;13.9;-0.3;0.79;Graduate;1;0;15
750;1;1;2;9500;1;1;134.0;1;1;1;5;3;128.4;1;0;0;1;0;0;18;0;0;7;7;7;13.471.428.571.428.500;0;0;8;9;8;13.944.444.444.444.400;0;16.2;0.3;-0.92;Graduate;1;0;15
2967;1;42;1;9500;1;1;157.0;1;3;3;3;3;100.0;0;0;0;1;0;0;18;0;0;7;8;7;13.55;0;0;8;8;8;141.875;0;13.9;-0.3;0.79;Graduate;1;0;15
1332;1;1;1;9500;1;1;141.0;1;1;1;3;10;142.8;0;0;0;1;0;0;18;0;0;7;7;7;13.7;0;0;8;9;8;13.994.444.444.444.400;0;11.1;0.6;2.02;Graduate;1;0;15
1936;1;17;6;9500;1;1;143.0;1;1;38;3;3;133.2;1;0;0;1;0;0;18;0;0;7;7;7;13.918.571.428.571.400;0;0;8;9;8;138.875;0;11.1;0.6;2.02;Graduate;1;0;15
4215;1;1;2;9500;1;1;140.0;1;38;37;5;6;124.3;1;0;0;1;0;1;19;0;0;7;9;7;133.125;0;0;8;8;8;156.375;0;13.9;-0.3;0.79;Graduate;1;0;15
453;1;1;2;9500;1;1;131.0;1;19;19;7;5;122.1;1;0;0;1;0;0;18;0;0;7;8;7;1.413.125;0;0;8;8;8;1.398.375;0;15.5;2.8;-4.06;Graduate;1;0;15
1497;1;43;1;9556;1;1;130.0;1;1;37;5;5;128.0;1;0;0;1;1;0;20;0;0;7;8;7;13.585.714.285.714.200;0;0;8;8;8;146.875;0;15.5;2.8;-4.06;Graduate;1;0;15
3974;1;43;3;9500;1;1;140.0;1;1;19;9;7;127.5;1;0;1;1;0;1;20;0;0;7;9;7;12.327.777.777.777.700;0;0;8;10;8;11.736;0;15.5;2.8;-4.06;Graduate;1;0;15
1913;1;1;2;9556;1;1;125.0;1;38;1;9;3;116.3;1;0;0;1;0;0;18;0;0;7;8;7;13.428.571.428.571.400;0;0;8;8;8;153.125;0;16.2;0.3;-0.92;Graduate;1;0;15
2139;1;17;2;9556;1;1;122.0;1;19;38;4;8;118.3;1;0;0;1;0;1;19;0;0;7;7;7;11.971.428.571.428.500;0;0;8;8;8;144.375;0;15.5;2.8;-4.06;Graduate;1;0;15
876;1;1;1;9500;1;1;138.0;1;38;38;9;9;126.8;0;0;0;1;1;1;19;0;0;7;9;7;14.244.444.444.444.400;0;0;8;12;8;12.233.333.333.333.300;0;15.5;2.8;-4.06;Graduate;1;0;15
172;1;17;2;9556;1;1;133.1;1;37;37;3;10;108.0;0;0;0;1;0;0;20;0;0;7;8;7;12.457.142.857.142.800;0;0;8;8;8;135.625;0;15.5;2.8;-4.06;Graduate;1;0;15
1095;1;17;3;9500;1;1;136.0;1;19;1;9;9;129.0;1;0;0;1;0;1;19;0;0;7;7;7;13.308.571.428.571.400;0;0;8;10;8;12.55;0;12.4;0.5;1.79;Graduate;1;0;15
2796;2;39;1;9500;1;38;133.1;1;37;37;9;3;146.6;0;0;0;1;1;0;37;0;0;7;8;7;12.828.571.428.571.400;0;0;8;8;8;126.875;0;13.9;-0.3;0.79;Graduate;1;0;15
605;1;1;1;9500;1;1;143.0;1;1;37;3;8;128.0;0;0;0;1;0;1;18;0;0;7;9;7;13.055.555.555.555.500;0;0;8;8;8;158.125;0;13.9;-0.3;0.79;Graduate;1;0;15
3977;1;1;4;9500;1;1;130.0;1;19;19;9;7;119.9;1;0;0;1;0;0;18;0;0;7;7;7;13.78;0;0;8;8;8;126.125;0;12.4;0.5;1.79;Graduate;1;0;15
489;1;17;3;9500;1;1;132.0;1;37;37;9;7;128.3;1;0;0;1;0;1;19;0;0;7;8;7;1.470.625;0;0;8;8;8;144.775;0;15.5;2.8;-4.06;Graduate;1;0;15
72;1;17;1;9500;1;1;150.0;1;37;19;8;4;130.8;0;0;0;1;1;0;24;0;0;7;8;7;11.975;0;0;8;8;8;13.75;0;13.9;-0.3;0.79;Graduate;1;0;15
3303;1;17;1;9500;1;1;128.0;1;37;37;9;8;124.3;1;0;0;1;0;1;19;0;0;7;8;7;1.346.875;0;0;8;8;8;1.331.375;0;15.5;2.8;-4.06;Graduate;1;0;15
2942;2;39;2;9556;1;1;133.1;105;1;3;9;2;152.8;1;0;0;1;0;0;28;1;0;7;9;7;12.428.571.428.571.400;0;0;8;8;8;12.3;0;12.4;0.5;1.79;Enrolled;1;0;15
3756;1;18;4;9500;1;1;137.0;1;3;1;3;4;126.7;1;0;0;1;0;0;18;0;0;7;8;7;136.875;0;0;8;9;8;15.622.222.222.222.200;0;13.9;-0.3;0.79;Dropout;1;0;15
1314;1;1;4;9500;1;1;144.0;1;3;39;2;3;129.0;1;0;0;1;0;0;18;0;0;7;8;7;12.65;0;0;8;9;8;13.411.111.111.111.100;0;16.2;0.3;-0.92;Dropout;1;0;15
1785;1;7;2;9500;1;3;140.0;1;37;38;9;9;138.0;0;0;0;1;1;0;28;0;0;7;7;7;14.114.285.714.285.700;0;0;8;9;8;1.591.111.111.111.110;0;16.2;0.3;-0.92;Dropout;1;0;15
448;1;1;2;9500;1;1;140.0;1;1;19;7;7;129.9;1;0;0;1;0;0;18;0;0;7;8;7;1.292.875;0;0;8;8;8;140.625;0;15.5;2.8;-4.06;Dropout;1;0;15
1820;1;17;3;9500;1;1;140.0;1;3;2;3;3;126.4;1;0;0;1;0;0;18;0;0;7;7;7;13.884.285.714.285.700;0;0;8;9;8;14.75;0;11.1;0.6;2.02;Dropout;1;0;15
1053;1;17;3;9500;1;1;138.0;1;3;3;4;5;130.0;1;0;0;1;0;0;18;0;0;7;8;7;14.85;0;0;8;8;8;15.2;0;13.9;-0.3;0.79;Dropout;1;0;15
3511;1;17;6;9500;1;1;140.0;1;1;1;4;3;130.7;1;0;0;1;1;1;18;0;0;7;7;7;12.718.571.428.571.400;0;0;8;11;8;12.805.555.555.555.500;0;11.1;0.6;2.02;Dropout;1;0;15
805;1;1;3;9853;1;1;122.0;1;1;3;5;3;113.6;0;0;0;1;0;0;19;0;0;7;7;7;13.857.142.857.142.800;0;0;7;7;7;14.285.714.285.714.200;0;11.1;0.6;2.02;Graduate;1;0;14
1084;1;1;1;9853;1;1;153.0;1;1;19;9;4;139.7;1;0;0;1;0;1;19;0;0;7;7;7;13.428.571.428.571.400;0;0;7;7;7;14.857.142.857.142.800;0;11.1;0.6;2.02;Graduate;1;0;14
3378;1;1;1;9853;1;1;113.0;1;38;38;3;7;112.3;0;0;0;1;0;1;20;0;0;7;7;7;12.142.857.142.857.100;0;0;7;7;7;12.857.142.857.142.800;0;11.1;0.6;2.02;Graduate;1;0;14
4040;1;1;1;9853;1;1;122.0;1;3;19;2;3;112.9;0;0;0;1;0;0;18;0;0;7;9;7;11.857.142.857.142.800;0;0;7;7;7;11.857.142.857.142.800;0;16.2;0.3;-0.92;Graduate;1;0;14
199;1;1;1;9853;1;1;130.0;1;19;19;3;8;131.8;0;0;0;1;0;0;18;0;0;7;9;7;12.571.428.571.428.500;0;0;7;8;7;14.428.571.428.571.400;0;11.1;0.6;2.02;Graduate;1;0;14
337;1;7;1;9853;1;40;110.0;1;41;3;2;1;110.0;0;0;1;1;0;0;40;0;0;7;8;7;15.0;0;0;7;7;7;14.571.428.571.428.500;0;12.4;0.5;1.79;Graduate;1;0;14
1025;1;18;2;9853;1;1;111.0;1;38;38;191;171;105.8;1;0;0;1;0;0;19;0;0;7;7;7;13.142.857.142.857.100;0;0;7;8;7;12.857.142.857.142.800;0;8.9;1.4;3.51;Graduate;1;0;14
815;1;1;1;9853;1;1;143.0;1;19;3;4;4;147.2;0;0;0;1;0;0;18;0;0;7;7;7;15.714.285.714.285.700;0;0;7;7;7;15.0;0;11.1;0.6;2.02;Graduate;1;0;14
3419;1;1;1;9853;1;1;136.0;1;38;37;9;9;126.9;1;0;0;1;0;1;19;0;0;7;7;7;13.285.714.285.714.200;0;0;7;7;7;14.428.571.428.571.400;0;11.1;0.6;2.02;Graduate;1;0;14
2151;1;1;1;9853;1;1;132.0;1;1;19;3;3;122.9;1;0;0;1;0;0;20;0;0;7;7;7;13.857.142.857.142.800;0;0;7;7;7;13.285.714.285.714.200;0;11.1;0.6;2.02;Graduate;1;0;14
3783;1;17;2;9853;1;1;125.0;1;1;19;5;5;119.4;1;0;0;1;0;0;18;0;0;7;10;7;12.142.857.142.857.100;0;0;7;7;7;13.142.857.142.857.100;0;12.4;0.5;1.79;Graduate;1;0;14
1400;1;17;1;9853;1;1;141.0;1;19;19;9;8;142.8;0;0;0;1;0;1;19;0;0;7;7;7;14.428.571.428.571.400;0;0;7;7;7;14.142.857.142.857.100;0;16.2;0.3;-0.92;Graduate;1;0;14
611;1;1;2;9853;1;1;112.0;1;37;37;191;182;106.1;1;0;1;1;0;1;20;0;0;7;7;7;13.857.142.857.142.800;0;0;7;8;7;12.571.428.571.428.500;0;8.9;1.4;3.51;Graduate;1;0;14
3391;1;17;1;9853;1;1;133.0;1;38;38;9;9;127.4;0;0;1;1;0;1;18;0;0;7;7;7;12.714.285.714.285.700;0;0;7;7;7;12.285.714.285.714.200;0;16.2;0.3;-0.92;Graduate;1;0;14
2628;1;1;1;9500;1;1;137.0;1;1;19;4;4;125.3;0;0;0;1;1;0;19;0;0;7;7;7;12.2;0;0;7;7;7;12.2;0;7.6;2.6;0.32;Enrolled;1;0;14
2324;1;39;1;9500;1;1;110.0;1;1;37;9;9;126.0;1;0;0;1;1;0;27;0;0;7;7;7;14.085.714.285.714.200;0;0;7;7;7;14.085.714.285.714.200;0;7.6;2.6;0.32;Enrolled;1;0;14
1759;1;1;4;9670;1;1;125.0;1;4;19;2;5;118.0;1;0;0;1;0;0;19;0;0;6;7;6;14.428.571.428.571.400;0;0;6;8;6;15.0;2;16.2;0.3;-0.92;Graduate;1;0;12
3343;1;1;1;9070;1;1;131.0;1;3;19;4;4;130.3;1;0;0;1;1;1;20;0;0;6;6;6;12.833.333.333.333.300;0;0;6;8;6;12.666.666.666.666.600;2;16.2;0.3;-0.92;Graduate;1;0;12
3540;1;1;1;9070;1;1;139.0;1;1;19;3;9;134.9;1;0;0;1;1;0;20;0;0;6;7;6;13.666.666.666.666.600;0;0;6;7;6;12.166.666.666.666.600;1;16.2;0.3;-0.92;Graduate;1;0;12
1636;1;17;1;9670;1;1;125.0;1;38;37;7;5;126.4;0;0;0;1;1;1;18;0;0;6;7;6;12.285.714.285.714.200;0;0;6;7;6;13.333.333.333.333.300;1;16.2;0.3;-0.92;Graduate;1;0;12
791;1;17;1;9773;1;1;138.0;1;1;19;9;9;124.0;0;0;0;1;0;1;19;0;0;6;6;6;13.166.666.666.666.600;0;0;6;6;6;13.833.333.333.333.300;0;11.1;0.6;2.02;Graduate;1;0;12
3248;1;17;5;9085;1;1;118.0;1;1;38;4;7;122.2;1;0;0;1;0;1;20;0;0;6;7;6;15.428.571.428.571.400;0;0;6;7;6;13.5;0;13.9;-0.3;0.79;Graduate;1;0;12
1239;1;44;1;9003;1;39;150.0;1;38;37;9;9;150.0;1;0;0;1;1;0;20;0;0;6;8;6;13.125;0;0;6;10;6;13.2;0;16.2;0.3;-0.92;Graduate;1;0;12
4160;1;1;1;9670;1;1;140.0;1;19;19;5;9;131.3;1;0;0;1;0;1;18;0;0;6;6;6;13.5;0;0;6;9;6;13.666.666.666.666.600;0;10.8;1.4;1.74;Graduate;1;0;12
4424;1;10;1;9773;1;1;152.0;22;38;37;5;9;152.0;1;0;0;1;0;0;22;1;0;6;8;6;11.666.666.666.666.600;0;0;6;6;6;13.0;0;12.7;3.7;-1.7;Graduate;1;0;12
2076;1;17;2;9238;1;1;133.0;1;37;37;9;4;123.6;0;0;0;1;0;1;19;0;0;6;7;6;14.142.857.142.857.100;0;0;6;6;6;15.0;0;13.9;-0.3;0.79;Graduate;1;0;12
2596;1;17;1;9070;1;1;135.0;1;19;37;5;9;145.9;0;0;0;1;0;1;18;0;0;6;6;6;12.666.666.666.666.600;0;0;6;6;6;12.166.666.666.666.600;0;16.2;0.3;-0.92;Graduate;1;0;12
2350;4;39;1;9254;1;1;120.0;1;37;19;9;9;131.0;1;0;0;1;1;0;44;0;0;6;6;6;12.666.666.666.666.600;0;0;6;6;6;11.5;0;12.4;0.5;1.79;Graduate;1;0;12
129;1;17;3;9238;1;1;131.0;1;1;39;5;3;122.6;1;0;0;1;0;0;18;0;0;6;7;6;13.0;0;0;6;6;6;13.666.666.666.666.600;0;12.4;0.5;1.79;Graduate;1;0;12
2066;1;1;2;9853;1;1;134.0;1;1;38;9;8;122.5;1;0;0;1;0;1;19;0;0;6;7;6;14.0;0;0;6;6;6;15.0;0;15.5;2.8;-4.06;Graduate;1;0;12
4212;1;1;1;9238;1;1;150.0;1;19;37;5;4;142.7;1;0;0;1;0;1;18;0;0;6;6;6;14.666.666.666.666.600;0;0;6;6;6;15.166.666.666.666.600;0;9.4;-0.8;-3.12;Graduate;1;0;12
3620;1;17;1;9238;1;1;143.0;1;19;37;9;9;126.2;1;0;0;1;0;1;21;0;0;6;7;6;13.333.333.333.333.300;0;0;6;7;6;13.5;0;12.4;0.5;1.79;Graduate;1;0;12
1826;1;17;1;9254;1;1;160.0;1;19;37;5;3;152.0;0;0;0;1;0;0;18;0;0;6;7;6;14.714.285.714.285.700;0;0;6;7;6;14.166.666.666.666.600;0;12.7;3.7;-1.7;Graduate;1;0;12
3882;1;1;2;9254;1;1;111.0;1;1;19;5;7;109.3;1;0;0;1;0;1;20;0;0;6;6;6;13.833.333.333.333.300;0;0;6;6;6;15.0;0;11.1;0.6;2.02;Graduate;1;0;12
2653;1;1;1;9670;1;1;110.0;1;3;19;4;5;109.0;0;0;0;1;1;1;19;0;0;6;7;6;13.142.857.142.857.100;0;0;6;8;6;14.166.666.666.666.600;0;15.5;2.8;-4.06;Graduate;1;0;12
651;1;17;1;9238;1;1;151.0;1;19;1;5;0;144.4;1;0;0;1;0;0;18;0;0;6;8;6;15.375;0;0;6;7;6;16.428.571.428.571.400;0;16.2;0.3;-0.92;Graduate;1;0;12
2622;1;1;1;9070;1;1;110.0;1;1;37;9;9;105.1;1;0;0;1;0;1;20;0;0;6;6;6;12.0;0;0;6;6;6;11.833.333.333.333.300;0;12.4;0.5;1.79;Graduate;1;0;12
2132;1;1;1;9238;1;1;142.0;1;1;37;5;7;128.0;0;0;0;1;0;1;19;0;0;6;8;6;12.25;0;0;6;8;6;12.0;0;16.2;0.3;-0.92;Graduate;1;0;12
2952;1;1;3;9085;1;1;138.0;1;1;1;4;8;128.7;1;0;0;1;0;0;18;0;0;6;7;6;14.666.666.666.666.600;0;0;6;12;6;13.833.333.333.333.300;0;8.9;1.4;3.51;Graduate;1;0;12
818;1;16;1;9070;1;1;125.0;1;1;1;4;4;120.8;1;0;0;1;0;0;18;0;0;6;6;6;14.5;0;0;6;6;6;12.833.333.333.333.300;0;12.4;0.5;1.79;Graduate;1;0;12
264;1;1;1;9238;1;1;135.0;1;1;1;4;4;122.8;0;0;0;1;0;0;18;0;0;6;7;6;14.0;0;0;6;7;6;14.0;0;10.8;1.4;1.74;Graduate;1;0;12
543;1;44;1;9003;1;39;150.0;1;1;19;4;10;150.0;0;0;0;1;1;1;21;0;0;6;8;6;13.0;0;0;6;10;6;12.625;0;15.5;2.8;-4.06;Graduate;1;0;12
3764;1;1;1;9238;1;1;134.0;1;1;19;4;9;129.8;0;0;0;1;0;1;20;0;0;6;6;6;11.666.666.666.666.600;0;0;6;8;6;11.166.666.666.666.600;0;15.5;2.8;-4.06;Graduate;1;0;12
1538;1;1;1;9238;1;1;141.0;1;38;19;9;10;125.6;1;0;0;1;0;1;18;0;0;6;6;6;12.666.666.666.666.600;0;0;6;6;6;12.0;0;9.4;-0.8;-3.12;Graduate;1;0;12
3807;1;1;3;9070;1;1;147.0;1;34;37;5;7;135.8;1;0;0;1;0;0;20;0;0;6;6;6;13.666.666.666.666.600;0;0;6;6;6;13.333.333.333.333.300;0;9.4;-0.8;-3.12;Graduate;1;0;12
2721;1;1;2;9085;1;1;141.0;1;1;38;9;8;128.9;1;0;0;1;0;1;18;0;0;6;7;6;13.833.333.333.333.300;0;0;6;10;6;13.714.285.714.285.700;0;8.9;1.4;3.51;Graduate;1;0;12
1997;1;17;1;9085;1;1;142.0;1;3;37;4;8;132.4;1;0;0;1;0;0;18;0;0;6;8;6;13.857.142.857.142.800;0;0;6;15;6;13.1;0;12.4;0.5;1.79;Graduate;1;0;12
2514;1;10;2;9085;1;1;163.3;22;19;1;4;9;163.3;0;0;0;1;0;0;18;1;0;6;10;6;13.5;0;0;6;12;6;12.0;0;12.4;0.5;1.79;Graduate;1;0;12
2246;1;17;4;9238;1;1;129.0;1;37;37;9;8;117.1;1;0;0;1;1;0;21;0;0;6;6;6;12.333.333.333.333.300;0;0;6;7;6;13.666.666.666.666.600;0;8.9;1.4;3.51;Graduate;1;0;12
3773;1;1;4;9238;1;1;127.0;1;1;38;9;7;120.4;1;0;0;1;0;1;19;0;0;6;6;6;13.5;0;0;6;7;6;13.428.571.428.571.400;0;11.1;0.6;2.02;Graduate;1;0;12
2315;1;1;1;9238;1;1;133.1;1;1;1;3;4;112.0;0;0;0;1;1;0;19;0;0;6;7;6;12.166.666.666.666.600;0;0;6;6;6;12.166.666.666.666.600;0;12.4;0.5;1.79;Graduate;1;0;12
228;1;1;1;9238;1;1;135.0;1;1;1;9;9;133.3;0;0;0;1;0;1;20;0;0;6;6;6;12.0;0;0;6;7;6;12.857.142.857.142.800;0;11.1;0.6;2.02;Graduate;1;0;12
946;1;17;2;9254;1;1;123.0;1;37;37;7;7;113.9;1;0;0;1;0;0;18;0;0;6;6;6;13.166.666.666.666.600;0;0;6;6;6;12.666.666.666.666.600;0;11.1;0.6;2.02;Graduate;1;0;12
3437;1;1;1;9773;1;1;160.0;1;1;38;4;7;146.5;0;0;0;1;0;1;18;0;0;6;7;6;13.428.571.428.571.400;0;0;6;10;6;13.5;0;13.9;-0.3;0.79;Graduate;1;0;12
824;1;1;2;9238;1;1;133.1;1;19;19;9;9;106.0;1;0;0;1;0;1;20;0;0;6;7;6;12.571.428.571.428.500;0;0;6;7;6;13.285.714.285.714.200;0;12.4;0.5;1.79;Graduate;1;0;12
617;1;17;2;9238;1;3;105.0;1;37;37;7;8;129.7;1;0;0;1;0;1;20;0;0;6;6;6;12.333.333.333.333.300;0;0;6;6;6;10.666.666.666.666.600;0;9.4;-0.8;-3.12;Graduate;1;0;12
2547;1;1;1;9238;1;1;135.0;1;19;19;9;5;135.0;1;0;0;1;0;0;20;0;0;6;6;6;13.833.333.333.333.300;0;0;6;6;6;11.833.333.333.333.300;0;10.8;1.4;1.74;Graduate;1;0;12
132;1;17;2;9070;1;1;130.0;1;37;37;9;9;123.7;1;0;0;1;0;0;18;0;0;6;6;6;12.333.333.333.333.300;0;0;6;6;6;13.0;0;7.6;2.6;0.32;Graduate;1;0;12
661;1;44;1;9003;1;39;180.0;1;1;3;4;2;180.0;0;0;0;1;0;0;21;0;0;6;6;6;15.833.333.333.333.300;0;0;6;8;6;15.5;0;15.5;2.8;-4.06;Graduate;1;0;12
111;1;1;1;9238;1;1;142.0;1;37;37;6;7;136.1;1;0;0;1;0;0;18;0;0;6;8;6;13.857.142.857.142.800;0;0;6;6;6;15.0;0;13.9;-0.3;0.79;Graduate;1;0;12
1672;1;1;1;9085;1;1;148.0;1;19;3;4;2;136.5;0;0;0;1;0;0;19;0;0;6;13;6;15.307.692.307.692.300;0;0;6;9;6;14.0;0;15.5;2.8;-4.06;Graduate;1;0;12
919;2;44;1;9003;1;39;160.0;1;37;38;9;4;160.0;0;0;0;1;0;0;43;0;0;6;8;6;14.166.666.666.666.600;0;0;6;9;6;15.0;0;15.5;2.8;-4.06;Graduate;1;0;12
387;1;1;1;9853;1;1;140.0;1;37;37;9;9;145.3;0;0;0;1;0;0;18;0;0;6;6;6;13.666.666.666.666.600;0;0;6;9;6;12.333.333.333.333.300;0;7.6;2.6;0.32;Graduate;1;0;12
1434;1;16;3;9070;1;1;152.0;1;1;38;4;8;156.9;1;0;0;1;0;0;19;0;0;6;6;6;15.333.333.333.333.300;0;0;6;9;6;15.833.333.333.333.300;0;12.7;3.7;-1.7;Graduate;1;0;12
2456;1;44;1;9003;1;39;170.0;1;19;19;5;5;170.0;1;0;0;1;1;0;20;0;0;6;8;6;14.5;0;0;6;10;6;15.3;0;16.2;0.3;-0.92;Graduate;1;0;12
4390;1;1;1;9238;1;1;167.0;1;19;19;9;7;156.2;0;0;0;1;0;1;18;0;0;6;6;6;14.333.333.333.333.300;0;0;6;7;6;14.142.857.142.857.100;0;15.5;2.8;-4.06;Graduate;1;0;12
2052;1;17;1;9238;1;1;133.0;1;38;38;7;7;125.3;1;0;0;1;0;1;18;0;0;6;6;6;11.333.333.333.333.300;0;0;6;7;6;12.285.714.285.714.200;0;15.5;2.8;-4.06;Graduate;1;0;12
2105;1;1;1;9238;1;1;136.0;1;19;38;9;9;121.7;0;1;0;1;0;1;20;0;0;6;9;6;11.875;0;0;6;7;6;14.428.571.428.571.400;0;16.2;0.3;-0.92;Graduate;1;0;12
2382;1;1;3;9070;1;1;127.0;1;19;38;5;7;141.0;1;0;0;1;1;1;19;0;0;6;6;6;15.166.666.666.666.600;0;0;6;6;6;12.333.333.333.333.300;0;12.4;0.5;1.79;Graduate;1;0;12
3503;1;15;1;9670;1;1;160.0;1;37;12;9;9;149.5;1;0;0;0;1;0;19;0;0;6;6;6;13.0;0;0;6;8;6;13.0;0;13.9;-0.3;0.79;Graduate;1;0;12
1941;1;1;2;9254;1;1;136.0;1;1;1;9;4;123.4;1;0;0;1;0;1;18;0;0;6;9;6;13.571.428.571.428.500;0;0;6;6;6;12.166.666.666.666.600;0;8.9;1.4;3.51;Graduate;1;0;12
3499;1;1;2;9773;1;1;140.0;1;38;38;5;7;126.4;1;0;0;1;1;1;18;0;0;6;8;6;12.666.666.666.666.600;0;0;6;6;6;13.5;0;12.7;3.7;-1.7;Graduate;1;0;12
3456;1;1;1;9238;1;1;145.0;1;19;1;6;5;127.9;1;0;0;1;0;0;19;0;0;6;7;6;13.714.285.714.285.700;0;0;6;6;6;13.166.666.666.666.600;0;12.7;3.7;-1.7;Graduate;1;0;12
1190;1;1;1;9670;1;1;141.0;1;1;19;4;4;132.6;0;0;0;1;0;1;18;0;0;6;8;6;14.0;0;0;6;7;6;13.142.857.142.857.100;0;11.1;0.6;2.02;Graduate;1;0;12
68;1;44;1;9003;1;39;130.0;1;19;37;9;9;130.0;1;0;0;1;1;0;23;0;0;6;8;6;12.571.428.571.428.500;0;0;6;7;6;12.428.571.428.571.400;0;8.9;1.4;3.51;Graduate;1;0;12
80;2;39;1;8014;0;1;120.0;1;37;37;9;6;117.0;0;0;0;1;1;0;33;0;0;6;8;6;12.0;0;0;6;6;6;11.666.666.666.666.600;0;10.8;1.4;1.74;Graduate;1;0;12
3480;1;1;1;9254;1;1;135.0;1;38;37;9;7;139.2;0;0;0;1;1;1;19;0;0;6;6;6;13.0;0;0;6;6;6;13.166.666.666.666.600;0;12.4;0.5;1.79;Graduate;1;0;12
3377;1;17;1;9085;1;1;113.0;1;19;37;9;9;118.6;1;0;0;1;0;1;21;0;0;6;6;6;14.5;0;0;6;8;6;14.666.666.666.666.600;0;8.9;1.4;3.51;Graduate;1;0;12
2546;1;1;3;9773;1;1;153.0;1;3;1;2;8;137.6;1;0;0;1;0;0;18;0;0;6;6;6;16.0;0;0;6;7;6;14.333.333.333.333.300;0;12.4;0.5;1.79;Graduate;1;0;12
770;1;17;5;9670;1;1;132.0;1;19;19;5;5;134.1;1;0;0;1;1;0;21;0;0;6;6;6;15.166.666.666.666.600;0;0;6;9;6;14.0;0;10.8;1.4;1.74;Graduate;1;0;12
1305;1;1;2;9773;1;1;137.0;1;1;19;7;7;133.2;1;0;0;1;0;1;19;0;0;6;7;6;14.714.285.714.285.700;0;0;6;6;6;15.0;0;13.9;-0.3;0.79;Graduate;1;0;12
2529;1;17;2;9773;1;1;148.0;1;3;38;2;6;144.2;1;0;0;1;0;0;18;0;0;6;6;6;15.166.666.666.666.600;0;0;6;7;6;14.285.714.285.714.200;0;12.4;0.5;1.79;Graduate;1;0;12
438;1;1;1;9670;1;1;130.0;1;19;37;4;5;118.8;0;0;0;1;0;1;18;0;0;6;6;6;14.5;0;0;6;8;6;13.666.666.666.666.600;0;12.7;3.7;-1.7;Graduate;1;0;12
1961;1;1;1;9238;1;1;134.0;1;1;1;4;9;124.2;1;0;1;1;0;1;19;0;0;6;6;6;12.833.333.333.333.300;0;0;6;6;6;12.666.666.666.666.600;0;9.4;-0.8;-3.12;Graduate;1;0;12
887;1;16;6;9773;1;1;136.0;1;38;14;0;0;129.7;1;0;0;1;0;0;21;0;0;6;6;6;13.166.666.666.666.600;0;0;6;6;6;13.0;0;7.6;2.6;0.32;Graduate;1;0;12
2846;1;44;1;9003;1;39;160.0;1;38;38;9;6;160.0;1;0;0;1;0;0;20;0;0;6;7;6;13.571.428.571.428.500;0;0;6;9;6;12.714.285.714.285.700;0;12.4;0.5;1.79;Graduate;1;0;12
621;1;1;1;9773;1;1;133.1;1;3;19;4;5;105.0;1;0;0;1;0;0;20;0;0;6;6;6;13.833.333.333.333.300;0;0;6;6;6;12.5;0;12.7;3.7;-1.7;Graduate;1;0;12
3433;1;1;1;9773;1;1;158.0;1;38;38;9;7;144.7;1;0;0;1;0;1;19;0;0;6;6;6;14.833.333.333.333.300;0;0;6;6;6;14.666.666.666.666.600;0;12.7;3.7;-1.7;Graduate;1;0;12
3247;1;17;1;9773;1;1;141.0;1;2;3;2;2;133.7;1;0;0;1;0;1;18;0;0;6;6;6;14.833.333.333.333.300;0;0;6;6;6;13.5;0;11.1;0.6;2.02;Graduate;1;0;12
1232;1;1;1;9238;1;1;122.0;1;1;19;4;4;127.3;1;0;1;1;0;0;20;0;0;6;6;6;12.166.666.666.666.600;0;0;6;7;6;11.666.666.666.666.600;0;9.4;-0.8;-3.12;Graduate;1;0;12
92;1;17;2;9773;1;1;133.1;41;19;1;9;9;105.0;1;0;0;0;0;0;21;1;0;6;6;6;14.0;0;0;6;6;6;13.5;0;8.9;1.4;3.51;Graduate;1;0;12
2742;1;17;1;8014;0;1;141.0;1;34;34;0;0;136.1;0;0;0;1;0;0;24;0;0;6;7;6;12.833.333.333.333.300;0;0;6;8;6;12.0;0;7.6;2.6;0.32;Graduate;1;0;12
3637;1;1;1;9773;1;1;125.0;1;3;19;2;3;125.7;1;0;0;1;0;0;19;0;0;6;6;6;13.0;0;0;6;7;6;11.666.666.666.666.600;0;8.9;1.4;3.51;Graduate;1;0;12
752;1;1;1;9070;1;1;141.0;1;37;37;9;9;126.7;1;0;1;1;0;1;20;0;0;6;9;6;13.333.333.333.333.300;0;0;6;10;6;14.666.666.666.666.600;0;12.7;3.7;-1.7;Graduate;1;0;12
2068;1;17;5;9070;1;1;133.0;1;4;1;4;4;132.0;1;1;0;1;0;1;17;0;0;6;6;6;13.0;0;0;6;6;6;12.5;0;15.5;2.8;-4.06;Graduate;1;0;12
472;1;1;1;9254;1;1;132.0;1;19;38;9;7;120.1;0;0;0;1;0;1;20;0;0;6;6;6;12.333.333.333.333.300;0;0;6;7;6;11.833.333.333.333.300;0;13.9;-0.3;0.79;Graduate;1;0;12
3153;1;17;1;9773;1;1;177.0;1;2;1;123;135;155.7;0;0;1;1;0;1;18;0;0;6;6;6;15.666.666.666.666.600;0;0;6;6;6;13.833.333.333.333.300;0;8.9;1.4;3.51;Graduate;1;0;12
1949;1;1;1;9773;1;1;139.0;1;38;38;9;9;145.0;1;0;0;1;0;1;18;0;0;6;6;6;13.333.333.333.333.300;0;0;6;6;6;13.333.333.333.333.300;0;9.4;-0.8;-3.12;Graduate;1;0;12
1346;1;1;3;9085;1;1;138.0;1;1;3;4;4;126.3;1;0;0;1;0;0;18;0;0;6;8;6;14.0;0;0;6;9;6;13.333.333.333.333.300;0;8.9;1.4;3.51;Graduate;1;0;12
2603;1;1;3;9238;1;1;126.0;1;38;19;5;8;120.8;1;0;0;1;0;0;19;0;0;6;7;6;12.285.714.285.714.200;0;0;6;7;6;12.833.333.333.333.300;0;12.4;0.5;1.79;Graduate;1;0;12
671;1;1;1;9238;1;1;151.0;1;37;1;9;9;138.4;1;0;0;1;0;1;20;0;0;6;8;6;14.25;0;0;6;8;6;11.0;0;12.7;3.7;-1.7;Graduate;1;0;12
828;1;1;3;9070;1;1;132.0;1;1;3;9;7;126.1;1;0;0;1;0;1;18;0;0;6;6;6;15.833.333.333.333.300;0;0;6;6;6;15.333.333.333.333.300;0;11.1;0.6;2.02;Graduate;1;0;12
2809;1;1;1;9773;1;1;123.0;1;1;38;9;9;116.7;0;0;0;1;0;1;18;0;0;6;6;6;12.166.666.666.666.600;0;0;6;8;6;12.666.666.666.666.600;0;12.4;0.5;1.79;Graduate;1;0;12
2496;1;39;1;9773;1;19;100.0;1;37;37;0;0;128.0;1;0;0;1;1;0;28;0;0;6;7;6;13.166.666.666.666.600;0;0;6;6;6;13.666.666.666.666.600;0;7.6;2.6;0.32;Graduate;1;0;12
4271;1;17;1;9070;1;1;132.0;1;37;38;9;7;138.0;0;0;0;1;1;1;18;0;0;6;6;6;13.666.666.666.666.600;0;0;6;6;6;12.0;0;12.4;0.5;1.79;Graduate;1;0;12
1662;1;1;2;9085;1;1;157.0;1;3;3;5;2;153.9;1;0;0;1;0;0;18;0;0;6;7;6;16.571.428.571.428.500;0;0;6;6;6;15.666.666.666.666.600;0;13.9;-0.3;0.79;Graduate;1;0;12
2521;1;1;6;9254;1;1;126.0;1;38;37;5;7;123.9;1;0;0;1;0;1;18;0;0;6;7;6;13.0;0;0;6;6;6;13.0;0;12.4;0.5;1.79;Graduate;1;0;12
1705;1;39;1;9670;1;1;133.1;1;1;19;4;9;140.0;0;0;0;1;1;1;25;0;0;6;8;6;12.285.714.285.714.200;0;0;6;6;6;13.0;0;15.5;2.8;-4.06;Graduate;1;0;12
1702;1;1;1;9773;1;1;137.0;1;1;1;5;5;129.3;1;0;0;1;1;0;18;0;0;6;6;6;13.666.666.666.666.600;0;0;6;6;6;14.5;0;12.7;3.7;-1.7;Graduate;1;0;12
3526;1;44;1;9003;1;39;140.0;1;19;38;6;7;140.0;1;0;0;1;1;0;19;0;0;6;8;6;12.714.285.714.285.700;0;0;6;9;6;13.5;0;12.4;0.5;1.79;Graduate;1;0;12
1581;1;1;1;9773;1;1;146.0;1;37;37;9;7;149.2;1;0;0;1;1;1;21;0;0;6;6;6;13.5;0;0;6;6;6;14.166.666.666.666.600;0;12.7;3.7;-1.7;Graduate;1;0;12
2531;1;17;1;9773;1;1;122.0;1;1;1;4;7;116.8;1;0;1;1;0;0;18;0;0;6;6;6;11.666.666.666.666.600;0;0;6;6;6;12.333.333.333.333.300;0;16.2;0.3;-0.92;Graduate;1;0;12
2170;1;17;1;9670;1;1;145.0;1;3;3;2;1;129.3;1;0;0;1;0;0;20;0;0;6;7;6;15.571.428.571.428.500;0;0;6;6;6;17.166.666.666.666.600;0;16.2;0.3;-0.92;Graduate;1;0;12
1199;1;1;1;9238;1;1;147.0;1;1;19;4;4;137.2;0;0;0;0;0;0;18;0;0;6;6;6;14.5;0;0;6;6;6;15.166.666.666.666.600;0;10.8;1.4;1.74;Graduate;1;0;12
2325;1;18;1;9238;1;1;122.0;1;1;3;9;2;112.6;1;0;0;1;1;0;21;0;0;6;9;6;10.166.666.666.666.600;0;0;6;10;6;10.5;0;12.7;3.7;-1.7;Graduate;1;0;12
2320;1;17;1;9254;1;1;148.0;1;1;1;4;8;145.2;0;0;0;1;1;0;20;0;0;6;7;6;13.714.285.714.285.700;0;0;6;8;6;14.714.285.714.285.700;0;16.2;0.3;-0.92;Graduate;1;0;12
4202;1;17;1;8014;0;1;125.0;1;37;37;5;6;122.2;1;0;1;1;0;0;19;0;0;6;6;6;12.166.666.666.666.600;0;0;6;7;6;11.666.666.666.666.600;0;10.8;1.4;1.74;Graduate;1;0;12
3306;1;1;3;9773;1;1;135.0;1;1;1;3;5;130.1;1;0;0;1;0;0;18;0;0;6;6;6;13.666.666.666.666.600;0;0;6;7;6;13.0;0;15.5;2.8;-4.06;Graduate;1;0;12
3266;1;17;1;9238;1;1;125.0;1;1;38;144;181;123.3;0;0;0;1;0;1;19;0;0;6;8;6;11.5;0;0;6;7;6;12.333.333.333.333.300;0;12.4;0.5;1.79;Graduate;1;0;12
1288;1;1;1;9238;1;1;137.0;1;19;1;9;9;132.8;0;0;0;1;1;0;19;0;0;6;6;6;12.833.333.333.333.300;0;0;6;8;6;11.833.333.333.333.300;0;10.8;1.4;1.74;Graduate;1;0;12
3603;1;1;4;9773;1;1;125.0;1;19;19;9;7;129.6;1;0;0;1;1;0;18;0;0;6;6;6;12.833.333.333.333.300;0;0;6;8;6;12.833.333.333.333.300;0;12.4;0.5;1.79;Graduate;1;0;12
588;1;17;1;9773;1;1;121.0;1;38;38;9;8;120.4;1;0;0;1;0;1;18;0;0;6;6;6;12.833.333.333.333.300;0;0;6;7;6;12.285.714.285.714.200;0;15.5;2.8;-4.06;Graduate;1;0;12
1226;1;17;1;9238;1;1;153.0;1;38;38;7;7;159.7;1;0;0;1;0;1;18;0;0;6;7;6;15.142.857.142.857.100;0;0;6;6;6;15.833.333.333.333.300;0;12.7;3.7;-1.7;Graduate;1;0;12
2219;1;7;1;9773;1;43;140.0;1;19;1;4;8;140.0;0;0;0;1;1;0;25;0;0;6;6;6;14.666.666.666.666.600;0;0;6;6;6;13.5;0;11.1;0.6;2.02;Graduate;1;0;12
3388;1;17;1;9085;1;1;132.0;1;38;38;4;9;119.1;0;0;0;1;0;0;20;0;0;6;8;6;13.285.714.285.714.200;0;0;6;16;6;11.8;0;12.4;0.5;1.79;Graduate;1;0;12
3993;1;17;1;9238;1;1;137.0;1;38;19;152;171;131.1;1;0;0;1;0;1;18;0;0;6;8;6;12.833.333.333.333.300;0;0;6;6;6;12.166.666.666.666.600;0;8.9;1.4;3.51;Graduate;1;0;12
3982;1;1;2;9085;1;1;151.0;1;40;4;2;2;144.5;1;0;0;1;0;0;18;0;0;6;7;6;15.666.666.666.666.600;0;0;6;6;6;14.833.333.333.333.300;0;8.9;1.4;3.51;Graduate;1;0;12
613;1;1;1;9070;1;1;116.0;1;1;1;1;1;110.8;1;0;0;1;0;0;20;0;0;6;6;6;12.833.333.333.333.300;0;0;6;10;6;11.166.666.666.666.600;0;12.4;0.5;1.79;Graduate;1;0;12
2906;1;17;1;9773;1;1;136.0;1;3;1;2;3;132.5;1;0;0;1;0;0;19;0;0;6;7;6;12.5;0;0;6;7;6;12.5;0;10.8;1.4;1.74;Graduate;1;0;12
916;1;15;1;9773;1;1;120.0;26;19;19;4;5;120.0;1;0;0;1;0;0;22;1;0;6;6;6;13.0;0;0;6;6;6;13.666.666.666.666.600;0;12.4;0.5;1.79;Graduate;1;0;12
3420;1;17;1;9238;1;1;139.0;1;19;38;4;9;146.7;1;0;0;1;0;1;20;0;0;6;6;6;13.333.333.333.333.300;0;0;6;7;6;14.0;0;15.5;2.8;-4.06;Graduate;1;0;12
335;1;1;1;9238;1;1;133.0;1;34;37;4;9;134.4;1;0;0;1;0;1;18;0;0;6;6;6;12.166.666.666.666.600;0;0;6;9;6;13.666.666.666.666.600;0;9.4;-0.8;-3.12;Graduate;1;0;12
4097;4;39;1;8014;0;19;133.1;1;37;37;9;9;113.5;0;0;0;1;0;1;39;0;0;6;6;6;13.833.333.333.333.300;0;0;6;6;6;15.5;0;11.1;0.6;2.02;Graduate;1;0;12
1276;1;17;2;9254;1;1;136.0;1;19;19;4;7;123.1;1;0;0;1;0;0;19;0;0;6;8;6;12.166.666.666.666.600;0;0;6;6;6;13.5;0;11.1;0.6;2.02;Graduate;1;0;12
3373;1;17;2;9254;1;1;131.0;1;1;19;9;9;130.3;1;0;0;1;0;1;18;0;0;6;6;6;12.833.333.333.333.300;0;0;6;7;6;12.333.333.333.333.300;0;13.9;-0.3;0.79;Graduate;1;0;12
191;1;1;1;9254;1;1;125.0;1;19;38;9;8;121.5;0;0;0;1;0;1;21;0;0;6;7;6;12.0;0;0;6;6;6;12.5;0;13.9;-0.3;0.79;Graduate;1;0;12
755;1;1;3;9070;1;1;122.0;1;37;37;9;9;125.9;1;0;0;1;1;1;20;0;0;6;6;6;15.5;0;0;6;7;6;12.166.666.666.666.600;0;12.4;0.5;1.79;Graduate;1;0;12
3750;1;1;4;9070;1;1;139.0;1;3;19;1;5;138.3;1;0;0;1;0;0;19;0;0;6;6;6;14.666.666.666.666.600;0;0;6;6;6;13.166.666.666.666.600;0;9.4;-0.8;-3.12;Graduate;1;0;12
2040;1;1;4;9238;1;1;134.0;1;38;19;7;7;128.4;1;0;0;1;0;1;18;0;0;6;6;6;12.5;0;0;6;6;6;11.666.666.666.666.600;0;10.8;1.4;1.74;Graduate;1;0;12
2585;1;1;1;9853;1;1;130.0;1;19;12;9;4;133.2;1;0;0;1;0;0;19;0;0;6;6;6;14.166.666.666.666.600;0;0;6;7;6;13.666.666.666.666.600;0;7.6;2.6;0.32;Graduate;1;0;12
2359;1;39;1;9003;1;1;140.0;1;3;3;2;2;110.0;0;0;0;1;1;0;31;0;0;6;8;6;15.125;0;0;6;10;6;14.6;0;16.2;0.3;-0.92;Graduate;1;0;12
3705;1;18;2;9670;1;1;121.0;1;37;38;4;1;111.9;1;0;0;1;1;0;19;0;0;6;6;6;14.166.666.666.666.600;0;0;6;6;6;14.0;0;13.9;-0.3;0.79;Graduate;1;0;12
2180;1;1;3;9773;1;1;129.0;1;38;37;5;5;142.0;1;0;0;1;0;0;19;0;0;6;8;6;12.666.666.666.666.600;0;0;6;7;6;12.714.285.714.285.700;0;9.4;-0.8;-3.12;Graduate;1;0;12
2495;1;1;1;9773;1;1;142.0;1;1;19;9;9;136.1;0;0;1;1;1;1;19;0;0;6;6;6;12.666.666.666.666.600;0;0;6;6;6;14.0;0;16.2;0.3;-0.92;Graduate;1;0;12
2573;1;1;1;9238;1;1;133.1;1;1;1;4;10;110.0;0;0;1;1;0;0;23;0;0;6;8;6;12.625;0;0;6;6;6;14.166.666.666.666.600;0;12.7;3.7;-1.7;Graduate;1;0;12
158;1;17;2;9238;1;1;133.0;1;1;37;7;9;127.4;1;0;0;1;0;1;18;0;0;6;8;6;12.25;0;0;6;7;6;11.857.142.857.142.800;0;12.7;3.7;-1.7;Graduate;1;0;12
1373;1;1;1;9238;1;1;116.0;1;1;19;5;9;111.1;0;0;0;1;1;0;18;0;0;6;8;6;12.0;0;0;6;7;6;11.714.285.714.285.700;0;15.5;2.8;-4.06;Graduate;1;0;12
343;2;39;1;8014;0;1;120.0;1;37;37;9;9;117.0;1;0;0;1;0;0;33;0;0;6;7;6;12.833.333.333.333.300;0;0;6;8;6;12.857.142.857.142.800;0;12.4;0.5;1.79;Graduate;1;0;12
3141;1;39;1;9085;1;1;128.0;1;19;1;9;10;157.4;1;0;0;1;0;0;26;0;0;6;7;6;16.5;0;0;6;8;6;14.285.714.285.714.200;0;8.9;1.4;3.51;Graduate;1;0;12
2553;1;1;1;8014;0;1;126.0;1;38;37;5;5;118.7;0;0;0;1;0;0;19;0;0;6;6;6;12.5;0;0;6;6;6;11.5;0;12.7;3.7;-1.7;Graduate;1;0;12
3255;1;15;1;9085;1;1;133.1;41;3;3;4;2;101.3;0;0;0;1;0;0;18;1;0;6;13;6;13.0;0;0;6;15;6;12.25;0;11.1;0.6;2.02;Graduate;1;0;12
346;1;1;1;9773;1;1;140.0;1;19;19;7;5;135.1;1;0;0;1;0;0;18;0;0;6;7;6;13.5;0;0;6;8;6;12.5;0;9.4;-0.8;-3.12;Graduate;1;0;12
3850;1;1;3;9773;1;1;121.0;1;19;38;9;7;113.0;1;0;0;1;1;0;19;0;0;6;6;6;13.833.333.333.333.300;0;0;6;6;6;13.666.666.666.666.600;0;11.1;0.6;2.02;Graduate;1;0;12
804;1;1;1;9773;1;1;141.0;1;38;38;9;9;128.4;1;0;0;1;0;0;18;0;0;6;6;6;15.5;0;0;6;6;6;14.0;0;11.1;0.6;2.02;Graduate;1;0;12
2366;1;18;1;9773;1;1;125.0;1;1;1;4;7;121.5;1;0;0;1;1;0;19;0;0;6;6;6;13.833.333.333.333.300;0;0;6;6;6;14.5;0;8.9;1.4;3.51;Graduate;1;0;12
265;1;1;1;9238;1;1;130.0;1;38;19;9;5;121.6;0;0;0;1;0;0;18;0;0;6;6;6;12.833.333.333.333.300;0;0;6;6;6;12.0;0;12.4;0.5;1.79;Graduate;1;0;12
2;1;15;1;9254;1;1;160.0;1;1;3;3;3;142.5;1;0;0;0;1;0;19;0;0;6;6;6;14.0;0;0;6;6;6;13.666.666.666.666.600;0;13.9;-0.3;0.79;Graduate;1;0;12
1763;1;39;1;9773;1;1;130.0;1;1;19;1;3;161.5;0;0;0;1;1;0;36;0;0;6;7;6;15.285.714.285.714.200;0;0;6;6;6;16.5;0;10.8;1.4;1.74;Graduate;1;0;12
446;1;1;1;9238;1;1;128.0;1;37;19;9;3;116.5;1;0;0;1;0;1;19;0;0;6;6;6;13.0;0;0;6;6;6;14.166.666.666.666.600;0;12.4;0.5;1.79;Graduate;1;0;12
1715;1;17;4;9238;1;1;140.0;1;19;37;9;9;130.2;1;0;0;1;0;1;18;0;0;6;8;6;12.75;0;0;6;10;6;12.166.666.666.666.600;0;12.7;3.7;-1.7;Graduate;1;0;12
4122;1;7;1;9085;1;40;130.0;1;1;1;4;4;130.0;1;0;0;1;0;0;22;0;0;6;7;6;17.0;0;0;6;7;6;16.285.714.285.714.200;0;11.1;0.6;2.02;Graduate;1;0;12
2981;1;17;4;9773;1;1;138.0;1;37;19;5;7;133.5;1;0;0;0;0;0;18;0;0;6;7;6;12.5;0;0;6;6;6;12.166.666.666.666.600;0;10.8;1.4;1.74;Graduate;1;0;12
2889;1;17;1;9238;1;1;131.0;1;37;37;9;7;121.9;0;0;0;1;0;1;19;0;0;6;8;6;13.75;0;0;6;7;6;11.857.142.857.142.800;0;16.2;0.3;-0.92;Graduate;1;0;12
3034;1;5;2;9238;1;1;123.0;1;40;38;2;9;118.1;1;0;0;1;0;0;19;0;0;6;6;6;14.0;0;0;6;6;6;13.333.333.333.333.300;0;8.9;1.4;3.51;Graduate;1;0;12
1492;1;1;1;9773;1;1;133.1;1;1;3;9;9;116.0;0;0;0;1;1;0;20;0;0;6;8;6;11.5;0;0;6;8;6;11.0;0;16.2;0.3;-0.92;Graduate;1;0;12
4224;1;17;2;9254;1;1;116.0;1;19;38;5;5;116.0;1;0;0;1;0;0;19;0;0;6;7;6;12.714.285.714.285.700;0;0;6;6;6;11.833.333.333.333.300;0;8.9;1.4;3.51;Graduate;1;0;12
3675;1;1;1;9070;1;1;144.0;1;1;1;3;5;127.2;1;0;0;1;0;1;20;0;0;6;6;6;12.666.666.666.666.600;0;0;6;8;6;13.0;0;10.8;1.4;1.74;Graduate;1;0;12
1610;1;1;2;9070;1;1;145.0;1;38;19;7;7;130.0;1;0;0;1;1;0;18;0;0;6;7;6;12.833.333.333.333.300;0;0;6;7;6;12.571.428.571.428.500;0;8.9;1.4;3.51;Graduate;1;0;12
1566;1;17;6;9238;1;1;135.0;1;1;19;7;7;126.6;1;0;0;1;0;1;19;0;0;6;8;6;13.625;0;0;6;7;6;12.166.666.666.666.600;0;12.7;3.7;-1.7;Graduate;1;0;12
2056;1;1;1;9070;1;1;130.0;41;37;19;9;8;125.5;1;0;0;1;0;1;19;1;0;6;6;6;14.166.666.666.666.600;0;0;6;6;6;13.5;0;11.1;0.6;2.02;Graduate;1;0;12
2570;1;1;2;9773;1;1;148.0;1;19;1;3;9;140.0;1;0;0;1;0;1;18;0;0;6;6;6;13.666.666.666.666.600;0;0;6;6;6;14.666.666.666.666.600;0;16.2;0.3;-0.92;Graduate;1;0;12
1470;1;1;3;9254;1;1;123.0;1;1;1;4;3;123.4;1;0;0;1;1;0;18;0;0;6;8;6;12.333.333.333.333.300;0;0;6;6;6;13.666.666.666.666.600;0;11.1;0.6;2.02;Graduate;1;0;12
2490;1;1;2;9254;1;1;137.0;1;1;38;2;8;122.3;1;0;0;1;1;1;20;0;0;6;7;6;14.714.285.714.285.700;0;0;6;6;6;12.5;0;8.9;1.4;3.51;Graduate;1;0;12
2335;1;1;1;9670;1;1;137.0;1;38;37;9;9;122.3;0;0;0;1;1;1;18;0;0;6;7;6;13.571.428.571.428.500;0;0;6;6;6;14.333.333.333.333.300;0;12.4;0.5;1.79;Graduate;1;0;12
2117;1;1;1;9238;1;1;140.0;1;1;19;4;4;140.7;0;0;0;1;0;0;19;0;0;6;7;6;12.285.714.285.714.200;0;0;6;7;6;12.0;0;12.4;0.5;1.79;Graduate;1;0;12
539;1;44;1;9003;1;39;140.0;1;19;38;3;9;140.0;1;0;0;1;1;0;21;0;0;6;7;6;12.857.142.857.142.800;0;0;6;6;6;13.166.666.666.666.600;0;12.4;0.5;1.79;Graduate;1;0;12
3444;1;1;2;9773;1;1;148.0;1;1;19;9;9;141.7;0;0;0;1;0;0;18;0;0;6;6;6;13.833.333.333.333.300;0;0;6;6;6;12.666.666.666.666.600;0;10.8;1.4;1.74;Graduate;1;0;12
2016;1;1;1;9238;1;1;105.0;1;19;19;6;6;106.1;1;0;0;1;0;0;20;0;0;6;6;6;11.5;0;0;6;7;6;13.285.714.285.714.200;0;11.1;0.6;2.02;Graduate;1;0;12
1137;1;1;3;9070;1;1;136.0;1;37;38;9;9;125.2;1;0;0;1;0;1;18;0;0;6;6;6;14.0;0;0;6;8;6;13.625;0;10.8;1.4;1.74;Graduate;1;0;12
1306;1;1;3;9773;1;1;130.0;1;19;19;9;9;123.0;1;0;0;1;0;0;18;0;0;6;6;6;12.666.666.666.666.600;0;0;6;7;6;12.833.333.333.333.300;0;12.7;3.7;-1.7;Graduate;1;0;12
2926;1;1;1;9773;1;1;154.0;1;37;37;9;7;150.2;0;0;0;1;0;1;18;0;0;6;6;6;14.5;0;0;6;6;6;14.666.666.666.666.600;0;16.2;0.3;-0.92;Graduate;1;0;12
2752;1;39;1;9670;1;12;170.0;1;1;37;3;5;110.0;0;0;0;1;1;1;25;0;0;6;8;6;14.142.857.142.857.100;0;0;6;6;6;13.5;0;15.5;2.8;-4.06;Graduate;1;0;12
3147;1;1;1;9238;1;1;126.0;1;3;1;5;5;125.7;0;0;0;1;0;1;18;0;0;6;6;6;11.333.333.333.333.300;0;0;6;8;6;11.333.333.333.333.300;0;15.5;2.8;-4.06;Graduate;1;0;12
2475;1;1;1;9773;1;1;133.1;1;3;19;2;5;127.0;0;0;0;1;1;0;20;0;0;6;6;6;14.333.333.333.333.300;0;0;6;7;6;15.0;0;15.5;2.8;-4.06;Graduate;1;0;12
2277;2;39;1;8014;0;19;133.1;1;37;37;6;6;139.0;0;0;0;1;1;0;49;0;0;6;8;6;12.166.666.666.666.600;0;0;6;8;6;14.428.571.428.571.400;0;12.4;0.5;1.79;Graduate;1;0;12
4223;1;1;1;9238;1;1;143.0;1;19;1;9;9;144.4;1;0;0;1;0;0;20;0;0;6;7;6;13.5;0;0;6;6;6;13.0;0;10.8;1.4;1.74;Graduate;1;0;12
1972;1;17;1;9085;1;1;128.0;1;2;19;2;4;123.3;1;0;0;1;0;1;20;0;0;6;6;6;14.833.333.333.333.300;0;0;6;8;6;12.142.857.142.857.100;0;8.9;1.4;3.51;Graduate;1;0;12
2043;1;1;1;9254;1;1;131.0;2;37;1;9;3;126.1;1;0;0;1;1;0;18;1;0;6;6;6;13.666.666.666.666.600;0;0;6;6;6;13.5;0;7.6;2.6;0.32;Graduate;1;0;12
1353;1;1;2;9070;1;1;145.0;1;1;19;4;3;133.5;0;0;0;1;0;0;19;0;0;6;6;6;12.166.666.666.666.600;0;0;6;6;6;11.333.333.333.333.300;0;12.7;3.7;-1.7;Graduate;1;0;12
2155;1;1;1;9070;1;1;143.0;1;38;19;151;193;134.3;1;1;0;1;0;0;19;0;0;6;6;6;14.666.666.666.666.600;0;0;6;7;6;15.142.857.142.857.100;0;8.9;1.4;3.51;Graduate;1;0;12
987;1;7;1;9003;1;4;150.0;1;1;1;4;6;150.0;0;0;0;1;1;0;28;0;0;6;14;6;14.875;0;0;6;12;6;15.8;0;16.2;0.3;-0.92;Graduate;1;0;12
3881;1;17;5;9773;1;1;111.0;1;19;12;7;3;115.9;1;0;0;1;0;0;22;0;0;6;7;6;13.571.428.571.428.500;0;0;6;7;6;15.285.714.285.714.200;0;13.9;-0.3;0.79;Graduate;1;0;12
4352;1;1;3;9070;1;1;150.0;1;1;1;4;8;131.5;1;0;0;1;0;0;20;0;0;6;6;6;12.5;0;0;6;6;6;12.833.333.333.333.300;0;7.6;2.6;0.32;Graduate;1;0;12
2720;1;1;4;9085;1;1;138.0;1;3;1;1;4;123.3;1;0;0;1;0;1;19;0;0;6;7;6;14.857.142.857.142.800;0;0;6;10;6;1.311.111.111.111.110;0;12.4;0.5;1.79;Graduate;1;0;12
3623;1;1;2;9238;1;1;140.0;1;19;37;9;9;140.7;1;0;0;1;0;1;18;0;0;6;6;6;13.166.666.666.666.600;0;0;6;6;6;16.0;0;10.8;1.4;1.74;Graduate;1;0;12
2581;1;1;1;9238;1;1;145.0;1;19;37;4;7;148.9;1;0;0;1;0;1;18;0;0;6;6;6;13.666.666.666.666.600;0;0;6;6;6;13.0;0;10.8;1.4;1.74;Graduate;1;0;12
1864;1;17;1;9070;1;1;127.0;1;37;38;9;5;131.2;1;0;0;1;1;0;18;0;0;6;6;6;11.833.333.333.333.300;0;0;6;6;6;13.166.666.666.666.600;0;7.6;2.6;0.32;Graduate;1;0;12
2020;1;1;2;9773;1;1;143.0;1;1;1;4;9;144.1;1;0;0;1;1;1;19;0;0;6;7;6;13.666.666.666.666.600;0;0;6;6;6;13.833.333.333.333.300;0;12.7;3.7;-1.7;Graduate;1;0;12
97;1;1;5;9773;1;1;135.0;1;37;1;5;5;124.9;1;0;0;1;0;0;18;0;0;6;6;6;13.666.666.666.666.600;0;0;6;6;6;13.333.333.333.333.300;0;8.9;1.4;3.51;Graduate;1;0;12
957;1;17;1;9773;1;1;130.0;1;19;37;9;9;140.2;0;0;0;1;1;1;19;0;0;6;6;6;12.0;0;0;6;7;6;11.666.666.666.666.600;0;16.2;0.3;-0.92;Graduate;1;0;12
492;1;1;1;9670;1;1;125.0;1;37;37;5;5;124.0;0;0;0;1;0;0;19;0;0;6;7;6;14.857.142.857.142.800;0;0;6;6;6;13.333.333.333.333.300;0;12.4;0.5;1.79;Graduate;1;0;12
3778;1;1;1;9070;1;1;128.0;1;19;2;7;3;126.3;1;0;0;1;0;0;19;0;0;6;6;6;13.166.666.666.666.600;0;0;6;6;6;12.666.666.666.666.600;0;15.5;2.8;-4.06;Graduate;1;0;12
2457;1;39;1;9070;1;1;110.0;1;37;37;7;7;110.2;0;0;0;1;1;0;55;0;0;6;6;6;14.5;0;0;6;6;6;13.5;0;11.1;0.6;2.02;Graduate;1;0;12
3376;1;44;1;9003;1;39;160.0;1;38;38;6;6;160.0;1;0;0;1;0;0;21;0;0;6;11;6;13.428.571.428.571.400;0;0;6;12;6;12.857.142.857.142.800;0;15.5;2.8;-4.06;Graduate;1;0;12
3401;1;1;1;9238;1;1;154.0;1;38;38;9;9;156.5;1;1;0;1;0;1;18;0;0;6;8;6;11.714.285.714.285.700;0;0;6;6;6;14.666.666.666.666.600;0;12.7;3.7;-1.7;Graduate;1;0;12
1483;1;1;2;9670;1;1;140.0;1;3;1;2;6;137.6;1;0;0;1;1;1;21;0;0;6;8;6;15.166.666.666.666.600;0;0;6;7;6;14.428.571.428.571.400;0;8.9;1.4;3.51;Graduate;1;0;12
2695;1;1;2;9773;1;1;140.0;1;1;1;4;3;131.6;0;0;0;1;1;1;18;0;0;6;6;6;12.666.666.666.666.600;0;0;6;6;6;11.5;0;16.2;0.3;-0.92;Graduate;1;0;12
2356;1;17;4;9670;1;1;122.0;1;3;1;2;3;119.6;1;0;0;1;1;0;18;0;0;6;8;6;13.625;0;0;6;7;6;14.285.714.285.714.200;0;11.1;0.6;2.02;Graduate;1;0;12
636;1;17;5;9238;1;1;122.0;1;37;37;7;5;112.9;1;0;0;1;0;1;19;0;0;6;8;6;12.125;0;0;6;7;6;12.714.285.714.285.700;0;16.2;0.3;-0.92;Graduate;1;0;12
675;1;1;1;9254;1;1;116.0;1;38;38;5;8;110.8;1;0;0;1;0;0;18;0;0;6;8;6;12.166.666.666.666.600;0;0;6;6;6;13.5;0;11.1;0.6;2.02;Graduate;1;0;12
2024;1;1;1;9070;1;1;116.0;1;1;12;5;8;110.4;1;0;0;1;1;0;19;0;0;6;6;6;11.5;0;0;6;8;6;12.285.714.285.714.200;0;8.9;1.4;3.51;Graduate;1;0;12
2884;2;39;1;8014;0;1;140.0;1;37;37;9;9;128.0;0;0;0;1;0;1;43;0;0;6;7;6;12.333.333.333.333.300;0;0;6;8;6;11.5;0;8.9;1.4;3.51;Graduate;1;0;12
3284;1;1;4;9254;1;1;131.0;1;38;36;9;9;124.0;1;0;0;1;0;1;18;0;0;6;7;6;11.333.333.333.333.300;0;0;6;9;6;10.833.333.333.333.300;0;9.4;-0.8;-3.12;Graduate;1;0;12
3523;1;1;1;9670;1;1;146.0;1;1;1;9;8;149.5;1;0;0;1;1;1;17;0;0;6;8;6;14.875;0;0;6;8;6;13.428.571.428.571.400;0;11.1;0.6;2.02;Graduate;1;0;12
2071;1;1;1;9670;1;1;113.0;1;1;37;1;10;116.5;1;0;0;1;0;0;19;0;0;6;7;6;12.833.333.333.333.300;0;0;6;10;6;1.177.777.777.777.770;0;8.9;1.4;3.51;Graduate;1;0;12
1033;1;1;1;9773;1;1;144.0;1;37;37;8;8;138.4;0;0;0;1;0;0;18;0;0;6;7;6;13.428.571.428.571.400;0;0;6;7;6;14.142.857.142.857.100;0;13.9;-0.3;0.79;Graduate;1;0;12
3130;1;1;1;9773;1;1;121.0;1;1;38;4;9;114.4;0;0;0;1;0;1;18;0;0;6;6;6;12.666.666.666.666.600;0;0;6;6;6;12.833.333.333.333.300;0;11.1;0.6;2.02;Graduate;1;0;12
1696;1;17;1;9670;1;1;120.0;1;38;37;9;8;113.4;1;0;0;1;1;1;19;0;0;6;6;6;13.333.333.333.333.300;0;0;6;7;6;13.285.714.285.714.200;0;8.9;1.4;3.51;Graduate;1;0;12
3164;1;1;1;9238;1;1;142.0;1;1;38;5;7;127.7;0;0;0;1;0;1;20;0;0;6;7;6;15.0;0;0;6;6;6;16.333.333.333.333.300;0;13.9;-0.3;0.79;Graduate;1;0;12
166;1;17;1;9773;1;1;133.1;1;19;37;7;7;126.0;0;0;0;1;0;1;19;0;0;6;6;6;12.5;0;0;6;7;6;13.0;0;15.5;2.8;-4.06;Graduate;1;0;12
2520;1;1;3;9773;1;1;133.1;1;38;38;5;5;131.3;1;0;0;1;0;1;18;0;0;6;7;6;12.285.714.285.714.200;0;0;6;6;6;13.5;0;8.9;1.4;3.51;Graduate;1;0;12
2744;1;1;1;9238;1;1;133.1;1;1;1;3;3;102.0;1;0;0;1;0;1;20;0;0;6;7;6;13.666.666.666.666.600;0;0;6;7;6;14.571.428.571.428.500;0;11.1;0.6;2.02;Graduate;1;0;12
2803;1;1;1;9773;1;1;142.0;1;19;37;4;7;141.3;0;0;0;1;0;1;19;0;0;6;7;6;14.714.285.714.285.700;0;0;6;6;6;15.166.666.666.666.600;0;13.9;-0.3;0.79;Graduate;1;0;12
2220;1;1;1;9070;1;1;130.0;1;37;1;9;8;120.2;1;0;0;1;1;0;22;0;0;6;9;6;14.666.666.666.666.600;0;0;6;12;6;14.666.666.666.666.600;0;12.7;3.7;-1.7;Graduate;1;0;12
742;1;1;1;9254;1;1;136.0;1;3;3;2;2;128.7;0;0;0;1;1;0;19;0;0;6;7;6;14.428.571.428.571.400;0;0;6;6;6;12.5;0;8.9;1.4;3.51;Graduate;1;0;12
897;1;17;1;9773;1;1;120.0;1;37;37;5;5;125.3;0;0;0;1;0;0;18;0;0;6;9;6;12.5;0;0;6;9;6;13.0;0;7.6;2.6;0.32;Graduate;1;0;12
4029;1;1;1;9070;1;1;136.0;1;1;38;4;5;132.2;0;0;1;1;0;0;19;0;0;6;6;6;13.833.333.333.333.300;0;0;6;8;6;13.875;0;10.8;1.4;1.74;Graduate;1;0;12
2988;2;39;1;8014;0;19;100.0;1;34;34;0;0;100.0;0;0;0;1;0;0;46;0;0;6;9;6;13.333.333.333.333.300;0;0;6;6;6;11.833.333.333.333.300;0;7.6;2.6;0.32;Graduate;1;0;12
579;2;1;1;9238;1;1;134.0;1;37;37;5;5;120.4;0;0;0;1;0;0;20;0;0;6;7;6;11.5;0;0;6;6;6;11.666.666.666.666.600;0;7.6;2.6;0.32;Graduate;1;0;12
1247;1;1;1;9238;1;1;128.0;1;19;19;9;9;120.0;0;0;0;1;0;1;18;0;0;6;8;6;13.5;0;0;6;9;6;12.833.333.333.333.300;0;11.1;0.6;2.02;Graduate;1;0;12
3864;1;1;2;9238;1;1;124.0;1;38;19;9;7;129.6;1;0;0;1;1;0;19;0;0;6;10;6;11.125;0;0;6;7;6;11.857.142.857.142.800;0;7.6;2.6;0.32;Graduate;1;0;12
781;1;17;1;9773;1;1;150.0;1;38;38;7;7;137.8;1;0;0;1;0;1;18;0;0;6;6;6;15.0;0;0;6;6;6;15.5;0;8.9;1.4;3.51;Graduate;1;0;12
1996;1;1;5;9238;1;1;126.0;1;30;19;0;2;121.5;1;0;0;1;0;0;18;0;0;6;8;6;11.333.333.333.333.300;0;0;6;6;6;11.666.666.666.666.600;0;7.6;2.6;0.32;Graduate;1;0;12
4055;1;1;2;9773;1;1;135.0;1;37;37;5;5;126.3;1;1;0;1;0;1;20;0;0;6;6;6;14.666.666.666.666.600;0;0;6;7;6;14.571.428.571.428.500;0;8.9;1.4;3.51;Graduate;1;0;12
629;1;17;2;9773;1;1;125.0;1;1;38;5;6;115.9;1;0;0;1;0;0;18;0;0;6;6;6;13.0;0;0;6;6;6;14.166.666.666.666.600;0;12.4;0.5;1.79;Graduate;1;0;12
1252;1;43;1;9773;1;1;137.0;1;38;37;9;5;127.9;1;0;0;1;0;0;20;0;0;6;6;6;11.833.333.333.333.300;0;0;6;7;6;12.857.142.857.142.800;0;15.5;2.8;-4.06;Graduate;1;0;12
2893;1;1;2;9670;1;1;131.0;1;1;19;4;7;135.9;1;0;0;1;0;1;18;0;0;6;6;6;13.166.666.666.666.600;0;0;6;8;6;12.428.571.428.571.400;0;8.9;1.4;3.51;Graduate;1;0;12
1954;1;1;4;9254;1;1;132.0;1;1;38;5;6;122.6;1;0;0;1;0;1;18;0;0;6;7;6;12.285.714.285.714.200;0;0;6;6;6;12.0;0;8.9;1.4;3.51;Graduate;1;0;12
799;1;1;1;9130;1;1;133.0;1;1;37;9;9;123.2;1;0;0;1;0;1;19;0;0;6;8;6;13.333.333.333.333.300;0;0;6;7;6;13.666.666.666.666.600;0;8.9;1.4;3.51;Graduate;1;0;12
900;1;17;1;9670;1;1;128.0;1;19;19;7;7;124.4;0;0;0;1;0;1;19;0;0;6;6;6;13.0;0;0;6;6;6;14.0;0;13.9;-0.3;0.79;Graduate;1;0;12
2008;1;16;3;9085;1;1;130.0;1;37;37;9;2;119.5;1;0;0;1;0;1;18;0;0;6;14;6;14.333.333.333.333.300;0;0;6;9;6;12.0;0;15.5;2.8;-4.06;Graduate;1;0;12
1932;1;17;1;9670;1;1;120.0;1;38;38;5;7;115.1;1;0;0;1;0;0;19;0;0;6;7;6;14.571.428.571.428.500;0;0;6;7;6;12.333.333.333.333.300;0;12.4;0.5;1.79;Graduate;1;0;12
1321;1;1;5;9238;1;3;135.0;1;1;38;9;3;129.4;0;0;1;1;0;0;18;0;0;6;6;6;12.166.666.666.666.600;0;0;6;6;6;12.333.333.333.333.300;0;10.8;1.4;1.74;Graduate;1;0;12
2896;2;1;1;8014;0;1;151.0;1;37;37;9;9;152.4;0;0;0;1;0;0;40;0;0;6;7;6;11.333.333.333.333.300;0;0;6;7;6;10.5;0;10.8;1.4;1.74;Graduate;1;0;12
333;1;1;1;9238;1;1;107.0;1;38;38;7;7;103.5;1;0;0;1;0;0;20;0;0;6;7;6;12.0;0;0;6;7;6;13.0;0;12.4;0.5;1.79;Graduate;1;0;12
144;1;1;3;9238;1;1;135.0;1;1;12;9;10;121.0;1;0;0;1;0;1;19;0;0;6;7;6;11.333.333.333.333.300;0;0;6;6;6;11.5;0;12.4;0.5;1.79;Graduate;1;0;12
2336;1;17;4;9070;1;1;117.0;1;1;1;3;3;125.4;1;0;0;1;1;1;19;0;0;6;6;6;12.833.333.333.333.300;0;0;6;7;6;11.166.666.666.666.600;0;11.1;0.6;2.02;Graduate;1;0;12
2535;1;1;1;9238;1;1;115.0;1;38;38;8;7;112.9;1;0;0;1;0;1;19;0;0;6;7;6;11.857.142.857.142.800;0;0;6;8;6;13.142.857.142.857.100;0;12.4;0.5;1.79;Graduate;1;0;12
2888;1;1;1;9853;1;1;153.0;1;19;37;9;9;153.7;0;0;0;1;0;1;18;0;0;6;8;6;13.142.857.142.857.100;0;0;6;6;6;12.833.333.333.333.300;0;15.5;2.8;-4.06;Graduate;1;0;12
427;1;1;4;9670;1;1;128.0;1;38;38;3;7;121.0;1;0;0;1;0;0;19;0;0;6;8;6;13.5;0;0;6;9;6;13.571.428.571.428.500;0;11.1;0.6;2.02;Graduate;1;0;12
1438;2;39;1;8014;0;1;140.0;1;37;37;9;9;101.0;0;0;0;1;0;0;35;0;0;6;7;6;12.5;0;0;6;6;6;12.166.666.666.666.600;0;15.5;2.8;-4.06;Graduate;1;0;12
114;1;1;3;9773;1;1;158.0;1;1;38;4;7;157.0;1;0;0;1;0;0;18;0;0;6;6;6;12.666.666.666.666.600;0;0;6;7;6;12.571.428.571.428.500;0;10.8;1.4;1.74;Graduate;1;0;12
3036;1;1;1;9254;1;1;136.0;1;12;1;4;4;122.0;1;0;0;1;0;0;18;0;0;6;8;6;11.333.333.333.333.300;0;0;6;11;6;10.833.333.333.333.300;0;7.6;2.6;0.32;Graduate;1;0;12
3932;1;1;1;9130;1;1;132.0;1;3;1;4;9;121.9;1;0;0;1;0;0;18;0;0;6;8;6;14.5;0;0;6;9;6;12.857.142.857.142.800;0;13.9;-0.3;0.79;Graduate;1;0;12
3672;1;17;1;9085;1;1;163.0;14;37;37;9;9;150.8;1;0;0;1;0;0;19;1;0;6;13;6;16.0;0;0;6;8;6;14.5;0;15.5;2.8;-4.06;Graduate;1;0;12
2731;1;1;1;9238;1;1;133.0;1;4;1;5;5;131.6;0;0;0;1;0;0;18;0;0;6;7;6;13.833.333.333.333.300;0;0;6;7;6;13.714.285.714.285.700;0;11.1;0.6;2.02;Graduate;1;0;12
1234;1;17;2;9773;1;1;133.1;1;3;1;4;5;115.0;1;0;0;1;0;0;19;0;0;6;6;6;12.833.333.333.333.300;0;0;6;6;6;12.666.666.666.666.600;0;16.2;0.3;-0.92;Graduate;1;0;12
1038;1;1;1;9238;1;1;154.0;1;1;3;4;2;164.9;0;0;0;1;0;0;18;0;0;6;6;6;14.0;0;0;6;6;6;13.166.666.666.666.600;0;10.8;1.4;1.74;Graduate;1;0;12
3428;1;1;1;9238;1;1;136.0;1;19;1;4;3;125.2;1;0;0;1;0;0;20;0;0;6;7;6;11.666.666.666.666.600;0;0;6;10;6;11.333.333.333.333.300;0;7.6;2.6;0.32;Graduate;1;0;12
1590;1;17;2;8014;0;1;134.0;1;1;19;4;99;126.0;1;0;0;1;1;0;22;0;0;6;7;6;12.666.666.666.666.600;0;0;6;6;6;12.166.666.666.666.600;0;7.6;2.6;0.32;Graduate;1;0;12
4400;1;1;1;9254;1;1;152.0;1;37;19;9;9;137.0;1;0;0;1;0;1;22;0;0;6;9;6;13.875;0;0;6;6;6;14.333.333.333.333.300;0;9.4;-0.8;-3.12;Graduate;1;0;12
2625;1;1;4;9773;1;1;140.0;22;1;37;3;9;130.5;1;0;0;1;0;0;20;1;0;6;6;6;12.333.333.333.333.300;0;0;6;6;6;12.0;0;12.7;3.7;-1.7;Graduate;1;0;12
4213;1;17;2;9773;1;1;125.0;1;1;1;4;8;115.6;1;0;0;1;0;0;19;0;0;6;6;6;13.333.333.333.333.300;0;0;6;6;6;14.666.666.666.666.600;0;12.4;0.5;1.79;Graduate;1;0;12
2694;1;1;1;9003;1;1;140.0;1;38;1;9;4;138.3;0;0;0;1;1;0;18;0;0;6;7;6;16.0;0;0;6;6;6;15.166.666.666.666.600;0;12.4;0.5;1.79;Graduate;1;0;12
1312;1;1;1;9085;1;1;130.0;1;37;37;9;6;126.5;1;0;0;1;0;1;18;0;0;6;13;6;1.646.153.846.153.840;0;0;6;8;6;13.875;0;15.5;2.8;-4.06;Graduate;1;0;12
208;1;1;4;9773;1;1;155.0;1;3;19;1;4;149.8;1;0;0;1;0;1;18;0;0;6;6;6;13.833.333.333.333.300;0;0;6;6;6;14.166.666.666.666.600;0;16.2;0.3;-0.92;Graduate;1;0;12
24;1;1;4;9670;1;1;125.0;1;1;38;4;7;114.9;1;0;0;1;0;1;19;0;0;6;8;6;13.375;0;0;6;7;6;12.285.714.285.714.200;0;11.1;0.6;2.02;Graduate;1;0;12
1264;2;39;1;9853;1;1;130.0;1;37;19;7;3;140.0;0;0;1;1;0;1;34;0;0;6;7;6;16.142.857.142.857.100;0;0;6;10;6;16.2;0;9.4;-0.8;-3.12;Graduate;1;0;12
1686;1;1;5;9070;1;1;125.0;1;3;3;2;2;140.8;1;0;0;1;1;0;22;0;0;6;6;6;14.666.666.666.666.600;0;0;6;6;6;15.0;0;9.4;-0.8;-3.12;Graduate;1;0;12
222;2;1;4;9853;1;1;134.0;1;37;37;5;7;122.5;0;1;0;1;0;1;19;0;0;6;6;6;13.333.333.333.333.300;0;0;6;6;6;14.5;0;10.8;1.4;1.74;Graduate;1;0;12
825;1;18;4;9773;1;1;114.0;1;1;1;9;9;111.6;1;0;0;1;0;1;21;0;0;6;6;6;12.5;0;0;6;6;6;11.5;0;11.1;0.6;2.02;Graduate;1;0;12
4177;1;1;3;9254;1;1;128.0;1;19;1;7;9;121.7;1;0;0;1;0;1;18;0;0;6;6;6;12.666.666.666.666.600;0;0;6;6;6;12.5;0;12.4;0.5;1.79;Graduate;1;0;12
2044;1;1;3;9254;1;1;118.0;1;1;19;9;9;111.7;1;0;0;1;0;0;19;0;0;6;6;6;12.5;0;0;6;6;6;12.166.666.666.666.600;0;12.4;0.5;1.79;Graduate;1;0;12
3782;1;1;3;9070;1;1;139.0;1;1;38;4;7;142.2;1;0;0;1;0;1;19;0;0;6;6;6;12.833.333.333.333.300;0;0;6;6;6;12.833.333.333.333.300;0;9.4;-0.8;-3.12;Graduate;1;0;12
4237;1;43;1;9773;1;1;132.0;1;38;19;9;9;125.0;1;0;0;1;1;1;20;0;0;6;6;6;12.333.333.333.333.300;0;0;6;7;6;14.0;0;12.4;0.5;1.79;Graduate;1;0;12
3096;1;1;4;9238;1;1;118.0;1;19;38;9;9;110.0;0;0;0;1;0;1;18;0;0;6;7;6;12.285.714.285.714.200;0;0;6;8;6;11.428.571.428.571.400;0;12.4;0.5;1.79;Graduate;1;0;12
4074;1;17;1;9238;1;1;133.0;1;19;19;5;7;123.6;0;0;0;1;0;1;19;0;0;6;7;6;13.5;0;0;6;7;6;14.0;0;15.5;2.8;-4.06;Graduate;1;0;12
1667;1;17;1;9238;1;1;158.0;1;1;1;5;6;140.5;0;0;0;1;0;1;20;0;0;6;9;6;11.333.333.333.333.300;0;0;6;6;6;12.333.333.333.333.300;0;10.8;1.4;1.74;Graduate;1;0;12
2522;1;1;2;9254;1;1;131.0;1;4;3;7;4;126.1;1;0;0;1;0;0;18;0;0;6;8;6;12.142.857.142.857.100;0;0;6;6;6;11.166.666.666.666.600;0;8.9;1.4;3.51;Graduate;1;0;12
3038;1;1;1;9670;1;1;126.0;1;1;1;9;10;126.7;1;0;0;1;0;1;20;0;0;6;6;6;14.166.666.666.666.600;0;0;6;9;6;13.0;0;8.9;1.4;3.51;Graduate;1;0;12
2580;1;1;1;9238;1;1;148.0;1;37;37;9;9;143.5;0;0;0;1;0;0;18;0;0;6;6;6;13.0;0;0;6;6;6;12.833.333.333.333.300;0;10.8;1.4;1.74;Graduate;1;0;12
3630;1;1;1;9670;1;1;123.0;1;19;19;9;8;125.5;0;0;0;0;0;1;19;0;0;6;6;6;13.833.333.333.333.300;0;0;6;7;6;14.285.714.285.714.200;0;8.9;1.4;3.51;Graduate;1;0;12
3064;1;39;1;9773;1;19;133.1;1;19;19;171;163;104.0;0;0;1;0;0;1;24;0;0;6;6;6;13.5;0;0;6;6;6;13.0;0;11.1;0.6;2.02;Graduate;1;0;12
2960;5;39;1;9254;1;1;133.1;1;2;2;2;2;103.0;0;0;0;1;0;0;62;0;0;6;7;6;15.0;0;0;6;10;6;12.833.333.333.333.300;0;10.8;1.4;1.74;Graduate;1;0;12
4384;1;39;2;8014;0;1;141.0;1;37;37;9;9;150.5;0;0;0;1;0;0;29;0;0;6;7;6;13.166.666.666.666.600;0;0;6;8;6;15.625;0;12.4;0.5;1.79;Graduate;1;0;12
1371;1;39;1;8014;0;38;133.1;1;38;37;4;8;95.5;0;0;0;1;1;0;29;0;0;6;11;6;12.0;0;0;6;6;6;14.0;0;11.1;0.6;2.02;Graduate;1;0;12
3799;1;1;1;9670;1;1;141.0;1;19;38;9;9;130.5;0;0;0;1;1;0;19;0;0;6;8;6;14.25;0;0;6;7;6;13.857.142.857.142.800;0;11.1;0.6;2.02;Graduate;1;0;12
361;1;17;4;9853;1;1;140.0;1;19;38;4;1;128.5;1;0;0;1;0;0;18;0;0;6;7;6;11.666.666.666.666.600;0;0;6;10;6;11.833.333.333.333.300;0;10.8;1.4;1.74;Graduate;1;0;12
1016;1;17;1;9254;1;1;116.0;1;19;19;9;8;119.9;1;0;0;1;0;0;20;0;0;6;6;6;12.333.333.333.333.300;0;0;6;6;6;12.333.333.333.333.300;0;12.4;0.5;1.79;Graduate;1;0;12
3299;1;17;1;9238;1;1;133.1;1;1;38;9;7;110.5;0;0;0;1;0;0;19;0;0;6;10;6;14.25;0;0;6;7;6;14.0;0;16.2;0.3;-0.92;Graduate;1;0;12
238;1;17;2;9238;1;1;133.0;1;37;37;3;9;119.7;0;1;0;1;0;1;18;0;0;6;9;6;11.333.333.333.333.300;0;0;6;9;6;11.571.428.571.428.500;0;15.5;2.8;-4.06;Graduate;1;0;12
3240;1;1;1;9238;1;1;137.0;1;3;1;4;9;128.6;0;0;0;1;0;1;18;0;0;6;7;6;13.166.666.666.666.600;0;0;6;6;6;12.5;0;12.4;0.5;1.79;Graduate;1;0;12
2907;4;39;2;8014;0;1;160.0;1;37;38;7;5;115.0;0;0;0;1;0;1;41;0;0;6;8;6;11.333.333.333.333.300;0;0;6;9;6;11.333.333.333.333.300;0;10.8;1.4;1.74;Graduate;1;0;12
2709;1;5;3;9070;1;1;157.0;1;3;1;9;6;138.1;1;0;0;1;0;0;18;0;0;6;6;6;12.666.666.666.666.600;0;0;6;8;6;14.125;0;10.8;1.4;1.74;Graduate;1;0;12
2995;1;17;1;9773;1;1;136.0;1;1;38;9;8;131.5;1;0;0;1;0;0;18;0;0;6;7;6;12.571.428.571.428.500;0;0;6;8;6;11.857.142.857.142.800;0;13.9;-0.3;0.79;Graduate;1;0;12
2007;2;39;1;8014;0;1;146.0;1;37;37;9;8;120.5;0;0;0;1;0;0;44;0;0;6;6;6;14.833.333.333.333.300;0;0;6;6;6;14.166.666.666.666.600;0;10.8;1.4;1.74;Graduate;1;0;12
386;1;1;1;9238;1;1;124.0;1;34;34;0;0;129.3;0;0;0;1;0;0;19;0;0;6;8;6;11.5;0;0;6;7;6;11.166.666.666.666.600;0;7.6;2.6;0.32;Graduate;1;0;12
3055;1;17;1;9238;1;1;127.0;1;38;38;9;6;122.8;0;0;0;1;0;1;19;0;0;6;8;6;14.0;0;0;6;7;6;14.571.428.571.428.500;0;16.2;0.3;-0.92;Graduate;1;0;12
2863;2;39;1;8014;0;1;140.0;1;37;37;9;9;121.0;0;0;0;1;0;0;50;0;0;6;8;6;12.666.666.666.666.600;0;0;6;6;6;11.833.333.333.333.300;0;10.8;1.4;1.74;Graduate;1;0;12
4265;1;44;1;9003;1;39;150.0;1;37;19;9;9;150.0;0;0;0;1;1;1;24;0;0;6;9;6;13.555.555.555.555.500;0;0;6;7;6;12.666.666.666.666.600;0;13.9;-0.3;0.79;Graduate;1;0;12
4105;1;1;1;9238;1;1;141.0;1;37;38;9;10;138.9;0;0;0;1;0;0;18;0;0;6;9;6;13.714.285.714.285.700;0;0;6;6;6;14.166.666.666.666.600;0;13.9;-0.3;0.79;Graduate;1;0;12
953;1;44;1;9003;1;39;140.0;1;1;19;4;8;140.0;0;0;0;1;1;0;20;0;0;6;7;6;13.571.428.571.428.500;0;0;6;6;6;12.666.666.666.666.600;0;12.4;0.5;1.79;Graduate;1;0;12
3823;1;17;6;9773;1;1;141.0;1;37;37;5;5;127.7;1;0;0;1;1;0;18;0;0;6;6;6;15.166.666.666.666.600;0;0;6;6;6;14.833.333.333.333.300;0;9.4;-0.8;-3.12;Graduate;1;0;12
4346;1;1;1;9773;1;1;140.0;1;1;19;5;10;141.1;1;0;0;1;0;0;18;0;0;6;6;6;12.833.333.333.333.300;0;0;6;6;6;13.333.333.333.333.300;0;9.4;-0.8;-3.12;Graduate;1;0;12
1144;1;1;1;9853;1;1;152.0;1;19;19;9;5;154.1;0;0;1;1;0;1;18;0;0;6;6;6;13.333.333.333.333.300;0;0;6;7;6;12.571.428.571.428.500;0;12.7;3.7;-1.7;Graduate;1;0;12
565;1;1;6;9070;1;6;119.0;1;1;1;9;9;123.2;1;0;0;1;1;0;22;0;0;6;6;6;14.166.666.666.666.600;0;0;6;8;6;13.625;0;10.8;1.4;1.74;Graduate;1;0;12
2084;1;1;3;9773;1;1;138.0;1;3;1;2;3;135.9;1;0;0;1;0;0;18;0;0;6;7;6;14.857.142.857.142.800;0;0;6;6;6;14.666.666.666.666.600;0;13.9;-0.3;0.79;Graduate;1;0;12
269;1;1;1;9070;1;1;137.0;1;37;37;9;9;126.2;1;0;0;1;0;1;19;0;0;6;6;6;13.0;0;0;6;8;6;12.5;0;10.8;1.4;1.74;Graduate;1;0;12
3383;1;17;1;9238;1;1;138.0;1;37;38;9;8;134.2;1;0;0;1;0;1;18;0;0;6;6;6;15.166.666.666.666.600;0;0;6;7;6;14.142.857.142.857.100;0;11.1;0.6;2.02;Graduate;1;0;12
2743;1;1;1;9238;1;1;141.0;1;37;37;4;4;138.9;0;0;0;1;0;0;21;0;0;6;7;6;13.333.333.333.333.300;0;0;6;6;6;14.5;0;10.8;1.4;1.74;Graduate;1;0;12
34;1;18;1;8014;0;1;138.0;1;19;1;9;5;134.5;1;0;0;1;0;0;19;0;0;6;6;6;12.666.666.666.666.600;0;0;6;8;6;14.375;0;12.4;0.5;1.79;Graduate;1;0;12
4102;1;1;5;9070;1;1;124.0;1;37;37;9;9;113.9;1;0;0;1;0;0;20;0;0;6;6;6;11.166.666.666.666.600;0;0;6;6;6;12.166.666.666.666.600;0;7.6;2.6;0.32;Graduate;1;0;12
4087;1;39;1;8014;0;19;133.1;1;37;37;9;7;106.5;0;0;0;1;0;1;32;0;0;6;7;6;12.666.666.666.666.600;0;0;6;7;6;13.333.333.333.333.300;0;12.7;3.7;-1.7;Graduate;1;0;12
366;1;1;1;9085;1;1;133.1;1;37;38;7;5;106.0;1;0;0;1;0;1;21;0;0;6;13;6;16.153.846.153.846.100;0;0;6;10;6;15.75;0;15.5;2.8;-4.06;Graduate;1;0;12
3436;1;1;2;9070;1;1;135.0;1;1;1;4;7;129.8;1;0;0;1;0;0;19;0;0;6;6;6;11.833.333.333.333.300;0;0;6;7;6;13.0;0;9.4;-0.8;-3.12;Graduate;1;0;12
3202;1;1;1;9773;1;1;146.0;1;1;3;4;1;135.2;1;0;0;1;1;0;18;0;0;6;7;6;14.166.666.666.666.600;0;0;6;6;6;12.833.333.333.333.300;0;9.4;-0.8;-3.12;Graduate;1;0;12
1825;1;1;1;9238;1;1;120.0;1;3;3;3;3;111.6;0;0;0;1;0;0;20;0;0;6;6;6;14.5;0;0;6;6;6;12.666.666.666.666.600;0;12.4;0.5;1.79;Graduate;1;0;12
4164;1;17;2;9238;1;1;111.0;1;19;38;9;9;110.7;1;0;0;1;0;0;19;0;0;6;9;6;12.166.666.666.666.600;0;0;6;9;6;11.0;0;8.9;1.4;3.51;Graduate;1;0;12
3669;1;1;1;9238;1;1;133.0;41;19;19;9;9;119.7;1;0;1;1;0;1;19;1;0;6;8;6;12.666.666.666.666.600;0;0;6;7;6;12.666.666.666.666.600;0;8.9;1.4;3.51;Graduate;1;0;12
1514;1;10;1;9254;1;1;115.0;24;3;1;9;9;116.1;1;0;0;1;0;0;19;1;0;6;6;6;13.5;0;0;6;6;6;14.333.333.333.333.300;0;12.4;0.5;1.79;Graduate;1;0;12
286;2;39;1;9773;1;12;100.0;1;1;1;4;4;100.0;0;0;0;1;0;0;24;0;0;6;6;6;12.166.666.666.666.600;0;0;6;6;6;13.833.333.333.333.300;0;7.6;2.6;0.32;Graduate;1;0;12
1281;1;1;3;9773;1;1;143.0;11;19;19;4;9;133.9;1;0;0;1;1;1;18;1;0;6;7;6;13.5;0;0;6;7;6;13.0;0;16.2;0.3;-0.92;Graduate;1;0;12
786;1;1;1;9238;1;1;121.0;1;1;1;1;1;115.1;1;0;0;1;0;0;19;0;0;6;10;6;10.833.333.333.333.300;0;0;6;7;6;12.142.857.142.857.100;0;11.1;0.6;2.02;Graduate;1;0;12
3580;1;1;1;9670;1;1;150.0;1;3;37;4;7;139.5;0;0;0;1;1;1;20;0;0;6;7;6;14.833.333.333.333.300;0;0;6;6;6;14.833.333.333.333.300;0;12.7;3.7;-1.7;Graduate;1;0;12
942;1;1;1;9238;1;1;128.0;1;37;19;9;4;127.3;1;0;0;1;0;1;19;0;0;6;8;6;14.0;0;0;6;8;6;12.285.714.285.714.200;0;16.2;0.3;-0.92;Graduate;1;0;12
1125;1;1;1;9773;1;1;152.0;1;38;37;9;9;139.1;0;0;0;1;0;1;19;0;0;6;6;6;12.833.333.333.333.300;0;0;6;6;6;13.5;0;16.2;0.3;-0.92;Graduate;1;0;12
3053;1;16;1;9085;1;1;138.0;1;37;37;9;9;123.0;1;0;0;1;0;1;20;0;0;6;7;6;15.857.142.857.142.800;0;0;6;6;6;16.0;0;13.9;-0.3;0.79;Graduate;1;0;12
2949;1;1;6;9853;1;1;136.0;1;1;19;5;5;122.0;0;0;0;1;0;0;18;0;0;6;6;6;12.666.666.666.666.600;0;0;6;6;6;12.0;0;7.6;2.6;0.32;Graduate;1;0;12
1827;1;1;1;9238;1;1;141.0;1;38;1;5;7;132.6;0;0;0;1;0;1;18;0;0;6;7;6;13.285.714.285.714.200;0;0;6;6;6;14.333.333.333.333.300;0;12.4;0.5;1.79;Graduate;1;0;12
3575;1;1;1;9254;1;1;132.0;1;1;38;9;9;120.1;1;0;0;1;1;1;20;0;0;6;7;6;13.571.428.571.428.500;0;0;6;8;6;13.166.666.666.666.600;0;8.9;1.4;3.51;Graduate;1;0;12
395;1;17;2;9085;1;1;166.0;1;1;19;4;3;158.7;0;0;0;1;0;0;18;0;0;6;7;6;14.857.142.857.142.800;0;0;6;7;6;14.0;0;11.1;0.6;2.02;Graduate;1;0;12
1491;2;39;1;9003;1;1;120.0;1;37;37;9;9;155.8;0;0;0;1;1;0;29;0;0;6;9;6;1.611.111.111.111.110;0;0;6;7;6;13.5;0;13.9;-0.3;0.79;Graduate;1;0;12
4240;1;39;1;9085;1;40;130.0;1;3;2;3;2;160.0;1;0;0;1;0;0;27;0;0;6;7;6;16.142.857.142.857.100;0;0;6;7;6;14.666.666.666.666.600;0;13.9;-0.3;0.79;Graduate;1;0;12
3602;1;17;3;9773;1;1;134.0;1;2;1;3;3;129.5;1;0;0;1;1;0;18;0;0;6;7;6;13.166.666.666.666.600;0;0;6;7;6;12.666.666.666.666.600;0;16.2;0.3;-0.92;Graduate;1;0;12
2035;2;39;1;9773;1;19;133.1;1;37;37;6;6;162.0;0;0;1;1;1;1;49;0;0;6;8;6;12.285.714.285.714.200;0;0;6;7;6;14.166.666.666.666.600;0;10.8;1.4;1.74;Graduate;1;0;12
1905;1;1;1;9773;1;1;121.0;1;19;1;7;9;117.9;1;0;0;1;0;0;19;0;0;6;7;6;12.833.333.333.333.300;0;0;6;7;6;11.666.666.666.666.600;0;11.1;0.6;2.02;Graduate;1;0;12
1024;1;17;1;9070;1;1;116.0;1;38;38;9;9;123.7;0;0;0;1;0;0;20;0;0;6;6;6;14.5;0;0;6;7;6;13.5;0;11.1;0.6;2.02;Graduate;1;0;12
3139;1;1;1;9773;1;1;136.0;1;19;19;4;3;126.2;0;0;0;1;0;0;19;0;0;6;6;6;13.166.666.666.666.600;0;0;6;6;6;15.0;0;16.2;0.3;-0.92;Graduate;1;0;12
3662;1;1;1;9773;1;1;156.0;1;3;3;123;122;155.0;0;0;0;1;0;0;18;0;0;6;7;6;14.285.714.285.714.200;0;0;6;8;6;13.25;0;8.9;1.4;3.51;Graduate;1;0;12
319;1;1;1;9238;1;1;120.0;1;19;38;5;9;130.2;0;0;0;1;0;1;18;0;0;6;8;6;11.285.714.285.714.200;0;0;6;10;6;11.857.142.857.142.800;0;12.4;0.5;1.79;Graduate;1;0;12
2288;1;17;1;9254;1;1;125.0;1;1;1;3;3;114.5;0;0;0;1;1;1;22;0;0;6;8;6;13.625;0;0;6;8;6;14.428.571.428.571.400;0;11.1;0.6;2.02;Graduate;1;0;12
2811;1;1;1;9853;1;1;128.0;1;38;37;9;9;124.9;0;0;0;1;0;1;19;0;0;6;6;6;12.5;0;0;6;6;6;12.833.333.333.333.300;0;12.7;3.7;-1.7;Graduate;1;0;12
373;1;17;1;9773;1;1;161.0;1;1;19;4;7;148.4;0;0;0;1;0;1;19;0;0;6;6;6;13.833.333.333.333.300;0;0;6;7;6;14.428.571.428.571.400;0;15.5;2.8;-4.06;Graduate;1;0;12
3619;1;17;5;9773;1;1;143.0;1;1;1;7;7;136.7;1;0;0;1;0;0;18;0;0;6;6;6;12.5;0;0;6;6;6;13.833.333.333.333.300;0;8.9;1.4;3.51;Graduate;1;0;12
2741;1;1;2;9070;1;1;126.0;1;19;38;9;9;132.0;1;0;0;1;0;1;19;0;0;6;6;6;14.166.666.666.666.600;0;0;6;8;6;12.375;0;10.8;1.4;1.74;Graduate;1;0;12
2982;1;1;1;9070;1;1;135.0;1;19;37;9;9;128.0;1;0;0;1;0;1;19;0;0;6;6;6;14.0;0;0;6;8;6;13.125;0;10.8;1.4;1.74;Graduate;1;0;12
1260;1;1;1;9085;1;1;143.0;1;19;38;9;9;133.4;1;0;0;1;0;0;19;0;0;6;7;6;16.0;0;0;6;8;6;15.875;0;12.4;0.5;1.79;Graduate;1;0;12
4143;1;43;1;8014;0;12;114.0;1;34;34;0;99;110.0;0;0;0;1;0;0;29;0;0;6;10;6;11.666.666.666.666.600;0;0;6;7;6;11.0;0;7.6;2.6;0.32;Graduate;1;0;12
4418;1;1;1;9070;1;1;132.0;1;1;1;9;9;133.8;1;0;0;1;0;1;20;0;0;6;6;6;13.833.333.333.333.300;0;0;6;6;6;13.5;0;16.2;0.3;-0.92;Graduate;1;0;12
3181;1;17;1;9070;1;1;157.0;1;3;3;3;3;146.2;0;0;0;1;1;0;18;0;0;6;6;6;16.0;0;0;6;6;6;13.666.666.666.666.600;0;12.4;0.5;1.79;Graduate;1;0;12
2532;1;44;1;9003;1;39;160.0;1;37;38;9;6;160.0;0;0;0;1;0;1;20;0;0;6;8;6;12.625;0;0;6;10;6;13.2;0;16.2;0.3;-0.92;Graduate;1;0;12
3431;1;51;1;9070;1;1;132.0;1;19;19;153;153;120.0;0;0;0;1;0;1;23;0;0;6;6;6;15.333.333.333.333.300;0;0;6;6;6;14.166.666.666.666.600;0;11.1;0.6;2.02;Graduate;1;0;12
1501;1;1;1;9070;1;1;138.0;1;38;37;3;3;133.1;0;0;0;1;1;0;18;0;0;6;6;6;14.0;0;0;6;7;6;13.857.142.857.142.800;0;8.9;1.4;3.51;Graduate;1;0;12
3775;1;1;1;9238;1;1;117.0;1;1;19;4;7;113.5;1;0;0;1;0;1;18;0;0;6;6;6;13.166.666.666.666.600;0;0;6;7;6;14.142.857.142.857.100;0;11.1;0.6;2.02;Graduate;1;0;12
983;1;1;1;9773;1;1;134.0;1;1;38;4;5;122.8;0;0;0;1;1;0;18;0;0;6;6;6;12.0;0;0;6;6;6;12.5;0;12.7;3.7;-1.7;Graduate;1;0;12
138;1;1;1;9773;1;1;153.0;1;1;1;141;175;157.9;0;0;1;1;0;1;18;0;0;6;6;6;14.833.333.333.333.300;0;0;6;6;6;14.833.333.333.333.300;0;8.9;1.4;3.51;Graduate;1;0;12
9;1;1;3;9238;1;1;137.0;62;1;1;9;9;129.3;0;0;0;1;0;1;21;1;0;6;8;6;13.875;0;0;6;7;6;14.142.857.142.857.100;0;16.2;0.3;-0.92;Graduate;1;0;12
2177;1;1;4;9070;1;1;167.0;1;1;1;7;3;158.3;1;0;0;1;0;0;18;0;0;6;6;6;15.166.666.666.666.600;0;0;6;6;6;14.166.666.666.666.600;0;15.5;2.8;-4.06;Graduate;1;0;12
1782;1;1;5;9070;1;1;133.1;1;1;19;3;3;112.0;1;0;0;1;1;1;21;0;0;6;6;6;13.5;0;0;6;6;6;11.166.666.666.666.600;0;11.1;0.6;2.02;Graduate;1;0;12
3612;1;17;1;9670;1;1;117.0;1;1;1;4;4;117.7;1;0;0;1;1;0;20;0;0;6;9;6;14.666.666.666.666.600;0;0;6;7;6;13.857.142.857.142.800;0;8.9;1.4;3.51;Graduate;1;0;12
3410;1;1;5;9773;1;1;110.0;1;19;38;3;5;117.4;1;0;0;1;0;0;20;0;0;6;7;6;13.833.333.333.333.300;0;0;6;6;6;12.833.333.333.333.300;0;11.1;0.6;2.02;Graduate;1;0;12
820;1;1;1;8014;0;1;123.0;1;34;37;9;90;121.3;1;0;0;1;0;0;25;0;0;6;6;6;12.833.333.333.333.300;0;0;6;6;6;12.833.333.333.333.300;0;7.6;2.6;0.32;Graduate;1;0;12
2498;2;1;2;8014;0;1;110.0;1;37;1;9;10;108.7;1;0;0;1;0;0;43;0;0;6;6;6;13.0;0;0;6;6;6;12.5;0;9.4;-0.8;-3.12;Graduate;1;0;12
4070;1;17;2;9238;1;1;139.0;1;2;3;3;3;132.7;1;0;0;1;0;0;19;0;0;6;7;6;11.166.666.666.666.600;0;0;6;9;6;11.666.666.666.666.600;0;9.4;-0.8;-3.12;Graduate;1;0;12
3598;1;16;2;9238;1;1;133.0;1;19;38;4;5;133.7;1;0;0;1;0;0;18;0;0;6;6;6;13.5;0;0;6;6;6;12.166.666.666.666.600;0;10.8;1.4;1.74;Graduate;1;0;12
2977;1;1;2;9254;1;1;132.0;1;1;19;9;9;129.9;1;0;0;1;0;1;19;0;0;6;8;6;13.0;0;0;6;6;6;12.166.666.666.666.600;0;8.9;1.4;3.51;Graduate;1;0;12
3045;1;5;5;9254;1;1;122.0;1;1;37;9;7;119.6;1;0;0;1;0;1;19;0;0;6;6;6;12.333.333.333.333.300;0;0;6;6;6;12.833.333.333.333.300;0;12.4;0.5;1.79;Graduate;1;0;12
4198;1;17;6;9773;1;1;138.0;1;1;1;4;2;140.5;1;0;0;1;0;0;19;0;0;6;7;6;13.0;0;0;6;9;6;13.714.285.714.285.700;0;7.6;2.6;0.32;Graduate;1;0;12
2667;1;17;4;9070;1;1;144.0;1;38;1;9;9;137.4;1;0;0;1;1;0;19;0;0;6;6;6;13.833.333.333.333.300;0;0;6;8;6;13.125;0;10.8;1.4;1.74;Graduate;1;0;12
3986;1;17;1;9070;1;1;119.0;1;37;38;9;8;124.6;1;0;0;1;0;0;20;0;0;6;6;6;12.5;0;0;6;6;6;12.666.666.666.666.600;0;7.6;2.6;0.32;Graduate;1;0;12
4039;1;1;3;9085;1;1;158.0;1;1;19;9;9;153.6;1;0;0;1;0;1;18;0;0;6;7;6;15.666.666.666.666.600;0;0;6;8;6;15.285.714.285.714.200;0;8.9;1.4;3.51;Graduate;1;0;12
2130;1;1;1;9070;1;1;182.0;1;19;1;5;7;156.8;1;0;0;1;0;0;18;0;0;6;6;6;12.666.666.666.666.600;0;0;6;8;6;13.25;0;10.8;1.4;1.74;Graduate;1;0;12
3093;1;1;1;8014;0;1;100.0;1;38;19;6;10;112.8;0;0;0;1;0;1;23;0;0;6;6;6;14.166.666.666.666.600;0;0;6;6;6;12.5;0;12.7;3.7;-1.7;Graduate;1;0;12
3011;1;17;1;9085;1;1;141.0;1;3;2;2;3;130.2;1;0;0;1;0;0;20;0;0;6;14;6;15.75;0;0;6;8;6;13.0;0;15.5;2.8;-4.06;Graduate;1;0;12
1394;1;17;1;9238;1;1;132.0;1;1;19;4;9;127.1;1;0;0;1;0;0;19;0;0;6;7;6;12.857.142.857.142.800;0;0;6;7;6;13.666.666.666.666.600;0;13.9;-0.3;0.79;Graduate;1;0;12
2077;1;1;4;9238;1;1;123.0;1;38;1;4;10;129.0;1;0;0;1;0;0;19;0;0;6;8;6;11.666.666.666.666.600;0;0;6;6;6;12.333.333.333.333.300;0;10.8;1.4;1.74;Graduate;1;0;12
213;1;43;1;9130;1;1;140.0;1;1;3;9;2;140.0;1;0;0;1;0;1;20;0;0;6;8;6;15.625;0;0;6;8;6;15.857.142.857.142.800;0;13.9;-0.3;0.79;Graduate;1;0;12
3116;1;1;1;9238;1;1;138.0;1;19;38;5;8;133.5;0;0;0;1;0;1;19;0;0;6;6;6;15.0;0;0;6;6;6;13.333.333.333.333.300;0;8.9;1.4;3.51;Graduate;1;0;12
3449;1;1;1;9773;1;1;140.0;1;19;37;9;6;135.8;1;0;0;1;0;1;19;0;0;6;6;6;13.0;0;0;6;7;6;13.0;0;10.8;1.4;1.74;Graduate;1;0;12
1099;1;1;1;9773;1;1;135.0;1;1;4;5;3;124.9;0;0;0;1;0;1;20;0;0;6;7;6;12.666.666.666.666.600;0;0;6;6;6;12.833.333.333.333.300;0;10.8;1.4;1.74;Graduate;1;0;12
51;1;39;1;9254;1;1;130.0;1;19;38;9;7;113.5;0;0;0;1;0;1;24;0;0;6;6;6;13.666.666.666.666.600;0;0;6;6;6;14.166.666.666.666.600;0;12.4;0.5;1.79;Graduate;1;0;12
2746;1;1;2;9853;1;1;127.0;1;37;19;9;8;137.5;1;0;0;1;0;0;21;0;0;6;7;6;13.428.571.428.571.400;0;0;6;8;6;13.142.857.142.857.100;0;7.6;2.6;0.32;Graduate;1;0;12
1943;2;1;1;9070;1;1;127.0;1;12;19;9;9;123.2;0;0;0;1;0;1;20;0;0;6;6;6;15.0;0;0;6;6;6;14.5;0;11.1;0.6;2.02;Graduate;1;0;12
3057;1;17;2;9773;1;1;132.0;1;19;19;9;6;120.1;1;0;0;1;0;1;18;0;0;6;6;6;13.666.666.666.666.600;0;0;6;6;6;14.0;0;8.9;1.4;3.51;Graduate;1;0;12
2030;1;1;1;9773;1;1;135.0;1;37;38;9;6;122.1;1;0;0;1;1;0;18;0;0;6;6;6;13.833.333.333.333.300;0;0;6;6;6;13.666.666.666.666.600;0;12.7;3.7;-1.7;Graduate;1;0;12
871;1;1;1;9254;1;1;125.0;1;1;1;191;193;114.5;0;0;0;1;1;0;20;0;0;6;8;6;13.142.857.142.857.100;0;0;6;7;6;12.5;0;8.9;1.4;3.51;Graduate;1;0;12
2386;1;44;1;9070;1;39;140.0;1;19;38;4;0;140.0;1;0;0;1;1;0;21;0;0;6;6;6;14.5;0;0;6;8;6;11.333.333.333.333.300;0;12.4;0.5;1.79;Graduate;1;0;12
2904;1;17;1;9238;1;1;116.0;1;1;1;3;3;119.2;1;0;0;1;0;1;18;0;0;6;6;6;14.0;0;0;6;6;6;13.5;0;8.9;1.4;3.51;Graduate;1;0;12
3118;1;1;4;9773;1;1;122.0;1;19;19;9;7;121.0;1;0;0;1;0;0;20;0;0;6;7;6;13.571.428.571.428.500;0;0;6;6;6;13.333.333.333.333.300;0;13.9;-0.3;0.79;Graduate;1;0;12
298;1;1;1;9238;1;1;125.0;1;1;1;3;3;125.7;1;0;0;1;0;0;18;0;0;6;10;6;11.571.428.571.428.500;0;0;6;8;6;12.333.333.333.333.300;0;12.4;0.5;1.79;Graduate;1;0;12
1903;1;1;1;9130;1;1;127.0;1;1;1;4;4;120.4;1;0;0;1;0;0;18;0;0;6;9;6;15.125;0;0;6;9;6;14.0;0;13.9;-0.3;0.79;Graduate;1;0;12
3856;1;1;4;9773;1;1;124.0;1;3;12;2;9;137.0;1;0;0;1;1;0;20;0;0;6;6;6;16.833.333.333.333.300;0;0;6;6;6;16.666.666.666.666.600;0;8.9;1.4;3.51;Graduate;1;0;12
2380;1;1;1;9130;1;1;133.0;1;2;37;9;7;125.7;1;0;0;1;1;1;18;0;0;6;7;6;13.5;0;0;6;8;6;12.5;0;12.4;0.5;1.79;Graduate;1;0;12
1928;1;17;2;9773;1;1;142.0;1;19;19;9;9;139.9;0;0;0;1;0;1;18;0;0;6;7;6;13.428.571.428.571.400;0;0;6;6;6;12.5;0;13.9;-0.3;0.79;Graduate;1;0;12
2143;1;17;1;9238;1;1;123.0;1;1;1;9;9;115.7;1;0;0;1;0;0;21;0;0;6;8;6;12.166.666.666.666.600;0;0;6;7;6;13.285.714.285.714.200;0;11.1;0.6;2.02;Graduate;1;0;12
2294;1;1;1;9773;1;1;127.0;1;19;37;9;9;126.3;0;0;0;1;1;0;19;0;0;6;8;6;12.833.333.333.333.300;0;0;6;8;6;13.333.333.333.333.300;0;15.5;2.8;-4.06;Graduate;1;0;12
311;1;51;1;9238;1;1;160.0;1;3;19;2;1;116.1;0;0;1;1;0;0;26;0;0;6;6;6;14.833.333.333.333.300;0;0;6;7;6;15.142.857.142.857.100;0;11.1;0.6;2.02;Graduate;1;0;12
1201;1;1;1;9130;1;1;161.0;1;1;19;4;4;152.3;0;0;0;1;0;0;18;0;0;6;7;6;15.571.428.571.428.500;0;0;6;7;6;14.714.285.714.285.700;0;11.1;0.6;2.02;Graduate;1;0;12
1081;1;1;1;9070;1;1;126.0;1;1;19;4;0;120.1;0;1;0;1;0;1;20;0;0;6;6;6;13.166.666.666.666.600;0;0;6;6;6;12.666.666.666.666.600;0;11.1;0.6;2.02;Graduate;1;0;12
4175;1;1;1;9238;1;1;163.0;1;37;37;5;6;155.0;0;0;0;1;0;1;21;0;0;6;6;6;13.333.333.333.333.300;0;0;6;8;6;13.166.666.666.666.600;0;9.4;-0.8;-3.12;Graduate;1;0;12
795;1;1;3;9773;1;1;121.0;1;19;19;3;3;116.1;0;0;0;1;0;1;18;0;0;6;6;6;13.166.666.666.666.600;0;0;6;6;6;12.166.666.666.666.600;0;12.4;0.5;1.79;Graduate;1;0;12
2519;1;17;1;9254;1;1;142.0;1;19;39;5;4;141.7;0;0;0;1;0;1;18;0;0;6;8;6;12.666.666.666.666.600;0;0;6;6;6;13.0;0;13.9;-0.3;0.79;Graduate;1;0;12
2986;1;17;1;9070;1;1;135.0;1;37;19;9;9;125.2;1;0;0;1;0;0;19;0;0;6;6;6;14.333.333.333.333.300;0;0;6;6;6;13.5;0;12.7;3.7;-1.7;Graduate;1;0;12
2914;1;1;2;9238;1;1;136.0;1;22;30;0;8;135.7;1;0;0;1;0;0;19;0;0;6;8;6;14.375;0;0;6;8;6;14.75;0;7.6;2.6;0.32;Graduate;1;0;12
4061;1;5;1;9130;1;1;157.0;1;5;43;2;2;149.7;1;0;0;1;0;0;18;0;0;6;6;6;15.0;0;0;6;6;6;14.833.333.333.333.300;0;8.9;1.4;3.51;Graduate;1;0;12
4266;1;17;5;9773;1;1;134.0;1;1;19;9;5;121.8;1;0;0;1;1;0;19;0;0;6;6;6;13.166.666.666.666.600;0;0;6;8;6;12.428.571.428.571.400;0;16.2;0.3;-0.92;Graduate;1;0;12
2999;1;1;1;9130;1;1;130.0;1;3;19;4;8;133.0;1;0;0;1;0;0;19;0;0;6;6;6;14.666.666.666.666.600;0;0;6;8;6;13.666.666.666.666.600;0;12.4;0.5;1.79;Graduate;1;0;12
2642;1;1;1;9773;1;1;125.0;1;38;38;9;9;133.4;1;0;0;1;1;1;20;0;0;6;8;6;12.0;0;0;6;8;6;11.5;0;13.9;-0.3;0.79;Graduate;1;0;12
4103;1;17;1;9085;1;1;133.1;1;37;37;9;9;99.0;1;0;0;1;0;1;23;0;0;6;6;6;14.666.666.666.666.600;0;0;6;8;6;12.428.571.428.571.400;0;8.9;1.4;3.51;Graduate;1;0;12
4005;1;1;2;9070;1;1;128.0;1;37;37;9;9;123.5;1;0;0;1;1;1;21;0;0;6;6;6;13.166.666.666.666.600;0;0;6;8;6;13.285.714.285.714.200;0;8.9;1.4;3.51;Graduate;1;0;12
2150;1;1;1;9238;1;1;133.1;1;38;37;5;5;108.0;0;0;0;1;0;1;20;0;0;6;8;6;12.125;0;0;6;7;6;14.428.571.428.571.400;0;16.2;0.3;-0.92;Graduate;1;0;12
4168;1;17;2;9070;1;1;136.0;1;19;38;4;7;140.9;1;0;0;1;0;0;19;0;0;6;6;6;14.333.333.333.333.300;0;0;6;6;6;13.5;0;9.4;-0.8;-3.12;Graduate;1;0;12
2215;1;44;1;9003;1;39;170.0;1;19;19;9;7;170.0;1;0;1;1;1;0;21;0;0;6;7;6;15.285.714.285.714.200;0;0;6;6;6;15.166.666.666.666.600;0;12.4;0.5;1.79;Graduate;1;0;12
3465;1;17;3;9070;1;1;120.0;1;3;1;4;4;116.9;1;0;0;1;0;0;19;0;0;6;6;6;13.5;0;0;6;7;6;13.428.571.428.571.400;0;8.9;1.4;3.51;Graduate;1;0;12
4368;1;17;1;9085;1;1;134.0;1;19;19;1;1;120.4;1;0;0;1;1;0;18;0;0;6;10;6;14.7;0;0;6;10;6;12.0;0;16.2;0.3;-0.92;Graduate;1;0;12
4115;1;17;2;9773;1;1;130.0;1;2;1;2;7;126.2;1;0;0;1;0;0;20;0;0;6;6;6;14.333.333.333.333.300;0;0;6;6;6;15.5;0;12.4;0.5;1.79;Graduate;1;0;12
1998;1;17;1;9773;1;1;121.0;1;37;37;9;9;122.4;0;0;0;1;0;0;18;0;0;6;7;6;12.857.142.857.142.800;0;0;6;6;6;13.333.333.333.333.300;0;13.9;-0.3;0.79;Graduate;1;0;12
3061;1;1;2;9773;1;1;130.0;1;19;19;5;6;137.4;0;0;0;1;0;0;19;0;0;6;6;6;15.0;0;0;6;7;6;14.0;0;15.5;2.8;-4.06;Enrolled;1;0;12
3027;1;1;4;9773;1;1;137.0;1;3;19;2;3;139.8;1;1;0;1;0;0;18;0;0;6;10;6;12.571.428.571.428.500;0;0;6;11;6;12.571.428.571.428.500;0;10.8;1.4;1.74;Enrolled;1;0;12
4117;1;1;1;9085;1;1;145.0;1;38;37;3;9;138.4;1;0;0;0;0;0;18;0;0;6;7;6;14.833.333.333.333.300;0;0;6;8;6;12.5;0;8.9;1.4;3.51;Enrolled;1;0;12
258;1;17;3;9070;1;1;116.0;1;37;37;9;9;110.8;0;0;0;1;0;0;18;0;0;6;6;6;11.833.333.333.333.300;0;0;6;6;6;12.5;0;7.6;2.6;0.32;Enrolled;1;0;12
1208;2;39;1;9003;1;19;133.1;1;19;37;9;10;120.0;0;0;1;1;0;0;37;0;0;6;10;6;12.875;0;0;6;12;6;12.9;0;16.2;0.3;-0.92;Enrolled;1;0;12
2534;1;17;1;9130;1;1;138.0;1;2;19;2;6;126.3;1;0;0;1;0;1;18;0;0;6;7;6;12.833.333.333.333.300;1;0;6;8;6;13.0;0;8.9;1.4;3.51;Enrolled;1;0;12
3417;1;1;1;9773;1;1;143.0;1;3;3;2;5;144.8;0;0;0;1;0;0;19;0;0;6;6;6;12.166.666.666.666.600;0;0;6;6;6;12.5;0;16.2;0.3;-0.92;Enrolled;1;0;12
817;1;17;1;9070;1;1;136.0;1;1;37;4;5;130.8;0;0;0;1;0;0;20;0;0;6;6;6;12.5;0;0;6;8;6;11.5;0;10.8;1.4;1.74;Enrolled;1;0;12
2306;1;1;3;9070;1;1;110.0;1;37;37;9;9;107.6;1;0;0;1;1;1;22;0;0;6;6;6;11.666.666.666.666.600;0;0;6;6;6;12.166.666.666.666.600;0;7.6;2.6;0.32;Enrolled;1;0;12
1397;1;1;1;9130;1;1;133.1;1;1;1;3;9;138.0;1;0;0;1;0;0;20;0;0;6;11;6;13.333.333.333.333.300;0;0;6;10;6;13.0;0;16.2;0.3;-0.92;Enrolled;1;0;12
3109;1;1;5;9773;1;1;127.0;1;38;1;4;5;121.1;1;0;0;1;0;0;18;0;0;6;6;6;13.166.666.666.666.600;0;0;6;6;6;12.5;0;15.5;2.8;-4.06;Enrolled;1;0;12
3559;1;1;4;9070;1;1;140.0;1;4;19;2;10;125.0;1;0;0;1;1;0;19;0;0;6;7;6;12.666.666.666.666.600;0;0;6;8;6;12.142.857.142.857.100;0;9.4;-0.8;-3.12;Enrolled;1;0;12
4219;1;17;3;9773;1;1;135.0;1;1;19;5;7;135.0;0;0;0;1;0;0;18;0;0;6;6;6;13.5;0;0;6;6;6;13.333.333.333.333.300;0;12.4;0.5;1.79;Enrolled;1;0;12
4073;2;39;1;9238;1;19;133.1;1;1;2;4;6;130.0;0;0;0;1;0;0;31;0;0;6;6;6;13.166.666.666.666.600;0;0;6;8;6;13.0;0;9.4;-0.8;-3.12;Enrolled;1;0;12
1036;1;1;3;9070;1;1;125.0;1;1;38;9;7;118.0;0;0;0;1;0;1;18;0;0;6;6;6;14.333.333.333.333.300;0;0;6;7;6;14.0;0;11.1;0.6;2.02;Enrolled;1;0;12
2808;1;1;1;9670;1;1;122.0;1;12;12;5;7;126.6;1;0;0;1;0;0;18;0;0;6;8;6;14.625;0;0;6;9;6;14.142.857.142.857.100;0;11.1;0.6;2.02;Enrolled;1;0;12
583;1;17;1;9670;1;1;141.0;1;1;19;8;7;128.8;1;0;0;1;0;0;19;0;0;6;6;6;14.833.333.333.333.300;0;0;6;8;6;13.285.714.285.714.200;0;8.9;1.4;3.51;Enrolled;1;0;12
640;1;18;1;9773;1;1;135.0;1;1;1;3;3;129.8;0;0;0;1;0;1;18;0;0;6;6;6;12.666.666.666.666.600;0;0;6;6;6;11.833.333.333.333.300;0;12.7;3.7;-1.7;Dropout;1;0;12
1000;1;1;3;9070;1;1;146.0;1;34;34;0;0;143.6;1;0;0;1;0;0;18;0;0;6;6;6;12.5;0;0;6;6;6;13.0;0;7.6;2.6;0.32;Dropout;1;0;12
1047;1;1;3;9773;1;1;175.0;1;3;38;2;10;157.5;1;0;0;1;0;0;19;0;0;6;8;6;13.166.666.666.666.600;0;0;6;7;6;13.166.666.666.666.600;0;10.8;1.4;1.74;Dropout;1;0;12
3312;1;1;2;9085;1;1;156.0;1;40;40;3;7;150.9;1;0;0;1;0;0;18;0;0;6;8;6;16.0;0;0;6;10;6;14.625;0;11.1;0.6;2.02;Dropout;1;0;12
3208;1;1;1;9773;1;1;109.0;1;2;3;3;3;111.8;1;0;1;1;1;0;25;0;0;6;8;6;11.571.428.571.428.500;0;0;6;9;6;11.571.428.571.428.500;0;15.5;2.8;-4.06;Dropout;1;0;12
3041;1;1;3;9773;1;1;134.0;1;1;19;9;9;136.1;1;0;0;1;0;1;20;0;0;6;6;6;13.0;0;0;6;7;6;13.142.857.142.857.100;0;12.4;0.5;1.79;Dropout;1;0;12
2527;1;1;4;9070;1;1;143.0;1;1;1;9;7;134.6;1;0;0;1;0;1;18;0;0;6;6;6;14.5;0;0;6;6;6;12.833.333.333.333.300;0;12.4;0.5;1.79;Dropout;1;0;12
3169;1;1;1;9254;1;1;129.0;1;1;1;4;2;126.2;0;0;1;0;0;1;21;0;0;6;7;6;13.428.571.428.571.400;0;0;6;8;6;11.333.333.333.333.300;0;8.9;1.4;3.51;Dropout;1;0;12
993;1;1;1;9773;1;1;143.0;1;1;3;3;3;149.0;1;0;0;1;0;0;18;0;0;6;8;6;11.428.571.428.571.400;0;0;6;7;6;11.0;0;11.1;0.6;2.02;Dropout;1;0;12
2715;1;39;1;9085;1;1;110.0;1;1;1;5;5;160.0;1;0;1;1;0;0;30;0;0;6;7;6;16.428.571.428.571.400;0;0;6;7;6;16.666.666.666.666.600;0;13.9;-0.3;0.79;Dropout;1;0;12
2433;1;1;3;9773;1;1;146.0;1;38;38;9;7;134.1;1;0;0;1;1;1;18;0;0;6;6;6;12.5;0;0;6;7;6;12.666.666.666.666.600;0;10.8;1.4;1.74;Dropout;1;0;12
1945;1;1;2;9773;1;1;116.0;1;1;19;4;7;127.6;1;0;0;1;0;1;19;0;0;6;7;6;13.857.142.857.142.800;0;0;6;7;6;13.142.857.142.857.100;0;13.9;-0.3;0.79;Dropout;1;0;12
1005;1;17;2;9238;1;1;136.0;1;1;3;3;4;126.6;1;0;0;1;0;0;18;0;0;6;6;6;16.5;0;0;6;7;6;17.428.571.428.571.400;0;11.1;0.6;2.02;Dropout;1;0;12
2560;1;1;1;9773;1;1;156.0;1;19;1;5;10;136.8;1;0;0;1;0;0;18;0;0;6;6;6;14.0;0;0;6;6;6;13.5;0;11.1;0.6;2.02;Dropout;1;0;12
3435;1;1;1;9773;1;1;143.0;1;1;38;8;8;136.7;1;0;0;1;0;1;18;0;0;6;6;6;13.833.333.333.333.300;0;0;6;6;6;14.0;0;11.1;0.6;2.02;Dropout;1;0;12
1169;1;17;2;9773;1;1;139.0;1;3;1;2;7;124.0;1;0;0;1;0;1;20;0;0;6;6;6;14.0;0;0;6;7;6;13.857.142.857.142.800;0;15.5;2.8;-4.06;Dropout;1;0;12
3447;1;16;1;9085;1;1;150.0;1;3;3;2;1;153.5;1;0;0;1;0;0;19;0;0;6;7;6;15.714.285.714.285.700;0;0;6;6;6;14.666.666.666.666.600;0;13.9;-0.3;0.79;Dropout;1;0;12
857;1;1;1;9238;1;1;127.0;1;1;19;4;3;141.7;1;0;0;1;1;0;22;0;0;6;6;6;12.666.666.666.666.600;0;0;6;6;6;13.833.333.333.333.300;0;10.8;1.4;1.74;Dropout;1;0;12
3113;1;17;4;9254;1;1;124.0;1;1;1;4;4;122.3;1;0;0;1;0;0;19;0;0;6;7;6;11.666.666.666.666.600;0;0;6;6;6;12.333.333.333.333.300;0;13.9;-0.3;0.79;Dropout;1;0;12
252;1;1;3;9773;1;1;131.0;1;38;37;7;7;127.2;1;0;0;1;0;1;18;0;0;6;6;6;15.0;0;0;6;6;6;12.833.333.333.333.300;0;8.9;1.4;3.51;Dropout;1;0;12
3178;1;1;1;9670;1;1;133.0;1;38;38;9;9;128.1;1;0;0;1;1;1;18;0;0;6;6;6;13.0;0;0;6;6;6;13.0;0;13.9;-0.3;0.79;Dropout;1;0;12
947;1;1;1;9147;1;1;156.0;1;3;19;3;3;151.1;0;0;1;1;1;0;19;0;0;5;7;5;13.6;0;0;5;11;5;12.833.333.333.333.300;5;16.2;0.3;-0.92;Graduate;1;0;10
3858;1;39;1;9991;0;19;133.1;1;38;19;9;10;142.7;0;0;1;1;1;1;34;0;0;5;11;5;14.714.285.714.285.700;0;0;5;14;5;14.375;5;16.2;0.3;-0.92;Graduate;1;0;10
6;2;39;1;9991;0;19;133.1;1;37;37;9;7;114.8;0;0;1;1;1;0;50;0;0;5;10;5;11.857.142.857.142.800;0;0;5;17;5;11.5;5;16.2;0.3;-0.92;Graduate;1;0;10
3950;1;43;1;9147;1;1;153.0;1;1;19;9;10;147.8;0;0;0;1;0;1;18;0;0;5;9;5;13.2;0;0;5;13;5;14.4;5;16.2;0.3;-0.92;Graduate;1;0;10
1833;1;17;2;9147;1;1;134.0;1;37;19;9;8;126.3;1;0;0;1;0;1;18;0;0;5;8;5;11.8;0;0;5;10;5;11.6;3;16.2;0.3;-0.92;Graduate;1;0;10
1554;1;1;2;9085;1;1;130.0;1;1;38;5;5;122.3;1;0;0;1;0;0;18;0;0;5;10;5;14.333.333.333.333.300;2;0;5;8;5;13.0;1;9.4;-0.8;-3.12;Graduate;1;0;10
1161;1;39;1;9991;0;19;133.1;1;37;37;9;9;117.2;0;0;0;1;0;0;41;0;0;5;8;5;11.0;0;0;5;6;5;11.8;1;7.6;2.6;0.32;Graduate;1;0;10
4064;1;39;1;9991;0;1;150.0;1;1;37;9;7;130.2;0;0;0;1;0;1;24;0;0;5;7;5;12.285.714.285.714.200;0;0;5;9;5;12.75;1;16.2;0.3;-0.92;Graduate;1;0;10
4356;1;1;2;9085;1;1;160.0;1;4;19;2;5;162.1;1;0;0;1;0;0;18;0;0;5;8;5;16.166.666.666.666.600;2;0;5;9;5;14.285.714.285.714.200;1;9.4;-0.8;-3.12;Graduate;1;0;10
461;1;1;1;9130;1;1;160.0;1;3;3;3;2;155.1;1;0;0;1;0;0;20;0;0;5;5;5;16.4;0;0;5;5;5;14.6;0;12.7;3.7;-1.7;Graduate;1;0;10
4423;1;1;1;9147;1;1;180.0;1;37;37;7;4;153.8;1;0;0;1;0;1;20;0;0;5;5;5;13.8;0;0;5;6;5;12.0;0;9.4;-0.8;-3.12;Graduate;1;0;10
120;1;1;1;9147;1;1;127.0;1;2;19;4;5;121.8;0;0;0;1;0;0;18;0;0;5;5;5;12.6;0;0;5;5;5;14.0;0;11.1;0.6;2.02;Graduate;1;0;10
1721;1;17;1;9085;1;1;128.0;1;38;37;9;9;116.5;1;0;0;1;1;0;18;0;0;5;6;5;12.0;0;0;5;8;5;12.142.857.142.857.100;0;10.8;1.4;1.74;Graduate;1;0;10
2583;1;1;1;9147;1;1;160.0;1;38;37;9;5;159.3;0;0;0;1;0;0;18;0;0;5;5;5;14.4;0;0;5;5;5;15.4;0;7.6;2.6;0.32;Graduate;1;0;10
2012;2;39;1;9991;0;1;110.0;1;37;37;9;4;160.0;0;0;0;1;0;0;44;0;0;5;5;5;11.8;0;0;5;5;5;12.4;0;15.5;2.8;-4.06;Graduate;1;0;10
4415;1;1;1;9130;1;1;137.0;1;3;38;3;5;129.3;1;0;0;1;0;0;18;0;0;5;6;5;11.8;1;0;5;8;5;11.6;0;9.4;-0.8;-3.12;Graduate;1;0;10
1927;1;1;1;9085;1;1;134.0;1;38;19;9;4;128.4;1;0;0;1;0;1;19;0;0;5;7;5;12.5;0;0;5;8;5;12.714.285.714.285.700;0;10.8;1.4;1.74;Graduate;1;0;10
4410;2;43;1;9991;0;1;140.0;1;37;37;4;1;122.7;0;0;0;1;1;0;38;0;0;5;5;5;14.6;0;0;5;6;5;14.333.333.333.333.300;0;13.9;-0.3;0.79;Graduate;1;0;10
313;1;17;2;9147;1;1;142.0;1;19;19;4;8;127.3;0;0;0;1;0;1;18;0;0;5;5;5;11.2;0;0;5;5;5;11.8;0;11.1;0.6;2.02;Graduate;1;0;10
433;1;17;2;9147;1;1;125.0;1;38;38;6;8;114.5;1;0;0;1;0;1;19;0;0;5;6;5;13.4;0;0;5;5;5;12.4;0;12.4;0.5;1.79;Graduate;1;0;10
4106;1;1;1;9147;1;1;131.0;1;38;19;9;9;130.0;1;0;0;1;1;0;19;0;0;5;5;5;12.8;0;0;5;10;5;11.444.444.444.444.400;0;10.8;1.4;1.74;Graduate;1;0;10
454;1;17;4;9085;1;1;140.0;1;19;37;4;7;123.7;0;0;0;1;0;0;19;0;0;5;11;5;11.714.285.714.285.700;2;0;5;6;5;12.6;0;9.4;-0.8;-3.12;Graduate;1;0;10
1308;1;17;3;9147;1;1;147.0;1;19;38;5;7;132.3;1;0;0;1;0;1;18;0;0;5;5;5;13.4;0;0;5;6;5;12.2;0;12.7;3.7;-1.7;Graduate;1;0;10
1403;1;1;1;9085;1;1;140.0;1;12;1;1;90;141.8;0;0;0;1;0;0;21;0;0;5;7;5;14.4;0;0;5;5;5;13.8;0;7.6;2.6;0.32;Graduate;1;0;10
4391;1;39;1;9085;1;1;150.0;1;38;38;9;9;132.0;1;0;0;1;0;0;24;0;0;5;6;5;12.0;0;0;5;5;5;13.0;0;10.8;1.4;1.74;Graduate;1;0;10
586;1;1;1;9147;1;1;143.0;1;1;19;3;3;133.9;0;0;0;1;0;1;18;0;0;5;5;5;15.0;0;0;5;5;5;15.2;0;12.7;3.7;-1.7;Graduate;1;0;10
3267;1;17;2;9670;1;1;123.0;1;3;1;3;1;116.7;0;0;0;1;0;0;19;0;0;5;5;5;13.4;0;0;5;5;5;14.0;0;9.4;-0.8;-3.12;Graduate;1;0;10
3278;1;1;1;9147;1;1;102.0;1;38;38;9;9;99.6;1;0;0;1;0;1;21;0;0;5;10;5;13.714.285.714.285.700;0;0;5;7;5;14.4;0;11.1;0.6;2.02;Graduate;1;0;10
3659;1;1;1;9991;0;1;143.0;1;19;37;5;8;135.0;0;0;0;1;0;1;20;0;0;5;5;5;12.4;0;0;5;6;5;12.833.333.333.333.300;0;10.8;1.4;1.74;Graduate;1;0;10
2870;2;39;1;9991;0;19;133.1;1;37;37;9;9;150.3;0;0;0;1;0;0;47;0;0;5;5;5;14.8;0;0;5;5;5;14.4;0;7.6;2.6;0.32;Graduate;1;0;10
1220;1;18;2;9147;1;1;143.0;1;19;38;9;7;132.2;1;0;0;1;0;1;18;0;0;5;8;5;13.75;0;0;5;6;5;12.166.666.666.666.600;0;13.9;-0.3;0.79;Graduate;1;0;10
2123;1;1;1;9147;1;1;122.0;1;37;37;9;7;120.6;1;0;0;1;0;1;19;0;0;5;5;5;12.8;0;0;5;8;5;11.6;0;9.4;-0.8;-3.12;Graduate;1;0;10
4031;1;17;1;9130;1;1;145.0;1;38;37;9;7;129.3;1;0;0;1;0;0;19;0;0;5;5;5;11.8;0;0;5;5;5;13.2;0;10.8;1.4;1.74;Graduate;1;0;10
2483;1;39;1;9991;0;12;120.0;1;37;38;5;5;155.7;0;0;0;1;1;0;33;0;0;5;5;5;13.2;0;0;5;6;5;14.833.333.333.333.300;0;10.8;1.4;1.74;Graduate;1;0;10
408;1;39;1;9991;0;40;140.0;1;1;19;9;9;139.0;0;0;0;1;0;0;27;0;0;5;5;5;15.8;0;0;5;5;5;14.8;0;8.9;1.4;3.51;Graduate;1;0;10
847;2;39;1;9991;0;1;160.0;1;1;1;194;131;128.4;0;0;0;1;0;0;34;0;0;5;12;5;10.4;0;0;5;11;5;12.0;0;12.4;0.5;1.79;Graduate;1;0;10
3005;1;17;1;9147;1;1;135.0;1;37;38;9;9;128.0;1;0;1;1;0;1;18;0;0;5;5;5;12.8;0;0;5;5;5;13.0;0;11.1;0.6;2.02;Graduate;1;0;10
2639;1;17;1;9147;1;1;127.0;1;37;38;9;7;115.8;1;0;0;1;1;0;18;0;0;5;5;5;13.4;0;0;5;6;5;12.2;0;11.1;0.6;2.02;Graduate;1;0;10
2395;1;17;3;9147;1;1;135.0;1;37;37;6;5;121.0;1;0;0;1;1;1;18;0;0;5;8;5;12.75;0;0;5;7;5;11.5;0;13.9;-0.3;0.79;Graduate;1;0;10
3970;1;44;1;9991;0;39;160.0;1;37;37;9;9;160.0;0;0;0;1;0;0;26;0;0;5;5;5;12.0;0;0;5;7;5;11.4;0;12.7;3.7;-1.7;Graduate;1;0;10
975;2;39;1;9991;0;1;170.0;1;37;19;9;3;151.1;0;0;0;1;1;0;48;0;0;5;9;5;12.285.714.285.714.200;0;0;5;8;5;11.125;0;16.2;0.3;-0.92;Graduate;1;0;10
2310;1;17;3;9119;1;1;130.0;1;1;38;3;3;129.3;0;0;0;1;1;1;18;0;0;5;5;5;13.0;0;0;5;5;5;14.2;0;8.9;1.4;3.51;Graduate;1;0;10
233;1;1;2;9670;1;1;135.0;1;1;3;4;3;133.3;0;0;0;1;0;0;19;0;0;5;5;5;13.0;0;0;5;5;5;13.2;0;9.4;-0.8;-3.12;Graduate;1;0;10
1275;1;7;1;9991;0;40;120.0;1;37;37;9;7;120.0;0;0;0;1;0;0;32;0;0;5;7;5;11.6;0;0;5;8;5;12.333.333.333.333.300;0;12.4;0.5;1.79;Graduate;1;0;10
3374;1;17;1;9147;1;1;130.0;1;37;37;9;7;119.9;0;0;0;1;0;1;19;0;0;5;8;5;12.875;0;0;5;6;5;11.833.333.333.333.300;0;13.9;-0.3;0.79;Graduate;1;0;10
3872;1;1;1;9147;1;1;124.0;1;38;38;9;9;115.6;0;0;0;1;1;1;20;0;0;5;8;5;12.375;0;0;5;7;5;11.666.666.666.666.600;0;13.9;-0.3;0.79;Graduate;1;0;10
666;1;1;1;9085;1;1;144.0;13;3;3;6;6;137.6;1;0;0;1;0;1;19;1;0;5;6;5;15.4;0;0;5;5;5;16.0;0;10.8;1.4;1.74;Graduate;1;0;10
3954;1;1;1;9085;1;1;130.0;1;37;11;90;90;122.6;0;0;0;1;0;0;18;0;0;5;5;5;13.0;0;0;5;5;5;12.4;0;7.6;2.6;0.32;Graduate;1;0;10
1445;1;43;1;9991;0;1;140.0;1;1;1;6;6;100.0;0;0;0;1;1;0;34;0;0;5;5;5;13.8;0;0;5;6;5;13.833.333.333.333.300;0;9.4;-0.8;-3.12;Graduate;1;0;10
1294;1;17;5;9119;1;1;124.0;11;4;12;2;9;119.5;1;0;0;1;1;0;20;1;0;5;5;5;14.8;0;0;5;5;5;17.6;0;8.9;1.4;3.51;Graduate;1;0;10
2074;1;1;3;9085;1;1;130.0;1;1;19;9;9;121.3;1;0;0;1;0;1;19;0;0;5;6;5;14.6;0;0;5;5;5;13.8;0;10.8;1.4;1.74;Graduate;1;0;10
2006;1;1;1;9085;1;1;133.0;1;1;37;4;10;143.2;0;0;0;1;0;0;19;0;0;5;7;5;14.4;0;0;5;6;5;13.2;0;7.6;2.6;0.32;Graduate;1;0;10
2436;1;42;1;9119;1;1;150.0;1;38;37;5;8;133.5;1;0;0;1;1;0;21;0;0;5;10;5;13.0;0;0;5;10;5;12.6;0;9.4;-0.8;-3.12;Graduate;1;0;10
4184;1;1;1;9085;1;1;145.0;1;38;38;9;10;139.8;1;0;0;1;0;0;20;0;0;5;6;5;14.8;1;0;5;6;5;14.0;0;12.7;3.7;-1.7;Graduate;1;0;10
3207;1;1;1;9147;1;1;146.0;1;5;1;1;5;144.6;0;0;0;1;1;0;18;0;0;5;5;5;13.0;0;0;5;6;5;13.333.333.333.333.300;0;16.2;0.3;-0.92;Graduate;1;0;10
1496;1;7;1;9119;1;40;140.0;1;3;1;2;5;140.0;0;0;0;1;1;0;23;0;0;5;5;5;13.8;0;0;5;7;5;14.142.857.142.857.100;0;11.1;0.6;2.02;Graduate;1;0;10
3796;1;1;3;9119;1;1;113.0;1;4;38;2;7;107.4;1;0;0;1;1;0;18;0;0;5;8;5;14.0;0;0;5;6;5;13.2;0;8.9;1.4;3.51;Graduate;1;0;10
2428;2;39;2;9670;1;1;100.0;1;37;37;9;9;110.0;0;0;0;1;1;1;36;0;0;5;5;5;11.4;0;0;5;7;5;11.6;0;9.4;-0.8;-3.12;Graduate;1;0;10
3165;1;1;1;9085;1;1;129.0;1;19;37;9;9;117.5;1;0;0;1;0;0;19;0;0;5;9;5;13.6;1;0;5;5;5;12.4;0;12.7;3.7;-1.7;Graduate;1;0;10
4263;1;17;1;9147;1;1;131.0;1;1;37;3;7;120.2;0;0;0;1;0;0;19;0;0;5;10;5;13.285.714.285.714.200;0;0;5;8;5;13.0;0;12.7;3.7;-1.7;Graduate;1;0;10
29;1;1;1;9147;1;1;135.0;1;19;1;9;9;122.1;1;0;0;1;0;0;20;0;0;5;6;5;12.0;0;0;5;6;5;12.333.333.333.333.300;0;16.2;0.3;-0.92;Graduate;1;0;10
255;1;17;1;9147;1;1;136.0;1;1;1;4;4;124.1;0;0;0;1;0;0;18;0;0;5;8;5;12.4;0;0;5;6;5;10.8;0;8.9;1.4;3.51;Graduate;1;0;10
1299;1;1;1;9991;0;1;145.0;1;2;37;4;9;127.5;1;0;0;1;1;0;22;0;0;5;9;5;12.428.571.428.571.400;1;0;5;7;5;11.8;0;7.6;2.6;0.32;Graduate;1;0;10
569;1;17;1;9085;1;1;128.0;1;38;19;8;8;117.2;0;0;0;1;1;0;20;0;0;5;7;5;14.6;1;0;5;5;5;14.2;0;12.7;3.7;-1.7;Graduate;1;0;10
3102;1;17;4;9147;1;1;133.0;1;1;1;4;5;136.2;1;0;0;1;0;0;19;0;0;5;6;5;12.4;0;0;5;5;5;12.8;0;7.6;2.6;0.32;Graduate;1;0;10
803;1;17;4;9147;1;1;125.0;1;19;19;5;5;118.0;1;0;0;1;0;0;19;0;0;5;7;5;13.6;0;0;5;6;5;12.2;0;8.9;1.4;3.51;Graduate;1;0;10
1284;1;1;1;9119;1;1;168.0;1;19;19;4;4;171.2;0;0;0;1;1;1;18;0;0;5;6;5;17.333.333.333.333.300;0;0;5;8;5;18.571.428.571.428.500;0;12.4;0.5;1.79;Graduate;1;0;10
2149;1;10;1;9085;1;1;140.0;1;19;19;4;5;140.0;1;0;0;1;0;0;21;0;0;5;6;5;14.2;0;0;5;5;5;14.8;0;10.8;1.4;1.74;Graduate;1;0;10
3533;1;1;1;9147;1;1;151.0;1;1;38;4;7;137.0;1;0;0;1;1;0;18;0;0;5;5;5;13.4;0;0;5;5;5;15.0;0;8.9;1.4;3.51;Graduate;1;0;10
3019;1;16;2;9085;1;1;136.0;1;37;37;9;9;123.4;1;0;0;1;0;1;19;0;0;5;8;5;13.166.666.666.666.600;2;0;5;5;5;12.8;0;9.4;-0.8;-3.12;Graduate;1;0;10
1410;1;15;1;9147;1;1;150.0;1;38;1;9;1;150.0;0;0;0;1;1;0;19;0;0;5;5;5;10.6;0;0;5;8;5;11.6;0;12.4;0.5;1.79;Graduate;1;0;10
3049;1;1;1;9147;1;1;130.0;1;1;19;3;3;123.0;0;0;0;1;0;1;18;0;0;5;7;5;13.333.333.333.333.300;0;0;5;6;5;13.6;0;12.7;3.7;-1.7;Graduate;1;0;10
152;1;1;1;9085;1;1;129.0;1;1;38;4;7;123.4;0;0;0;1;0;0;19;0;0;5;6;5;12.4;0;0;5;6;5;13.4;0;7.6;2.6;0.32;Graduate;1;0;10
3110;1;1;1;9147;1;1;177.0;1;1;38;3;9;162.3;0;0;0;1;0;1;18;0;0;5;6;5;16.333.333.333.333.300;0;0;5;5;5;15.4;0;15.5;2.8;-4.06;Graduate;1;0;10
119;1;1;2;9085;1;1;140.0;1;37;38;9;7;137.0;0;0;0;1;0;0;18;0;0;5;12;5;13.142.857.142.857.100;2;0;5;6;5;11.4;0;9.4;-0.8;-3.12;Graduate;1;0;10
3262;1;1;3;9147;1;1;115.0;1;1;38;3;8;109.8;1;0;0;1;0;1;19;0;0;5;5;5;13.4;0;0;5;5;5;12.6;0;8.9;1.4;3.51;Graduate;1;0;10
124;1;1;1;9670;1;1;131.0;1;38;38;9;9;127.9;0;0;0;1;0;1;19;0;0;5;5;5;12.8;0;0;5;5;5;14.2;0;9.4;-0.8;-3.12;Graduate;1;0;10
54;1;1;3;9130;1;1;167.0;1;37;37;90;90;159.3;0;0;0;1;0;0;19;0;0;5;7;5;14.714.285.714.285.700;0;0;5;5;5;15.8;0;7.6;2.6;0.32;Graduate;1;0;10
3316;2;1;1;9991;0;1;120.0;1;37;19;9;9;135.0;1;0;0;1;1;0;32;0;0;5;5;5;14.8;0;0;5;5;5;14.2;0;7.6;2.6;0.32;Graduate;1;0;10
2672;2;39;1;9991;0;1;120.0;1;38;38;1;4;138.7;0;0;0;1;1;0;43;0;0;5;5;5;13.8;0;0;5;6;5;13.666.666.666.666.600;0;10.8;1.4;1.74;Graduate;1;0;10
1633;2;39;1;9991;0;12;133.1;1;37;37;9;9;133.8;1;0;0;1;1;0;52;0;0;5;5;5;13.6;0;0;5;5;5;14.2;0;7.6;2.6;0.32;Graduate;1;0;10
2739;1;17;2;9147;1;1;146.0;1;38;37;6;6;143.9;0;0;0;1;0;0;18;0;0;5;11;5;11.333.333.333.333.300;0;0;5;8;5;12.0;0;13.9;-0.3;0.79;Graduate;1;0;10
1068;1;1;1;9147;1;1;130.0;1;37;38;3;3;123.0;0;0;0;1;0;0;18;0;0;5;8;5;12.333.333.333.333.300;2;0;5;7;5;11.4;0;15.5;2.8;-4.06;Graduate;1;0;10
2613;1;1;1;9130;1;1;134.0;41;1;19;5;5;125.6;1;0;0;1;0;0;20;1;0;5;6;5;16.166.666.666.666.600;0;0;5;6;5;15.833.333.333.333.300;0;12.7;3.7;-1.7;Graduate;1;0;10
113;1;1;1;9085;1;1;131.0;1;19;19;9;9;139.8;1;0;0;1;0;0;19;0;0;5;6;5;13.4;0;0;5;5;5;12.8;0;10.8;1.4;1.74;Graduate;1;0;10
1522;2;39;1;9991;0;1;133.1;1;37;37;9;9;168.0;0;0;0;1;1;0;29;0;0;5;5;5;15.2;0;0;5;5;5;15.2;0;11.1;0.6;2.02;Graduate;1;0;10
1160;1;1;1;9147;1;1;121.0;1;19;19;3;9;112.6;1;0;0;1;0;1;20;0;0;5;7;5;14.2;0;0;5;7;5;13.285.714.285.714.200;0;11.1;0.6;2.02;Graduate;1;0;10
3880;2;39;1;9991;0;1;160.0;1;37;37;9;9;160.0;0;0;0;1;0;0;35;0;0;5;5;5;11.6;0;0;5;6;5;11.166.666.666.666.600;0;15.5;2.8;-4.06;Graduate;1;0;10
1866;1;39;1;9991;0;1;130.0;1;1;1;3;7;140.0;0;0;0;1;1;0;26;0;0;5;5;5;12.4;0;0;5;5;5;12.4;0;15.5;2.8;-4.06;Graduate;1;0;10
4079;2;39;1;9991;0;1;170.0;1;38;19;4;8;134.7;0;0;0;1;0;0;33;0;0;5;5;5;12.8;0;0;5;6;5;15.333.333.333.333.300;0;10.8;1.4;1.74;Graduate;1;0;10
2866;4;39;1;9147;1;1;140.0;1;37;37;9;9;142.8;0;0;0;1;0;0;43;0;0;5;5;5;16.4;0;0;5;5;5;16.6;0;7.6;2.6;0.32;Graduate;1;0;10
1535;1;1;1;9085;1;1;136.0;1;1;38;9;9;130.8;1;0;0;1;0;0;18;0;0;5;7;5;14.4;1;0;5;5;5;13.6;0;12.7;3.7;-1.7;Graduate;1;0;10
1015;1;18;2;9147;1;1;102.0;1;37;38;191;143;101.7;1;0;0;1;0;1;20;0;0;5;6;5;11.8;0;0;5;6;5;11.6;0;8.9;1.4;3.51;Graduate;1;0;10
1656;1;1;2;9085;1;1;120.0;1;38;1;9;3;118.3;1;0;0;1;0;0;20;0;0;5;11;5;12.333.333.333.333.300;2;0;5;7;5;12.6;0;9.4;-0.8;-3.12;Graduate;1;0;10
4253;2;1;1;9991;0;1;144.0;1;19;19;9;9;151.4;0;0;0;1;0;0;28;0;0;5;5;5;12.0;0;0;5;6;5;11.6;0;7.6;2.6;0.32;Graduate;1;0;10
1129;1;1;1;9147;1;1;150.0;1;37;37;9;6;138.5;0;0;0;1;0;1;18;0;0;5;5;5;14.0;0;0;5;6;5;13.6;0;12.4;0.5;1.79;Graduate;1;0;10
3128;1;18;1;9147;1;1;128.0;1;19;19;9;5;121.7;1;0;0;1;0;0;19;0;0;5;8;5;11.0;0;0;5;6;5;15.4;0;12.4;0.5;1.79;Graduate;1;0;10
3521;1;43;1;9991;0;4;160.0;1;3;3;2;1;125.0;0;0;0;1;1;0;26;0;0;5;7;5;12.6;0;0;5;7;5;13.714.285.714.285.700;0;13.9;-0.3;0.79;Graduate;1;0;10
3363;1;1;4;9147;1;1;123.0;1;1;1;9;7;117.4;1;0;0;1;0;1;18;0;0;5;7;5;12.0;0;0;5;10;5;11.4;0;8.9;1.4;3.51;Graduate;1;0;10
416;1;1;1;9085;1;1;131.0;1;37;37;90;90;137.0;0;0;0;1;0;0;18;0;0;5;5;5;14.0;0;0;5;6;5;15.4;0;7.6;2.6;0.32;Graduate;1;0;10
165;1;17;2;9670;1;1;124.0;1;1;19;5;4;124.4;0;0;0;1;0;0;19;0;0;5;5;5;14.2;0;0;5;5;5;14.2;0;7.6;2.6;0.32;Graduate;1;0;10
133;1;1;4;9147;1;1;126.0;1;1;19;4;8;120.1;1;0;0;1;0;0;19;0;0;5;7;5;12.4;0;0;5;5;5;14.6;0;8.9;1.4;3.51;Graduate;1;0;10
715;2;39;1;9085;1;1;120.0;1;37;37;6;6;150.0;0;0;0;1;1;0;43;0;0;5;8;5;13.5;2;0;5;5;5;14.4;0;9.4;-0.8;-3.12;Graduate;1;0;10
273;1;17;1;9147;1;1;122.0;1;12;19;4;8;117.8;1;0;0;1;0;0;20;0;0;5;10;5;13.5;0;0;5;8;5;12.333.333.333.333.300;0;13.9;-0.3;0.79;Graduate;1;0;10
2460;1;1;1;9147;1;1;133.0;1;19;37;9;9;129.9;0;0;0;1;1;0;18;0;0;5;5;5;11.6;0;0;5;5;5;13.2;0;12.4;0.5;1.79;Graduate;1;0;10
1731;1;1;3;9147;1;1;128.0;1;3;3;5;10;116.5;0;0;0;1;1;0;20;0;0;5;7;5;11.6;0;0;5;5;5;12.8;0;12.4;0.5;1.79;Graduate;1;0;10
3916;1;1;1;9147;1;1;138.0;1;37;37;9;6;145.0;1;0;0;1;0;0;18;0;0;5;6;5;13.0;0;0;5;5;5;14.0;0;7.6;2.6;0.32;Graduate;1;0;10
1388;1;1;3;9147;1;1;133.0;1;37;37;9;5;119.7;1;0;0;1;1;0;19;0;0;5;8;5;13.25;0;0;5;6;5;11.833.333.333.333.300;0;13.9;-0.3;0.79;Graduate;1;0;10
959;1;1;1;9147;1;1;150.0;1;1;19;5;5;137.8;1;0;0;1;1;1;19;0;0;5;6;5;13.2;0;0;5;6;5;12.666.666.666.666.600;0;16.2;0.3;-0.92;Graduate;1;0;10
1027;1;1;1;9085;1;1;123.0;1;30;19;4;90;122.3;0;0;0;1;0;0;18;0;0;5;6;5;14.2;0;0;5;7;5;11.8;0;7.6;2.6;0.32;Graduate;1;0;10
3568;1;1;6;9119;1;1;126.0;1;19;19;7;3;116.6;1;0;0;1;1;1;20;0;0;5;6;5;14.0;0;0;5;7;5;13.8;0;8.9;1.4;3.51;Graduate;1;0;10
3572;1;17;1;9119;1;1;148.0;1;1;38;4;5;148.7;0;0;0;1;1;0;18;0;0;5;6;5;16.2;0;0;5;8;5;16.0;0;8.9;1.4;3.51;Graduate;1;0;10
3957;1;1;3;9147;1;1;133.0;1;38;19;9;10;125.0;1;0;0;1;0;0;18;0;0;5;6;5;12.8;1;0;5;6;5;12.6;0;9.4;-0.8;-3.12;Graduate;1;0;10
3451;1;39;1;9991;0;1;130.0;1;37;37;9;9;151.6;0;0;0;1;0;0;24;0;0;5;9;5;12.285.714.285.714.200;0;0;5;8;5;12.125;0;16.2;0.3;-0.92;Enrolled;1;0;10
2537;1;43;1;9130;1;1;100.0;41;3;4;3;2;100.0;0;0;0;1;0;0;19;1;0;5;10;5;14.857.142.857.142.800;2;0;5;7;5;15.142.857.142.857.100;0;9.4;-0.8;-3.12;Enrolled;1;0;10
3617;1;1;1;9119;1;1;148.0;1;19;19;9;8;129.8;0;0;0;0;1;1;18;0;0;5;6;5;15.0;0;0;5;6;5;14.2;0;8.9;1.4;3.51;Enrolled;1;0;10
1653;1;7;1;9991;0;40;120.0;1;43;3;3;3;120.0;0;0;0;1;0;0;27;0;0;5;5;5;15.2;0;0;5;6;5;14.0;0;11.1;0.6;2.02;Enrolled;1;0;10
4026;4;1;1;9991;0;1;140.0;1;37;37;9;7;139.0;0;0;0;1;0;1;38;0;0;5;8;5;11.0;0;0;5;7;5;11.4;0;9.4;-0.8;-3.12;Enrolled;1;0;10
3682;5;39;1;9147;1;1;133.1;1;19;19;9;9;119.8;0;0;0;1;1;0;26;0;0;5;9;5;12.0;0;0;5;5;5;10.2;0;11.1;0.6;2.02;Enrolled;1;0;10
766;1;1;4;9147;1;1;120.0;1;38;38;5;10;111.3;0;0;0;1;1;0;20;0;0;5;8;5;10.2;0;0;5;7;5;11.2;0;12.4;0.5;1.79;Enrolled;1;0;10
545;1;17;2;9119;1;1;127.0;1;19;1;9;10;121.1;1;0;0;1;1;1;18;0;0;5;6;5;13.2;0;0;5;8;5;12.6;0;8.9;1.4;3.51;Enrolled;1;0;10
719;2;42;1;9991;0;6;123.0;1;37;37;9;9;123.0;0;0;0;1;1;0;37;0;0;5;10;5;15.8;0;0;5;5;5;17.6;0;9.4;-0.8;-3.12;Enrolled;1;0;10
330;1;1;1;9085;1;1;135.0;1;19;38;9;5;136.8;1;0;0;1;0;0;18;0;0;5;11;5;14.0;3;0;5;7;5;11.6;0;9.4;-0.8;-3.12;Enrolled;1;0;10
578;1;39;2;9991;0;1;172.0;1;19;37;9;8;150.0;1;0;0;1;0;1;28;0;0;5;7;5;10.6;0;0;5;6;5;10.2;0;9.4;-0.8;-3.12;Enrolled;1;0;10
2304;1;18;5;9119;1;1;136.0;1;3;2;2;3;125.2;1;0;0;1;1;0;19;0;0;5;9;5;11.833.333.333.333.300;0;0;5;9;5;14.714.285.714.285.700;0;12.4;0.5;1.79;Enrolled;1;0;10
1778;2;39;1;9991;0;1;140.0;1;37;12;9;9;150.0;0;0;1;1;1;0;35;0;0;5;6;5;10.8;0;0;5;7;5;12.0;2;9.4;-0.8;-3.12;Dropout;1;0;10
4272;1;17;4;9119;1;1;138.0;1;1;3;1;4;127.5;1;0;0;1;1;0;19;0;0;5;6;5;14.6;0;0;5;5;5;15.2;0;8.9;1.4;3.51;Dropout;1;0;10
3324;1;17;3;9119;1;1;115.0;1;3;1;3;3;116.1;1;0;0;0;1;0;18;0;0;5;8;5;12.5;0;0;5;7;5;13.571.428.571.428.500;0;12.4;0.5;1.79;Dropout;1;0;10
789;1;5;3;9085;1;1;143.0;1;37;37;0;90;159.1;0;0;1;1;0;1;18;0;0;5;5;5;14.4;0;0;5;5;5;14.0;0;7.6;2.6;0.32;Dropout;1;0;10
2090;1;39;1;9670;1;19;133.1;1;1;1;4;7;100.0;0;0;1;0;0;0;25;0;0;5;5;5;11.2;0;0;5;5;5;12.6;0;9.4;-0.8;-3.12;Dropout;1;0;10
4380;1;39;1;9991;0;1;110.0;1;37;37;7;7;133.9;0;0;0;1;0;0;30;0;0;5;7;5;11.4;0;0;5;6;5;13.666.666.666.666.600;0;10.8;1.4;1.74;Dropout;1;0;10
3501;1;1;1;9147;1;1;122.0;1;1;19;9;9;120.3;1;0;0;1;1;1;19;0;0;5;8;5;12.6;0;0;5;9;5;13.6;0;8.9;1.4;3.51;Dropout;1;0;10
979;1;39;1;9991;0;19;133.1;1;19;37;7;5;155.5;1;0;1;0;1;0;39;0;0;5;6;5;10.6;0;0;5;7;5;14.666.666.666.666.600;0;10.8;1.4;1.74;Dropout;1;0;10
2316;1;1;1;9130;1;1;152.0;1;19;37;9;8;135.6;1;0;0;1;1;0;18;0;0;5;5;5;15.4;0;0;5;5;5;15.6;0;12.7;3.7;-1.7;Dropout;1;0;10
2503;1;51;1;33;1;1;121.0;1;19;37;5;7;118.6;0;0;0;1;0;0;26;0;14;21;23;20;13.181.818.181.818.100;0;10;14;18;14;11.642.857.142.857.100;0;8.9;1.4;3.51;Graduate;0,971428571;0,685714286;35
2343;1;43;1;9003;1;1;150.0;1;2;4;4;1;150.0;0;0;0;1;1;0;35;0;16;18;22;18;11.666.666.666.666.600;0;12;13;13;12;11.5;1;15.5;2.8;-4.06;Graduate;0,967741935;0,903225806;31
4295;1;39;1;9003;1;1;130.0;1;38;37;7;7;120.0;0;0;0;1;1;0;32;0;12;18;25;18;13.736.842.105.263.100;0;10;13;15;12;13.75;1;15.5;2.8;-4.06;Graduate;0,967741935;0,709677419;31
2281;1;43;1;9003;1;1;130.0;1;1;2;4;2;130.0;0;0;0;1;1;0;28;0;9;18;36;17;13.058.823.529.411.700;1;6;12;15;12;12.307.692.307.692.300;0;15.5;2.8;-4.06;Graduate;0,966666667;0,5;30
3126;1;43;1;9238;1;1;117.0;1;34;34;0;0;109.3;0;0;0;1;0;0;30;0;9;16;19;15;12.266.666.666.666.600;0;11;13;14;13;12.071.428.571.428.500;0;9.4;-0.8;-3.12;Graduate;0,965517241;0,689655172;29
2000;1;51;1;9147;1;1;140.0;1;19;19;9;7;120.4;0;0;1;0;0;0;32;0;14;15;17;14;10.214.285.714.285.700;0;13;13;13;13;11.384.615.384.615.300;0;16.2;0.3;-0.92;Graduate;0,964285714;0,964285714;28
1553;1;7;1;9147;1;40;110.0;1;37;37;9;9;110.0;0;0;0;1;0;0;52;0;11;15;26;14;10.466.666.666.666.600;0;9;12;16;12;10.923.076.923.076.900;0;13.9;-0.3;0.79;Graduate;0,962962963;0,740740741;27
765;2;44;1;8014;0;39;150.0;1;1;1;5;5;154.0;0;0;0;1;1;0;37;0;12;16;17;16;14.125;0;6;11;14;10;13.0;0;12.4;0.5;1.79;Graduate;0,962962963;0,666666667;27
3991;1;15;1;9853;1;1;133.1;41;43;1;153;135;128.2;0;0;0;1;0;0;23;1;11;16;17;16;14.625;0;6;10;12;9;1.488.888.888.888.880;0;8.9;1.4;3.51;Graduate;0,961538462;0,653846154;26
3457;1;7;1;9238;1;3;140.0;1;37;37;9;9;140.0;1;0;0;1;0;0;36;0;10;14;21;13;13.071.428.571.428.500;0;4;11;16;11;13.0;0;16.2;0.3;-0.92;Graduate;0,96;0,56;25
2901;2;43;1;9991;0;2;120.0;1;37;37;9;8;120.0;0;0;0;1;0;0;36;0;8;12;21;11;11.5;0;7;12;22;12;114.375;0;9.4;-0.8;-3.12;Enrolled;0,958333333;0,625;24
1452;1;1;1;9003;1;1;148.0;1;19;37;9;9;131.6;1;0;0;1;1;0;19;0;8;12;17;11;12.0;2;4;12;21;12;12.307.692.307.692.300;0;15.5;2.8;-4.06;Graduate;0,958333333;0,5;24
3651;1;43;1;9070;1;1;135.0;1;1;38;3;9;126.4;1;0;0;1;0;1;20;0;5;12;12;12;13.25;0;5;12;12;11;12.727.272.727.272.700;0;15.5;2.8;-4.06;Graduate;0,958333333;0,416666667;24
898;1;43;1;9070;1;39;130.0;1;19;37;5;9;124.0;1;0;0;1;0;1;21;0;4;12;12;12;13.333.333.333.333.300;0;5;12;12;11;12.545.454.545.454.500;0;15.5;2.8;-4.06;Graduate;0,958333333;0,375;24
2917;2;7;1;8014;0;3;110.0;1;37;37;9;9;110.0;0;0;0;1;0;0;39;0;9;13;19;12;13.416.666.666.666.600;0;4;10;10;10;14.5;0;16.2;0.3;-0.92;Graduate;0,956521739;0,565217391;23
4032;1;1;1;171;1;1;133.1;1;19;38;9;8;128.2;1;0;0;1;1;1;19;0;6;12;12;12;13.333.333.333.333.300;0;4;11;15;10;12.818.181.818.181.800;0;8.9;1.4;3.51;Enrolled;0,956521739;0,434782609;23
4245;1;1;1;171;1;1;150.0;1;3;3;2;5;154.6;1;0;0;1;0;0;19;0;6;12;13;12;12.333.333.333.333.300;0;4;11;12;10;12.727.272.727.272.700;0;8.9;1.4;3.51;Dropout;0,956521739;0,434782609;23
2284;1;43;1;9238;1;39;120.0;1;2;1;1;2;118.6;0;0;0;1;1;0;21;0;9;11;14;10;12.4;0;6;10;13;10;11.8;0;13.9;-0.3;0.79;Graduate;0,952380952;0,714285714;21
1976;1;51;1;9070;1;1;143.0;1;1;1;4;4;120.0;1;0;0;1;0;0;21;0;3;10;10;10;13.0;0;5;11;11;10;11.4;0;11.1;0.6;2.02;Dropout;0,952380952;0,380952381;21
686;2;43;1;9991;0;1;100.0;1;37;37;9;9;128.2;0;0;0;1;1;0;46;0;6;10;13;9;12.2;0;4;10;12;10;12.8;0;7.6;2.6;0.32;Graduate;0,95;0,5;20
1311;1;53;1;9147;1;42;130.0;1;1;19;143;172;133.8;1;0;0;1;0;0;21;0;6;11;17;11;11.545.454.545.454.500;0;3;9;13;8;1.288.888.888.888.880;0;8.9;1.4;3.51;Graduate;0,95;0,45;20
1304;1;51;1;9670;1;1;126.0;1;3;3;1;10;111.0;0;0;1;1;1;0;21;0;5;11;12;10;12.1;0;2;8;9;8;13.333.333.333.333.300;0;11.1;0.6;2.02;Graduate;0,947368421;0,368421053;19
2764;1;43;1;8014;0;3;133.1;1;9;9;90;90;130.0;0;0;0;1;0;0;26;0;8;11;16;10;11.8;0;3;7;7;7;13.285.714.285.714.200;0;7.6;2.6;0.32;Graduate;0,944444444;0,611111111;18
2819;2;7;1;8014;0;3;124.4;1;37;34;0;0;130.0;0;0;0;1;0;0;30;0;8;10;11;9;12.666.666.666.666.600;0;3;7;7;7;12.428.571.428.571.400;1;7.6;2.6;0.32;Graduate;0,941176471;0,647058824;17
763;2;43;3;8014;0;19;100.0;1;37;37;9;9;120.0;1;0;0;1;1;0;41;0;5;9;11;9;12.0;0;3;7;8;6;12.0;0;9.4;-0.8;-3.12;Graduate;0,9375;0,5;16
1450;1;44;1;9070;1;39;140.0;1;1;19;4;4;140.0;0;0;0;1;1;0;25;0;2;7;9;6;12.571.428.571.428.500;0;5;9;9;9;12.555.555.555.555.500;0;16.2;0.3;-0.92;Graduate;0,9375;0,4375;16
3510;1;44;1;9070;1;39;130.0;1;1;1;9;9;131.8;0;0;0;1;1;1;22;0;2;7;7;7;12.285.714.285.714.200;0;5;9;10;8;12.375;0;12.4;0.5;1.79;Graduate;0,9375;0,4375;16
1367;1;51;1;9119;1;1;136.0;1;1;19;3;5;133.6;1;0;0;1;1;0;20;0;4;9;12;9;13.454.545.454.545.400;0;2;7;9;6;13.875;0;11.1;0.6;2.02;Dropout;0,9375;0,375;16
2793;4;39;1;8014;0;1;133.1;1;37;37;7;7;143.0;0;0;0;1;1;0;37;0;3;9;13;8;12.0;0;2;7;8;7;11.571.428.571.428.500;0;12.7;3.7;-1.7;Graduate;0,9375;0,3125;16
3468;1;17;1;9853;1;1;150.0;1;19;19;3;4;135.0;0;0;0;1;0;0;29;0;2;8;10;7;11.142.857.142.857.100;0;2;8;11;8;11.375;0;12.7;3.7;-1.7;Graduate;0,9375;0,25;16
2909;1;43;1;9085;1;1;130.0;1;37;37;90;90;125.1;0;0;0;1;0;0;21;0;2;9;14;8;13.555.555.555.555.500;0;2;7;10;7;13.571.428.571.428.500;0;7.6;2.6;0.32;Graduate;0,9375;0,25;16
2345;1;17;1;9500;1;1;130.0;1;3;3;2;2;131.1;0;0;0;1;1;0;19;0;0;7;8;7;1.212.142.857.142.850;0;0;9;12;8;1.150.625;0;12.4;0.5;1.79;Graduate;0,9375;0;16
2647;1;43;1;9070;1;1;150.0;1;3;39;3;7;126.4;0;0;0;1;1;0;26;0;5;7;8;7;13.285.714.285.714.200;0;3;8;11;7;12.142.857.142.857.100;0;12.4;0.5;1.79;Enrolled;0,933333333;0,533333333;15
4392;2;7;1;9500;1;3;130.0;1;37;37;9;5;130.0;0;0;0;1;0;0;32;0;0;7;9;7;13.761.111.111.111.100;0;1;8;11;7;1.206.375;0;15.5;2.8;-4.06;Enrolled;0,933333333;0,066666667;15
481;1;1;1;9500;1;1;136.0;1;1;1;4;4;123.8;0;0;0;1;0;0;19;0;0;7;10;6;11.614.285.714.285.700;0;0;8;8;8;140.375;0;13.9;-0.3;0.79;Graduate;0,933333333;0;15
3022;1;1;1;9500;1;1;147.0;1;3;1;2;3;131.6;0;0;0;1;0;0;18;0;0;7;8;6;13.958.333.333.333.300;0;0;8;8;8;1.471.875;0;11.1;0.6;2.02;Graduate;0,933333333;0;15
2312;1;1;1;9500;1;1;140.0;1;1;19;9;9;128.8;0;0;0;1;1;0;18;0;0;7;7;6;13.391.666.666.666.600;0;0;8;8;8;124.875;0;12.4;0.5;1.79;Graduate;0,933333333;0;15
1989;1;1;2;9500;1;1;116.0;1;19;37;3;3;109.0;1;0;0;1;0;1;23;0;0;7;8;6;12.993.333.333.333.300;0;0;8;9;8;1.266.875;0;11.1;0.6;2.02;Graduate;0,933333333;0;15
2183;1;43;1;9500;1;1;140.0;1;19;19;7;7;138.6;0;0;0;1;0;1;19;0;0;7;9;6;14.25;0;0;8;11;8;13.063.636.363.636.300;0;16.2;0.3;-0.92;Graduate;0,933333333;0;15
3177;1;1;4;9500;1;1;133.0;1;19;19;9;5;120.1;1;0;0;1;0;1;19;0;0;7;9;6;12.428.571.428.571.400;0;0;8;8;8;14.0;0;13.9;-0.3;0.79;Graduate;0,933333333;0;15
1613;1;17;2;9500;1;1;125.0;1;19;19;5;5;114.5;1;0;0;1;0;0;18;0;0;7;11;6;11.983.333.333.333.300;0;0;8;12;8;1.228.125;0;16.2;0.3;-0.92;Graduate;0,933333333;0;15
1849;1;1;2;9500;1;1;143.0;1;5;5;2;2;137.8;0;0;0;1;1;0;19;0;0;7;10;6;13.492.857.142.857.100;0;0;8;9;8;1.268.888.888.888.880;0;12.4;0.5;1.79;Graduate;0,933333333;0;15
3033;1;18;2;9500;1;1;135.0;1;19;1;5;5;128.9;1;0;0;1;0;1;19;0;0;7;8;6;12.648.333.333.333.300;0;0;8;9;8;12.205.555.555.555.500;0;11.1;0.6;2.02;Graduate;0,933333333;0;15
1112;1;1;5;9500;1;1;126.0;1;1;19;6;7;115.5;1;0;0;1;0;1;19;0;0;7;8;7;12.135.714.285.714.200;0;0;8;10;7;13.328.571.428.571.400;0;12.4;0.5;1.79;Graduate;0,933333333;0;15
2479;1;1;1;9500;1;1;128.0;1;1;19;4;7;125.6;1;0;0;1;1;0;18;0;0;7;7;7;12.444.285.714.285.700;0;0;8;11;7;11.347.142.857.142.800;0;12.4;0.5;1.79;Graduate;0,933333333;0;15
1141;1;1;6;9500;1;1;130.0;1;38;19;5;6;125.1;1;0;0;1;0;0;18;0;0;7;11;7;13.37;0;0;8;13;7;12.833.333.333.333.300;0;15.5;2.8;-4.06;Graduate;0,933333333;0;15
1056;1;1;1;9500;1;1;118.0;1;19;19;5;7;117.8;0;0;0;1;0;1;19;0;0;7;7;7;13.7;0;0;8;9;7;14.671.428.571.428.500;0;12.4;0.5;1.79;Graduate;0,933333333;0;15
2222;1;1;2;9500;1;1;99.0;1;1;3;5;10;100.0;1;0;0;1;1;0;19;0;0;7;9;7;11.975;0;0;8;9;7;1.312.857.142.857.140;0;13.9;-0.3;0.79;Graduate;0,933333333;0;15
2026;1;43;1;9500;1;1;141.0;1;4;19;4;10;100.0;0;0;0;1;1;0;18;0;0;7;7;7;11.828.571.428.571.400;0;0;8;10;7;129.125;0;13.9;-0.3;0.79;Graduate;0,933333333;0;15
851;1;1;6;9500;1;1;133.0;1;3;3;1;1;126.2;1;0;0;1;0;0;19;0;0;7;9;7;13.761.111.111.111.100;0;0;8;11;7;1.282.375;0;15.5;2.8;-4.06;Graduate;0,933333333;0;15
2079;1;17;2;9500;1;1;146.0;1;3;3;3;6;133.4;1;0;0;1;0;0;18;0;0;7;8;7;12.5;0;0;8;9;7;13.042.857.142.857.100;0;13.9;-0.3;0.79;Graduate;0,933333333;0;15
280;1;1;1;9500;1;1;129.0;1;19;19;5;5;119.6;1;0;0;1;0;1;20;0;0;7;8;7;1.400.375;0;0;8;11;7;13.812.857.142.857.100;0;15.5;2.8;-4.06;Graduate;0,933333333;0;15
2523;1;17;6;9500;1;1;131.0;1;1;19;7;7;126.5;1;0;0;1;0;1;19;0;0;7;8;7;13.875.714.285.714.200;0;0;8;9;7;13.085.714.285.714.200;0;11.1;0.6;2.02;Graduate;0,933333333;0;15
582;1;17;5;9500;1;1;141.0;1;12;1;5;5;133.0;1;0;0;1;0;0;18;0;0;7;8;7;125.375;0;0;8;9;7;12.614.285.714.285.700;0;13.9;-0.3;0.79;Graduate;0,933333333;0;15
162;1;1;1;9500;1;1;127.0;1;19;37;9;7;123.9;1;0;0;1;0;1;18;0;0;7;9;7;12.855.555.555.555.500;0;0;8;12;7;12.761.111.111.111.100;0;15.5;2.8;-4.06;Graduate;0,933333333;0;15
3002;1;1;2;9500;1;1;139.0;1;4;1;2;10;136.4;1;0;0;1;0;0;19;0;0;7;9;7;13.422.222.222.222.200;0;0;8;11;7;1.218.888.888.888.880;0;15.5;2.8;-4.06;Graduate;0,933333333;0;15
413;1;1;3;9500;1;1;128.0;1;1;1;4;10;118.9;1;0;0;1;0;0;20;0;0;7;8;7;115.875;0;0;8;9;7;14.071.428.571.428.500;0;13.9;-0.3;0.79;Graduate;0,933333333;0;15
3134;1;1;6;9500;1;1;122.0;1;1;1;4;4;119.6;1;0;0;1;0;0;21;0;0;7;8;6;13.25;0;0;8;8;8;138.375;0;13.9;-0.3;0.79;Enrolled;0,933333333;0;15
4145;1;43;1;9556;1;1;128.0;1;38;38;7;8;123.5;1;0;0;1;0;0;22;0;0;7;14;6;10.744.444.444.444.400;1;0;8;10;8;118.375;0;12.7;3.7;-1.7;Enrolled;0,933333333;0;15
382;1;43;1;9500;1;1;170.0;1;19;37;8;8;100.0;0;0;0;1;0;0;20;0;0;7;8;6;13.25;0;0;8;8;8;13.75;0;13.9;-0.3;0.79;Enrolled;0,933333333;0;15
2141;1;17;5;9500;1;1;137.0;1;1;1;5;4;131.1;1;0;0;1;0;0;18;0;0;7;9;7;12.385.714.285.714.200;0;0;8;9;7;12.728.571.428.571.400;0;13.9;-0.3;0.79;Enrolled;0,933333333;0;15
819;1;17;2;9500;1;1;132.0;1;19;37;3;5;125.4;1;0;0;0;0;1;20;0;0;7;7;7;13.462.857.142.857.100;0;0;8;10;7;13.164.285.714.285.700;0;11.1;0.6;2.02;Enrolled;0,933333333;0;15
3877;1;17;1;9500;1;1;145.0;1;1;1;4;10;131.4;0;0;0;1;0;0;19;0;0;7;7;7;1.344.285.714.285.710;0;0;8;8;7;13.771.428.571.428.500;0;13.9;-0.3;0.79;Dropout;0,933333333;0;15
131;1;1;3;9500;1;1;138.0;1;19;19;5;8;124.9;1;0;0;1;0;1;18;0;0;7;9;7;132.375;0;0;8;9;7;13.742.857.142.857.100;0;13.9;-0.3;0.79;Dropout;0,933333333;0;15
3474;2;1;1;9147;1;1;133.1;1;34;34;0;0;131.8;0;0;0;1;0;0;24;0;14;15;17;14;11.357.142.857.142.800;0;13;14;15;13;12.846.153.846.153.800;0;7.6;2.6;0.32;Dropout;0,931034483;0,931034483;29
3761;1;2;1;9147;1;1;150.0;1;37;37;9;9;122.0;1;0;0;1;0;0;29;0;13;15;19;13;1.176.923.076.923.070;0;12;14;17;14;11.928.571.428.571.400;0;9.4;-0.8;-3.12;Graduate;0,931034483;0,862068966;29
1817;4;43;1;9991;0;1;164.0;1;37;37;6;6;131.8;0;0;0;1;0;0;31;0;7;14;19;13;11.357.142.857.142.800;0;9;14;14;13;12.0;1;9.4;-0.8;-3.12;Graduate;0,928571429;0,571428571;28
888;1;43;2;9238;1;1;110.0;1;37;37;9;7;112.5;1;0;0;1;0;1;53;0;4;7;16;6;11.0;0;2;7;9;7;11.0;0;9.4;-0.8;-3.12;Graduate;0,928571429;0,428571429;14
1926;1;17;1;9238;1;1;131.0;1;1;1;4;10;129.3;0;0;0;1;0;0;19;0;4;8;8;8;13.875;0;1;6;8;5;14.0;0;11.1;0.6;2.02;Graduate;0,928571429;0,357142857;14
467;1;1;1;9853;1;1;133.0;1;1;38;5;10;131.3;1;0;0;1;0;0;20;0;0;6;9;5;14.333.333.333.333.300;0;4;8;8;8;12.625;0;15.5;2.8;-4.06;Enrolled;0,928571429;0,285714286;14
3615;1;15;1;9119;1;1;133.1;41;2;2;2;2;100.0;0;0;1;1;1;0;24;1;2;8;8;7;13.142.857.142.857.100;0;1;6;8;6;11.833.333.333.333.300;0;8.9;1.4;3.51;Enrolled;0,928571429;0,214285714;14
932;1;1;1;9853;1;1;115.0;1;19;38;9;9;108.0;0;0;0;1;0;1;19;0;0;7;10;6;13.0;0;0;7;7;7;13.285.714.285.714.200;0;12.4;0.5;1.79;Graduate;0,928571429;0;14
369;1;1;1;9853;1;1;122.0;1;38;37;191;195;112.9;1;0;0;1;0;1;19;0;0;7;8;7;13.857.142.857.142.800;0;0;7;8;6;13.666.666.666.666.600;0;8.9;1.4;3.51;Graduate;0,928571429;0;14
812;1;17;2;9853;1;1;112.0;1;19;38;5;7;107.1;1;0;0;1;0;1;18;0;0;7;8;7;12.142.857.142.857.100;0;0;7;9;6;13.666.666.666.666.600;0;11.1;0.6;2.02;Graduate;0,928571429;0;14
3441;1;17;1;9556;1;1;133.0;1;1;38;4;9;119.0;0;0;0;1;0;0;19;0;0;7;10;6;11.15;0;0;7;7;7;12.814.285.714.285.700;0;12.7;3.7;-1.7;Enrolled;0,928571429;0;14
4285;1;39;2;9556;1;1;130.0;1;37;19;9;8;110.0;0;0;0;1;1;1;24;0;0;7;13;6;10.857.142.857.142.800;0;0;7;7;7;11.857.142.857.142.800;0;12.7;3.7;-1.7;Enrolled;0,928571429;0;14
116;1;43;1;9500;1;1;130.0;1;38;38;9;5;100.0;0;0;0;1;0;0;20;0;0;7;11;6;11.616.666.666.666.600;0;0;7;7;7;13.0;0;13.9;-0.3;0.79;Enrolled;0,928571429;0;14
241;1;1;3;9500;1;1;125.0;1;3;1;4;4;119.4;1;0;0;1;0;0;19;0;0;7;10;6;12.471.428.571.428.500;0;0;7;8;7;114.625;0;12.4;0.5;1.79;Enrolled;0,928571429;0;14
1196;1;17;1;9853;1;1;125.0;1;19;19;4;7;128.5;1;0;0;1;0;0;18;0;0;7;9;6;11.5;0;0;7;8;7;12.714.285.714.285.700;0;13.9;-0.3;0.79;Enrolled;0,928571429;0;14
1215;1;1;4;9500;1;1;126.0;1;19;19;7;9;121.3;1;0;0;1;0;1;18;0;0;7;9;6;13.533.333.333.333.300;0;0;7;7;7;12.228.571.428.571.400;0;12.4;0.5;1.79;Enrolled;0,928571429;0;14
3891;1;18;1;9853;1;1;133.1;1;1;19;141;182;106.0;1;0;1;1;0;0;21;0;0;7;7;7;13.0;0;0;7;8;6;12.5;0;8.9;1.4;3.51;Enrolled;0,928571429;0;14
379;1;17;1;9853;1;1;125.0;1;3;3;3;3;116.6;1;0;0;0;0;1;18;0;0;7;7;7;12.285.714.285.714.200;0;0;7;8;6;13.333.333.333.333.300;0;8.9;1.4;3.51;Enrolled;0,928571429;0;14
827;1;17;1;9853;1;1;127.0;1;1;1;5;7;121.4;1;0;0;1;0;0;18;0;0;7;8;7;11.571.428.571.428.500;0;0;7;9;6;13.166.666.666.666.600;0;11.1;0.6;2.02;Dropout;0,928571429;0;14
1454;1;18;2;9238;1;1;126.0;1;19;37;5;7;129.9;1;0;0;1;1;1;20;0;1;7;9;6;12.0;0;2;6;6;6;11.166.666.666.666.600;0;10.8;1.4;1.74;Graduate;0,923076923;0,230769231;13
1555;1;39;1;8014;0;1;133.1;1;37;37;9;9;112.5;0;0;0;1;0;1;30;0;0;7;7;6;14.666.666.666.666.600;1;0;6;7;6;14.333.333.333.333.300;0;10.8;1.4;1.74;Graduate;0,923076923;0;13
2420;1;39;1;9003;1;1;133.1;6;1;1;192;144;129.8;0;0;0;1;1;0;24;1;0;7;7;7;13.571.428.571.428.500;0;0;6;9;5;13.4;0;8.9;1.4;3.51;Enrolled;0,923076923;0;13
3809;4;27;1;9070;1;2;130.0;1;34;34;0;0;130.0;0;0;0;1;0;0;53;0;15;18;18;17;13.176.470.588.235.200;0;13;18;18;16;13.0;0;7.6;2.6;0.32;Dropout;0,916666667;0,777777778;36
3752;1;1;1;9070;1;1;148.0;1;3;1;2;10;148.0;1;0;0;1;0;0;20;0;7;12;12;10;14.7;0;8;12;12;12;14.583.333.333.333.300;0;15.5;2.8;-4.06;Graduate;0,916666667;0,625;24
561;1;53;1;9003;1;42;140.0;1;3;38;141;151;135.3;0;0;0;1;1;0;21;0;7;12;18;11;12.090.909.090.909.000;0;5;12;14;11;12.0;0;8.9;1.4;3.51;Graduate;0,916666667;0,5;24
2853;1;53;1;9003;1;42;130.0;1;1;1;144;144;125.8;0;0;1;1;0;0;21;0;7;13;21;11;11.909.090.909.090.900;0;5;11;14;11;10.727.272.727.272.700;0;8.9;1.4;3.51;Graduate;0,916666667;0,5;24
1640;1;1;1;9070;1;1;147.0;1;3;1;2;3;149.8;1;0;0;1;1;0;20;0;5;12;12;11;14.272.727.272.727.200;0;5;12;12;11;14.818.181.818.181.800;0;16.2;0.3;-0.92;Graduate;0,916666667;0,416666667;24
654;1;44;1;9238;1;39;130.0;1;38;38;6;9;126.3;1;0;0;1;0;1;19;0;3;6;7;5;12.2;0;2;6;6;6;11.5;0;13.9;-0.3;0.79;Graduate;0,916666667;0,416666667;12
1022;1;44;1;9147;1;39;117.4;1;19;1;4;9;117.4;1;0;0;1;0;0;21;0;4;7;10;6;11.333.333.333.333.300;0;1;5;6;5;11.2;0;11.1;0.6;2.02;Graduate;0,916666667;0,416666667;12
4161;1;44;1;9991;0;39;120.0;1;37;37;7;7;120.0;1;0;0;1;0;1;23;0;2;6;8;5;11.8;0;2;6;8;6;12.333.333.333.333.300;0;9.4;-0.8;-3.12;Graduate;0,916666667;0,333333333;12
2501;1;44;1;9085;1;39;150.0;6;5;4;1;1;150.0;0;0;0;1;0;0;20;1;2;6;7;6;13.333.333.333.333.300;0;1;6;16;5;13.375;0;12.4;0.5;1.79;Graduate;0,916666667;0,25;12
2110;1;44;1;9085;1;39;150.0;1;3;3;2;2;150.0;1;0;0;1;0;0;22;0;2;6;7;6;14.428.571.428.571.400;0;1;6;9;5;13.0;0;13.9;-0.3;0.79;Graduate;0,916666667;0,25;12
127;1;44;1;9085;1;39;160.0;1;37;37;9;9;160.0;1;0;0;1;0;0;20;0;1;6;7;6;14.166.666.666.666.600;0;1;6;17;5;1.377.777.777.777.770;0;12.4;0.5;1.79;Graduate;0,916666667;0,166666667;12
2482;1;1;1;9070;1;1;140.0;1;19;19;5;5;131.3;0;0;0;1;1;1;22;0;1;6;6;6;12.666.666.666.666.600;0;1;6;6;5;12.4;0;12.4;0.5;1.79;Graduate;0,916666667;0,166666667;12
4411;1;1;1;9070;1;1;124.0;1;37;19;9;4;121.2;0;0;0;1;1;1;20;0;1;6;7;6;13.5;0;1;6;9;5;12.5;0;10.8;1.4;1.74;Graduate;0,916666667;0,166666667;12
4066;1;43;1;8014;0;1;120.0;1;38;19;5;4;118.3;0;0;0;1;0;0;20;0;2;6;6;6;12.166.666.666.666.600;0;0;6;7;5;14.0;0;12.7;3.7;-1.7;Enrolled;0,916666667;0,166666667;12
4091;2;39;1;8014;0;1;150.0;1;34;34;0;0;112.5;0;0;0;1;0;0;33;0;0;6;10;5;11.4;0;1;6;7;6;11.166.666.666.666.600;0;7.6;2.6;0.32;Graduate;0,916666667;0,083333333;12
4204;1;1;2;9070;1;1;137.0;1;19;38;9;9;127.2;1;0;0;1;0;1;20;0;1;6;9;5;13.4;1;0;6;9;6;12.375;0;13.9;-0.3;0.79;Graduate;0,916666667;0,083333333;12
2843;2;39;1;9070;1;1;160.0;1;3;1;2;5;126.5;0;0;0;1;0;1;30;0;1;6;8;6;13.0;1;0;6;9;5;12.857.142.857.142.800;0;13.9;-0.3;0.79;Graduate;0,916666667;0,083333333;12
4054;1;43;1;9070;1;1;150.0;1;2;3;3;2;140.8;0;0;0;1;0;0;19;0;1;6;6;5;12.4;0;0;6;8;6;12.75;0;10.8;1.4;1.74;Enrolled;0,916666667;0,083333333;12
3743;1;17;1;9670;1;1;118.0;1;19;38;7;9;113.5;1;0;0;1;0;1;19;0;0;6;9;5;13.5;0;0;6;6;6;14.0;0;12.4;0.5;1.79;Graduate;0,916666667;0;12
3863;1;1;1;9773;1;1;140.0;1;19;38;9;9;132.0;0;0;0;1;1;1;18;0;0;6;6;5;12.0;0;0;6;6;6;12.833.333.333.333.300;0;12.7;3.7;-1.7;Graduate;0,916666667;0;12
236;1;1;1;9238;1;1;154.0;1;38;37;9;9;140.4;0;0;0;1;0;1;22;0;0;6;6;5;12.6;0;0;6;6;6;13.0;0;10.8;1.4;1.74;Graduate;0,916666667;0;12
435;1;1;1;9773;1;1;140.0;1;1;19;4;8;124.6;1;0;0;1;0;0;19;0;0;6;7;5;14.2;0;0;6;7;6;14.571.428.571.428.500;0;15.5;2.8;-4.06;Graduate;0,916666667;0;12
1186;1;1;1;9238;1;1;135.0;1;19;19;9;9;124.5;0;0;0;1;0;1;18;0;0;6;11;5;11.142.857.142.857.100;0;0;6;8;6;12.285.714.285.714.200;0;16.2;0.3;-0.92;Graduate;0,916666667;0;12
4298;1;1;1;9773;1;1;130.0;1;38;37;9;6;133.9;0;0;0;1;1;1;19;0;0;6;8;5;14.0;0;0;6;8;6;13.0;0;10.8;1.4;1.74;Graduate;0,916666667;0;12
4123;1;17;3;9238;1;1;122.0;1;19;19;7;7;117.5;1;0;0;1;0;0;19;0;0;6;7;5;10.8;0;0;6;9;6;10.166.666.666.666.600;0;8.9;1.4;3.51;Graduate;0,916666667;0;12
4043;1;1;1;9773;1;1;111.0;1;19;19;9;9;110.0;1;0;0;1;0;0;18;0;0;6;6;5;12.6;0;0;6;8;6;12.0;0;11.1;0.6;2.02;Graduate;0,916666667;0;12
3331;1;1;1;9238;1;1;133.0;1;1;19;9;9;132.0;0;0;0;1;1;1;20;0;0;6;11;5;11.142.857.142.857.100;0;0;6;9;6;11.571.428.571.428.500;0;16.2;0.3;-0.92;Graduate;0,916666667;0;12
2586;1;17;2;8014;0;1;120.0;1;37;34;0;0;117.6;1;0;0;1;0;0;19;0;0;6;8;5;12.2;0;0;6;7;6;12.0;0;7.6;2.6;0.32;Graduate;0,916666667;0;12
4333;1;1;1;9238;1;1;131.0;1;37;1;9;9;135.9;1;0;0;1;0;0;18;0;0;6;8;5;13.2;0;0;6;6;6;11.333.333.333.333.300;0;9.4;-0.8;-3.12;Graduate;0,916666667;0;12
785;1;1;2;9773;1;1;130.0;1;1;34;9;9;124.8;1;0;0;1;0;1;20;0;0;6;7;5;12.8;0;0;6;6;6;12.333.333.333.333.300;0;12.4;0.5;1.79;Graduate;0,916666667;0;12
1836;1;1;1;9238;1;1;133.1;1;38;38;191;192;118.0;0;0;1;1;0;1;20;0;0;6;7;5;11.4;0;0;6;9;6;11.5;0;8.9;1.4;3.51;Graduate;0,916666667;0;12
2941;4;39;1;8014;0;3;100.0;1;37;37;9;9;130.0;0;0;0;1;0;1;43;0;0;6;7;5;12.2;0;0;6;6;6;12.333.333.333.333.300;0;9.4;-0.8;-3.12;Graduate;0,916666667;0;12
499;1;17;1;9070;1;1;126.0;1;19;38;9;7;118.7;0;0;0;1;0;0;18;0;0;6;7;5;11.8;0;0;6;6;6;12.666.666.666.666.600;0;16.2;0.3;-0.92;Graduate;0,916666667;0;12
523;1;15;1;9238;1;1;150.0;26;3;37;2;8;132.5;1;0;0;0;0;0;20;1;0;6;9;5;13.0;0;0;6;7;6;13.5;0;13.9;-0.3;0.79;Graduate;0,916666667;0;12
699;1;44;1;9003;1;39;140.0;1;1;38;9;1;140.0;1;0;0;1;1;0;22;0;0;6;12;5;12.6;0;0;6;11;6;11.714.285.714.285.700;0;12.4;0.5;1.79;Graduate;0,916666667;0;12
1980;1;1;1;9670;1;1;123.0;1;12;1;9;9;119.2;1;0;0;1;0;1;18;0;0;6;8;5;13.5;0;0;6;6;6;14.5;0;12.4;0.5;1.79;Graduate;0,916666667;0;12
908;1;17;2;9238;1;1;145.0;1;19;38;7;6;128.6;1;0;0;1;0;1;19;0;0;6;12;5;11.714.285.714.285.700;0;0;6;11;6;11.0;0;12.7;3.7;-1.7;Graduate;0,916666667;0;12
1370;1;53;1;9670;1;42;110.0;1;1;19;9;9;114.2;0;0;0;1;1;1;23;0;0;6;7;5;13.0;0;0;6;7;6;12.857.142.857.142.800;0;8.9;1.4;3.51;Graduate;0,916666667;0;12
2994;2;39;1;8014;0;1;140.0;1;37;37;5;6;128.5;0;0;0;1;0;1;38;0;0;6;6;5;12.4;0;0;6;7;6;12.666.666.666.666.600;0;9.4;-0.8;-3.12;Graduate;0,916666667;0;12
1585;1;1;1;9773;1;1;132.0;1;37;19;9;9;131.0;1;0;0;1;0;1;18;0;0;6;8;5;13.0;0;0;6;7;6;13.0;0;15.5;2.8;-4.06;Graduate;0,916666667;0;12
4320;1;17;1;9773;1;1;136.0;1;19;38;9;9;121.7;1;0;0;1;1;1;19;0;0;6;9;5;12.4;0;0;6;6;6;13.166.666.666.666.600;0;12.7;3.7;-1.7;Graduate;0,916666667;0;12
3320;1;16;2;9070;1;1;137.0;1;1;1;3;1;141.2;1;0;1;1;1;0;19;0;0;6;11;5;11.2;0;0;6;7;6;12.0;0;9.4;-0.8;-3.12;Graduate;0,916666667;0;12
1261;1;1;3;9238;1;1;137.0;1;1;1;3;3;131.4;1;0;0;1;0;0;20;0;0;6;9;5;11.8;0;0;6;7;6;11.5;0;7.6;2.6;0.32;Graduate;0,916666667;0;12
4220;1;16;4;9238;1;1;135.0;1;37;37;9;9;121.0;1;0;0;1;0;0;18;0;0;6;8;5;13.0;0;0;6;7;6;11.833.333.333.333.300;0;10.8;1.4;1.74;Graduate;0,916666667;0;12
4290;1;1;1;9238;1;1;141.0;1;19;1;7;3;128.8;1;0;0;1;1;0;18;0;0;6;10;5;11.6;0;0;6;6;6;11.166.666.666.666.600;0;10.8;1.4;1.74;Graduate;0,916666667;0;12
2662;2;39;1;9773;1;38;100.0;1;37;37;9;7;154.0;1;0;0;1;1;0;57;0;0;6;7;5;14.2;0;0;6;6;6;14.166.666.666.666.600;0;9.4;-0.8;-3.12;Graduate;0,916666667;0;12
3258;2;39;1;9003;1;19;133.1;1;37;19;9;4;140.0;0;0;1;1;0;0;29;0;0;6;11;5;12.6;0;0;6;6;6;12.666.666.666.666.600;0;11.1;0.6;2.02;Graduate;0,916666667;0;12
339;1;17;1;9238;1;1;122.0;1;3;1;9;10;114.7;0;0;0;1;0;0;19;0;0;6;9;5;12.166.666.666.666.600;0;0;6;8;6;12.428.571.428.571.400;0;13.9;-0.3;0.79;Graduate;0,916666667;0;12
5;2;39;1;8014;0;1;100.0;1;37;38;9;9;141.5;0;0;0;1;0;0;45;0;0;6;9;5;12.333.333.333.333.300;0;0;6;6;6;13.0;0;13.9;-0.3;0.79;Graduate;0,916666667;0;12
3085;1;1;1;9070;1;1;124.0;1;37;19;9;3;116.3;1;0;0;1;0;0;20;0;0;6;8;5;12.2;0;0;6;6;6;11.5;0;16.2;0.3;-0.92;Graduate;0,916666667;0;12
284;1;1;1;9070;1;1;126.0;1;19;37;7;5;119.4;0;0;0;1;0;1;21;0;0;6;7;5;13.8;0;0;6;6;6;12.833.333.333.333.300;0;16.2;0.3;-0.92;Graduate;0,916666667;0;12
4156;1;1;5;9085;1;1;124.0;1;3;19;2;3;113.9;1;0;0;1;0;0;19;0;0;6;12;5;15.0;0;0;6;9;6;13.428.571.428.571.400;0;16.2;0.3;-0.92;Graduate;0,916666667;0;12
4330;1;17;1;9238;1;1;120.0;1;37;1;9;5;113.4;1;0;0;1;0;1;20;0;0;6;10;5;11.857.142.857.142.800;0;0;6;8;6;11.666.666.666.666.600;0;12.7;3.7;-1.7;Graduate;0,916666667;0;12
1228;1;17;1;9238;1;1;145.0;1;38;38;5;7;138.0;1;0;0;1;0;0;20;0;0;6;11;5;11.2;0;0;6;6;6;12.0;0;9.4;-0.8;-3.12;Graduate;0,916666667;0;12
2098;1;1;2;9238;1;1;100.0;1;38;1;7;7;99.3;1;0;0;1;0;0;21;0;0;6;8;5;12.4;0;0;6;6;6;12.0;0;12.4;0.5;1.79;Graduate;0,916666667;0;12
282;4;1;1;8014;0;1;133.1;1;39;19;4;10;143.0;1;0;0;1;0;1;47;0;0;6;9;5;14.166.666.666.666.600;0;0;6;7;6;14.166.666.666.666.600;0;16.2;0.3;-0.92;Graduate;0,916666667;0;12
1224;2;39;1;8014;0;19;100.0;1;1;19;1;5;130.0;0;0;1;1;0;1;33;0;0;6;9;5;13.833.333.333.333.300;0;0;6;7;6;12.5;0;9.4;-0.8;-3.12;Graduate;0,916666667;0;12
914;4;39;1;8014;0;1;130.0;1;37;37;9;7;138.0;0;0;0;1;0;0;42;0;0;6;8;5;11.2;0;0;6;6;6;12.0;0;8.9;1.4;3.51;Graduate;0,916666667;0;12
1202;2;39;1;8014;0;19;133.1;1;37;37;4;8;112.5;0;0;0;1;0;0;32;0;0;6;8;5;13.8;0;0;6;7;6;12.166.666.666.666.600;0;9.4;-0.8;-3.12;Graduate;0,916666667;0;12
4188;2;39;1;8014;0;1;150.0;1;37;38;3;7;134.5;0;0;0;1;0;0;28;0;0;6;8;5;11.833.333.333.333.300;0;0;6;6;6;13.0;0;16.2;0.3;-0.92;Graduate;0,916666667;0;12
285;1;1;1;8014;0;1;128.0;1;38;38;0;0;122.1;0;0;0;1;0;0;21;0;0;6;8;5;12.8;0;0;6;10;6;11.857.142.857.142.800;0;7.6;2.6;0.32;Graduate;0,916666667;0;12
3065;1;17;2;9238;1;1;132.0;1;38;1;7;7;133.1;1;0;0;1;0;1;19;0;0;6;8;5;12.2;0;0;6;7;6;11.5;0;9.4;-0.8;-3.12;Graduate;0,916666667;0;12
1063;1;39;1;8014;0;1;130.0;1;37;11;9;10;131.5;0;0;0;1;0;0;27;0;0;6;8;5;11.0;0;0;6;7;6;11.166.666.666.666.600;0;11.1;0.6;2.02;Graduate;0,916666667;0;12
2381;1;17;1;9254;1;1;125.0;1;1;19;4;7;116.6;0;0;0;1;1;1;19;0;0;6;8;5;12.666.666.666.666.600;0;0;6;10;6;12.857.142.857.142.800;0;16.2;0.3;-0.92;Graduate;0,916666667;0;12
1462;1;44;1;9003;1;39;150.0;1;38;38;9;8;150.0;1;0;0;1;1;0;20;0;0;6;8;5;12.857.142.857.142.800;0;0;6;11;6;12.3;0;16.2;0.3;-0.92;Graduate;0,916666667;0;12
1075;1;1;1;9238;1;1;132.0;1;37;37;9;5;135.9;0;0;0;1;0;0;18;0;0;6;11;5;12.4;0;0;6;7;6;13.0;0;9.4;-0.8;-3.12;Graduate;0,916666667;0;12
1395;1;17;5;9773;1;1;113.0;1;38;38;191;175;110.2;1;0;1;1;0;0;19;0;0;6;6;5;11.6;0;0;6;6;6;12.5;0;8.9;1.4;3.51;Graduate;0,916666667;0;12
1430;1;17;1;9773;1;1;120.0;1;19;38;9;7;117.9;1;0;0;1;0;1;21;0;0;6;6;5;13.0;0;0;6;7;6;12.833.333.333.333.300;0;8.9;1.4;3.51;Graduate;0,916666667;0;12
237;1;1;1;9853;1;1;148.0;1;19;19;5;7;141.7;0;0;0;1;0;1;18;0;0;6;8;5;13.4;0;0;6;7;6;13.166.666.666.666.600;0;9.4;-0.8;-3.12;Graduate;0,916666667;0;12
3386;1;1;1;9238;1;1;115.0;1;19;38;7;7;108.7;0;0;0;1;0;1;19;0;0;6;9;5;10.8;0;0;6;8;6;10.714.285.714.285.700;0;15.5;2.8;-4.06;Graduate;0,916666667;0;12
4241;1;51;1;9085;1;1;125.0;1;1;1;9;4;120.0;0;0;0;1;0;0;22;0;0;6;8;6;14.833.333.333.333.300;0;0;6;10;5;13.833.333.333.333.300;0;11.1;0.6;2.02;Graduate;0,916666667;0;12
1724;1;1;1;9773;1;1;132.0;1;2;1;9;9;126.4;1;1;0;1;0;1;18;0;0;6;9;6;11.166.666.666.666.600;0;0;6;11;5;12.4;0;10.8;1.4;1.74;Graduate;0,916666667;0;12
3505;1;1;1;9670;1;1;141.0;1;1;1;5;9;126.3;0;0;0;1;1;1;18;0;0;6;8;6;12.166.666.666.666.600;0;0;6;7;5;13.0;0;13.9;-0.3;0.79;Graduate;0,916666667;0;12
3311;2;39;1;8014;0;1;140.0;1;19;19;9;7;102.5;0;0;0;1;0;1;32;0;0;6;6;6;11.333.333.333.333.300;0;0;6;8;5;13.0;0;15.5;2.8;-4.06;Graduate;0,916666667;0;12
1685;1;17;3;9070;1;1;128.0;1;37;37;5;5;124.5;1;0;0;1;1;0;18;0;0;6;6;6;14.166.666.666.666.600;0;0;6;8;5;13.0;0;10.8;1.4;1.74;Graduate;0,916666667;0;12
635;1;1;1;9670;1;1;135.0;1;37;37;9;7;132.6;1;0;0;1;0;1;18;0;0;6;7;6;13.5;0;0;6;9;5;14.0;0;8.9;1.4;3.51;Graduate;0,916666667;0;12
2951;2;1;1;9003;1;1;131.0;1;19;38;5;5;118.4;0;0;0;1;0;0;20;0;0;6;11;6;14.125;0;0;6;10;5;12.6;0;13.9;-0.3;0.79;Graduate;0,916666667;0;12
999;1;17;1;9254;1;1;115.0;1;1;19;3;3;109.4;1;0;0;1;0;0;19;0;0;6;8;6;12.666.666.666.666.600;0;0;6;8;5;13.4;0;11.1;0.6;2.02;Graduate;0,916666667;0;12
1621;1;18;1;9670;1;1;128.0;1;19;3;9;7;120.0;1;0;0;1;0;0;19;0;0;6;8;6;14.125;0;0;6;10;5;14.5;0;11.1;0.6;2.02;Graduate;0,916666667;0;12
4;1;17;2;9773;1;1;122.0;1;38;37;5;3;119.6;1;0;0;1;0;0;20;0;0;6;8;6;13.428.571.428.571.400;0;0;6;10;5;12.4;0;9.4;-0.8;-3.12;Graduate;0,916666667;0;12
4310;1;1;4;9773;1;1;133.0;1;1;19;9;9;119.7;1;0;0;1;1;0;19;0;0;6;7;6;12.333.333.333.333.300;0;0;6;10;5;13.2;0;16.2;0.3;-0.92;Graduate;0,916666667;0;12
1498;1;17;2;9670;1;1;110.0;1;1;1;4;10;115.3;1;0;0;1;1;0;19;0;0;6;8;6;13.857.142.857.142.800;0;0;6;8;5;13.0;0;15.5;2.8;-4.06;Graduate;0,916666667;0;12
3043;1;17;4;9670;1;1;110.0;1;1;37;7;7;111.1;1;0;0;0;0;0;18;0;0;6;6;6;12.333.333.333.333.300;0;0;6;8;5;13.6;0;8.9;1.4;3.51;Graduate;0,916666667;0;12
2955;4;39;1;9238;1;1;120.0;1;37;37;9;9;125.5;1;0;0;1;0;1;39;0;0;6;7;6;14.0;0;0;6;7;5;14.8;0;12.7;3.7;-1.7;Graduate;0,916666667;0;12
328;1;1;1;9238;1;1;134.0;1;1;1;9;6;130.9;0;0;1;1;0;0;18;0;0;6;10;6;11.857.142.857.142.800;0;0;6;9;5;11.0;0;13.9;-0.3;0.79;Graduate;0,916666667;0;12
2241;1;39;1;9254;1;1;150.0;1;3;1;3;4;122.3;0;0;0;1;1;0;28;0;0;6;10;6;13.0;0;0;6;8;5;12.2;0;13.9;-0.3;0.79;Graduate;0,916666667;0;12
564;1;1;1;9130;1;1;132.0;1;19;38;9;9;130.4;1;0;0;1;1;0;18;0;0;6;6;6;13.5;0;0;6;9;5;13.2;0;8.9;1.4;3.51;Graduate;0,916666667;0;12
902;1;43;2;9238;1;1;118.0;1;38;38;5;5;110.0;0;0;0;1;0;1;19;0;0;6;8;6;11.428.571.428.571.400;0;0;6;11;5;11.2;0;10.8;1.4;1.74;Graduate;0,916666667;0;12
2423;1;39;1;9003;1;1;120.0;1;37;37;9;9;150.1;1;0;0;1;1;0;43;0;0;6;9;6;1.477.777.777.777.770;0;0;6;11;5;12.2;0;13.9;-0.3;0.79;Graduate;0,916666667;0;12
787;1;1;1;9070;1;1;153.0;1;3;3;1;2;146.7;1;0;0;1;0;0;18;0;0;6;6;6;13.666.666.666.666.600;0;0;6;6;5;14.0;0;12.7;3.7;-1.7;Graduate;0,916666667;0;12
449;1;1;2;9773;1;1;121.0;1;1;19;9;7;118.9;1;0;0;1;0;0;20;0;0;6;6;6;13.333.333.333.333.300;0;0;6;10;5;12.8;0;11.1;0.6;2.02;Graduate;0,916666667;0;12
965;1;1;1;9773;1;1;121.0;1;1;3;3;7;113.0;1;0;0;1;1;1;18;0;0;6;7;6;11.666.666.666.666.600;0;0;6;12;5;10.2;0;12.4;0.5;1.79;Graduate;0,916666667;0;12
1500;1;44;1;9003;1;39;160.0;1;1;38;4;4;160.0;1;0;0;1;1;1;20;0;0;6;9;6;13.444.444.444.444.400;0;0;6;9;5;12.6;0;13.9;-0.3;0.79;Graduate;0,916666667;0;12
1832;1;1;1;9238;1;1;130.0;1;1;1;4;4;124.8;0;0;0;1;0;1;18;0;0;6;9;6;11.5;0;0;6;11;5;14.0;0;11.1;0.6;2.02;Graduate;0,916666667;0;12
1944;1;1;1;9070;1;1;117.0;1;4;19;3;5;123.7;1;0;0;1;0;0;19;0;0;6;6;6;12.666.666.666.666.600;0;0;6;8;5;11.4;0;12.4;0.5;1.79;Graduate;0,916666667;0;12
4360;1;1;4;9238;1;1;130.0;1;1;19;4;5;124.8;1;0;0;1;0;0;19;0;0;6;6;6;13.0;0;0;6;8;5;13.4;0;8.9;1.4;3.51;Graduate;0,916666667;0;12
2890;1;17;4;9670;1;1;126.0;1;38;19;9;6;119.4;1;0;0;1;0;1;18;0;0;6;6;6;14.0;0;0;6;9;5;13.8;0;8.9;1.4;3.51;Graduate;0,916666667;0;12
517;2;39;1;9003;1;1;120.0;1;37;19;9;4;148.8;0;0;0;1;0;0;50;0;0;6;7;6;12.5;0;0;6;15;5;12.4;0;8.9;1.4;3.51;Graduate;0,916666667;0;12
271;1;44;1;9003;1;39;150.0;1;37;38;4;8;150.0;0;0;0;1;0;1;21;0;0;6;9;6;12.666.666.666.666.600;0;0;6;8;5;12.8;0;13.9;-0.3;0.79;Graduate;0,916666667;0;12
4037;1;39;1;9670;1;1;120.0;1;1;19;4;10;142.3;1;0;0;1;0;1;26;0;0;6;6;6;13.333.333.333.333.300;0;0;6;10;5;14.5;0;10.8;1.4;1.74;Graduate;0,916666667;0;12
826;1;17;3;9670;1;1;125.0;1;1;3;4;3;117.3;1;0;0;1;0;0;18;0;0;6;8;6;14.0;0;0;6;9;5;14.0;0;8.9;1.4;3.51;Graduate;0,916666667;0;12
142;1;1;6;9773;1;1;116.0;1;19;1;4;4;110.1;1;0;0;1;0;1;19;0;0;6;8;6;12.666.666.666.666.600;0;0;6;10;5;12.0;0;12.4;0.5;1.79;Graduate;0,916666667;0;12
2119;1;1;4;9773;1;1;132.0;11;12;12;90;4;129.9;1;0;0;1;0;0;18;1;0;6;6;6;12.666.666.666.666.600;0;0;6;8;5;14.4;0;7.6;2.6;0.32;Graduate;0,916666667;0;12
14;1;53;1;9254;1;42;110.0;1;1;1;4;7;111.8;1;0;0;1;0;1;21;0;0;6;7;6;10.571.428.571.428.500;0;0;6;8;5;11.0;0;8.9;1.4;3.51;Graduate;0,916666667;0;12
2561;1;17;5;9853;1;1;141.0;1;3;19;2;7;130.9;1;0;0;1;0;0;18;0;0;6;7;6;13.5;0;0;6;8;5;12.6;0;7.6;2.6;0.32;Graduate;0,916666667;0;12
3162;1;1;1;9254;1;1;138.0;41;1;1;9;9;126.5;1;0;0;1;0;1;20;1;0;6;7;6;12.857.142.857.142.800;0;0;6;8;5;11.8;0;8.9;1.4;3.51;Graduate;0,916666667;0;12
869;1;18;1;9254;1;1;137.0;1;19;19;4;5;126.9;0;0;0;1;1;0;20;0;0;6;7;6;13.857.142.857.142.800;0;0;6;7;5;12.8;0;16.2;0.3;-0.92;Graduate;0,916666667;0;12
3871;1;17;1;9670;1;1;133.1;1;1;37;4;5;150.0;0;0;0;1;1;0;21;0;0;6;8;6;14.75;0;0;6;9;5;14.333.333.333.333.300;0;11.1;0.6;2.02;Graduate;0,916666667;0;12
2798;1;1;2;9670;1;1;123.0;1;1;38;7;7;120.6;1;0;0;1;1;0;19;0;0;6;6;6;13.333.333.333.333.300;0;0;6;8;5;14.0;0;8.9;1.4;3.51;Graduate;0,916666667;0;12
1889;1;10;1;9085;1;1;184.4;22;2;19;2;8;184.4;0;0;0;1;0;0;18;1;0;6;8;6;15.0;0;0;6;10;5;14.333.333.333.333.300;0;11.1;0.6;2.02;Graduate;0,916666667;0;12
794;1;17;3;9238;1;1;118.0;1;3;1;2;5;110.0;1;0;0;1;0;0;18;0;0;6;6;6;12.0;0;0;6;6;5;13.6;0;8.9;1.4;3.51;Graduate;0,916666667;0;12
250;1;1;1;9670;1;1;136.0;1;19;1;9;8;123.4;1;0;0;1;0;1;18;0;0;6;10;6;13.25;0;0;6;13;5;14.142.857.142.857.100;0;11.1;0.6;2.02;Graduate;0,916666667;0;12
2539;1;15;1;9670;1;1;130.0;26;42;1;2;7;130.0;0;1;1;1;0;0;20;1;0;6;6;6;13.5;0;0;6;9;5;13.0;0;8.9;1.4;3.51;Graduate;0,916666667;0;12
11;1;1;1;9670;1;1;139.0;1;38;19;5;7;130.6;1;0;0;1;0;0;18;0;0;6;6;6;12.333.333.333.333.300;0;0;6;7;5;14.2;0;13.9;-0.3;0.79;Graduate;0,916666667;0;12
47;1;17;2;9238;1;1;130.0;1;19;19;9;9;127.6;1;0;0;1;0;0;18;0;0;6;6;6;11.666.666.666.666.600;0;0;6;8;5;13.2;0;11.1;0.6;2.02;Graduate;0,916666667;0;12
1177;1;16;2;9238;1;1;130.0;1;37;37;5;6;126.9;1;0;0;1;0;0;18;0;0;6;8;6;13.571.428.571.428.500;0;0;6;11;5;12.166.666.666.666.600;0;9.4;-0.8;-3.12;Graduate;0,916666667;0;12
4138;2;39;1;9254;1;1;130.0;1;37;37;9;9;125.0;0;0;0;1;0;0;41;0;0;6;8;6;12.285.714.285.714.200;0;0;6;10;5;13.0;0;8.9;1.4;3.51;Graduate;0,916666667;0;12
1604;1;44;1;9003;1;39;120.0;1;19;38;6;6;120.0;1;0;0;1;1;0;19;0;0;6;8;6;12.142.857.142.857.100;0;0;6;11;5;13.6;0;12.4;0.5;1.79;Graduate;0,916666667;0;12
3753;1;1;2;9773;1;1;130.0;1;1;1;9;4;126.2;1;0;0;1;0;0;18;0;0;6;6;6;11.666.666.666.666.600;0;0;6;6;5;12.2;0;12.7;3.7;-1.7;Graduate;0,916666667;0;12
2827;1;1;2;9670;1;1;121.0;1;1;19;4;7;135.4;1;0;0;1;0;1;19;0;0;6;6;6;13.333.333.333.333.300;0;0;6;10;5;13.4;0;8.9;1.4;3.51;Graduate;0,916666667;0;12
3185;1;1;1;9085;1;1;111.0;1;1;38;5;9;107.5;0;0;0;1;1;1;19;0;0;6;9;6;13.833.333.333.333.300;0;0;6;12;5;13.666.666.666.666.600;0;11.1;0.6;2.02;Graduate;0,916666667;0;12
1418;1;17;1;9670;1;1;130.0;1;3;19;5;5;121.6;0;0;0;1;0;0;18;0;0;6;6;6;13.666.666.666.666.600;0;0;6;8;5;13.6;0;8.9;1.4;3.51;Graduate;0,916666667;0;12
958;1;1;3;9773;1;1;115.0;1;38;1;9;4;116.1;1;0;0;1;1;0;19;0;0;6;6;6;12.5;0;0;6;7;5;13.0;0;12.4;0.5;1.79;Graduate;0,916666667;0;12
941;1;1;3;9773;1;1;110.0;1;19;19;5;5;105.5;1;0;0;1;0;0;19;0;0;6;6;6;13.0;0;0;6;8;5;12.4;0;12.4;0.5;1.79;Graduate;0,916666667;0;12
1627;1;1;1;9085;1;1;127.0;1;37;2;9;4;123.2;1;0;0;1;0;1;18;0;0;6;7;6;15.714.285.714.285.700;0;0;6;17;5;1.277.777.777.777.770;0;12.4;0.5;1.79;Graduate;0,916666667;0;12
3354;1;1;1;9773;1;1;131.0;1;38;1;5;7;131.0;1;0;0;1;1;1;18;0;0;6;7;6;12.714.285.714.285.700;0;0;6;8;5;11.833.333.333.333.300;0;13.9;-0.3;0.79;Graduate;0,916666667;0;12
3349;1;39;1;9003;1;1;133.1;1;38;37;9;4;120.0;0;0;0;1;1;0;30;0;0;6;10;6;11.375;0;0;6;10;5;11.6;0;13.9;-0.3;0.79;Graduate;0,916666667;0;12
1722;1;1;2;9254;1;1;121.0;1;37;37;9;9;124.2;1;0;0;1;0;1;18;0;0;6;8;6;10.571.428.571.428.500;0;0;6;9;5;11.4;0;16.2;0.3;-0.92;Graduate;0,916666667;0;12
502;1;17;2;9254;1;1;128.0;1;38;38;9;9;129.1;1;0;0;1;0;0;18;0;0;6;6;6;12.666.666.666.666.600;0;0;6;7;5;14.6;0;11.1;0.6;2.02;Graduate;0,916666667;0;12
3857;1;39;1;9254;1;1;150.0;1;37;37;9;9;115.0;0;0;0;1;1;0;36;0;0;6;8;6;13.571.428.571.428.500;0;0;6;9;5;13.2;0;12.7;3.7;-1.7;Graduate;0,916666667;0;12
88;1;17;1;9070;1;1;124.0;1;19;38;4;0;117.6;1;0;0;1;1;0;20;0;0;6;9;6;10.666.666.666.666.600;1;0;6;6;5;11.2;0;7.6;2.6;0.32;Graduate;0,916666667;0;12
2895;1;17;4;9853;1;1;122.0;1;38;37;9;9;118.9;1;0;0;1;0;0;20;0;0;6;7;6;12.666.666.666.666.600;0;0;6;7;5;13.0;0;7.6;2.6;0.32;Graduate;0,916666667;0;12
2494;2;39;1;9003;1;1;133.1;1;37;37;8;7;150.0;0;0;0;1;1;0;31;0;0;6;10;6;15.0;0;0;6;11;5;12.5;0;13.9;-0.3;0.79;Graduate;0,916666667;0;12
3531;1;1;3;9670;1;1;106.0;1;3;1;2;3;105.7;1;0;0;1;1;0;19;0;0;6;6;6;13.333.333.333.333.300;0;0;6;9;5;13.8;0;8.9;1.4;3.51;Graduate;0,916666667;0;12
736;1;17;2;9670;1;1;110.0;1;3;3;4;10;115.6;1;0;0;1;1;0;21;0;0;6;10;6;11.875;0;0;6;8;5;12.0;0;11.1;0.6;2.02;Graduate;0,916666667;0;12
3697;1;43;1;9254;1;1;112.0;1;37;37;9;9;108.5;0;0;0;1;1;0;21;0;0;6;6;6;12.666.666.666.666.600;0;0;6;7;5;11.4;0;9.4;-0.8;-3.12;Graduate;0,916666667;0;12
2302;1;17;1;9070;1;1;131.0;1;19;19;7;7;125.1;0;0;0;1;1;0;18;0;0;6;7;6;12.333.333.333.333.300;0;0;6;10;5;10.8;4;16.2;0.3;-0.92;Enrolled;0,916666667;0;12
1271;1;17;1;9773;1;1;121.0;1;37;19;9;10;113.7;0;0;0;1;0;0;18;0;0;6;8;5;12.6;0;0;6;10;6;12.428.571.428.571.400;0;15.5;2.8;-4.06;Enrolled;0,916666667;0;12
2784;1;1;1;9238;1;1;132.0;1;37;37;9;7;129.9;1;0;0;1;0;0;20;0;0;6;7;5;13.2;0;0;6;6;6;12.666.666.666.666.600;0;10.8;1.4;1.74;Enrolled;0,916666667;0;12
3789;1;44;1;9003;1;39;130.0;1;3;1;4;6;130.0;0;0;0;1;1;0;19;0;0;6;8;5;11.5;0;0;6;11;6;11.333.333.333.333.300;0;12.4;0.5;1.79;Enrolled;0,916666667;0;12
1499;4;39;1;9003;1;1;140.0;1;37;37;9;8;150.0;0;0;0;1;1;0;28;0;0;6;12;5;12.0;0;0;6;10;6;12.333.333.333.333.300;0;11.1;0.6;2.02;Enrolled;0,916666667;0;12
1465;1;17;2;9254;1;1;135.0;1;19;19;4;3;135.0;1;0;0;1;1;0;20;0;0;6;8;6;11.833.333.333.333.300;0;0;6;9;5;10.4;0;7.6;2.6;0.32;Enrolled;0,916666667;0;12
1287;1;1;2;9070;1;1;129.0;1;1;1;4;9;132.9;1;0;0;1;1;1;20;0;0;6;9;6;11.375;0;0;6;6;5;13.8;0;7.6;2.6;0.32;Enrolled;0,916666667;0;12
70;1;39;1;9254;1;1;160.0;1;19;37;7;10;100.0;0;0;0;1;1;0;26;0;0;6;7;6;12.0;0;0;6;8;5;10.8;0;12.7;3.7;-1.7;Enrolled;0,916666667;0;12
2478;1;1;1;9254;1;1;160.0;1;19;38;9;9;140.8;1;0;0;1;1;0;23;0;0;6;8;6;12.666.666.666.666.600;0;0;6;10;5;12.2;0;7.6;2.6;0.32;Enrolled;0,916666667;0;12
3402;1;1;1;9670;1;1;126.0;1;37;19;7;7;125.7;0;0;0;1;0;0;20;0;0;6;9;6;13.571.428.571.428.500;0;0;6;10;5;13.6;0;15.5;2.8;-4.06;Enrolled;0,916666667;0;12
293;1;44;1;9003;1;39;140.0;1;37;37;9;4;140.0;0;0;0;1;0;0;24;0;0;6;10;6;11.428.571.428.571.400;0;0;6;12;5;13.0;0;12.4;0.5;1.79;Enrolled;0,916666667;0;12
4275;1;1;1;9254;1;1;131.0;1;37;19;9;9;134.5;1;0;0;1;1;0;25;0;0;6;8;6;13.166.666.666.666.600;0;0;6;8;5;12.6;0;7.6;2.6;0.32;Enrolled;0,916666667;0;12
1488;1;17;1;9670;1;1;133.1;1;1;37;4;9;96.0;1;0;0;1;0;1;25;0;0;6;8;6;11.285.714.285.714.200;0;0;6;10;5;12.2;0;15.5;2.8;-4.06;Enrolled;0,916666667;0;12
1609;1;17;1;9773;1;1;128.0;1;38;19;9;10;125.2;1;0;0;1;1;0;18;0;0;6;6;6;12.666.666.666.666.600;0;0;6;7;5;13.6;0;12.4;0.5;1.79;Enrolled;0,916666667;0;12
3701;1;17;3;9070;1;1;131.0;1;38;37;5;5;120.2;1;0;0;1;1;0;18;0;0;6;6;6;12.833.333.333.333.300;0;0;6;8;5;11.4;0;15.5;2.8;-4.06;Enrolled;0,916666667;0;12
2916;6;39;1;8014;0;1;133.1;1;37;37;9;9;119.0;0;0;0;1;0;1;48;0;0;6;7;6;10.666.666.666.666.600;0;0;6;9;5;11.8;0;10.8;1.4;1.74;Enrolled;0,916666667;0;12
3887;1;1;1;9254;1;1;128.0;1;19;19;7;8;120.0;1;0;0;1;0;1;20;0;0;6;6;6;14.5;0;0;6;7;5;15.0;0;12.4;0.5;1.79;Enrolled;0,916666667;0;12
3666;1;39;1;9003;1;19;133.1;1;37;37;9;4;140.0;0;0;0;1;1;0;43;0;0;6;8;6;12.875;0;0;6;14;5;12.142.857.142.857.100;0;16.2;0.3;-0.92;Enrolled;0,916666667;0;12
1433;1;1;3;9254;1;1;129.0;1;37;38;7;7;122.0;1;0;0;1;0;1;18;0;0;6;9;6;10.833.333.333.333.300;0;0;6;8;5;11.0;0;7.6;2.6;0.32;Enrolled;0,916666667;0;12
1666;1;1;1;9773;1;1;150.0;1;1;1;4;4;138.1;1;0;0;1;0;0;19;0;0;6;7;6;14.0;0;0;6;7;5;15.0;0;11.1;0.6;2.02;Enrolled;0,916666667;0;12
2371;1;44;1;9003;1;1;140.0;1;1;1;4;5;140.0;0;0;0;1;1;0;20;0;0;6;11;6;11.285.714.285.714.200;0;0;6;12;5;1.177.777.777.777.770;0;16.2;0.3;-0.92;Enrolled;0,916666667;0;12
2729;1;39;1;9085;1;1;130.0;1;4;1;2;9;120.0;0;0;0;0;0;0;26;0;0;6;8;6;15.428.571.428.571.400;0;0;6;7;5;14.5;0;11.1;0.6;2.02;Enrolled;0,916666667;0;12
4080;1;1;2;9670;1;1;143.0;1;37;37;9;7;131.8;1;0;0;1;0;1;18;0;0;6;8;6;13.571.428.571.428.500;0;0;6;6;5;12.8;0;12.4;0.5;1.79;Enrolled;0,916666667;0;12
2824;1;17;1;9670;1;1;115.0;1;1;1;4;4;109.1;1;0;0;1;0;1;19;0;0;6;7;6;13.285.714.285.714.200;0;0;6;9;5;14.6;0;12.4;0.5;1.79;Enrolled;0,916666667;0;12
595;1;17;1;9003;1;1;119.0;1;37;37;4;6;113.2;0;0;1;1;0;0;20;0;0;6;8;6;13.333.333.333.333.300;0;0;6;8;5;14.0;0;11.1;0.6;2.02;Enrolled;0,916666667;0;12
1356;1;1;1;9085;1;1;132.0;1;1;12;4;5;124.3;0;0;0;1;0;0;20;0;0;6;10;6;13.428.571.428.571.400;0;0;6;11;5;12.666.666.666.666.600;0;13.9;-0.3;0.79;Enrolled;0,916666667;0;12
3555;1;17;1;9670;1;1;123.0;1;37;38;3;3;122.0;0;0;1;1;1;0;19;0;0;6;7;6;13.166.666.666.666.600;0;0;6;9;5;13.2;0;8.9;1.4;3.51;Enrolled;0,916666667;0;12
3314;1;1;1;9254;1;1;120.0;1;1;1;9;10;118.3;0;0;0;1;1;0;20;0;0;6;8;6;12.857.142.857.142.800;0;0;6;9;5;12.4;0;8.9;1.4;3.51;Enrolled;0,916666667;0;12
3911;1;17;1;9773;1;1;144.0;1;19;19;4;4;130.7;1;0;0;1;0;0;20;0;0;6;9;6;11.666.666.666.666.600;0;0;6;8;5;11.6;0;7.6;2.6;0.32;Enrolled;0,916666667;0;12
4304;1;17;4;9773;1;1;147.0;1;1;1;4;5;139.7;1;0;0;1;1;0;18;0;0;6;10;5;11.6;0;0;6;6;6;12.0;0;9.4;-0.8;-3.12;Dropout;0,916666667;0;12
1094;1;18;4;9773;1;1;130.0;1;19;19;4;4;121.3;1;0;0;1;0;0;20;0;0;6;12;5;12.0;0;0;6;8;6;11.571.428.571.428.500;0;15.5;2.8;-4.06;Dropout;0,916666667;0;12
4409;2;39;1;9773;1;1;100.0;1;37;37;9;9;133.0;0;0;0;1;1;0;47;0;0;6;8;5;11.4;0;0;6;10;6;11.666.666.666.666.600;0;12.7;3.7;-1.7;Dropout;0,916666667;0;12
2660;1;1;1;9254;1;1;125.0;1;37;37;3;3;124.0;0;0;0;1;1;1;19;0;0;6;7;6;11.0;0;0;6;6;5;12.2;0;11.1;0.6;2.02;Dropout;0,916666667;0;12
3594;1;1;3;9773;1;1;127.0;1;19;38;8;3;133.7;1;0;1;1;1;0;18;0;0;6;6;6;13.0;0;0;6;7;5;11.8;0;12.7;3.7;-1.7;Dropout;0,916666667;0;12
3709;1;17;4;9070;1;1;128.0;1;1;1;9;10;136.1;1;0;1;0;1;0;19;0;0;6;6;6;12.666.666.666.666.600;0;0;6;8;5;11.8;0;11.1;0.6;2.02;Dropout;0,916666667;0;12
2100;1;17;2;9254;1;1;123.0;1;19;19;5;5;113.2;1;0;1;1;0;0;19;0;0;6;10;6;12.166.666.666.666.600;0;0;6;8;5;11.666.666.666.666.600;0;16.2;0.3;-0.92;Dropout;0,916666667;0;12
2619;1;17;2;9853;1;1;150.0;1;38;19;5;5;142.0;1;0;0;1;0;1;19;0;0;6;8;6;12.333.333.333.333.300;0;0;6;7;5;12.4;0;10.8;1.4;1.74;Dropout;0,916666667;0;12
1420;1;39;1;9130;1;1;114.0;1;38;38;9;10;120.0;0;0;0;1;0;0;24;0;0;6;9;6;12.571.428.571.428.500;0;0;6;10;5;12.833.333.333.333.300;0;11.1;0.6;2.02;Dropout;0,916666667;0;12
2923;2;39;1;9238;1;19;133.1;1;37;37;4;4;98.5;0;0;0;1;0;0;48;0;0;6;14;6;11.333.333.333.333.300;0;0;6;11;5;12.4;0;15.5;2.8;-4.06;Dropout;0,916666667;0;12
3048;1;1;4;9773;1;1;137.0;1;37;37;0;90;134.2;1;0;0;1;0;0;18;0;0;6;6;6;13.166.666.666.666.600;0;0;6;8;5;14.2;0;10.8;1.4;1.74;Dropout;0,916666667;0;12
2256;1;39;1;9254;1;1;133.1;1;37;37;9;6;121.5;0;0;0;1;1;0;54;0;0;6;9;6;13.714.285.714.285.700;0;0;6;13;5;14.333.333.333.333.300;0;16.2;0.3;-0.92;Dropout;0,916666667;0;12
1743;1;1;1;9130;1;1;121.0;1;3;19;2;9;115.4;1;0;0;1;1;0;18;0;0;6;8;6;13.714.285.714.285.700;0;0;6;7;5;13.333.333.333.333.300;0;15.5;2.8;-4.06;Dropout;0,916666667;0;12
2088;1;17;1;9130;1;1;157.0;1;3;2;3;6;150.9;1;0;0;1;0;0;18;0;0;6;8;6;15.0;0;0;6;8;5;15.166.666.666.666.600;0;13.9;-0.3;0.79;Dropout;0,916666667;0;12
2095;1;17;1;9853;1;1;135.0;1;3;3;2;2;132.9;1;0;0;0;0;0;29;0;0;6;9;6;16.333.333.333.333.300;0;0;6;8;5;15.6;0;12.7;3.7;-1.7;Dropout;0,916666667;0;12
2515;1;1;1;9670;1;1;126.0;1;1;3;4;3;122.5;1;0;0;1;0;0;19;0;0;6;6;6;13.333.333.333.333.300;0;0;6;8;5;12.8;0;8.9;1.4;3.51;Dropout;0,916666667;0;12
473;1;1;1;9670;1;1;142.0;1;38;19;7;10;128.4;0;0;0;1;0;0;23;0;0;6;11;6;11.875;0;0;6;9;5;12.833.333.333.333.300;0;11.1;0.6;2.02;Dropout;0,916666667;0;12
1451;1;17;1;9130;1;1;132.0;1;2;1;4;1;127.8;0;0;0;1;1;0;18;0;0;6;9;6;12.0;0;0;6;10;5;12.166.666.666.666.600;0;11.1;0.6;2.02;Dropout;0,916666667;0;12
4334;1;1;2;9238;1;1;147.0;1;19;38;9;8;135.8;1;0;0;1;0;1;19;0;0;6;8;6;12.714.285.714.285.700;0;0;6;12;5;11.0;0;13.9;-0.3;0.79;Dropout;0,916666667;0;12
4396;1;17;3;9773;1;1;153.0;1;34;34;99;99;133.1;1;0;1;1;0;1;19;0;0;6;8;6;12.166.666.666.666.600;0;0;6;8;5;12.4;0;9.4;-0.8;-3.12;Dropout;0,916666667;0;12
3770;1;1;3;9773;1;1;131.0;1;1;1;4;4;127.2;1;0;0;1;0;1;18;0;0;6;6;6;13.166.666.666.666.600;0;0;6;7;5;13.2;0;12.4;0.5;1.79;Dropout;0,916666667;0;12
210;1;39;1;9254;1;19;133.1;1;3;19;2;3;124.5;0;0;0;1;0;1;36;0;0;6;7;6;13.714.285.714.285.700;0;0;6;6;5;12.8;0;16.2;0.3;-0.92;Dropout;0,916666667;0;12
3307;2;43;1;9254;1;3;120.0;1;38;37;9;3;120.0;1;0;0;1;0;0;33;0;9;12;22;10;13.3;0;9;11;11;11;13.727.272.727.272.700;0;9.4;-0.8;-3.12;Graduate;0,913043478;0,782608696;23
3729;1;51;1;8014;0;2;110.0;1;19;38;9;10;110.0;0;0;0;1;1;0;42;0;8;12;12;11;14.454.545.454.545.400;0;7;11;11;10;14.2;0;11.1;0.6;2.02;Graduate;0,913043478;0,652173913;23
3995;1;1;1;171;1;1;133.1;1;3;1;2;4;128.2;1;0;0;1;0;0;20;0;5;12;13;12;1.123.076.923.076.920;0;3;11;18;9;1.277.777.777.777.770;0;11.1;0.6;2.02;Graduate;0,913043478;0,347826087;23
376;2;51;1;8014;0;19;133.1;1;37;37;9;9;104.0;0;0;1;1;0;0;42;0;5;11;14;10;11.9;0;5;11;14;10;12.8;0;11.1;0.6;2.02;Enrolled;0,909090909;0,454545455;22
1291;1;17;2;9119;1;1;120.0;1;1;19;9;8;117.2;0;0;0;1;1;1;18;0;0;5;8;4;13.5;0;0;6;10;6;13.625;0;11.1;0.6;2.02;Enrolled;0,909090909;0;11
2621;1;42;1;9070;1;1;100.0;1;3;2;2;2;115.9;0;0;0;1;0;0;29;0;9;10;15;9;11.555.555.555.555.500;0;7;11;17;10;11.9;0;9.4;-0.8;-3.12;Enrolled;0,904761905;0,761904762;21
2415;1;43;2;9147;1;1;130.0;1;34;37;9;9;118.5;1;0;0;1;1;0;23;0;5;10;19;8;11.625;1;4;10;16;10;11.181.818.181.818.100;3;7.6;2.6;0.32;Graduate;0,9;0,45;20
3283;2;53;1;9147;1;42;130.0;1;19;19;175;152;132.4;0;0;0;1;0;0;30;0;6;11;20;9;1.222.222.222.222.220;0;3;9;16;9;11.6;0;8.9;1.4;3.51;Enrolled;0,9;0,45;20
3405;2;43;1;9991;0;1;134.0;1;37;37;9;9;113.7;0;0;0;1;0;0;32;0;1;5;5;5;10.2;0;0;5;9;4;11.25;0;9.4;-0.8;-3.12;Enrolled;0,9;0,1;10
1490;1;17;6;9119;1;1;124.0;1;19;19;4;0;126.1;1;0;0;1;1;0;20;0;0;5;7;4;13.0;0;0;5;9;5;14.833.333.333.333.300;3;7.6;2.6;0.32;Graduate;0,9;0;10
1665;1;1;1;9085;1;1;120.0;1;37;37;9;1;123.2;0;0;0;1;0;0;20;0;0;5;8;5;14.166.666.666.666.600;2;0;5;6;4;11.75;2;9.4;-0.8;-3.12;Graduate;0,9;0;10
122;1;1;2;9147;1;1;120.0;1;19;19;9;7;118.6;1;0;0;1;0;0;19;0;0;5;8;5;10.8;0;0;5;9;4;11.25;2;16.2;0.3;-0.92;Graduate;0,9;0;10
3975;1;43;1;9085;1;1;130.0;1;19;38;7;7;120.2;1;0;0;1;0;0;20;0;0;5;9;4;12.0;0;0;5;10;5;13.428.571.428.571.400;1;10.8;1.4;1.74;Graduate;0,9;0;10
3644;1;17;1;9085;1;1;125.0;1;1;37;4;9;117.0;1;0;0;1;0;1;19;0;0;5;6;4;12.0;0;0;5;8;5;13.333.333.333.333.300;1;10.8;1.4;1.74;Graduate;0,9;0;10
4189;1;1;1;9670;1;1;112.0;1;37;1;7;0;110.6;0;0;0;1;0;0;20;0;0;5;7;4;11.75;0;0;5;7;5;11.8;1;7.6;2.6;0.32;Graduate;0,9;0;10
3560;1;1;1;9670;1;1;141.0;1;2;1;2;4;140.7;1;0;0;1;1;0;20;0;0;5;5;5;12.6;0;0;5;6;4;14.5;1;7.6;2.6;0.32;Graduate;0,9;0;10
2250;1;1;1;9130;1;1;141.0;1;1;1;4;10;138.9;1;0;0;1;1;0;18;0;0;5;5;5;13.6;0;0;5;6;4;13.25;1;10.8;1.4;1.74;Graduate;0,9;0;10
1343;1;17;1;9085;1;1;124.0;1;19;38;7;7;113.9;1;0;0;1;0;1;20;0;0;5;8;5;12.0;1;0;5;8;4;15.0;1;12.7;3.7;-1.7;Graduate;0,9;0;10
3142;1;17;2;9147;1;1;131.0;1;1;19;4;5;120.2;1;0;0;1;0;0;21;0;0;5;10;4;11.75;0;0;5;6;5;11.6;0;12.4;0.5;1.79;Graduate;0,9;0;10
3050;1;1;2;9085;1;1;127.0;1;38;37;5;7;123.9;1;0;0;1;0;0;18;0;0;5;9;4;13.0;0;0;5;8;5;13.142.857.142.857.100;0;10.8;1.4;1.74;Graduate;0,9;0;10
302;1;1;2;9085;1;1;117.0;1;38;37;9;9;113.5;1;0;0;1;0;1;21;0;0;5;7;4;12.0;0;0;5;5;5;12.2;0;10.8;1.4;1.74;Graduate;0,9;0;10
2353;1;1;1;9130;1;1;160.0;1;3;3;1;2;149.2;0;0;0;1;1;0;18;0;0;5;7;4;14.0;0;0;5;5;5;14.2;0;7.6;2.6;0.32;Graduate;0,9;0;10
536;1;43;1;9991;0;1;150.0;1;3;3;4;4;100.0;1;0;0;1;1;0;24;0;0;5;10;4;11.5;0;0;5;11;5;11.285.714.285.714.200;0;13.9;-0.3;0.79;Graduate;0,9;0;10
2540;1;18;1;9130;1;1;135.0;1;38;19;9;5;121.7;1;0;0;1;0;1;18;0;0;5;7;4;11.5;0;0;5;5;5;12.4;0;10.8;1.4;1.74;Graduate;0,9;0;10
1110;1;17;4;9085;1;1;138.0;1;19;36;90;7;134.9;1;0;0;1;0;0;20;0;0;5;7;4;12.4;0;0;5;9;5;12.666.666.666.666.600;0;7.6;2.6;0.32;Graduate;0,9;0;10
2730;1;1;1;9130;1;1;133.0;1;38;38;5;8;120.4;1;0;0;1;0;0;20;0;0;5;9;4;12.0;1;0;5;6;5;13.4;0;9.4;-0.8;-3.12;Graduate;0,9;0;10
2344;1;17;2;9991;0;1;116.0;1;37;19;9;4;118.5;0;0;0;1;1;0;23;0;0;5;6;4;13.0;0;0;5;5;5;13.0;0;7.6;2.6;0.32;Graduate;0,9;0;10
1679;1;17;1;9085;1;1;130.0;1;37;36;4;90;127.6;0;0;0;1;1;0;23;0;0;5;6;4;14.25;0;0;5;6;5;13.4;0;7.6;2.6;0.32;Graduate;0,9;0;10
87;1;39;1;9670;1;1;120.0;1;1;19;4;5;100.0;0;0;0;1;0;1;25;0;0;5;7;4;10.5;0;0;5;7;5;11.6;0;9.4;-0.8;-3.12;Graduate;0,9;0;10
1034;1;17;1;9085;1;1;129.0;1;1;37;9;9;118.2;1;0;0;1;0;1;18;0;0;5;7;4;13.25;0;0;5;8;5;15.571.428.571.428.500;0;10.8;1.4;1.74;Graduate;0,9;0;10
524;1;18;3;9085;1;1;149.0;103;1;1;9;9;132.2;1;0;0;1;0;1;18;1;0;5;9;4;12.0;0;0;5;8;5;13.0;0;10.8;1.4;1.74;Graduate;0,9;0;10
2168;1;1;6;9147;1;1;112.0;1;38;38;9;9;117.3;1;0;0;1;0;0;20;0;0;5;8;4;12.0;0;0;5;8;5;11.2;0;11.1;0.6;2.02;Graduate;0,9;0;10
3171;1;17;1;9147;1;1;127.0;1;1;37;4;8;121.1;1;0;0;1;1;1;20;0;0;5;11;4;12.0;0;0;5;5;5;12.8;0;11.1;0.6;2.02;Graduate;0,9;0;10
1476;1;17;1;9130;1;1;130.0;1;19;38;4;7;122.5;0;0;0;1;1;0;19;0;0;5;11;4;12.0;1;0;5;9;5;12.6;0;9.4;-0.8;-3.12;Graduate;0,9;0;10
4201;1;1;1;9147;1;1;133.1;1;37;37;191;154;95.0;0;0;0;1;0;0;20;0;0;5;10;4;11.75;0;0;5;8;5;11.8;0;11.1;0.6;2.02;Graduate;0,9;0;10
3261;1;1;1;9085;1;1;124.0;1;2;1;4;10;117.4;1;0;0;1;0;0;19;0;0;5;7;4;12.75;0;0;5;5;5;12.0;0;10.8;1.4;1.74;Graduate;0,9;0;10
1074;1;1;1;9085;1;1;151.0;1;3;3;1;90;161.9;0;0;0;1;0;0;18;0;0;5;6;4;13.75;0;0;5;8;5;14.857.142.857.142.800;0;7.6;2.6;0.32;Graduate;0,9;0;10
3711;1;17;4;9085;1;1;137.0;1;38;38;151;151;141.6;0;0;0;1;1;0;21;0;0;5;7;4;12.25;0;0;5;7;5;12.0;0;7.6;2.6;0.32;Graduate;0,9;0;10
912;1;1;1;9085;1;1;128.0;1;19;1;5;4;135.7;1;0;0;1;0;0;20;0;0;5;7;4;12.75;0;0;5;5;5;13.4;0;10.8;1.4;1.74;Graduate;0,9;0;10
1981;1;1;1;9147;1;1;140.0;1;19;19;9;9;124.3;1;0;0;1;0;1;18;0;0;5;8;4;10.75;0;0;5;5;5;13.0;0;12.4;0.5;1.79;Graduate;0,9;0;10
15;1;1;1;9085;1;1;149.0;1;38;37;5;5;137.1;1;0;0;1;0;1;18;0;0;5;7;4;13.25;0;0;5;5;5;12.0;0;10.8;1.4;1.74;Graduate;0,9;0;10
713;2;39;1;9085;1;1;133.1;1;37;37;90;90;110.3;0;0;0;1;1;0;33;0;0;5;7;4;13.5;0;0;5;6;5;11.6;0;7.6;2.6;0.32;Graduate;0,9;0;10
2740;1;1;4;9085;1;1;145.0;1;37;1;9;9;145.0;1;0;0;1;0;1;19;0;0;5;7;4;14.5;0;0;5;5;5;13.6;0;10.8;1.4;1.74;Graduate;0,9;0;10
1091;1;17;1;9130;1;1;130.0;1;1;1;4;5;123.8;0;0;0;1;0;0;18;0;0;5;7;4;12.0;0;0;5;6;5;12.0;0;7.6;2.6;0.32;Graduate;0,9;0;10
2557;1;15;1;9147;1;1;130.0;26;1;1;2;3;130.0;0;0;0;1;0;0;19;1;0;5;10;4;12.0;0;0;5;6;5;11.4;0;11.1;0.6;2.02;Graduate;0,9;0;10
3289;1;39;1;9991;0;1;150.0;1;1;37;4;6;120.0;0;0;0;1;1;0;25;0;0;5;6;4;10.5;0;0;5;6;5;12.0;0;9.4;-0.8;-3.12;Graduate;0,9;0;10
2059;1;1;1;9147;1;1;127.0;1;1;19;5;7;130.5;1;0;0;1;0;1;21;0;0;5;6;5;12.8;1;0;5;7;4;11.25;0;9.4;-0.8;-3.12;Graduate;0,9;0;10
2831;1;17;5;9147;1;1;131.0;1;19;38;3;10;119.8;1;0;0;1;0;0;19;0;0;5;8;5;12.6;0;0;5;9;4;11.6;0;8.9;1.4;3.51;Graduate;0,9;0;10
1924;1;17;3;9147;1;1;142.0;1;37;38;5;1;129.4;0;0;0;1;0;0;18;0;0;5;5;5;13.2;0;0;5;6;4;12.5;0;9.4;-0.8;-3.12;Graduate;0,9;0;10
2530;1;17;1;9147;1;1;134.0;1;19;38;4;8;129.5;0;0;0;1;0;1;18;0;0;5;5;5;11.6;0;0;5;12;4;12.625;0;10.8;1.4;1.74;Graduate;0,9;0;10
4153;1;1;3;9085;1;1;140.0;1;10;19;90;90;135.8;1;0;0;1;0;0;18;0;0;5;6;5;13.333.333.333.333.300;0;0;5;7;4;14.8;0;7.6;2.6;0.32;Graduate;0,9;0;10
2039;1;10;1;9670;1;1;148.9;22;37;37;9;9;148.9;0;0;0;1;0;0;20;1;0;5;6;5;11.6;0;0;5;6;4;11.5;0;9.4;-0.8;-3.12;Graduate;0,9;0;10
4363;1;1;3;9085;1;1;133.0;1;1;38;9;90;128.2;0;0;0;1;0;0;21;0;0;5;7;5;12.0;0;0;5;7;4;12.5;0;7.6;2.6;0.32;Graduate;0,9;0;10
3079;1;1;1;9670;1;1;129.0;1;1;37;4;9;118.2;0;0;0;1;1;0;19;0;0;5;5;5;10.8;0;0;5;5;4;12.25;0;9.4;-0.8;-3.12;Graduate;0,9;0;10
3150;4;39;1;9670;1;1;100.0;1;37;37;4;10;120.0;0;0;1;1;0;1;39;0;0;5;6;5;10.6;0;0;5;7;4;10.75;0;9.4;-0.8;-3.12;Graduate;0,9;0;10
3707;1;1;1;9147;1;1;139.0;1;38;1;5;5;127.1;1;0;0;1;1;1;22;0;0;5;8;5;11.2;0;0;5;13;4;11.25;0;12.7;3.7;-1.7;Graduate;0,9;0;10
3691;1;17;6;9147;1;1;129.0;1;19;1;9;4;122.0;1;0;0;1;1;0;19;0;0;5;8;5;11.6;1;0;5;10;4;10.75;0;9.4;-0.8;-3.12;Graduate;0,9;0;10
4338;1;1;1;9085;1;1;125.0;1;1;19;4;9;114.5;1;0;0;1;0;0;24;0;0;5;6;5;13.0;1;0;5;9;4;13.25;0;12.7;3.7;-1.7;Graduate;0,9;0;10
2453;1;1;1;9085;1;1;142.0;1;1;1;9;9;127.7;1;0;0;1;1;0;19;0;0;5;9;5;12.6;1;0;5;8;4;12.0;0;12.7;3.7;-1.7;Graduate;0,9;0;10
1416;1;1;2;9085;1;1;130.0;1;19;19;90;90;122.0;0;0;0;1;0;0;20;0;0;5;6;5;12.6;0;0;5;8;4;12.333.333.333.333.300;0;7.6;2.6;0.32;Graduate;0,9;0;10
2693;1;17;4;9147;1;1;114.0;1;19;19;4;4;109.5;1;0;0;1;1;1;20;0;0;5;6;5;11.8;0;0;5;8;4;11.6;0;8.9;1.4;3.51;Graduate;0,9;0;10
2964;2;1;1;9991;0;3;160.0;1;1;3;4;9;137.3;0;0;0;1;0;0;23;0;0;5;5;5;10.8;0;0;5;9;4;11.5;0;9.4;-0.8;-3.12;Graduate;0,9;0;10
1126;1;1;2;9670;1;1;144.0;1;37;38;9;9;126.9;0;0;0;1;0;1;21;0;0;5;5;5;13.2;0;0;5;5;4;13.0;0;9.4;-0.8;-3.12;Graduate;0,9;0;10
3577;1;17;3;9147;1;1;112.0;1;1;1;3;3;106.4;1;0;0;1;1;0;19;0;0;5;7;5;10.2;0;0;5;6;4;10.5;0;12.4;0.5;1.79;Graduate;0,9;0;10
3495;1;17;2;9670;1;1;128.0;1;37;38;5;8;121.7;0;0;0;1;1;1;20;0;0;5;5;5;12.4;0;0;5;5;4;10.75;0;9.4;-0.8;-3.12;Graduate;0,9;0;10
1694;1;1;1;9147;1;1;131.0;1;3;19;3;10;123.3;0;0;0;1;1;0;19;0;0;5;7;5;11.8;0;0;5;8;4;12.4;2;16.2;0.3;-0.92;Enrolled;0,9;0;10
849;1;1;1;9085;1;1;122.0;1;1;1;2;5;113.3;1;0;0;1;0;0;18;0;0;5;9;4;14.25;0;0;5;8;5;12.714.285.714.285.700;0;10.8;1.4;1.74;Enrolled;0,9;0;10
3360;1;1;1;9147;1;1;143.0;1;1;37;9;9;135.0;1;0;0;1;0;0;21;0;0;5;8;4;11.0;0;0;5;8;5;12.0;0;7.6;2.6;0.32;Enrolled;0,9;0;10
2630;1;39;9;9991;0;1;120.0;1;38;38;9;5;144.8;0;0;0;1;1;0;28;0;0;5;7;4;12.75;0;0;5;7;5;14.333.333.333.333.300;0;10.8;1.4;1.74;Enrolled;0,9;0;10
89;1;1;6;9147;1;1;143.0;1;38;37;9;9;128.7;1;0;0;1;1;0;23;0;0;5;6;4;14.0;0;0;5;5;5;13.8;0;11.1;0.6;2.02;Enrolled;0,9;0;10
2671;1;17;5;9119;1;1;138.0;1;19;19;5;5;123.3;1;0;1;1;1;0;18;0;0;5;9;4;12.5;0;0;5;11;5;11.285.714.285.714.200;0;12.4;0.5;1.79;Enrolled;0,9;0;10
3584;1;17;6;9147;1;1;120.0;1;37;38;9;9;115.5;1;0;1;0;1;0;19;0;0;5;8;4;12.5;0;0;5;9;5;10.5;0;8.9;1.4;3.51;Enrolled;0,9;0;10
1425;1;1;2;9130;1;1;140.0;1;19;37;9;9;129.5;1;0;0;1;0;0;18;0;0;5;10;4;13.5;1;0;5;5;5;13.4;0;12.7;3.7;-1.7;Enrolled;0,9;0;10
614;1;17;3;9147;1;1;118.0;1;1;19;5;7;118.0;0;0;0;1;0;0;20;0;0;5;11;4;11.0;0;0;5;7;5;13.2;0;12.4;0.5;1.79;Enrolled;0,9;0;10
2897;1;39;1;9991;0;1;120.0;1;37;37;6;6;147.8;0;0;0;1;0;0;40;0;0;5;9;4;11.25;0;0;5;6;5;12.0;0;13.9;-0.3;0.79;Enrolled;0,9;0;10
1174;1;39;1;9991;0;1;130.0;1;1;1;4;10;115.2;0;0;0;1;1;0;24;0;0;5;5;4;12.0;0;0;5;6;5;12.666.666.666.666.600;0;12.4;0.5;1.79;Enrolled;0,9;0;10
982;2;39;1;9991;0;1;100.0;1;19;19;4;4;113.0;0;0;0;1;1;1;41;0;0;5;9;4;11.0;0;0;5;6;5;11.4;0;8.9;1.4;3.51;Enrolled;0,9;0;10
1338;1;17;1;9147;1;1;147.0;1;37;37;9;6;142.8;1;0;1;0;0;1;19;0;0;5;5;5;12.8;0;0;5;5;4;12.0;0;11.1;0.6;2.02;Enrolled;0,9;0;10
1809;1;1;5;9119;1;1;131.0;1;1;19;4;7;126.8;0;0;0;0;1;1;18;0;0;5;6;5;12.2;0;0;5;8;4;12.0;0;8.9;1.4;3.51;Enrolled;0,9;0;10
4104;1;1;2;9147;1;1;125.0;1;1;19;4;9;124.0;1;0;0;1;0;0;19;0;0;5;5;5;11.2;0;0;5;11;4;11.75;0;10.8;1.4;1.74;Enrolled;0,9;0;10
455;1;1;3;9147;1;1;131.0;1;19;38;9;7;132.4;1;0;0;1;0;0;19;0;0;5;5;5;11.8;0;0;5;8;4;11.25;0;9.4;-0.8;-3.12;Enrolled;0,9;0;10
1471;1;17;1;9147;1;1;120.0;1;3;38;3;7;124.2;1;0;0;1;1;0;18;0;0;5;13;5;12.0;0;0;5;9;4;11.4;0;13.9;-0.3;0.79;Enrolled;0,9;0;10
1377;1;17;1;9147;1;1;136.0;1;1;1;9;3;122.7;1;0;0;1;1;0;18;0;0;5;6;5;12.0;0;0;5;7;4;12.5;0;15.5;2.8;-4.06;Enrolled;0,9;0;10
3149;1;17;3;9147;1;1;125.0;1;38;19;7;7;125.7;0;0;0;1;0;0;20;0;0;5;7;5;11.166.666.666.666.600;0;0;5;9;4;10.75;0;15.5;2.8;-4.06;Enrolled;0,9;0;10
2832;1;17;3;9147;1;1;137.0;1;1;1;4;7;124.4;1;0;0;1;0;0;18;0;0;5;5;5;12.6;0;0;5;5;4;11.0;0;11.1;0.6;2.02;Enrolled;0,9;0;10
28;1;1;1;9085;1;1;138.0;1;19;19;3;3;131.0;1;0;0;1;0;0;18;0;0;5;9;5;12.666.666.666.666.600;2;0;5;7;4;13.0;0;9.4;-0.8;-3.12;Enrolled;0,9;0;10
1457;1;1;1;9147;1;1;123.0;1;1;19;4;5;117.8;0;0;0;1;1;0;20;0;0;5;9;5;12.0;0;0;5;9;4;13.0;0;8.9;1.4;3.51;Enrolled;0,9;0;10
3469;1;1;1;9991;0;1;140.0;1;37;37;9;9;124.6;0;0;0;1;0;0;29;0;0;5;11;5;11.4;0;0;5;10;4;10.25;0;15.5;2.8;-4.06;Enrolled;0,9;0;10
1278;2;39;1;9147;1;1;133.1;1;37;37;9;9;140.0;0;0;0;0;0;0;35;0;0;5;8;4;12.5;1;0;5;8;5;11.8;0;9.4;-0.8;-3.12;Dropout;0,9;0;10
4306;1;1;5;9147;1;1;133.0;1;19;3;9;9;123.2;1;0;0;1;1;0;18;0;0;5;14;4;11.0;0;0;5;9;5;10.5;0;13.9;-0.3;0.79;Dropout;0,9;0;10
1683;1;1;2;9670;1;1;124.0;1;19;1;9;4;117.7;1;0;1;1;1;0;20;0;0;5;5;4;12.0;0;0;5;6;5;11.6;0;9.4;-0.8;-3.12;Dropout;0,9;0;10
4388;2;1;1;9991;0;1;150.0;1;37;37;9;9;131.8;0;0;0;0;0;0;29;0;0;5;6;4;12.25;0;0;5;6;5;10.166.666.666.666.600;0;10.8;1.4;1.74;Dropout;0,9;0;10
509;1;1;1;9130;1;1;150.0;1;5;5;2;2;146.2;0;0;0;1;0;0;18;0;0;5;12;4;13.0;2;0;5;6;5;14.0;0;9.4;-0.8;-3.12;Dropout;0,9;0;10
3706;1;51;1;9147;1;1;148.0;1;1;19;9;6;118.4;1;0;0;1;1;0;30;0;0;5;7;5;13.4;0;0;5;7;4;13.25;0;8.9;1.4;3.51;Dropout;0,9;0;10
1059;1;39;1;9670;1;12;133.1;1;1;19;1;5;100.0;1;0;1;0;0;0;25;0;0;5;5;5;11.2;0;0;5;5;4;11.25;0;9.4;-0.8;-3.12;Dropout;0,9;0;10
4378;2;43;1;9991;0;1;130.0;1;37;37;9;9;103.8;0;0;0;1;0;0;28;0;14;15;15;14;11.071.428.571.428.500;0;12;14;16;12;11.333.333.333.333.300;1;9.4;-0.8;-3.12;Dropout;0,896551724;0,896551724;29
2919;1;43;1;9991;0;2;110.0;1;37;37;9;9;112.9;0;0;0;1;0;0;38;0;14;15;16;14;10.928.571.428.571.400;0;12;14;16;12;11.833.333.333.333.300;0;9.4;-0.8;-3.12;Dropout;0,896551724;0,896551724;29
3854;2;1;1;9003;1;1;120.0;1;37;37;9;9;120.5;1;0;1;1;1;0;35;0;14;17;17;14;10.642.857.142.857.100;1;12;12;12;12;10.666.666.666.666.600;0;15.5;2.8;-4.06;Dropout;0,896551724;0,896551724;29
2096;1;43;1;9130;1;1;140.0;1;3;3;2;2;140.0;0;0;0;1;0;0;20;0;10;17;29;14;125.625;4;7;12;24;12;12.857.142.857.142.800;1;15.5;2.8;-4.06;Graduate;0,896551724;0,586206897;29
3532;1;42;1;9003;1;39;120.0;1;3;1;2;6;128.2;1;0;0;1;1;0;24;0;4;9;13;8;13.333.333.333.333.300;0;5;10;12;9;1.311.111.111.111.110;0;16.2;0.3;-0.92;Enrolled;0,894736842;0,473684211;19
2257;1;7;1;33;1;40;120.0;1;38;37;5;6;120.0;1;0;1;0;1;0;25;0;18;21;26;21;12.363.636.363.636.300;0;12;16;21;12;12.25;1;11.1;0.6;2.02;Dropout;0,891891892;0,810810811;37
672;1;42;1;8014;0;1;120.0;1;37;38;90;7;120.0;1;0;0;1;0;0;30;0;9;11;19;9;13.444.444.444.444.400;1;5;7;7;7;14.714.285.714.285.700;0;7.6;2.6;0.32;Dropout;0,888888889;0,777777778;18
4098;1;43;1;9991;0;3;120.0;1;37;37;9;9;120.0;0;0;0;1;0;0;37;0;7;14;21;12;11.833.333.333.333.300;0;11;12;15;11;11.363.636.363.636.300;0;12.7;3.7;-1.7;Graduate;0,884615385;0,692307692;26
873;1;42;1;9991;0;1;150.0;1;19;19;5;5;113.7;0;0;0;1;1;0;30;0;11;15;15;13;11.461.538.461.538.400;0;6;11;15;10;11.583.333.333.333.300;1;16.2;0.3;-0.92;Graduate;0,884615385;0,653846154;26
627;1;44;1;8014;0;39;130.0;1;37;38;6;6;130.0;1;0;0;1;0;0;23;0;5;9;10;9;1.088.888.888.888.880;0;3;8;10;6;11.333.333.333.333.300;0;11.1;0.6;2.02;Graduate;0,882352941;0,470588235;17
2623;1;51;1;8014;0;42;140.0;1;19;37;134;193;138.0;1;0;1;1;0;1;21;0;13;13;13;11;12.727.272.727.272.700;0;9;11;11;10;12.6;0;8.9;1.4;3.51;Graduate;0,875;0,916666667;24
3273;4;42;1;9147;1;1;110.0;1;37;37;9;9;128.2;0;0;0;1;0;0;41;0;8;14;24;11;12.25;3;5;10;12;10;13.4;0;9.4;-0.8;-3.12;Graduate;0,875;0,541666667;24
2484;1;53;1;9003;1;42;130.0;1;1;38;9;6;128.5;0;0;0;1;1;0;21;0;7;12;20;10;12.7;0;5;12;14;11;12.181.818.181.818.100;0;8.9;1.4;3.51;Graduate;0,875;0,5;24
1132;1;42;1;9500;1;1;120.0;1;1;2;9;3;130.0;1;0;0;1;0;0;22;0;4;8;8;7;13.285.714.285.714.200;0;4;8;8;7;13.285.714.285.714.200;0;12.7;3.7;-1.7;Graduate;0,875;0,5;16
2762;1;43;1;8014;0;1;120.0;1;37;37;9;5;100.0;0;0;0;1;0;0;45;0;5;9;13;8;11.0;0;3;7;10;6;10.833.333.333.333.300;0;12.7;3.7;-1.7;Enrolled;0,875;0,5;16
3067;1;44;1;9070;1;39;130.0;1;1;1;4;10;130.0;1;0;0;1;0;0;19;0;2;7;11;6;12.0;0;5;9;9;8;12.75;0;16.2;0.3;-0.92;Graduate;0,875;0,4375;16
1505;1;39;1;9500;1;40;130.0;1;37;37;9;7;130.0;0;0;0;1;0;0;27;0;3;8;12;7;12.457.142.857.142.800;0;3;8;12;7;12.457.142.857.142.800;0;12.7;3.7;-1.7;Enrolled;0,875;0,375;16
4375;5;7;1;9500;1;40;150.0;1;37;37;4;9;150.0;0;0;0;1;0;0;29;0;1;8;11;7;13.742.857.142.857.100;0;1;8;11;7;13.742.857.142.857.100;0;12.7;3.7;-1.7;Graduate;0,875;0,125;16
2351;1;18;1;9500;1;1;146.0;1;19;3;4;9;127.0;0;0;0;1;1;0;19;0;0;8;8;7;13.614.285.714.285.700;0;0;8;8;7;13.614.285.714.285.700;0;12.7;3.7;-1.7;Graduate;0,875;0;16
3454;1;1;6;9500;1;1;150.0;1;37;38;9;9;131.5;1;0;0;1;0;1;19;0;0;8;8;7;12.657.142.857.142.800;0;0;8;8;7;12.657.142.857.142.800;0;12.7;3.7;-1.7;Graduate;0,875;0;16
247;1;17;3;9500;1;1;129.0;1;19;37;7;6;120.0;1;0;0;1;0;1;19;0;0;8;8;7;13.151.428.571.428.500;0;0;8;8;7;13.151.428.571.428.500;0;10.8;1.4;1.74;Graduate;0,875;0;16
3432;1;1;3;9500;1;1;147.0;1;1;1;4;4;134.3;1;0;0;1;0;0;18;0;0;8;8;7;14.2;0;0;8;8;7;14.2;0;12.7;3.7;-1.7;Graduate;0,875;0;16
4118;1;1;1;9500;1;1;146.0;1;1;37;9;9;129.3;0;0;0;1;0;0;18;0;0;8;8;7;14.2;0;0;8;8;7;14.2;0;12.7;3.7;-1.7;Graduate;0,875;0;16
1958;1;7;1;9500;1;3;140.0;1;37;37;4;4;140.0;0;0;0;1;0;0;25;0;0;8;8;7;14.805.714.285.714.200;0;0;8;8;7;14.805.714.285.714.200;0;10.8;1.4;1.74;Graduate;0,875;0;16
2167;1;17;1;9500;1;1;148.0;1;38;37;5;9;137.8;1;0;0;1;0;1;18;0;0;8;8;7;14.962.857.142.857.100;0;0;8;8;7;14.962.857.142.857.100;0;10.8;1.4;1.74;Graduate;0,875;0;16
4111;1;1;1;9500;1;1;153.0;1;38;19;9;5;138.5;1;0;0;1;0;1;20;0;0;8;8;7;15.798.571.428.571.400;0;0;8;8;7;15.798.571.428.571.400;0;10.8;1.4;1.74;Graduate;0,875;0;16
505;1;1;2;9500;1;1;135.0;1;37;1;7;7;132.8;1;0;0;1;0;1;18;0;0;8;12;7;11.721.428.571.428.500;0;0;8;12;7;11.721.428.571.428.500;0;12.7;3.7;-1.7;Graduate;0,875;0;16
2821;1;18;6;9500;1;1;144.0;1;1;1;3;6;130.8;1;0;0;1;0;0;18;0;0;8;11;7;12.771.428.571.428.500;0;0;8;11;7;12.771.428.571.428.500;0;12.7;3.7;-1.7;Graduate;0,875;0;16
396;1;1;4;9500;1;1;147.0;1;1;1;4;9;124.5;1;0;0;1;0;1;19;0;0;8;11;7;12.86;0;0;8;11;7;12.86;0;10.8;1.4;1.74;Graduate;0,875;0;16
4350;1;1;5;9500;1;1;141.0;1;38;19;9;6;126.3;1;0;0;1;0;0;20;0;0;8;12;7;12.471.428.571.428.500;0;0;8;12;7;12.471.428.571.428.500;0;12.7;3.7;-1.7;Graduate;0,875;0;16
1235;1;17;6;9500;1;1;150.0;1;1;37;1;1;131.5;1;0;0;1;0;0;19;0;0;8;8;7;13.925.714.285.714.200;0;0;8;8;7;13.925.714.285.714.200;0;10.8;1.4;1.74;Graduate;0,875;0;16
2506;1;1;6;9500;1;1;143.0;1;19;19;9;9;127.0;1;0;0;1;0;1;18;0;0;8;8;7;13.585.714.285.714.200;0;0;8;8;7;13.585.714.285.714.200;0;12.7;3.7;-1.7;Graduate;0,875;0;16
203;1;1;4;9500;1;1;140.0;1;19;19;7;7;129.5;1;0;0;1;0;0;18;0;0;8;8;7;12.324.285.714.285.700;0;0;8;8;7;12.324.285.714.285.700;0;10.8;1.4;1.74;Graduate;0,875;0;16
1219;1;1;2;9500;1;1;140.0;1;1;1;4;10;128.3;1;0;0;1;0;0;19;0;0;8;8;7;12.764.285.714.285.700;0;0;8;8;7;12.764.285.714.285.700;0;10.8;1.4;1.74;Graduate;0,875;0;16
854;2;39;1;9500;1;1;133.1;1;1;19;9;9;120.0;0;0;0;1;1;1;34;0;0;8;8;7;13.842.857.142.857.100;0;0;8;8;7;13.842.857.142.857.100;0;12.7;3.7;-1.7;Graduate;0,875;0;16
1292;1;1;1;9500;1;1;143.0;1;38;38;9;9;140.0;0;0;0;1;1;0;19;0;0;8;8;7;14.285.714.285.714.200;0;0;8;8;7;14.285.714.285.714.200;0;12.7;3.7;-1.7;Graduate;0,875;0;16
2719;1;1;1;9500;1;1;138.0;1;1;1;3;4;132.5;1;0;0;1;0;0;18;0;0;8;8;7;14.115.714.285.714.200;0;0;8;8;7;14.115.714.285.714.200;0;10.8;1.4;1.74;Graduate;0,875;0;16
1060;1;1;1;9500;1;1;130.0;1;19;19;4;10;116.8;0;0;0;1;0;0;20;0;0;8;8;7;12.685.714.285.714.200;0;0;8;8;7;12.685.714.285.714.200;0;12.7;3.7;-1.7;Graduate;0,875;0;16
616;1;1;6;9500;1;1;144.0;1;1;37;9;9;127.5;1;0;0;1;0;1;18;0;0;8;8;7;13.857.142.857.142.800;0;0;8;8;7;13.857.142.857.142.800;0;12.7;3.7;-1.7;Graduate;0,875;0;16
3868;1;17;1;9500;1;1;152.0;1;19;19;4;9;132.5;0;0;0;1;1;0;21;0;0;8;8;7;14.54;0;0;8;8;7;14.54;0;10.8;1.4;1.74;Graduate;0,875;0;16
1362;1;1;4;9500;1;1;139.0;1;37;38;9;9;124.0;1;0;0;1;1;1;18;0;0;8;8;7;13.331.428.571.428.500;0;0;8;8;7;13.331.428.571.428.500;0;10.8;1.4;1.74;Graduate;0,875;0;16
1796;1;1;3;9500;1;1;134.0;1;38;38;7;9;132.8;1;0;0;1;0;1;19;0;0;8;8;7;13.512.857.142.857.100;0;0;8;8;7;13.512.857.142.857.100;0;10.8;1.4;1.74;Graduate;0,875;0;16
1310;1;1;3;9500;1;1;132.0;1;38;38;9;9;119.3;1;0;0;1;0;0;19;0;0;8;8;7;1.198.857.142.857.140;0;0;8;8;7;1.198.857.142.857.140;0;10.8;1.4;1.74;Graduate;0,875;0;16
3649;1;1;4;9500;1;1;132.0;1;19;38;5;5;118.0;1;0;0;1;0;0;18;0;0;8;8;7;12.328.571.428.571.400;0;0;8;8;7;12.328.571.428.571.400;0;12.7;3.7;-1.7;Graduate;0,875;0;16
3200;1;1;1;9500;1;1;148.0;1;1;1;9;9;127.0;1;0;0;1;1;0;20;0;0;8;8;7;1.284.142.857.142.850;0;0;8;8;7;1.284.142.857.142.850;0;10.8;1.4;1.74;Graduate;0,875;0;16
4406;1;1;4;9500;1;1;160.0;1;37;37;7;7;133.0;1;0;0;1;1;1;18;0;0;8;8;7;14.314.285.714.285.700;0;0;8;8;7;14.314.285.714.285.700;0;12.7;3.7;-1.7;Graduate;0,875;0;16
2518;1;1;3;9500;1;1;139.0;1;19;1;9;5;135.0;1;0;0;1;0;1;18;0;0;8;8;7;12.214.285.714.285.700;0;0;8;8;7;12.214.285.714.285.700;0;12.7;3.7;-1.7;Graduate;0,875;0;16
2211;1;1;3;9500;1;1;149.0;1;1;1;4;4;129.3;1;0;0;1;1;0;18;0;0;8;8;7;13.1;0;0;8;8;7;13.1;0;12.7;3.7;-1.7;Graduate;0,875;0;16
2161;1;1;4;9500;1;1;142.0;1;1;3;1;2;133.0;0;0;0;1;0;1;20;0;0;8;8;7;14.565.714.285.714.200;0;0;8;8;7;14.565.714.285.714.200;0;10.8;1.4;1.74;Graduate;0,875;0;16
1372;1;1;1;9500;1;1;129.0;1;1;1;9;9;120.0;0;0;0;1;1;0;20;0;0;8;8;7;15.028.571.428.571.400;0;0;8;8;7;15.028.571.428.571.400;0;12.7;3.7;-1.7;Graduate;0,875;0;16
1340;1;18;1;9500;1;1;130.0;1;37;38;7;8;119.3;1;0;0;1;0;1;19;0;0;8;8;7;11.4;0;0;8;8;7;11.4;0;10.8;1.4;1.74;Graduate;0,875;0;16
631;1;39;1;9500;1;1;133.1;1;19;37;9;9;120.0;0;0;0;1;0;1;25;0;0;8;8;7;12.042.857.142.857.100;0;0;8;8;7;12.042.857.142.857.100;0;12.7;3.7;-1.7;Graduate;0,875;0;16
405;1;17;1;9500;1;1;142.0;1;37;37;5;5;131.3;1;0;0;1;0;0;19;0;0;8;8;7;14.731.428.571.428.500;0;0;8;8;7;14.731.428.571.428.500;0;10.8;1.4;1.74;Graduate;0,875;0;16
2225;1;1;2;9500;1;1;132.0;1;19;19;9;7;128.0;1;0;0;1;1;1;19;0;0;8;8;7;14.935.714.285.714.200;0;0;8;8;7;14.935.714.285.714.200;0;10.8;1.4;1.74;Graduate;0,875;0;16
1309;1;18;1;9500;1;1;140.0;1;37;38;5;7;126.0;1;0;0;1;0;0;18;0;0;8;8;7;13.314.285.714.285.700;0;0;8;8;7;13.314.285.714.285.700;0;12.7;3.7;-1.7;Graduate;0,875;0;16
270;1;1;5;9500;1;1;151.0;1;1;1;9;9;127.8;0;0;0;1;0;1;18;0;0;8;8;7;13.671.428.571.428.500;0;0;8;8;7;13.671.428.571.428.500;0;12.7;3.7;-1.7;Graduate;0,875;0;16
452;1;1;4;9500;1;1;135.0;1;37;37;9;8;123.0;1;0;0;1;0;1;18;0;0;8;8;7;13.381.428.571.428.500;0;0;8;8;7;13.381.428.571.428.500;0;10.8;1.4;1.74;Graduate;0,875;0;16
4259;1;1;2;9500;1;1;123.0;1;19;19;7;7;120.8;1;0;0;1;0;0;19;0;0;8;11;7;12.545.714.285.714.200;0;0;8;11;7;12.545.714.285.714.200;0;10.8;1.4;1.74;Graduate;0,875;0;16
436;1;1;6;9500;1;1;144.0;1;19;19;5;5;130.3;1;0;0;1;0;1;18;0;0;8;8;7;13.814.285.714.285.700;0;0;8;8;7;13.814.285.714.285.700;0;12.7;3.7;-1.7;Graduate;0,875;0;16
1880;1;17;1;9500;1;1;157.0;1;19;3;4;9;138.8;0;0;0;1;1;0;18;0;0;8;8;7;1.355.714.285.714.280;0;0;8;8;7;1.355.714.285.714.280;0;12.7;3.7;-1.7;Graduate;0,875;0;16
12;1;1;1;9500;1;1;136.0;1;19;38;9;9;119.3;1;0;0;1;0;1;18;0;0;8;8;7;13.214.285.714.285.700;0;0;8;8;7;13.214.285.714.285.700;0;12.7;3.7;-1.7;Graduate;0,875;0;16
2899;1;18;6;9500;1;1;140.0;1;3;19;3;8;129.0;1;0;0;1;0;0;21;0;0;8;8;7;12.414.285.714.285.700;0;0;8;8;7;12.414.285.714.285.700;0;12.7;3.7;-1.7;Graduate;0,875;0;16
1259;1;1;4;9500;1;1;132.0;1;1;37;4;7;121.8;1;0;0;1;0;1;19;0;0;8;8;7;13.6;0;0;8;8;7;13.6;0;12.7;3.7;-1.7;Graduate;0,875;0;16
1352;1;1;3;9500;1;1;141.0;1;19;19;9;9;126.0;1;0;0;1;0;0;18;0;0;8;8;7;15.657.142.857.142.800;0;0;8;8;7;15.657.142.857.142.800;0;12.7;3.7;-1.7;Graduate;0,875;0;16
3026;1;1;6;9500;1;1;149.0;1;1;1;4;9;133.0;1;0;0;1;0;1;18;0;0;8;8;7;14.0;0;0;8;8;7;14.0;0;12.7;3.7;-1.7;Graduate;0,875;0;16
2093;1;1;1;9500;1;1;156.0;1;5;4;2;1;140.8;0;0;0;1;0;0;18;0;0;8;8;7;15.7;0;0;8;8;7;15.7;0;12.7;3.7;-1.7;Graduate;0,875;0;16
3163;1;1;4;9500;1;1;136.0;1;19;38;9;9;123.0;1;0;0;1;0;0;19;0;0;8;8;7;14.328.571.428.571.400;0;0;8;8;7;14.328.571.428.571.400;0;10.8;1.4;1.74;Graduate;0,875;0;16
2962;1;1;1;9500;1;1;139.0;1;19;37;9;9;131.5;1;0;0;1;0;0;18;0;0;8;8;7;1.413.714.285.714.280;0;0;8;8;7;1.413.714.285.714.280;0;10.8;1.4;1.74;Graduate;0,875;0;16
23;1;1;4;9500;1;1;142.0;1;19;19;1;1;125.5;1;0;0;1;0;0;18;0;0;8;12;7;12.857.142.857.142.800;0;0;8;12;7;12.857.142.857.142.800;0;12.7;3.7;-1.7;Graduate;0,875;0;16
1163;1;17;3;9500;1;1;139.0;1;38;1;9;5;131.8;1;0;0;1;0;0;18;0;0;8;8;7;14.652.857.142.857.100;0;0;8;8;7;14.652.857.142.857.100;0;10.8;1.4;1.74;Graduate;0,875;0;16
1791;2;39;1;9500;1;1;140.0;1;37;37;9;4;127.3;0;0;0;1;1;0;26;0;0;8;8;7;13.075.714.285.714.200;0;0;8;8;7;13.075.714.285.714.200;0;10.8;1.4;1.74;Graduate;0,875;0;16
533;1;1;2;9500;1;1;145.0;1;4;2;2;3;127.3;1;0;0;1;1;0;18;0;0;8;8;7;11.69;0;0;8;8;7;11.69;0;10.8;1.4;1.74;Graduate;0,875;0;16
3885;1;7;1;9500;1;3;140.0;1;1;37;9;5;140.0;0;0;0;1;0;0;30;0;0;8;8;7;15.675.714.285.714.200;0;0;8;8;7;15.675.714.285.714.200;0;10.8;1.4;1.74;Graduate;0,875;0;16
3831;1;1;3;9500;1;1;143.0;1;1;1;4;4;129.0;1;0;0;1;1;0;18;0;0;8;8;7;12.365.714.285.714.200;0;0;8;8;7;12.365.714.285.714.200;0;10.8;1.4;1.74;Graduate;0,875;0;16
4121;1;17;5;9500;1;1;144.0;1;19;1;5;3;141.0;1;0;0;1;0;1;19;0;0;8;8;7;12.485.714.285.714.200;0;0;8;8;7;12.485.714.285.714.200;0;12.7;3.7;-1.7;Graduate;0,875;0;16
2934;1;1;6;9500;1;1;144.0;1;19;19;9;9;130.5;1;0;0;1;0;0;18;0;0;8;12;7;11.971.428.571.428.500;0;0;8;12;7;11.971.428.571.428.500;0;12.7;3.7;-1.7;Graduate;0,875;0;16
2655;1;17;5;9500;1;1;124.0;1;3;38;2;1;119.8;0;0;0;1;1;0;19;0;0;8;11;7;13.867.142.857.142.800;0;0;8;11;7;13.867.142.857.142.800;0;10.8;1.4;1.74;Graduate;0,875;0;16
411;1;1;2;9500;1;1;137.0;1;19;19;7;7;120.8;1;0;0;1;0;1;18;0;0;8;8;7;14.654.285.714.285.700;0;0;8;8;7;14.654.285.714.285.700;0;10.8;1.4;1.74;Graduate;0,875;0;16
1155;1;1;3;9500;1;1;135.0;1;1;37;7;7;120.5;1;0;0;1;0;0;19;0;0;8;11;7;13.258.571.428.571.400;0;0;8;11;7;13.258.571.428.571.400;0;10.8;1.4;1.74;Graduate;0,875;0;16
3144;1;17;1;9500;1;1;150.0;1;37;37;9;9;130.3;0;0;0;1;0;1;19;0;0;8;8;7;15.114.285.714.285.700;0;0;8;8;7;15.114.285.714.285.700;0;12.7;3.7;-1.7;Graduate;0,875;0;16
3781;1;18;1;9500;1;1;135.0;1;3;3;1;1;125.8;1;0;0;1;0;0;18;0;0;8;8;7;13.154.285.714.285.700;0;0;8;8;7;13.154.285.714.285.700;0;10.8;1.4;1.74;Graduate;0,875;0;16
1268;1;17;2;9500;1;1;127.0;1;19;37;9;7;121.3;1;0;0;1;0;1;20;0;0;8;8;7;12.464.285.714.285.700;0;0;8;8;7;12.464.285.714.285.700;0;10.8;1.4;1.74;Graduate;0,875;0;16
4197;1;1;1;9500;1;1;139.0;1;19;37;5;5;125.5;0;0;0;1;0;1;21;0;0;8;8;7;13.514.285.714.285.700;0;0;8;8;7;13.514.285.714.285.700;0;12.7;3.7;-1.7;Graduate;0,875;0;16
1139;1;17;4;9500;1;1;141.0;1;38;37;3;3;126.3;1;0;0;1;0;0;18;0;0;8;8;7;13.297.142.857.142.800;0;0;8;8;7;13.297.142.857.142.800;0;10.8;1.4;1.74;Graduate;0,875;0;16
788;1;1;1;9500;1;1;148.0;1;3;1;4;5;132.8;0;0;0;1;0;0;18;0;0;8;8;7;14.537.142.857.142.800;0;0;8;8;7;14.537.142.857.142.800;0;10.8;1.4;1.74;Graduate;0,875;0;16
322;1;42;1;9500;1;1;100.0;1;37;37;7;9;100.0;1;0;0;1;0;1;19;0;0;8;8;7;13.058.571.428.571.400;0;0;8;8;7;13.058.571.428.571.400;0;10.8;1.4;1.74;Graduate;0,875;0;16
4234;1;1;5;9500;1;1;139.0;1;38;38;9;5;130.5;1;0;0;1;0;0;19;0;0;8;8;7;14.992.857.142.857.100;0;0;8;8;7;14.992.857.142.857.100;0;10.8;1.4;1.74;Graduate;0,875;0;16
1652;1;1;3;9500;1;1;142.0;1;1;1;4;7;131.0;1;0;0;1;0;0;18;0;0;8;8;7;14.7;0;0;8;8;7;14.7;0;10.8;1.4;1.74;Graduate;0,875;0;16
4257;1;39;1;9500;1;1;100.0;1;1;19;4;8;122.0;0;0;0;1;0;0;24;0;0;8;8;7;12.412.857.142.857.100;0;0;8;8;7;12.412.857.142.857.100;0;10.8;1.4;1.74;Graduate;0,875;0;16
4200;1;1;1;9500;1;1;129.0;1;38;38;5;5;120.8;1;0;0;1;0;1;20;0;0;8;8;7;12.744.285.714.285.700;0;0;8;8;7;12.744.285.714.285.700;0;10.8;1.4;1.74;Graduate;0,875;0;16
3953;1;1;6;9500;1;1;144.0;1;1;19;9;4;130.8;1;0;0;1;0;1;19;0;0;8;8;7;14.214.285.714.285.700;0;0;8;8;7;14.214.285.714.285.700;0;12.7;3.7;-1.7;Graduate;0,875;0;16
4077;1;1;3;9500;1;1;145.0;1;19;38;9;7;136.3;1;0;0;1;0;1;18;0;0;8;8;7;13.971.428.571.428.500;0;0;8;8;7;13.971.428.571.428.500;0;12.7;3.7;-1.7;Graduate;0,875;0;16
4383;1;1;1;9500;1;1;131.0;1;1;1;9;9;122.0;0;0;0;1;0;0;19;0;0;8;8;7;15.0;0;0;8;8;7;15.0;0;12.7;3.7;-1.7;Graduate;0,875;0;16
4137;5;43;1;9500;1;1;131.0;1;1;38;5;5;118.8;0;0;0;1;0;1;18;0;0;8;8;7;11.857.142.857.142.800;0;0;8;8;7;11.857.142.857.142.800;0;12.7;3.7;-1.7;Graduate;0,875;0;16
195;1;1;4;9500;1;1;142.0;1;38;38;9;8;129.8;1;0;0;1;0;0;18;0;0;8;8;7;12.242.857.142.857.100;0;0;8;8;7;12.242.857.142.857.100;0;12.7;3.7;-1.7;Graduate;0,875;0;16
4325;1;1;1;9500;1;1;141.0;1;19;19;7;9;139.8;0;0;0;1;0;1;19;0;0;8;8;7;14.4;0;0;8;8;7;14.4;0;12.7;3.7;-1.7;Graduate;0,875;0;16
4048;2;1;1;9500;1;1;156.0;1;1;1;9;10;135.5;0;0;0;1;0;0;18;0;0;8;8;7;13.9;0;0;8;8;7;13.9;0;12.7;3.7;-1.7;Graduate;0,875;0;16
2992;1;18;1;9500;1;1;123.0;1;37;37;3;3;118.0;1;0;0;1;0;1;19;0;0;8;8;7;11.82;0;0;8;8;7;11.82;0;10.8;1.4;1.74;Graduate;0,875;0;16
577;1;1;2;9500;1;1;149.0;1;3;1;9;9;137.5;0;0;0;1;1;0;19;0;0;8;8;7;13.828.571.428.571.400;0;0;8;8;7;13.828.571.428.571.400;0;12.7;3.7;-1.7;Graduate;0,875;0;16
615;1;1;1;9500;1;1;130.0;1;19;37;9;9;117.8;1;0;0;1;0;1;19;0;0;8;8;7;12.357.142.857.142.800;0;0;8;8;7;12.357.142.857.142.800;0;12.7;3.7;-1.7;Graduate;0,875;0;16
1650;1;1;1;9500;1;1;138.0;1;1;38;4;9;132.5;1;0;0;1;0;1;19;0;0;8;8;7;14.36;0;0;8;8;7;14.36;0;10.8;1.4;1.74;Graduate;0,875;0;16
885;1;16;2;9500;1;1;127.0;1;2;38;4;9;119.0;1;0;0;1;0;1;19;0;0;8;12;7;12.599.999.999.999.900;0;0;8;12;7;12.599.999.999.999.900;0;10.8;1.4;1.74;Graduate;0,875;0;16
211;1;1;2;9500;1;1;131.0;1;38;1;7;4;128.3;1;0;0;1;0;1;18;0;0;8;8;7;12.642.857.142.857.100;0;0;8;8;7;12.642.857.142.857.100;0;12.7;3.7;-1.7;Graduate;0,875;0;16
1431;1;1;3;9500;1;1;144.0;1;38;38;5;7;128.0;1;0;0;1;0;1;18;0;0;8;11;7;1.290.857.142.857.140;0;0;8;11;7;1.290.857.142.857.140;0;10.8;1.4;1.74;Graduate;0,875;0;16
230;1;43;1;9500;1;1;120.0;1;1;1;5;8;112.0;1;0;0;1;0;1;19;0;0;8;15;7;11.571.428.571.428.500;0;0;8;15;7;11.571.428.571.428.500;0;12.7;3.7;-1.7;Graduate;0,875;0;16
2634;1;1;4;9500;1;1;128.0;1;19;1;4;4;124.3;1;0;0;1;1;0;19;0;0;8;8;7;12.665.714.285.714.200;0;0;8;8;7;12.665.714.285.714.200;0;10.8;1.4;1.74;Graduate;0,875;0;16
412;1;39;1;9500;1;3;122.0;1;19;1;4;8;135.8;0;0;0;1;0;0;24;0;0;8;8;7;12.401.428.571.428.500;0;0;8;8;7;12.401.428.571.428.500;0;10.8;1.4;1.74;Graduate;0,875;0;16
1368;1;1;6;9500;1;1;134.0;1;38;38;9;9;122.0;1;0;0;1;1;0;19;0;0;8;8;7;12.2;0;0;8;8;7;12.2;0;12.7;3.7;-1.7;Graduate;0,875;0;16
608;1;1;6;9500;1;1;131.0;1;38;19;7;7;125.3;1;0;0;1;0;1;19;0;0;8;8;7;12.355.714.285.714.200;0;0;8;8;7;12.355.714.285.714.200;0;10.8;1.4;1.74;Graduate;0,875;0;16
2728;1;17;2;9500;1;1;129.0;1;38;19;5;7;124.0;1;0;0;1;0;1;18;0;0;8;8;7;14.312.857.142.857.100;0;0;8;8;7;14.312.857.142.857.100;0;10.8;1.4;1.74;Graduate;0,875;0;16
1048;1;1;6;9500;1;1;141.0;1;2;1;4;4;136.3;1;0;0;1;0;0;19;0;0;8;8;7;14.1;0;0;8;8;7;14.1;0;10.8;1.4;1.74;Graduate;0,875;0;16
3802;1;18;1;9500;1;1;144.0;1;37;37;6;6;127.5;1;0;0;1;0;1;19;0;0;8;8;7;13.542.857.142.857.100;0;0;8;8;7;13.542.857.142.857.100;0;12.7;3.7;-1.7;Graduate;0,875;0;16
3471;1;1;6;9500;1;1;143.0;1;38;19;7;9;129.5;1;0;0;1;0;1;18;0;0;8;8;7;1.379.857.142.857.140;0;0;8;8;7;1.379.857.142.857.140;0;10.8;1.4;1.74;Graduate;0,875;0;16
1282;1;1;3;9500;1;1;133.1;1;38;19;7;9;115.5;1;0;0;1;1;1;20;0;0;8;8;7;13.024.285.714.285.700;0;0;8;8;7;13.024.285.714.285.700;0;10.8;1.4;1.74;Graduate;0,875;0;16
637;1;1;5;9500;1;1;147.0;1;37;37;9;9;134.3;0;0;0;1;0;1;18;0;0;8;12;7;1.262.857.142.857.140;0;0;8;12;7;1.262.857.142.857.140;0;12.7;3.7;-1.7;Graduate;0,875;0;16
3751;1;17;2;9500;1;1;130.0;1;38;38;7;7;122.5;1;0;0;1;0;0;19;0;0;8;8;7;13.937.142.857.142.800;0;0;8;8;7;13.937.142.857.142.800;0;10.8;1.4;1.74;Graduate;0,875;0;16
444;1;1;5;9500;1;1;127.0;1;19;19;7;8;120.3;1;0;0;1;0;1;18;0;0;8;8;7;12.694.285.714.285.700;0;0;8;8;7;12.694.285.714.285.700;0;10.8;1.4;1.74;Graduate;0,875;0;16
893;1;43;1;9500;1;1;150.0;1;37;37;9;9;130.8;1;0;0;1;0;1;21;0;0;8;8;7;14.428.571.428.571.400;0;0;8;8;7;14.428.571.428.571.400;0;12.7;3.7;-1.7;Graduate;0,875;0;16
1030;1;1;4;9500;1;1;136.0;1;1;1;9;9;123.8;1;0;0;1;0;1;19;0;0;8;8;7;13.314.285.714.285.700;0;0;8;8;7;13.314.285.714.285.700;0;12.7;3.7;-1.7;Graduate;0,875;0;16
1526;1;1;1;9500;1;1;151.0;1;1;1;4;3;132.3;0;0;0;1;1;0;19;0;0;8;9;7;12.828.571.428.571.400;0;0;8;9;7;12.828.571.428.571.400;0;12.7;3.7;-1.7;Graduate;0,875;0;16
207;1;1;2;9500;1;1;149.0;1;19;38;9;9;126.5;1;0;0;1;0;0;18;0;0;8;8;7;12.914.285.714.285.700;0;0;8;8;7;12.914.285.714.285.700;0;12.7;3.7;-1.7;Graduate;0,875;0;16
482;1;18;6;9500;1;1;141.0;1;1;19;1;1;126.7;1;0;0;1;0;1;18;0;0;8;8;7;14.314.285.714.285.700;0;0;8;8;7;14.314.285.714.285.700;0;12.7;3.7;-1.7;Graduate;0,875;0;16
1908;1;1;6;9500;1;1;141.0;1;19;1;9;10;126.8;1;0;0;1;0;0;18;0;0;8;8;7;12.944.285.714.285.700;0;0;8;8;7;12.944.285.714.285.700;0;10.8;1.4;1.74;Graduate;0,875;0;16
2171;1;1;5;9500;1;1;133.1;1;1;1;5;8;123.0;1;0;0;1;0;0;19;0;0;8;8;7;13.714.285.714.285.700;0;0;8;8;7;13.714.285.714.285.700;0;12.7;3.7;-1.7;Graduate;0,875;0;16
3487;1;1;2;9500;1;1;149.0;1;19;1;9;9;137.8;1;0;0;1;1;0;18;0;0;8;8;7;13.0;0;0;8;8;7;13.0;0;12.7;3.7;-1.7;Graduate;0,875;0;16
1009;1;1;1;9500;1;1;165.0;1;19;37;5;5;142.3;0;0;0;1;0;1;18;0;0;8;8;7;14.428.571.428.571.400;0;0;8;8;7;14.428.571.428.571.400;0;12.7;3.7;-1.7;Graduate;0,875;0;16
521;1;1;6;9500;1;1;135.0;1;37;1;5;5;126.8;1;0;0;1;0;1;18;0;0;8;8;7;12.61;0;0;8;8;7;12.61;0;10.8;1.4;1.74;Graduate;0,875;0;16
4088;1;39;1;9500;1;1;130.0;1;38;37;5;7;120.0;1;0;0;1;0;1;25;0;0;8;11;7;13.29;3;0;8;11;7;13.29;3;9.4;-0.8;-3.12;Enrolled;0,875;0;16
3470;1;1;5;9500;1;1;135.0;1;37;37;7;7;124.0;1;0;0;1;0;1;19;0;0;8;8;7;12.771.428.571.428.500;1;0;8;8;7;12.771.428.571.428.500;1;9.4;-0.8;-3.12;Enrolled;0,875;0;16
3294;1;17;3;9500;1;1;132.0;1;19;3;9;5;130.8;1;0;0;1;0;0;18;0;0;8;8;7;1.368.142.857.142.850;0;0;8;8;7;1.368.142.857.142.850;0;10.8;1.4;1.74;Enrolled;0,875;0;16
3592;1;17;3;9500;1;1;132.0;1;3;1;2;7;125.5;1;0;0;1;1;0;18;0;0;8;8;7;13.154.285.714.285.700;0;0;8;8;7;13.154.285.714.285.700;0;10.8;1.4;1.74;Enrolled;0,875;0;16
2733;1;1;1;9500;1;1;131.0;1;19;19;4;4;122.0;1;0;0;1;0;0;20;0;0;8;8;7;14.014.285.714.285.700;0;0;8;8;7;14.014.285.714.285.700;0;12.7;3.7;-1.7;Enrolled;0,875;0;16
3001;1;39;1;9500;1;1;148.0;1;3;19;2;5;130.0;0;0;0;1;0;0;24;0;0;8;12;7;12.714.285.714.285.700;0;0;8;12;7;12.714.285.714.285.700;0;12.7;3.7;-1.7;Enrolled;0,875;0;16
935;1;39;1;9500;1;1;100.0;1;3;1;2;5;121.3;1;0;0;1;0;0;34;0;0;8;11;7;11.705.714.285.714.200;0;0;8;11;7;11.705.714.285.714.200;0;10.8;1.4;1.74;Enrolled;0,875;0;16
2669;2;39;1;9500;1;19;133.1;1;37;38;9;7;100.5;1;0;0;1;1;0;43;0;0;8;8;7;11.635.714.285.714.200;0;0;8;8;7;11.635.714.285.714.200;0;10.8;1.4;1.74;Enrolled;0,875;0;16
4044;1;17;2;9500;1;1;145.0;1;2;38;3;8;136.3;1;0;0;1;0;0;18;0;0;8;12;7;12.285.714.285.714.200;0;0;8;12;7;12.285.714.285.714.200;0;12.7;3.7;-1.7;Enrolled;0,875;0;16
1651;1;1;1;9500;1;1;141.0;1;3;1;9;9;124.3;0;0;0;1;0;0;19;0;0;8;8;7;14.514.285.714.285.700;0;0;8;8;7;14.514.285.714.285.700;0;12.7;3.7;-1.7;Enrolled;0,875;0;16
4126;1;43;1;9500;1;1;121.0;1;38;19;5;5;115.4;1;0;0;1;0;1;24;0;0;8;8;7;11.971.428.571.428.500;0;0;8;8;7;11.971.428.571.428.500;0;12.7;3.7;-1.7;Enrolled;0,875;0;16
4157;1;1;3;9500;1;1;131.0;1;37;37;9;9;118.0;1;0;0;1;0;1;18;0;0;8;8;7;13.242.857.142.857.100;0;0;8;8;7;13.242.857.142.857.100;0;12.7;3.7;-1.7;Enrolled;0,875;0;16
3369;1;1;6;9500;1;1;145.0;1;19;37;9;9;132.3;1;0;0;1;0;1;19;0;0;8;8;7;14.06;0;0;8;8;7;14.06;0;10.8;1.4;1.74;Enrolled;0,875;0;16
1530;1;10;1;9500;1;1;140.0;24;3;3;2;9;140.0;1;0;1;0;0;0;23;1;0;8;11;7;11.328.571.428.571.400;0;0;8;11;7;11.328.571.428.571.400;0;12.7;3.7;-1.7;Dropout;0,875;0;16
1783;1;39;1;9500;1;1;130.0;1;37;37;3;7;143.8;0;0;0;1;1;0;27;0;0;8;8;7;15.57;0;0;8;8;7;15.57;0;10.8;1.4;1.74;Dropout;0,875;0;16
4242;1;1;3;9500;1;1;140.0;1;37;37;9;9;141.5;1;0;1;0;0;0;19;0;0;8;8;7;13.327.142.857.142.800;0;0;8;8;7;13.327.142.857.142.800;0;10.8;1.4;1.74;Dropout;0,875;0;16
2477;1;43;2;9500;1;1;130.0;1;38;37;4;4;126.8;1;0;0;1;1;1;28;0;18;23;23;20;13.5;3;18;23;23;20;13.5;3;7.6;2.6;0.32;Graduate;0,869565217;0,782608696;46
3925;1;1;1;171;1;1;125.0;1;19;19;5;4;136.2;1;0;1;1;1;0;21;0;6;12;12;11;11.545.454.545.454.500;0;4;11;18;9;11.7;1;8.9;1.4;3.51;Enrolled;0,869565217;0,434782609;23
1043;4;43;1;9670;1;1;150.0;1;37;37;9;6;110.0;0;0;0;1;0;0;40;0;4;8;8;8;11.625;0;3;7;12;5;11.2;0;9.4;-0.8;-3.12;Graduate;0,866666667;0,466666667;15
4050;1;53;1;9556;1;42;140.0;1;1;19;4;5;140.0;0;0;0;1;0;1;22;0;1;7;10;6;13.314.285.714.285.700;0;2;8;10;7;12.875;0;8.9;1.4;3.51;Graduate;0,866666667;0,2;15
1118;1;1;1;9500;1;1;138.0;1;38;19;9;5;144.3;0;0;0;1;0;0;20;0;0;7;9;6;12.7;0;0;8;8;7;13.571.428.571.428.500;0;13.9;-0.3;0.79;Graduate;0,866666667;0;15
4404;1;17;3;9500;1;1;137.0;1;1;1;4;10;124.8;1;0;0;1;1;1;19;0;0;7;11;6;124.125;0;0;8;12;7;112.625;0;15.5;2.8;-4.06;Graduate;0,866666667;0;15
150;1;1;1;9500;1;1;136.0;1;1;19;9;9;131.5;0;0;0;1;0;1;20;0;0;7;8;6;13.863.333.333.333.300;0;0;8;9;7;14.178.571.428.571.400;0;11.1;0.6;2.02;Graduate;0,866666667;0;15
3658;1;1;5;9500;1;1;122.0;1;37;3;9;2;116.8;1;0;0;1;0;0;20;0;0;7;8;6;13.271.428.571.428.500;0;0;8;8;7;14.471.428.571.428.500;0;13.9;-0.3;0.79;Graduate;0,866666667;0;15
61;1;1;2;9500;1;1;125.0;1;19;19;9;9;114.9;0;0;0;1;0;0;18;0;0;7;8;6;13.133.333.333.333.300;0;0;8;12;7;12.221.428.571.428.500;0;16.2;0.3;-0.92;Graduate;0,866666667;0;15
2918;1;1;1;9500;1;1;118.0;1;38;38;7;7;115.2;1;0;0;1;0;0;19;0;0;7;9;6;1.297.166.666.666.660;0;0;8;9;7;12.321.428.571.428.500;0;11.1;0.6;2.02;Graduate;0,866666667;0;15
1115;1;1;1;9500;1;1;145.0;1;19;19;9;7;136.6;0;0;0;1;0;1;19;0;0;7;12;6;13.766.666.666.666.600;0;0;8;10;7;14.051.428.571.428.500;0;15.5;2.8;-4.06;Graduate;0,866666667;0;15
479;1;1;1;9500;1;1;117.0;1;3;1;3;3;113.2;0;1;0;1;0;0;18;0;0;7;10;6;11.98;0;0;8;11;7;13.225;0;16.2;0.3;-0.92;Graduate;0,866666667;0;15
490;1;1;3;9500;1;1;128.0;1;38;38;5;5;118.6;1;0;0;1;0;1;19;0;0;7;9;6;11.814.285.714.285.700;0;0;8;8;7;13.542.857.142.857.100;0;13.9;-0.3;0.79;Graduate;0,866666667;0;15
4159;1;1;2;9500;1;1;120.0;1;3;37;4;7;115.1;1;0;0;1;0;1;19;0;0;7;8;6;13.075;0;0;8;10;7;12.05;0;12.4;0.5;1.79;Graduate;0,866666667;0;15
25;1;1;1;9500;1;1;126.0;1;19;19;3;7;123.9;0;0;0;1;0;0;19;0;0;7;8;6;13.296.666.666.666.600;0;0;8;9;7;14.114.285.714.285.700;0;11.1;0.6;2.02;Graduate;0,866666667;0;15
1935;1;1;4;9500;1;1;133.1;1;19;38;9;9;119.6;1;0;0;1;0;1;19;0;0;7;7;6;12.808.333.333.333.300;0;0;8;11;7;12.825.714.285.714.200;0;12.4;0.5;1.79;Graduate;0,866666667;0;15
3415;1;17;3;9500;1;1;138.0;1;1;19;7;8;129.3;1;0;0;1;0;1;18;0;0;7;8;6;13.271.666.666.666.600;0;0;8;11;7;1.294.375;0;12.4;0.5;1.79;Graduate;0,866666667;0;15
3013;1;16;1;9500;1;1;133.1;1;37;37;9;9;95.0;1;0;0;1;0;0;20;0;0;7;7;6;13.755;0;0;8;9;7;13.571.428.571.428.500;0;12.4;0.5;1.79;Graduate;0,866666667;0;15
225;1;18;1;9500;1;1;135.0;1;1;38;4;5;127.5;1;0;0;1;0;1;19;0;0;7;8;6;13.741.666.666.666.600;0;0;8;9;7;149.125;0;16.2;0.3;-0.92;Graduate;0,866666667;0;15
3631;1;1;3;9500;1;1;108.0;1;19;1;9;3;107.8;1;0;0;1;0;1;20;0;0;7;10;6;12.357.142.857.142.800;0;0;8;9;7;13.0;0;13.9;-0.3;0.79;Graduate;0,866666667;0;15
1290;1;1;1;9500;1;1;110.0;1;19;19;9;7;105.8;1;0;0;1;1;0;22;0;0;7;8;6;14.333.333.333.333.300;0;0;8;9;7;13.771.428.571.428.500;0;11.1;0.6;2.02;Graduate;0,866666667;0;15
48;1;17;6;9500;1;1;132.0;1;37;19;7;7;132.4;1;0;0;1;0;1;22;0;0;7;8;6;13.516.666.666.666.600;0;0;8;9;7;13.771.428.571.428.500;0;11.1;0.6;2.02;Graduate;0,866666667;0;15
1950;1;18;1;9500;1;1;115.0;1;38;37;5;5;115.0;0;0;0;1;0;0;20;0;0;7;13;6;117.725;0;0;8;9;7;12.33;0;15.5;2.8;-4.06;Graduate;0,866666667;0;15
1049;1;1;1;9500;1;1;133.0;1;1;19;9;6;121.5;1;0;0;1;0;1;20;0;0;7;8;6;12.396.666.666.666.600;0;0;8;9;7;1.294.285.714.285.710;0;11.1;0.6;2.02;Graduate;0,866666667;0;15
3664;1;17;1;9500;1;1;142.0;1;38;37;9;8;130.8;1;0;0;1;0;1;19;0;0;7;10;6;12.583.333.333.333.300;0;0;8;8;7;12.671.428.571.428.500;0;13.9;-0.3;0.79;Graduate;0,866666667;0;15
1044;1;1;6;9500;1;1;133.0;1;38;38;9;9;128.8;1;0;0;1;0;1;18;0;0;7;11;6;11.994.444.444.444.400;0;0;8;11;7;1.243.142.857.142.850;0;15.5;2.8;-4.06;Graduate;0,866666667;0;15
2504;2;39;1;9500;1;1;133.1;1;3;1;5;5;148.8;0;0;0;1;0;1;34;0;0;7;7;6;12.513.333.333.333.300;0;0;8;9;7;13.071.428.571.428.500;0;12.4;0.5;1.79;Graduate;0,866666667;0;15
1183;1;1;3;9500;1;1;133.1;1;19;19;5;5;108.5;1;0;0;1;0;0;19;0;0;7;9;7;1.260.625;0;0;8;12;6;11.9;0;12.4;0.5;1.79;Graduate;0,866666667;0;15
1717;1;1;4;9500;1;1;140.0;1;38;38;7;7;133.2;1;0;0;1;0;1;20;0;0;7;10;7;14.175;0;0;8;14;6;1.303.125;0;15.5;2.8;-4.06;Graduate;0,866666667;0;15
2651;1;1;1;9500;1;1;127.0;1;3;1;2;8;121.4;0;0;0;1;1;0;20;0;0;7;10;5;13.976.666.666.666.600;0;0;8;9;8;1.322.222.222.222.220;0;12.4;0.5;1.79;Enrolled;0,866666667;0;15
3042;1;17;5;9500;1;1;130.0;1;19;1;9;4;128.8;1;0;0;1;0;0;18;0;0;7;8;6;13.39;0;0;8;10;7;12.757.142.857.142.800;0;11.1;0.6;2.02;Enrolled;0,866666667;0;15
1738;1;1;5;9500;1;1;130.0;1;1;3;9;10;118.1;1;0;0;1;1;0;18;0;0;7;10;6;12.035.714.285.714.200;0;0;8;9;7;13.75;0;13.9;-0.3;0.79;Enrolled;0,866666667;0;15
773;1;1;3;9500;1;1;136.0;1;1;19;4;9;131.1;1;0;0;1;0;0;19;0;0;7;9;6;13.411.428.571.428.500;0;0;8;12;7;13.294.444.444.444.400;0;15.5;2.8;-4.06;Enrolled;0,866666667;0;15
2747;1;1;1;9500;1;1;106.0;1;37;38;191;163;102.2;1;0;1;1;1;0;20;0;0;7;7;7;12.401.428.571.428.500;0;0;8;10;6;11.808.333.333.333.300;0;11.1;0.6;2.02;Enrolled;0,866666667;0;15
3665;1;1;6;9500;1;1;126.0;1;12;37;5;9;121.8;1;0;0;1;0;0;19;0;0;7;8;6;13.731.666.666.666.600;0;0;8;10;7;13.771.428.571.428.500;0;12.4;0.5;1.79;Dropout;0,866666667;0;15
1466;1;43;4;8014;0;1;116.0;1;34;34;0;0;116.2;0;0;0;1;1;0;21;0;9;11;11;11;12.454.545.454.545.400;0;3;11;17;8;12.75;0;9.4;-0.8;-3.12;Graduate;0,863636364;0,545454545;22
1606;1;53;1;9003;1;42;130.0;1;38;38;9;9;130.0;1;0;1;1;1;0;20;0;7;12;16;11;12.545.454.545.454.500;0;5;10;12;8;11.625;0;8.9;1.4;3.51;Enrolled;0,863636364;0,545454545;22
1066;1;7;1;8014;0;40;130.0;1;19;1;5;10;130.0;1;0;1;0;0;0;23;0;7;12;12;11;14.0;0;4;10;11;8;14.625;0;13.9;-0.3;0.79;Dropout;0,863636364;0,5;22
4303;1;17;6;9147;1;1;130.0;1;37;37;9;9;110.4;1;0;0;1;1;0;25;0;13;15;15;13;1.076.923.076.923.070;0;11;14;15;12;11.833.333.333.333.300;0;7.6;2.6;0.32;Dropout;0,862068966;0,827586207;29
2978;1;42;1;9853;1;12;133.1;1;1;3;3;2;133.7;0;0;0;1;0;0;28;0;14;18;23;14;12.785.714.285.714.200;2;16;17;18;16;13.875;0;16.2;0.3;-0.92;Dropout;0,857142857;0,857142857;35
2681;4;43;1;9500;1;19;100.0;1;34;34;0;0;110.0;0;0;0;1;1;0;30;0;11;14;26;12;1.252.608.695.652.170;1;11;14;26;12;1.252.608.695.652.170;1;7.6;2.6;0.32;Graduate;0,857142857;0,785714286;28
3636;1;42;1;9500;1;6;141.0;1;37;1;9;4;145.0;0;0;0;1;0;0;21;0;12;21;33;18;14.933.333.333.333.300;12;12;21;33;18;14.933.333.333.333.300;12;7.6;2.6;0.32;Graduate;0,857142857;0,571428571;42
1661;1;53;1;9085;1;42;160.0;1;1;19;4;6;155.7;1;0;0;1;0;0;27;0;7;12;17;11;14.727.272.727.272.700;0;4;9;10;7;14.142.857.142.857.100;0;8.9;1.4;3.51;Graduate;0,857142857;0,523809524;21
1487;1;53;1;9085;1;42;140.0;1;1;3;4;2;142.8;1;0;0;0;0;1;20;0;7;12;15;11;13.384.615.384.615.300;0;4;9;13;7;14.285.714.285.714.200;0;8.9;1.4;3.51;Graduate;0,857142857;0,523809524;21
1233;1;7;1;9500;1;3;130.0;1;19;38;4;10;130.0;1;0;0;1;0;0;23;0;1;7;8;6;14.357.142.857.142.800;0;1;7;8;6;14.357.142.857.142.800;0;7.6;2.6;0.32;Graduate;0,857142857;0,142857143;14
823;1;1;1;9085;1;1;140.0;6;1;19;4;7;131.6;1;0;0;1;0;0;20;1;0;7;9;6;14.714.285.714.285.700;0;1;7;16;6;13.2;0;12.4;0.5;1.79;Enrolled;0,857142857;0,071428571;14
367;1;1;4;9500;1;1;136.0;1;19;38;4;8;125.5;1;0;0;1;0;1;21;0;0;7;7;6;14.033.333.333.333.300;0;0;7;7;6;14.033.333.333.333.300;0;7.6;2.6;0.32;Graduate;0,857142857;0;14
188;1;17;3;9500;1;1;141.0;1;38;1;9;4;129.0;1;0;0;1;0;1;18;0;0;7;7;6;13.05;0;0;7;7;6;13.05;0;7.6;2.6;0.32;Graduate;0,857142857;0;14
2579;1;17;4;9500;1;1;146.0;1;19;37;5;8;135.8;1;0;0;1;0;0;18;0;0;7;7;6;13.983.333.333.333.300;0;0;7;7;6;13.983.333.333.333.300;0;7.6;2.6;0.32;Graduate;0,857142857;0;14
327;1;43;1;9500;1;6;134.0;1;1;37;9;9;120.4;1;0;0;1;0;0;19;0;0;7;7;6;13.333.333.333.333.300;0;0;7;7;6;13.333.333.333.333.300;0;7.6;2.6;0.32;Graduate;0,857142857;0;14
3546;1;17;3;9500;1;1;156.0;1;19;37;4;9;132.3;1;0;0;1;1;1;18;0;0;7;7;6;13.266.666.666.666.600;0;0;7;7;6;13.266.666.666.666.600;0;7.6;2.6;0.32;Graduate;0,857142857;0;14
2011;1;18;1;9853;1;1;132.0;1;37;37;9;5;126.1;0;0;0;1;0;1;18;0;0;7;9;6;12.333.333.333.333.300;0;0;7;7;6;12.666.666.666.666.600;0;11.1;0.6;2.02;Graduate;0,857142857;0;14
1904;1;17;1;9500;1;1;160.0;1;19;1;4;10;153.0;1;0;0;1;0;0;18;0;0;7;7;6;13.116.666.666.666.600;0;0;7;7;6;13.116.666.666.666.600;0;7.6;2.6;0.32;Graduate;0,857142857;0;14
3963;1;17;3;9500;1;1;132.0;1;37;37;4;3;127.3;1;0;0;1;0;0;20;0;0;7;7;6;13.383.333.333.333.300;0;0;7;7;6;13.383.333.333.333.300;0;7.6;2.6;0.32;Graduate;0,857142857;0;14
1710;1;1;3;9500;1;1;130.0;1;37;38;9;5;130.5;1;0;0;1;0;0;19;0;0;7;7;6;12.45;0;0;7;7;6;12.45;0;7.6;2.6;0.32;Graduate;0,857142857;0;14
1324;1;17;6;9556;1;1;118.0;1;38;38;5;5;117.8;1;0;0;1;0;1;19;0;0;7;11;6;12.4;0;0;7;8;6;12.8;0;11.1;0.6;2.02;Graduate;0,857142857;0;14
1886;1;1;1;9500;1;1;132.0;1;19;2;9;3;126.0;1;0;0;1;0;0;19;0;0;7;7;6;12.183.333.333.333.300;0;0;7;7;6;12.183.333.333.333.300;0;7.6;2.6;0.32;Graduate;0,857142857;0;14
2817;1;1;1;9500;1;1;130.0;1;19;19;9;6;135.0;0;0;0;1;0;0;19;0;0;7;7;6;14.266.666.666.666.600;0;0;7;7;6;14.266.666.666.666.600;0;7.6;2.6;0.32;Graduate;0,857142857;0;14
2082;1;1;1;9500;1;1;131.0;1;4;4;2;1;120.5;0;0;0;1;0;0;19;0;0;7;7;6;14.15;0;0;7;7;6;14.15;0;7.6;2.6;0.32;Graduate;0,857142857;0;14
2072;1;1;1;9500;1;1;135.0;1;19;3;9;4;121.5;1;0;0;1;0;0;18;0;0;7;7;6;12.916.666.666.666.600;0;0;7;7;6;12.916.666.666.666.600;0;7.6;2.6;0.32;Graduate;0,857142857;0;14
3257;1;1;2;9500;1;1;140.0;1;38;38;9;7;138.8;1;0;0;1;0;0;19;0;0;7;7;6;12.766.666.666.666.600;0;0;7;7;6;12.766.666.666.666.600;0;7.6;2.6;0.32;Graduate;0,857142857;0;14
1058;1;1;1;9500;1;1;130.0;1;1;38;1;7;120.0;0;0;0;1;0;0;19;0;0;7;7;6;14.566.666.666.666.600;0;0;7;7;6;14.566.666.666.666.600;0;7.6;2.6;0.32;Graduate;0,857142857;0;14
1365;1;1;1;9500;1;1;138.0;1;19;37;4;9;141.0;0;0;0;1;1;0;19;0;0;7;7;6;13.7;0;0;7;7;6;13.7;0;7.6;2.6;0.32;Graduate;0,857142857;0;14
141;1;1;5;9500;1;1;129.0;1;37;37;9;9;128.8;1;0;0;1;0;0;19;0;0;7;7;6;12.666.666.666.666.600;0;0;7;7;6;12.666.666.666.666.600;0;7.6;2.6;0.32;Graduate;0,857142857;0;14
1956;1;18;1;9853;1;1;117.0;1;19;38;4;0;113.5;1;0;0;1;0;0;19;0;0;7;10;6;12.166.666.666.666.600;0;0;7;9;6;13.166.666.666.666.600;0;12.4;0.5;1.79;Graduate;0,857142857;0;14
2985;1;42;4;9500;1;6;133.0;1;1;19;2;9;127.8;1;0;0;1;0;1;18;0;0;7;7;6;14.35;0;0;7;7;6;14.35;0;7.6;2.6;0.32;Graduate;0,857142857;0;14
440;2;39;1;9500;1;19;133.1;1;37;37;9;9;129.0;1;0;0;1;0;0;36;0;0;7;7;6;11.3;0;0;7;7;6;11.3;0;7.6;2.6;0.32;Graduate;0,857142857;0;14
2094;1;1;1;9500;1;1;151.0;1;37;37;9;9;138.0;1;0;0;1;0;0;18;0;0;7;7;6;15.2;0;0;7;7;6;15.2;0;7.6;2.6;0.32;Graduate;0,857142857;0;14
1485;1;39;1;9500;1;19;133.1;1;37;37;9;7;116.0;0;0;0;1;0;1;26;0;0;7;8;6;10.983.333.333.333.300;0;0;7;8;6;10.983.333.333.333.300;0;7.6;2.6;0.32;Graduate;0,857142857;0;14
4096;1;1;4;9500;1;1;135.0;1;38;37;9;8;126.3;1;0;0;1;0;1;19;0;0;7;7;6;15.433.333.333.333.300;0;0;7;7;6;15.433.333.333.333.300;0;7.6;2.6;0.32;Graduate;0,857142857;0;14
2736;1;1;1;9500;1;1;125.0;1;37;37;9;9;126.0;1;0;1;1;0;0;20;0;0;7;7;6;15.4;0;0;7;7;6;15.4;0;7.6;2.6;0.32;Graduate;0,857142857;0;14
3461;1;1;2;9500;1;1;139.0;1;38;37;9;7;125.0;1;0;0;1;0;1;19;0;0;7;7;6;12.9;0;0;7;7;6;12.9;0;7.6;2.6;0.32;Graduate;0,857142857;0;14
1067;1;1;6;9500;1;1;145.0;1;38;37;5;6;127.5;1;0;0;1;0;1;19;0;0;7;7;6;13.416.666.666.666.600;0;0;7;7;6;13.416.666.666.666.600;0;7.6;2.6;0.32;Graduate;0,857142857;0;14
212;1;1;1;9500;1;1;149.0;1;37;37;9;9;136.0;0;0;0;1;0;1;18;0;0;7;7;6;12.916.666.666.666.600;0;0;7;7;6;12.916.666.666.666.600;0;7.6;2.6;0.32;Graduate;0,857142857;0;14
4361;1;17;4;9500;1;1;140.0;1;19;37;4;8;133.3;1;0;0;1;0;0;19;0;0;7;7;6;11.966.666.666.666.600;0;0;7;7;6;11.966.666.666.666.600;0;7.6;2.6;0.32;Graduate;0,857142857;0;14
904;1;1;2;9500;1;1;145.0;1;37;1;9;4;138.8;1;0;0;1;0;1;18;0;0;7;7;6;12.95;0;0;7;7;6;12.95;0;7.6;2.6;0.32;Graduate;0,857142857;0;14
3978;1;17;2;9500;1;1;141.0;1;37;1;9;4;127.3;1;0;0;1;0;1;19;0;0;7;7;6;13.8;0;0;7;7;6;13.8;0;7.6;2.6;0.32;Graduate;0,857142857;0;14
426;1;1;1;9500;1;1;144.0;1;37;37;9;3;150.5;0;0;0;1;0;0;20;0;0;7;7;6;13.916.666.666.666.600;0;0;7;7;6;13.916.666.666.666.600;0;7.6;2.6;0.32;Graduate;0,857142857;0;14
2089;1;1;3;9500;1;1;129.0;1;19;19;4;8;127.3;1;0;0;1;0;1;20;0;0;7;7;6;12.633.333.333.333.300;0;0;7;7;6;12.633.333.333.333.300;0;7.6;2.6;0.32;Graduate;0,857142857;0;14
3879;1;43;4;9500;1;6;118.9;1;38;37;5;9;118.9;1;0;0;1;0;1;19;0;0;7;7;6;13.55;0;0;7;7;6;13.55;0;7.6;2.6;0.32;Graduate;0,857142857;0;14
1916;1;1;4;9500;1;1;148.0;1;1;37;4;8;132.0;1;0;0;1;0;0;18;0;0;7;7;6;13.45;0;0;7;7;6;13.45;0;7.6;2.6;0.32;Graduate;0,857142857;0;14
1326;1;1;2;9500;1;1;152.0;1;37;37;9;9;139.0;1;0;0;1;0;0;18;0;0;7;7;6;14.333.333.333.333.300;0;0;7;7;6;14.333.333.333.333.300;0;7.6;2.6;0.32;Graduate;0,857142857;0;14
4124;1;1;3;9500;1;1;153.0;6;37;37;9;9;131.8;1;0;0;1;0;0;18;1;0;7;7;6;14.716.666.666.666.600;0;0;7;7;6;14.716.666.666.666.600;0;7.6;2.6;0.32;Graduate;0,857142857;0;14
2574;1;1;4;9500;1;1;138.0;1;37;19;9;9;127.8;1;0;0;1;0;0;19;0;0;7;7;6;14.983.333.333.333.300;0;0;7;7;6;14.983.333.333.333.300;0;7.6;2.6;0.32;Graduate;0,857142857;0;14
173;1;17;1;9500;1;1;131.0;1;2;38;4;5;132.3;1;0;0;1;0;0;19;0;0;7;7;6;11.683.333.333.333.300;0;0;7;7;6;11.683.333.333.333.300;0;7.6;2.6;0.32;Graduate;0,857142857;0;14
3736;1;1;2;9500;1;1;144.0;1;38;37;9;9;128.8;1;0;0;1;1;0;19;0;0;7;7;6;13.2;0;0;7;7;6;13.2;0;7.6;2.6;0.32;Graduate;0,857142857;0;14
474;1;1;2;9500;1;1;136.0;1;19;19;9;9;140.0;1;0;0;1;0;0;20;0;0;7;7;6;13.966.666.666.666.600;0;0;7;7;6;13.966.666.666.666.600;0;7.6;2.6;0.32;Graduate;0,857142857;0;14
354;2;1;1;9500;1;1;151.0;1;37;38;9;7;134.5;0;0;1;1;0;1;18;0;0;7;7;6;14.2;0;0;7;7;6;14.2;0;7.6;2.6;0.32;Graduate;0,857142857;0;14
2908;2;1;4;9500;1;1;140.0;1;1;37;4;9;128.0;0;0;0;1;0;1;18;0;0;7;7;6;14.066.666.666.666.600;0;0;7;7;6;14.066.666.666.666.600;0;7.6;2.6;0.32;Graduate;0,857142857;0;14
2091;1;1;5;9500;1;1;142.0;1;38;37;5;7;128.8;1;0;0;1;0;0;18;0;0;7;7;6;14.233.333.333.333.300;0;0;7;7;6;14.233.333.333.333.300;0;7.6;2.6;0.32;Graduate;0,857142857;0;14
2080;1;1;5;9500;1;1;144.0;1;38;38;7;7;136.0;1;0;0;1;0;1;19;0;0;7;7;6;14.15;0;0;7;7;6;14.15;0;7.6;2.6;0.32;Graduate;0,857142857;0;14
3399;2;1;5;9500;1;1;130.0;1;1;19;4;4;122.3;0;0;0;1;0;0;19;0;0;7;7;6;14.35;0;0;7;7;6;14.35;0;7.6;2.6;0.32;Graduate;0,857142857;0;14
3988;1;1;2;9500;1;1;155.0;1;1;1;4;3;140.5;1;0;0;1;0;0;18;0;0;7;7;6;15.25;0;0;7;7;6;15.25;0;7.6;2.6;0.32;Graduate;0,857142857;0;14
1984;1;1;1;9500;1;1;147.0;1;38;19;5;8;147.3;0;0;0;1;0;0;18;0;0;7;7;6;13.966.666.666.666.600;0;0;7;7;6;13.966.666.666.666.600;0;7.6;2.6;0.32;Graduate;0,857142857;0;14
507;1;39;1;33;1;1;140.0;1;3;1;2;4;152.8;0;0;0;1;0;0;26;0;0;7;9;7;14.75;0;0;7;12;5;13.8;3;16.2;0.3;-0.92;Enrolled;0,857142857;0;14
2775;1;1;4;9500;1;1;126.0;1;12;1;5;10;120.2;0;0;0;1;0;1;19;0;0;7;9;5;14.06;0;0;7;9;7;11.242.857.142.857.100;0;12.4;0.5;1.79;Enrolled;0,857142857;0;14
20;1;1;1;9853;1;1;140.0;1;19;19;7;7;124.6;1;0;0;1;0;0;18;0;0;7;7;6;11.666.666.666.666.600;0;0;7;8;6;13.5;0;16.2;0.3;-0.92;Enrolled;0,857142857;0;14
1149;1;18;2;9853;1;1;120.0;1;1;1;9;0;115.8;0;0;0;1;0;0;18;0;0;7;12;6;12.0;0;0;7;11;6;12.166.666.666.666.600;0;13.9;-0.3;0.79;Enrolled;0,857142857;0;14
4370;1;1;1;9500;1;1;136.0;1;2;2;3;3;120.0;1;0;0;1;1;0;18;0;0;7;8;6;11.833.333.333.333.300;0;0;7;8;6;11.833.333.333.333.300;0;7.6;2.6;0.32;Enrolled;0,857142857;0;14
4238;1;1;4;9500;1;1;127.0;1;19;37;7;7;121.5;1;0;0;1;1;0;20;0;0;7;7;6;13.016.666.666.666.600;0;0;7;7;6;13.016.666.666.666.600;0;7.6;2.6;0.32;Enrolled;0,857142857;0;14
30;1;17;2;9500;1;1;127.0;1;3;3;1;10;118.8;1;0;0;1;1;0;19;0;0;7;9;6;12.933.333.333.333.300;0;0;7;7;6;13.716.666.666.666.600;0;16.2;0.3;-0.92;Enrolled;0,857142857;0;14
3155;1;1;5;9500;1;1;125.0;1;1;1;3;8;115.6;1;0;0;1;0;0;18;0;0;7;9;6;12.183.333.333.333.300;0;0;7;9;6;11.783.333.333.333.300;0;16.2;0.3;-0.92;Enrolled;0,857142857;0;14
3274;1;43;1;9500;1;1;120.0;1;37;37;9;6;120.0;1;0;0;1;0;0;26;0;0;7;8;6;12.0;0;0;7;8;6;12.0;0;7.6;2.6;0.32;Enrolled;0,857142857;0;14
495;1;1;1;9853;1;1;126.0;1;3;1;2;5;116.9;1;1;0;1;0;0;18;0;0;7;10;6;10.666.666.666.666.600;0;0;7;12;6;12.833.333.333.333.300;0;13.9;-0.3;0.79;Enrolled;0,857142857;0;14
2592;1;1;1;9853;1;1;133.1;1;19;37;9;9;95.0;1;0;1;0;0;0;22;0;0;7;10;6;11.5;0;0;7;8;6;13.166.666.666.666.600;0;11.1;0.6;2.02;Enrolled;0,857142857;0;14
1286;1;17;2;9853;1;1;127.0;1;19;38;3;3;121.1;1;0;0;1;1;0;19;0;0;7;10;6;13.666.666.666.666.600;0;0;7;9;6;12.5;0;12.4;0.5;1.79;Dropout;0,857142857;0;14
4291;1;1;1;171;1;1;147.0;1;1;12;4;4;148.4;1;0;0;1;1;1;20;0;8;14;15;12;10.923.076.923.076.900;0;7;13;14;11;12.181.818.181.818.100;0;11.1;0.6;2.02;Graduate;0,851851852;0,555555556;27
2042;2;57;1;9991;0;1;133.1;41;38;37;4;6;100.0;0;0;0;1;0;0;37;1;5;10;11;7;13.428.571.428.571.400;0;5;10;11;10;11.6;0;8.9;1.4;3.51;Graduate;0,85;0,5;20
980;1;18;1;9003;1;1;133.1;1;1;38;9;6;101.0;0;0;0;1;1;0;21;0;5;11;16;9;11.9;0;3;9;14;8;12.25;0;15.5;2.8;-4.06;Graduate;0,85;0,4;20
2184;1;42;1;9853;1;1;141.0;1;37;19;9;3;133.0;0;0;0;1;0;0;20;0;6;14;22;12;12.153.846.153.846.100;0;5;12;18;10;12.9;0;10.8;1.4;1.74;Dropout;0,846153846;0,423076923;26
1711;1;44;1;9991;0;39;130.0;1;37;37;9;9;130.0;0;0;0;1;0;0;31;0;2;6;12;4;12.25;0;3;7;9;7;12.0;0;9.4;-0.8;-3.12;Enrolled;0,846153846;0,384615385;13
1881;2;44;1;9119;1;39;160.0;1;37;37;9;9;160.0;0;0;1;1;1;0;41;0;3;7;15;5;14.333.333.333.333.300;0;1;6;16;6;14.636.363.636.363.600;0;12.4;0.5;1.79;Enrolled;0,846153846;0,307692308;13
4329;2;43;2;9853;1;1;130.0;1;38;31;4;1;124.2;0;0;0;1;0;0;31;0;3;7;8;6;13.666.666.666.666.600;0;1;6;8;5;13.5;0;9.4;-0.8;-3.12;Dropout;0,846153846;0,307692308;13
740;1;51;1;9773;1;1;158.0;1;1;19;8;8;117.1;1;0;0;1;1;0;20;0;1;7;7;6;13.833.333.333.333.300;0;1;6;7;5;13.0;0;8.9;1.4;3.51;Dropout;0,846153846;0,153846154;13
933;2;7;1;9670;1;3;110.0;1;37;37;7;7;110.0;0;0;0;1;0;0;32;0;4;11;15;8;13.6;0;2;8;10;8;1.511.111.111.111.110;0;13.9;-0.3;0.79;Graduate;0,842105263;0,315789474;19
2154;1;42;1;9238;1;1;133.1;1;1;19;4;9;134.0;0;0;0;1;0;0;21;0;10;13;21;11;13.272.727.272.727.200;0;6;11;13;9;13.0;0;7.6;2.6;0.32;Graduate;0,833333333;0,666666667;24
2437;1;39;1;9003;1;1;130.0;1;1;3;2;6;110.0;0;0;0;1;1;0;32;0;8;18;27;13;13.714.285.714.285.700;1;7;12;18;12;12.083.333.333.333.300;0;15.5;2.8;-4.06;Graduate;0,833333333;0,5;30
3073;1;44;1;9238;1;39;130.0;1;1;19;4;5;127.4;0;0;1;0;1;0;27;0;3;6;8;5;11.6;0;2;6;9;5;12.0;0;13.9;-0.3;0.79;Dropout;0,833333333;0,416666667;12
1244;1;42;1;9085;1;39;140.0;1;19;3;9;1;159.9;1;0;0;1;0;0;21;0;2;6;14;5;13.666.666.666.666.600;0;2;6;10;5;13.0;0;16.2;0.3;-0.92;Graduate;0,833333333;0,333333333;12
1804;1;43;2;9670;1;1;130.0;1;19;1;4;4;127.6;1;0;0;1;1;0;22;0;4;6;6;6;11.833.333.333.333.300;0;0;6;11;4;11.142.857.142.857.100;0;10.8;1.4;1.74;Dropout;0,833333333;0,333333333;12
487;1;43;2;9670;1;1;125.0;1;38;19;4;3;106.6;1;0;0;1;0;0;20;0;4;6;7;6;11.5;0;0;6;10;4;10.571.428.571.428.500;0;10.8;1.4;1.74;Dropout;0,833333333;0,333333333;12
1427;1;44;1;9085;1;1;140.0;1;4;4;2;6;140.0;0;0;0;1;0;0;22;0;2;6;9;6;13.333.333.333.333.300;0;1;6;9;4;11.5;0;13.9;-0.3;0.79;Graduate;0,833333333;0,25;12
2045;1;44;1;9085;1;39;140.0;1;1;19;3;3;140.0;1;0;0;1;0;0;21;0;2;6;7;6;13.0;0;1;6;15;4;12.8;0;12.4;0.5;1.79;Graduate;0,833333333;0,25;12
2645;1;39;1;9003;1;1;150.0;1;37;19;6;4;137.0;0;0;0;1;1;0;35;0;1;6;7;5;12.8;0;1;6;11;5;13.833.333.333.333.300;0;15.5;2.8;-4.06;Graduate;0,833333333;0,166666667;12
4192;1;44;1;9085;1;39;140.0;1;1;39;3;9;140.0;1;0;0;1;0;0;20;0;1;6;9;6;12.666.666.666.666.600;0;1;6;10;4;11.5;0;13.9;-0.3;0.79;Enrolled;0,833333333;0,166666667;12
1993;1;39;1;8014;0;1;120.0;100;1;1;4;7;119.5;0;0;1;1;0;0;25;1;2;6;6;6;11.333.333.333.333.300;0;0;6;6;4;11.75;0;8.9;1.4;3.51;Enrolled;0,833333333;0,166666667;12
995;2;7;1;9238;1;3;150.0;1;37;37;191;192;150.0;0;0;0;1;0;0;31;0;1;6;12;5;12.5;0;0;6;10;5;14.6;0;12.7;3.7;-1.7;Graduate;0,833333333;0,083333333;12
2285;1;1;1;9070;1;1;140.0;1;19;38;4;4;138.3;0;0;0;1;1;0;20;0;1;6;8;6;13.428.571.428.571.400;1;0;6;12;4;11.5;0;13.9;-0.3;0.79;Enrolled;0,833333333;0,083333333;12
2230;1;1;1;9070;1;1;117.0;1;1;1;3;9;118.4;0;0;0;1;1;0;19;0;0;6;6;6;11.833.333.333.333.300;0;0;6;8;4;10.75;2;16.2;0.3;-0.92;Graduate;0,833333333;0;12
1041;1;17;4;9070;1;1;126.0;1;1;19;4;5;120.4;1;0;0;1;0;0;18;0;0;6;8;5;11.8;0;0;6;7;5;10.4;1;16.2;0.3;-0.92;Graduate;0,833333333;0;12
2675;1;17;1;9670;1;1;134.0;1;19;37;5;5;125.3;1;0;0;1;1;1;19;0;0;6;7;4;13.75;0;0;6;10;6;11.555.555.555.555.500;0;10.8;1.4;1.74;Graduate;0,833333333;0;12
2299;1;1;1;9238;1;1;124.0;1;1;1;4;4;118.8;0;0;0;1;1;0;19;0;0;6;12;4;12.25;0;0;6;9;6;11.0;0;9.4;-0.8;-3.12;Graduate;0,833333333;0;12
1254;1;1;1;9238;1;1;126.0;1;38;38;7;8;126.7;1;0;0;1;0;0;19;0;0;6;11;4;12.75;0;0;6;7;6;11.333.333.333.333.300;0;7.6;2.6;0.32;Graduate;0,833333333;0;12
159;1;1;3;9238;1;1;125.0;1;19;1;9;10;123.6;1;0;0;1;0;0;20;0;0;6;10;4;11.0;0;0;6;9;6;11.833.333.333.333.300;0;9.4;-0.8;-3.12;Graduate;0,833333333;0;12
3091;1;1;1;9238;1;1;123.0;1;37;37;9;9;115.0;1;0;0;1;0;0;19;0;0;6;10;4;10.25;0;0;6;8;6;10.714.285.714.285.700;0;11.1;0.6;2.02;Graduate;0,833333333;0;12
3917;1;17;1;8014;0;1;120.0;1;38;37;6;6;113.0;0;0;0;1;0;1;24;0;0;6;11;4;12.0;0;0;6;7;6;13.0;0;10.8;1.4;1.74;Graduate;0,833333333;0;12
4135;1;1;1;9238;1;1;142.0;1;34;38;4;7;127.3;0;0;0;1;0;1;18;0;0;6;12;4;11.0;0;0;6;9;6;11.5;0;9.4;-0.8;-3.12;Graduate;0,833333333;0;12
4095;2;7;1;9238;1;3;130.0;1;37;19;4;5;130.0;0;0;0;1;0;0;38;0;0;6;17;4;13.75;0;0;6;15;6;14.5;0;16.2;0.3;-0.92;Graduate;0,833333333;0;12
1412;1;16;2;9238;1;1;122.0;1;19;37;9;7;127.3;1;0;0;1;0;1;19;0;0;6;8;4;11.25;0;0;6;6;6;12.0;0;10.8;1.4;1.74;Graduate;0,833333333;0;12
1482;4;39;1;9773;1;19;133.1;1;37;37;9;1;117.5;0;0;0;1;0;0;39;0;0;6;10;4;11.25;0;0;6;6;6;11.333.333.333.333.300;0;10.8;1.4;1.74;Graduate;0,833333333;0;12
2961;1;1;1;9670;1;1;133.1;1;1;1;9;1;103.0;1;0;0;1;0;1;20;0;0;6;8;4;11.75;0;0;6;10;6;12.666.666.666.666.600;0;10.8;1.4;1.74;Graduate;0,833333333;0;12
580;1;1;4;9070;1;1;136.0;1;37;37;9;8;136.7;1;0;0;1;0;0;20;0;0;6;6;4;13.5;0;0;6;8;6;13.625;0;10.8;1.4;1.74;Graduate;0,833333333;0;12
3923;1;1;1;9238;1;1;128.0;1;19;19;5;5;124.5;1;0;0;1;0;1;18;0;0;6;10;4;12.4;0;0;6;8;6;12.5;0;12.4;0.5;1.79;Graduate;0,833333333;0;12
1374;1;1;1;9773;1;1;130.0;1;1;38;3;5;128.6;1;0;0;1;1;0;19;0;0;6;8;5;12.0;0;0;6;8;5;12.4;0;9.4;-0.8;-3.12;Graduate;0,833333333;0;12
1915;1;1;1;9853;1;1;142.0;1;12;12;9;4;132.6;1;0;0;1;0;0;18;0;0;6;8;5;15.4;0;0;6;7;5;12.2;0;7.6;2.6;0.32;Graduate;0,833333333;0;12
2735;1;1;4;9773;1;1;136.0;1;1;12;9;10;121.7;1;0;0;1;0;1;22;0;0;6;7;5;13.2;0;0;6;7;5;13.6;0;12.4;0.5;1.79;Graduate;0,833333333;0;12
2333;1;39;1;9003;1;1;133.1;1;1;19;4;10;145.8;0;0;0;1;1;0;34;0;0;6;15;5;13.333.333.333.333.300;0;0;6;15;5;12.4;0;12.4;0.5;1.79;Graduate;0,833333333;0;12
268;1;1;2;9773;1;1;154.0;1;38;38;9;9;133.4;1;0;0;1;0;1;19;0;0;6;7;5;11.4;0;0;6;8;5;12.8;0;12.7;3.7;-1.7;Graduate;0,833333333;0;12
4301;1;44;1;9003;1;39;130.0;1;1;37;6;6;130.0;1;0;0;1;1;0;20;0;0;6;14;5;11.714.285.714.285.700;0;0;6;15;5;12.0;0;16.2;0.3;-0.92;Graduate;0,833333333;0;12
1082;1;1;2;9254;1;1;120.0;1;19;19;9;9;116.5;1;0;0;1;0;1;19;0;0;6;9;5;13.2;0;0;6;8;5;11.0;0;12.4;0.5;1.79;Graduate;0,833333333;0;12
3913;1;1;4;9254;1;1;105.0;1;1;19;9;6;106.1;1;0;0;1;0;0;20;0;0;6;8;5;11.0;0;0;6;9;5;11.4;0;13.9;-0.3;0.79;Graduate;0,833333333;0;12
1320;1;17;2;9853;1;1;131.0;1;1;38;4;8;121.9;1;0;0;1;0;0;19;0;0;6;10;5;12.6;0;0;6;7;5;11.2;0;10.8;1.4;1.74;Graduate;0,833333333;0;12
2859;1;1;2;9670;1;1;160.0;1;2;1;4;4;137.3;1;0;0;1;0;0;19;0;0;6;7;5;13.4;0;0;6;6;5;12.8;0;12.7;3.7;-1.7;Graduate;0,833333333;0;12
3757;1;39;1;8014;0;1;130.0;1;37;37;9;9;120.0;0;0;0;1;0;0;58;0;0;6;14;5;12.4;0;0;6;10;5;11.6;0;9.4;-0.8;-3.12;Graduate;0,833333333;0;12
4420;1;1;6;9773;1;1;125.0;1;1;1;5;4;122.2;0;0;0;1;1;0;19;0;0;6;7;5;13.6;0;0;6;8;5;12.666.666.666.666.600;0;15.5;2.8;-4.06;Graduate;0,833333333;0;12
1253;1;17;3;9670;1;1;123.0;1;38;38;7;8;118.8;1;1;0;1;0;1;18;0;0;6;10;5;12.0;0;0;6;11;5;12.333.333.333.333.300;0;11.1;0.6;2.02;Graduate;0,833333333;0;12
1231;1;1;1;9238;1;1;120.0;1;19;38;5;6;112.3;0;0;0;1;0;1;22;0;0;6;10;5;10.714.285.714.285.700;0;0;6;10;5;12.2;0;12.7;3.7;-1.7;Graduate;0,833333333;0;12
2017;1;39;1;9254;1;1;160.0;1;3;1;6;6;116.3;1;0;0;1;0;0;24;0;0;6;8;5;12.6;0;0;6;7;5;12.2;0;9.4;-0.8;-3.12;Graduate;0,833333333;0;12
3949;2;39;1;9670;1;1;150.0;1;37;19;9;4;135.6;0;0;0;1;0;1;43;0;0;6;8;5;11.0;0;0;6;9;5;13.0;0;12.4;0.5;1.79;Graduate;0,833333333;0;12
1991;1;17;1;8014;0;1;132.0;1;37;19;5;5;121.2;0;0;0;1;0;0;18;0;0;6;8;5;12.2;0;0;6;10;5;12.8;0;10.8;1.4;1.74;Graduate;0,833333333;0;12
3828;1;44;1;9003;1;39;140.0;1;37;37;9;6;140.0;1;0;0;1;1;1;20;0;0;6;10;5;12.6;0;0;6;6;5;13.2;0;12.4;0.5;1.79;Graduate;0,833333333;0;12
1911;1;1;2;9670;1;1;120.0;1;3;19;4;5;115.5;1;0;0;1;0;0;18;0;0;6;8;5;13.0;0;0;6;8;5;14.0;0;13.9;-0.3;0.79;Graduate;0,833333333;0;12
160;1;39;1;8014;0;1;120.0;1;1;19;6;8;122.0;0;0;0;1;0;1;24;0;0;6;11;5;11.0;0;0;6;9;5;12.6;0;11.1;0.6;2.02;Graduate;0,833333333;0;12
845;1;1;1;9238;1;1;143.0;1;38;34;9;9;133.6;1;0;0;1;0;0;18;0;0;6;9;5;11.4;0;0;6;8;5;10.8;0;9.4;-0.8;-3.12;Graduate;0,833333333;0;12
3490;1;1;1;9238;1;1;106.0;1;1;1;3;3;105.0;0;0;0;1;1;0;20;0;0;6;9;5;11.0;0;0;6;9;5;12.166.666.666.666.600;0;11.1;0.6;2.02;Graduate;0,833333333;0;12
1028;1;1;5;9254;1;1;131.0;1;19;37;9;9;123.7;0;0;0;1;0;1;19;0;0;6;8;5;11.666.666.666.666.600;0;0;6;7;5;12.2;0;8.9;1.4;3.51;Graduate;0,833333333;0;12
585;1;17;1;9254;1;1;102.0;1;37;37;7;7;102.0;0;0;0;1;0;0;19;0;0;6;8;5;11.8;0;0;6;8;5;11.6;0;10.8;1.4;1.74;Graduate;0,833333333;0;12
146;1;17;5;9853;1;1;132.0;1;37;38;5;6;119.1;1;0;0;1;0;1;19;0;0;6;10;5;12.0;0;0;6;9;5;10.8;0;9.4;-0.8;-3.12;Graduate;0,833333333;0;12
2780;1;1;2;9238;1;1;136.0;1;19;19;4;7;121.7;1;0;0;1;0;1;21;0;0;6;9;5;12.333.333.333.333.300;0;0;6;7;5;11.8;0;13.9;-0.3;0.79;Graduate;0,833333333;0;12
1128;1;1;1;9238;1;1;125.0;1;37;38;9;9;125.0;1;0;1;0;0;1;19;0;0;6;8;5;10.6;0;0;6;8;5;11.0;0;10.8;1.4;1.74;Graduate;0,833333333;0;12
2159;1;1;2;9853;1;1;112.0;1;3;1;3;5;111.0;0;0;0;1;0;0;21;0;0;6;8;5;13.2;0;0;6;9;5;14.333.333.333.333.300;0;9.4;-0.8;-3.12;Graduate;0,833333333;0;12
966;1;44;1;9003;1;39;120.0;1;4;1;2;8;120.0;0;0;0;1;1;0;21;0;0;6;9;5;13.4;0;0;6;9;5;12.4;0;8.9;1.4;3.51;Graduate;0,833333333;0;12
4152;1;39;1;9003;1;1;140.0;1;37;37;5;5;150.0;0;0;1;1;0;0;34;0;0;6;10;5;13.833.333.333.333.300;0;0;6;13;5;12.5;0;16.2;0.3;-0.92;Graduate;0,833333333;0;12
314;1;17;4;9853;1;1;121.0;1;38;38;5;7;113.7;1;0;0;1;0;1;20;0;0;6;8;5;13.4;0;0;6;9;5;13.666.666.666.666.600;0;9.4;-0.8;-3.12;Graduate;0,833333333;0;12
570;1;39;1;9003;1;1;120.0;1;3;4;2;2;120.0;0;0;0;1;1;0;27;0;0;6;10;5;13.0;0;0;6;13;5;11.5;0;16.2;0.3;-0.92;Graduate;0,833333333;0;12
1178;1;1;2;9070;1;1;152.0;101;2;1;9;1;168.5;1;0;0;1;1;0;21;1;0;6;7;5;14.6;0;0;6;6;5;14.2;0;16.2;0.3;-0.92;Graduate;0,833333333;0;12
2970;1;39;1;9670;1;1;130.0;1;19;3;4;2;159.0;0;0;0;1;0;1;51;0;0;6;8;5;11.6;0;0;6;9;5;14.2;0;12.4;0.5;1.79;Graduate;0,833333333;0;12
538;1;17;1;9254;1;1;127.0;1;3;19;4;4;116.9;0;0;0;1;1;0;21;0;0;6;7;5;11.0;0;0;6;7;5;12.4;0;15.5;2.8;-4.06;Graduate;0,833333333;0;12
498;1;17;1;9254;1;1;122.0;1;1;19;4;3;130.4;1;0;0;1;0;0;18;0;0;6;10;5;11.8;0;0;6;10;5;12.2;0;11.1;0.6;2.02;Graduate;0,833333333;0;12
639;1;17;3;9238;1;1;121.0;1;1;1;4;5;117.2;0;0;0;1;0;0;19;0;0;6;11;5;11.2;0;0;6;13;5;11.6;0;15.5;2.8;-4.06;Graduate;0,833333333;0;12
1146;1;1;2;8014;0;1;107.0;1;19;11;0;0;103.5;1;0;0;1;0;0;22;0;0;6;7;5;13.4;0;0;6;9;5;12.2;0;7.6;2.6;0.32;Graduate;0,833333333;0;12
470;1;17;1;9238;1;1;120.0;1;37;37;4;9;117.1;1;0;0;1;0;1;18;0;0;6;10;5;10.571.428.571.428.500;1;0;6;9;5;12.2;0;12.7;3.7;-1.7;Graduate;0,833333333;0;12
1919;1;1;2;9070;1;1;135.0;1;19;37;9;9;134.0;1;0;0;1;0;1;22;0;0;6;10;5;10.8;0;0;6;7;5;12.8;0;12.7;3.7;-1.7;Graduate;0,833333333;0;12
1963;1;1;1;9670;1;1;115.0;1;1;1;5;4;108.0;1;0;0;1;0;1;20;0;0;6;9;5;13.0;0;0;6;6;5;13.8;0;12.4;0.5;1.79;Graduate;0,833333333;0;12
3772;1;44;1;9003;1;39;140.0;1;1;1;4;3;140.0;1;0;0;1;0;0;20;0;0;6;10;5;11.666.666.666.666.600;0;0;6;7;5;12.6;0;12.4;0.5;1.79;Graduate;0,833333333;0;12
1858;1;15;1;9238;1;1;150.0;26;19;1;9;9;146.5;1;0;1;0;1;0;22;1;0;6;10;5;11.5;0;0;6;8;5;12.4;0;13.9;-0.3;0.79;Graduate;0,833333333;0;12
2227;1;1;1;9670;1;1;116.0;1;3;3;3;3;110.1;1;0;0;1;1;0;19;0;0;6;9;5;13.333.333.333.333.300;0;0;6;6;5;13.0;0;12.4;0.5;1.79;Graduate;0,833333333;0;12
2064;1;1;1;9085;1;1;120.0;1;38;38;4;7;111.6;1;0;0;1;0;0;19;0;0;6;12;5;14.0;0;0;6;14;5;11.0;0;16.2;0.3;-0.92;Graduate;0,833333333;0;12
3899;2;39;1;9254;1;1;130.0;1;37;37;4;7;120.0;1;0;0;1;0;0;34;0;0;6;7;5;12.4;0;0;6;8;5;12.8;0;9.4;-0.8;-3.12;Graduate;0,833333333;0;12
1484;1;17;1;9254;1;1;126.0;1;1;1;9;9;124.3;0;0;0;1;0;1;19;0;0;6;8;6;11.166.666.666.666.600;0;0;6;7;4;13.4;0;16.2;0.3;-0.92;Graduate;0,833333333;0;12
2609;1;17;4;9254;1;1;125.0;1;38;38;5;5;115.6;1;0;0;1;0;0;20;0;0;6;6;6;11.0;0;0;6;8;4;12.75;0;9.4;-0.8;-3.12;Graduate;0,833333333;0;12
759;1;1;1;9254;1;1;111.0;1;1;1;3;3;112.4;1;0;0;1;1;0;20;0;0;6;10;6;12.333.333.333.333.300;0;0;6;9;4;13.0;0;12.4;0.5;1.79;Graduate;0,833333333;0;12
1529;1;15;1;9254;1;1;140.0;26;19;1;9;7;140.0;1;0;0;0;0;0;21;1;0;6;6;6;11.5;0;0;6;10;4;13.25;0;13.9;-0.3;0.79;Graduate;0,833333333;0;12
4207;1;1;1;9254;1;1;144.0;1;19;19;9;9;142.6;1;0;0;1;0;1;18;0;0;6;7;6;14.166.666.666.666.600;0;0;6;10;4;14.0;0;15.5;2.8;-4.06;Graduate;0,833333333;0;12
4047;1;1;1;9254;1;1;140.0;1;19;1;9;8;140.9;1;0;0;1;0;1;18;0;0;6;7;6;12.857.142.857.142.800;0;0;6;10;4;13.0;0;12.7;3.7;-1.7;Graduate;0,833333333;0;12
3504;1;44;1;9003;1;39;130.0;1;1;3;9;6;130.0;0;0;0;1;1;1;21;0;0;6;15;6;11.714.285.714.285.700;0;0;6;8;4;11.75;0;13.9;-0.3;0.79;Graduate;0,833333333;0;12
1875;1;1;4;9773;1;1;133.0;1;19;19;7;7;134.4;1;0;0;1;1;1;20;0;0;6;6;6;12.166.666.666.666.600;0;0;6;8;4;12.75;0;9.4;-0.8;-3.12;Graduate;0,833333333;0;12
1189;1;17;1;9254;1;1;128.0;1;19;1;5;7;120.7;1;0;1;1;0;0;18;0;0;6;8;6;11.666.666.666.666.600;0;0;6;10;4;11.5;0;13.9;-0.3;0.79;Graduate;0,833333333;0;12
1533;2;15;1;9773;1;1;133.1;41;37;37;9;6;100.0;0;0;0;1;0;0;59;1;0;6;8;6;12.166.666.666.666.600;0;0;6;7;4;11.75;0;11.1;0.6;2.02;Graduate;0,833333333;0;12
4211;1;1;1;9254;1;1;129.0;1;19;1;3;7;121.0;0;0;0;1;0;1;22;0;0;6;9;6;12.833.333.333.333.300;0;0;6;6;4;13.25;0;16.2;0.3;-0.92;Graduate;0,833333333;0;12
3674;1;39;1;8014;0;19;133.1;1;19;19;144;141;131.5;0;0;1;1;0;1;39;0;0;6;9;6;11.833.333.333.333.300;0;0;6;9;4;13.75;0;11.1;0.6;2.02;Graduate;0,833333333;0;12
3869;1;44;1;9003;1;39;130.0;1;1;19;3;10;130.0;1;0;0;1;1;0;19;0;0;6;9;6;12.166.666.666.666.600;0;0;6;14;4;13.0;0;12.4;0.5;1.79;Graduate;0,833333333;0;12
2148;1;1;6;9254;1;1;129.0;1;38;19;9;5;117.8;1;0;0;1;0;0;18;0;0;6;11;6;12.0;0;0;6;11;4;12.5;0;8.9;1.4;3.51;Graduate;0,833333333;0;12
2868;1;39;1;9003;1;19;133.1;1;37;37;9;9;100.0;0;0;0;1;0;0;60;0;0;6;10;6;12.75;0;0;6;6;4;14.75;0;13.9;-0.3;0.79;Graduate;0,833333333;0;12
2517;1;17;1;9070;1;1;137.0;1;1;1;1;5;131.8;0;0;0;1;0;1;22;0;0;6;7;6;12.166.666.666.666.600;0;0;6;9;4;12.0;0;9.4;-0.8;-3.12;Graduate;0,833333333;0;12
4367;1;1;1;9670;1;1;127.0;1;3;19;3;9;127.0;1;0;0;1;1;0;18;0;0;6;9;6;13.571.428.571.428.500;0;0;6;11;4;14.0;0;12.4;0.5;1.79;Graduate;0,833333333;0;12
307;1;17;4;9670;1;1;120.0;1;1;19;5;5;117.2;1;0;0;1;0;0;18;0;0;6;8;6;11.875;0;0;6;11;4;14.6;0;11.1;0.6;2.02;Graduate;0,833333333;0;12
2278;1;51;1;9773;1;1;135.0;1;1;42;5;3;110.0;1;0;0;1;1;0;23;0;0;6;7;6;13.333.333.333.333.300;0;0;6;6;4;12.75;0;11.1;0.6;2.02;Graduate;0,833333333;0;12
4194;1;17;2;9254;1;1;141.0;1;1;4;4;4;127.7;0;0;0;1;0;1;18;0;0;6;7;6;11.285.714.285.714.200;0;0;6;9;4;13.5;0;16.2;0.3;-0.92;Graduate;0,833333333;0;12
437;1;17;1;9254;1;1;122.0;1;19;19;5;5;118.2;0;0;0;1;0;1;20;0;0;6;10;4;11.25;0;0;6;6;6;10.5;0;12.4;0.5;1.79;Enrolled;0,833333333;0;12
2196;1;1;2;9773;1;1;133.1;1;38;19;4;7;98.0;1;0;0;1;1;1;19;0;0;6;8;4;12.0;0;0;6;8;6;12.285.714.285.714.200;0;15.5;2.8;-4.06;Enrolled;0,833333333;0;12
720;1;43;1;9670;1;1;142.0;1;38;1;8;10;138.5;1;0;0;1;1;0;18;0;0;6;16;5;13.8;0;0;6;7;5;12.4;0;13.9;-0.3;0.79;Enrolled;0,833333333;0;12
3980;4;39;1;9773;1;38;133.1;1;19;19;7;9;133.0;0;0;0;1;0;0;40;0;0;6;8;5;13.0;0;0;6;7;5;12.6;0;16.2;0.3;-0.92;Enrolled;0,833333333;0;12
3769;1;1;3;9853;1;1;122.0;1;3;3;2;2;112.6;1;0;0;1;0;0;23;0;0;6;8;5;13.6;0;0;6;8;5;11.6;0;7.6;2.6;0.32;Enrolled;0,833333333;0;12
1355;1;1;1;9238;1;1;108.0;1;1;38;5;8;105.9;0;0;0;1;0;1;20;0;0;6;11;5;10.6;0;0;6;9;5;11.166.666.666.666.600;0;11.1;0.6;2.02;Enrolled;0,833333333;0;12
450;1;1;3;9254;1;1;122.0;1;19;38;3;10;114.3;1;0;0;1;0;1;20;0;0;6;8;5;12.8;0;0;6;9;5;12.8;0;12.4;0.5;1.79;Enrolled;0,833333333;0;12
4229;2;39;1;8014;0;1;133.1;1;37;37;5;4;134.5;0;0;0;1;0;0;45;0;0;6;8;5;13.6;0;0;6;7;5;13.0;0;15.5;2.8;-4.06;Enrolled;0,833333333;0;12
3197;1;42;1;9003;1;1;140.0;1;1;3;4;2;140.0;1;0;0;1;1;0;23;0;0;6;14;5;12.0;0;0;6;12;5;12.142.857.142.857.100;0;15.5;2.8;-4.06;Enrolled;0,833333333;0;12
1781;1;1;1;9670;1;1;133.1;1;1;37;9;10;139.0;0;0;0;1;1;0;21;0;0;6;6;5;12.8;0;0;6;9;5;12.25;0;10.8;1.4;1.74;Enrolled;0,833333333;0;12
2101;1;17;1;9773;1;1;133.1;1;38;38;9;5;117.0;0;0;0;1;0;0;21;0;0;6;8;5;11.8;0;0;6;8;5;11.833.333.333.333.300;0;15.5;2.8;-4.06;Enrolled;0,833333333;0;12
1040;1;1;1;9853;1;1;124.0;1;3;1;2;5;121.6;0;0;0;1;0;0;18;0;0;6;9;5;12.333.333.333.333.300;0;0;6;10;5;10.6;0;15.5;2.8;-4.06;Enrolled;0,833333333;0;12
2600;1;17;3;9853;1;1;118.0;1;38;38;7;7;121.2;1;0;0;1;0;0;18;0;0;6;8;5;13.4;0;0;6;7;5;12.0;0;7.6;2.6;0.32;Enrolled;0,833333333;0;12
251;1;1;3;9070;1;1;125.0;1;19;38;9;9;125.4;1;0;0;1;0;0;19;0;0;6;7;5;12.4;0;0;6;6;5;12.4;0;9.4;-0.8;-3.12;Enrolled;0,833333333;0;12
2069;1;18;4;9853;1;1;123.0;1;19;38;4;10;123.7;1;0;0;1;0;0;19;0;0;6;8;5;12.666.666.666.666.600;0;0;6;8;5;11.0;0;15.5;2.8;-4.06;Enrolled;0,833333333;0;12
3114;1;1;1;9670;1;1;143.0;1;3;38;2;9;144.1;1;0;0;1;0;0;19;0;0;6;7;5;12.6;0;0;6;10;5;12.375;0;10.8;1.4;1.74;Enrolled;0,833333333;0;12
2265;1;1;1;9853;1;1;110.0;1;37;37;9;4;114.3;1;0;0;1;1;0;42;0;0;6;9;5;12.4;0;0;6;10;5;11.8;0;7.6;2.6;0.32;Enrolled;0,833333333;0;12
128;1;1;1;9853;1;1;146.0;1;19;38;9;3;145.3;1;0;0;1;0;1;18;0;0;6;8;5;12.8;0;0;6;7;5;13.4;0;9.4;-0.8;-3.12;Enrolled;0,833333333;0;12
4134;1;1;1;9254;1;1;118.0;1;37;37;7;7;114.2;0;0;0;1;0;0;18;0;0;6;10;5;12.2;0;0;6;10;5;11.6;0;16.2;0.3;-0.92;Enrolled;0,833333333;0;12
1909;1;17;1;9853;1;1;112.0;1;2;19;3;9;106.1;1;0;0;1;0;0;19;0;0;6;8;5;12.333.333.333.333.300;0;0;6;8;5;11.0;0;15.5;2.8;-4.06;Enrolled;0,833333333;0;12
1929;1;1;1;9070;1;1;123.0;1;38;38;9;5;124.8;0;0;0;0;0;1;18;0;0;6;7;5;11.8;0;0;6;7;5;13.0;0;8.9;1.4;3.51;Enrolled;0,833333333;0;12
3092;1;17;1;9853;1;1;128.0;1;38;38;9;7;128.4;1;0;0;1;0;1;20;0;0;6;10;5;13.2;0;0;6;12;5;12.833.333.333.333.300;0;9.4;-0.8;-3.12;Enrolled;0,833333333;0;12
3076;1;1;1;9670;1;1;132.0;1;4;2;123;112;143.6;1;0;0;1;1;0;20;0;0;6;8;5;12.8;0;0;6;10;5;11.6;0;13.9;-0.3;0.79;Enrolled;0,833333333;0;12
329;1;1;1;9853;1;1;132.0;1;2;19;4;4;125.0;1;0;0;1;0;0;18;0;0;6;9;5;12.6;0;0;6;8;5;11.4;0;9.4;-0.8;-3.12;Enrolled;0,833333333;0;12
1408;1;1;2;9773;1;1;132.0;1;38;1;9;9;124.3;1;0;0;1;0;0;19;0;0;6;6;5;12.2;0;0;6;7;5;10.8;0;10.8;1.4;1.74;Enrolled;0,833333333;0;12
2590;1;1;4;9853;1;1;134.0;1;19;1;5;9;127.4;1;0;0;1;0;0;18;0;0;6;7;5;12.2;0;0;6;7;5;12.2;0;10.8;1.4;1.74;Enrolled;0,833333333;0;12
2146;1;17;1;9130;1;1;143.0;1;3;3;2;2;131.8;1;0;1;0;0;0;18;0;0;6;9;5;12.4;0;0;6;12;5;14.166.666.666.666.600;0;8.9;1.4;3.51;Enrolled;0,833333333;0;12
3407;1;16;3;9853;1;1;134.0;1;19;37;9;9;121.1;1;0;0;1;0;0;19;0;0;6;8;5;12.2;0;0;6;8;5;11.8;0;10.8;1.4;1.74;Enrolled;0,833333333;0;12
1547;1;18;1;9773;1;1;125.0;1;19;37;9;5;122.2;0;0;0;0;0;0;18;0;0;6;7;5;12.6;0;0;6;6;5;11.8;0;11.1;0.6;2.02;Enrolled;0,833333333;0;12
389;1;17;1;9853;1;1;134.0;1;1;19;4;5;122.5;1;0;0;1;0;0;22;0;0;6;10;5;13.166.666.666.666.600;0;0;6;8;5;12.4;0;15.5;2.8;-4.06;Enrolled;0,833333333;0;12
3411;1;5;1;9670;1;1;135.0;1;1;12;4;4;140.3;1;0;0;1;0;0;19;0;0;6;7;6;13.428.571.428.571.400;0;0;6;6;4;14.0;0;12.4;0.5;1.79;Enrolled;0,833333333;0;12
801;1;53;1;9070;1;42;130.0;1;40;19;3;5;130.0;1;0;0;0;0;1;22;0;0;6;8;6;11.0;0;0;6;10;4;12.0;0;8.9;1.4;3.51;Enrolled;0,833333333;0;12
3744;1;51;1;9085;1;40;120.0;1;3;3;4;2;125.0;0;0;0;1;0;0;28;0;0;6;8;6;14.428.571.428.571.400;0;0;6;12;4;15.6;0;11.1;0.6;2.02;Enrolled;0,833333333;0;12
939;1;1;1;9773;1;1;145.0;1;19;38;4;10;131.7;1;0;0;1;0;0;18;0;0;6;7;6;12.666.666.666.666.600;0;0;6;8;4;12.25;0;7.6;2.6;0.32;Enrolled;0,833333333;0;12
899;1;1;1;9254;1;1;112.0;1;38;19;9;5;113.8;1;0;0;1;0;0;21;0;0;6;10;6;10.833.333.333.333.300;0;0;6;10;4;11.0;0;7.6;2.6;0.32;Enrolled;0,833333333;0;12
1565;1;17;4;9085;1;1;106.0;1;37;1;3;9;106.0;0;0;0;1;0;0;20;0;0;6;9;6;13.166.666.666.666.600;0;0;6;8;4;14.0;0;13.9;-0.3;0.79;Enrolled;0,833333333;0;12
2131;1;1;1;9085;1;1;125.0;1;19;37;3;7;126.8;0;0;0;1;0;0;18;0;0;6;13;6;12.0;0;0;6;16;4;12.75;0;11.1;0.6;2.02;Enrolled;0,833333333;0;12
3557;1;39;1;9254;1;12;133.1;1;37;37;5;7;119.3;1;0;0;1;1;0;25;0;0;6;7;6;11.166.666.666.666.600;0;0;6;11;4;11.8;0;9.4;-0.8;-3.12;Enrolled;0,833333333;0;12
693;1;1;1;9254;1;1;140.0;1;19;19;9;3;130.0;0;0;0;1;1;0;21;0;0;6;8;6;12.571.428.571.428.500;0;0;6;10;4;13.0;0;12.7;3.7;-1.7;Enrolled;0,833333333;0;12
4058;1;42;1;9003;1;39;140.0;1;19;1;5;5;140.0;0;0;0;1;0;0;22;0;0;6;10;6;12.571.428.571.428.500;0;0;6;12;4;13.666.666.666.666.600;0;15.5;2.8;-4.06;Enrolled;0,833333333;0;12
1602;1;17;6;9670;1;1;110.0;1;1;19;4;10;111.3;0;0;0;1;1;0;21;0;0;6;10;6;12.285.714.285.714.200;0;0;6;11;4;14.25;0;15.5;2.8;-4.06;Enrolled;0,833333333;0;12
2676;1;1;1;9254;1;1;133.1;1;37;37;1;1;97.0;0;0;0;1;1;0;27;0;0;6;6;6;10.666.666.666.666.600;0;0;6;8;4;11.25;0;10.8;1.4;1.74;Enrolled;0,833333333;0;12
540;1;18;3;9773;1;1;128.0;1;19;1;9;9;122.1;1;0;0;1;1;0;19;0;0;6;9;4;12.5;0;0;6;6;6;11.333.333.333.333.300;0;10.8;1.4;1.74;Dropout;0,833333333;0;12
4227;1;17;2;8014;0;1;133.0;1;19;1;5;5;119.7;1;0;0;1;0;1;19;0;0;6;10;4;11.5;0;0;6;11;6;11.5;0;9.4;-0.8;-3.12;Dropout;0,833333333;0;12
175;1;17;2;9254;1;1;125.0;1;37;37;9;8;122.6;1;0;1;0;0;0;20;0;0;6;8;4;11.75;0;0;6;6;6;13.166.666.666.666.600;0;11.1;0.6;2.02;Dropout;0,833333333;0;12
3429;1;43;1;8014;0;1;117.0;1;37;37;9;9;100.0;0;0;0;1;0;0;27;0;0;6;6;4;12.5;0;0;6;6;6;14.333.333.333.333.300;0;13.9;-0.3;0.79;Dropout;0,833333333;0;12
1584;1;17;1;9853;1;1;119.0;1;37;38;9;9;125.0;1;0;0;1;0;1;21;0;0;6;9;5;12.0;0;0;6;8;5;11.2;0;10.8;1.4;1.74;Dropout;0,833333333;0;12
1618;1;39;1;8014;0;1;120.0;1;37;1;7;4;95.0;1;0;0;1;0;0;24;0;0;6;8;5;11.4;0;0;6;8;5;11.8;0;15.5;2.8;-4.06;Dropout;0,833333333;0;12
179;1;1;5;9853;1;1;141.0;1;37;19;9;5;133.0;1;0;0;1;0;0;18;0;0;6;8;5;12.4;0;0;6;12;5;10.4;0;9.4;-0.8;-3.12;Dropout;0,833333333;0;12
1973;1;17;2;9670;1;1;129.0;1;19;19;5;4;129.4;0;0;0;1;0;1;19;0;0;6;7;5;11.2;0;0;6;10;5;13.125;0;10.8;1.4;1.74;Dropout;0,833333333;0;12
626;1;1;1;9853;1;1;133.1;1;19;19;9;8;132.0;1;0;0;1;0;0;21;0;0;6;8;5;12.0;0;0;6;9;5;10.8;0;12.7;3.7;-1.7;Dropout;0,833333333;0;12
1421;1;17;4;9853;1;1;143.0;1;37;37;9;5;127.3;1;0;0;1;0;0;18;0;0;6;7;5;11.8;0;0;6;7;5;11.4;0;10.8;1.4;1.74;Dropout;0,833333333;0;12
3852;4;39;1;9773;1;12;120.0;1;37;37;4;9;130.0;0;0;0;0;1;0;55;0;0;6;8;5;11.4;0;0;6;9;5;12.4;0;10.8;1.4;1.74;Dropout;0,833333333;0;12
2013;5;39;1;9853;1;19;133.1;1;38;1;5;3;105.5;0;0;1;1;0;0;33;0;0;6;7;5;13.2;0;0;6;7;5;10.6;0;7.6;2.6;0.32;Dropout;0,833333333;0;12
3618;1;1;1;9238;1;1;133.0;1;19;38;9;7;131.3;1;0;1;1;0;0;18;0;0;6;7;5;13.6;0;0;6;7;5;11.8;0;8.9;1.4;3.51;Dropout;0,833333333;0;12
2865;1;17;2;9773;1;1;115.0;1;1;1;5;5;119.6;1;0;0;1;0;1;22;0;0;6;11;5;12.0;0;0;6;11;5;11.0;0;7.6;2.6;0.32;Dropout;0,833333333;0;12
3830;1;1;1;9085;1;1;148.0;1;38;38;4;9;131.6;0;0;0;1;1;1;18;0;0;6;8;6;15.5;0;0;6;9;4;15.5;0;11.1;0.6;2.02;Dropout;0,833333333;0;12
2738;1;1;1;9130;1;1;144.0;1;3;1;2;4;134.9;1;0;1;1;0;0;18;0;0;6;13;6;10.857.142.857.142.800;0;0;6;10;4;11.0;0;15.5;2.8;-4.06;Dropout;0,833333333;0;12
2004;1;17;5;9853;1;1;134.0;1;19;38;4;8;122.1;1;0;0;1;0;1;18;0;0;6;8;6;11.666.666.666.666.600;0;0;6;9;4;12.0;0;10.8;1.4;1.74;Dropout;0,833333333;0;12
156;1;1;1;9853;1;1;129.0;1;38;37;6;6;138.1;0;0;0;1;0;0;19;0;0;6;8;6;12.0;0;0;6;10;4;11.5;0;7.6;2.6;0.32;Dropout;0,833333333;0;12
2826;1;17;1;9130;1;1;117.0;1;19;19;4;4;113.5;1;0;0;1;0;0;19;0;0;6;8;6;11.333.333.333.333.300;0;0;6;12;4;13.75;0;8.9;1.4;3.51;Dropout;0,833333333;0;12
1527;1;17;1;9773;1;1;112.0;1;1;1;5;1;111.7;0;0;1;0;1;0;19;0;0;6;6;6;12.5;0;0;6;10;4;12.6;0;15.5;2.8;-4.06;Dropout;0,833333333;0;12
3990;1;43;1;9238;1;1;130.0;1;38;19;9;4;118.4;0;0;1;1;0;0;28;0;15;16;16;13;12.076.923.076.923.000;0;13;13;13;11;12.090.909.090.909.000;0;16.2;0.3;-0.92;Graduate;0,827586207;0,965517241;29
658;1;51;1;8014;0;1;121.0;1;1;38;5;7;112.3;0;0;0;1;0;0;22;0;14;16;16;13;10.923.076.923.076.900;0;13;13;13;11;11.454.545.454.545.400;0;16.2;0.3;-0.92;Graduate;0,827586207;0,931034483;29
3382;1;26;1;9147;1;2;133.1;1;34;34;0;0;121.5;1;0;0;1;0;0;31;0;13;15;17;13;11.615.384.615.384.600;0;11;14;14;11;12.545.454.545.454.500;0;7.6;2.6;0.32;Dropout;0,827586207;0,827586207;29
2971;1;43;2;9238;1;1;133.1;1;19;19;4;5;120.6;1;0;0;1;0;0;24;0;6;10;16;10;12.5;0;2;7;9;4;12.6;0;16.2;0.3;-0.92;Graduate;0,823529412;0,470588235;17
2836;2;43;1;9147;1;1;130.0;1;19;37;7;10;138.0;0;0;0;1;0;0;34;0;12;15;17;12;11.916.666.666.666.600;0;11;13;13;11;13.181.818.181.818.100;0;7.6;2.6;0.32;Graduate;0,821428571;0,821428571;28
3813;1;43;1;9238;1;1;149.0;1;37;37;9;6;130.5;1;0;0;1;0;0;28;0;8;11;11;9;11.666.666.666.666.600;0;8;11;13;9;12.555.555.555.555.500;0;10.8;1.4;1.74;Graduate;0,818181818;0,727272727;22
3308;1;7;1;8014;0;3;120.0;1;19;37;5;3;121.3;0;0;0;1;0;0;32;0;7;11;13;11;13.454.545.454.545.400;0;5;11;13;7;12.428.571.428.571.400;0;12.7;3.7;-1.7;Graduate;0,818181818;0,545454545;22
4256;1;7;1;8014;0;4;120.0;1;2;3;2;2;120.0;0;0;0;1;0;0;18;0;10;16;24;13;13.846.153.846.153.800;0;7;11;15;9;12.555.555.555.555.500;0;15.5;2.8;-4.06;Dropout;0,814814815;0,62962963;27
2699;1;44;1;9070;1;39;123.9;1;37;1;9;7;123.9;0;0;0;1;1;0;20;0;2;7;9;5;12.6;0;5;9;10;8;12.75;1;16.2;0.3;-0.92;Dropout;0,8125;0,4375;16
2216;1;1;2;9773;1;1;133.0;1;3;1;2;4;130.2;0;0;0;1;1;0;19;0;0;6;9;5;12.6;0;6;10;16;8;11.0;1;8.9;1.4;3.51;Enrolled;0,8125;0,375;16
2346;1;53;1;9085;1;42;150.0;1;1;19;3;8;150.3;1;0;0;1;1;1;21;0;7;11;15;9;1.422.222.222.222.220;0;4;9;15;7;13.75;0;8.9;1.4;3.51;Graduate;0,8;0,55;20
3270;1;43;2;9773;1;1;120.0;1;34;34;0;0;103.6;1;0;0;1;0;0;27;0;4;8;11;7;13.285.714.285.714.200;0;4;7;13;5;11.6;0;9.4;-0.8;-3.12;Dropout;0,8;0,533333333;15
180;1;7;1;9500;1;3;140.0;1;1;1;9;5;140.0;0;0;0;1;0;0;33;0;2;7;8;6;14.35;0;3;8;10;6;14.583.333.333.333.300;0;16.2;0.3;-0.92;Dropout;0,8;0,333333333;15
695;2;39;1;9130;1;19;133.1;1;2;1;2;9;157.0;1;0;0;1;1;0;44;0;1;5;13;4;14.0;3;1;5;9;4;15.5;2;10.8;1.4;1.74;Graduate;0,8;0,2;10
4288;1;44;1;9085;1;39;160.0;1;1;1;4;4;160.0;0;0;0;1;1;0;21;0;1;5;15;3;12.333.333.333.333.300;2;0;5;7;5;11.4;0;9.4;-0.8;-3.12;Graduate;0,8;0,1;10
3699;1;1;1;9500;1;1;133.1;1;38;38;5;10;101.0;0;0;0;1;1;0;20;0;0;7;14;5;1.287.857.142.857.140;0;0;8;15;7;1.185.625;0;15.5;2.8;-4.06;Graduate;0,8;0;15
224;1;51;1;9500;1;1;127.0;1;19;1;5;9;150.0;0;0;0;1;0;1;19;0;0;7;9;5;13.85;0;0;8;9;7;1.219.285.714.285.710;0;11.1;0.6;2.02;Graduate;0,8;0;15
3983;1;17;1;9500;1;1;131.0;1;1;19;4;3;125.4;1;0;0;1;0;0;19;0;0;7;13;5;12.5;0;0;8;14;7;12.166.666.666.666.600;0;15.5;2.8;-4.06;Graduate;0,8;0;15
43;1;1;6;9500;1;1;103.0;1;1;3;2;2;100.6;1;1;0;1;0;0;22;0;0;7;9;5;13.928;0;0;8;9;7;14.342.857.142.857.100;0;11.1;0.6;2.02;Graduate;0,8;0;15
2806;1;1;4;9500;1;1;126.0;1;19;19;9;9;125.0;1;0;0;1;0;0;19;0;0;7;8;6;11.658.333.333.333.300;0;0;8;11;6;12.416.666.666.666.600;0;12.4;0.5;1.79;Graduate;0,8;0;15
3766;1;1;1;9500;1;1;141.0;1;37;38;6;6;125.6;1;0;0;1;0;1;22;0;0;7;9;6;13.081.666.666.666.600;0;0;8;12;6;13.15;0;11.1;0.6;2.02;Graduate;0,8;0;15
4144;1;39;1;9556;1;1;130.0;1;19;38;9;8;113.3;0;0;0;1;0;0;24;0;0;7;15;5;12.4;0;0;8;14;7;12.15;0;12.4;0.5;1.79;Enrolled;0,8;0;15
3530;1;1;1;9500;1;1;118.0;1;12;1;4;10;115.7;0;0;0;1;1;0;20;0;0;7;9;5;12.7;0;0;8;9;7;13.475;0;13.9;-0.3;0.79;Enrolled;0,8;0;15
320;1;17;1;9500;1;1;160.0;1;38;38;7;7;147.8;0;0;0;1;0;0;20;0;0;7;11;6;11.757.142.857.142.800;0;0;8;12;6;13.083.333.333.333.300;0;15.5;2.8;-4.06;Enrolled;0,8;0;15
1185;1;1;2;9500;1;1;133.1;1;19;38;192;192;96.0;1;0;0;1;0;0;19;0;0;7;10;6;13.598.333.333.333.300;0;0;8;11;6;11.933.333.333.333.300;0;11.1;0.6;2.02;Enrolled;0,8;0;15
1597;1;1;2;9500;1;1;133.1;1;37;37;9;9;99.0;1;0;0;1;1;0;22;0;0;7;9;6;12.833.333.333.333.300;0;0;8;12;6;12.5;0;16.2;0.3;-0.92;Enrolled;0,8;0;15
1435;1;1;2;9500;1;1;130.0;1;1;38;9;9;125.1;1;0;0;1;0;1;18;0;0;7;9;6;12.816.666.666.666.600;0;0;8;11;6;12.875;0;11.1;0.6;2.02;Enrolled;0,8;0;15
1119;1;39;2;9556;1;1;130.0;1;37;37;9;9;159.0;1;0;0;1;0;0;25;0;0;7;11;7;11.857.142.857.142.800;0;0;8;21;5;11.7;0;12.4;0.5;1.79;Enrolled;0,8;0;15
3914;1;1;2;9670;1;1;130.0;1;26;30;0;5;128.6;1;0;1;1;0;0;19;0;0;5;8;4;12.25;0;0;5;7;4;12.75;2;7.6;2.6;0.32;Graduate;0,8;0;10
4399;1;39;1;9147;1;1;160.0;1;38;38;7;9;121.4;0;1;0;1;0;1;26;0;0;5;8;4;13.0;0;0;5;10;4;12.25;2;16.2;0.3;-0.92;Graduate;0,8;0;10
201;1;1;1;9085;1;1;138.0;1;1;1;4;7;132.1;1;0;0;1;0;0;19;0;0;5;9;4;13.75;0;0;5;13;4;14.333.333.333.333.300;2;10.8;1.4;1.74;Graduate;0,8;0;10
281;1;16;2;9147;1;1;139.0;1;38;37;9;9;123.7;1;0;0;1;0;1;22;0;0;5;8;4;12.0;0;0;5;8;4;11.4;2;16.2;0.3;-0.92;Graduate;0,8;0;10
3989;1;1;1;9085;1;1;123.0;1;19;37;9;9;124.1;1;0;0;1;0;1;20;0;0;5;13;5;14.0;2;0;5;10;3;12.0;1;9.4;-0.8;-3.12;Graduate;0,8;0;10
587;1;17;1;9085;1;1;120.0;1;38;19;90;90;127.0;0;0;0;1;0;0;19;0;0;5;7;3;12.0;0;0;5;7;5;13.2;0;7.6;2.6;0.32;Graduate;0,8;0;10
2363;1;1;5;9147;1;1;118.0;1;19;19;9;9;114.2;1;0;0;1;1;0;20;0;0;5;9;3;10.333.333.333.333.300;0;0;5;6;5;12.8;0;12.4;0.5;1.79;Graduate;0,8;0;10
3569;1;17;5;9119;1;1;118.0;1;1;19;9;9;120.5;1;0;0;1;1;0;20;0;0;5;10;3;13.333.333.333.333.300;0;0;5;11;5;13.571.428.571.428.500;0;12.4;0.5;1.79;Graduate;0,8;0;10
1227;1;1;1;9147;1;1;160.0;1;9;19;4;3;151.3;0;0;0;1;0;0;23;0;0;5;8;3;10.666.666.666.666.600;0;0;5;8;5;11.6;0;7.6;2.6;0.32;Graduate;0,8;0;10
3845;1;1;1;9130;1;1;133.1;1;6;11;4;5;138.4;0;0;0;1;1;0;21;0;0;5;8;3;14.0;0;0;5;5;5;12.8;0;7.6;2.6;0.32;Graduate;0,8;0;10
1622;1;1;1;9085;1;1;126.0;1;38;37;9;9;123.6;1;0;0;1;0;0;21;0;0;5;10;3;11.666.666.666.666.600;0;0;5;5;5;13.0;0;10.8;1.4;1.74;Graduate;0,8;0;10
879;1;1;2;9670;1;1;135.0;1;19;19;7;10;121.4;0;0;0;1;1;0;19;0;0;5;7;3;12.333.333.333.333.300;0;0;5;5;5;11.6;0;9.4;-0.8;-3.12;Graduate;0,8;0;10
3021;1;17;1;9130;1;1;131.0;1;19;9;5;3;118.4;0;0;0;1;0;0;19;0;0;5;8;3;12.0;0;0;5;7;5;12.833.333.333.333.300;0;7.6;2.6;0.32;Graduate;0,8;0;10
3663;1;1;1;9085;1;1;142.0;1;38;38;9;10;127.0;1;0;0;1;0;0;18;0;0;5;7;3;12.333.333.333.333.300;0;0;5;9;5;12.6;0;10.8;1.4;1.74;Graduate;0,8;0;10
1563;1;1;4;9147;1;1;116.0;1;1;1;3;4;113.6;1;0;0;1;0;1;22;0;0;5;6;3;14.0;0;0;5;8;5;12.4;0;11.1;0.6;2.02;Graduate;0,8;0;10
650;1;1;1;9670;1;1;117.0;1;1;38;5;1;113.5;1;0;0;1;0;0;20;0;0;5;6;4;11.5;0;0;5;5;4;10.75;0;9.4;-0.8;-3.12;Graduate;0,8;0;10
3007;1;1;4;9147;1;1;137.0;1;1;19;4;5;136.3;0;0;0;1;0;0;18;0;0;5;9;4;11.25;0;0;5;6;4;11.0;0;8.9;1.4;3.51;Graduate;0,8;0;10
3893;1;1;3;9147;1;1;143.0;1;1;1;5;7;133.2;1;0;0;1;0;1;18;0;0;5;11;4;14.25;0;0;5;7;4;12.5;0;12.7;3.7;-1.7;Graduate;0,8;0;10
1170;1;1;1;9670;1;1;135.0;1;19;37;5;7;121.4;0;0;0;1;1;0;21;0;0;5;7;4;11.5;0;0;5;6;4;11.75;0;9.4;-0.8;-3.12;Graduate;0,8;0;10
2377;1;39;1;9147;1;1;150.0;1;37;1;7;3;148.8;0;0;0;1;1;1;25;0;0;5;7;4;14.25;0;0;5;7;4;14.75;0;12.7;3.7;-1.7;Graduate;0,8;0;10
1441;1;1;5;9670;1;1;142.0;1;19;19;7;3;132.9;0;0;0;1;1;0;19;0;0;5;5;4;12.5;0;0;5;5;4;14.25;0;7.6;2.6;0.32;Graduate;0,8;0;10
3256;1;17;6;9670;1;1;120.0;1;1;14;4;5;113.7;1;0;0;1;0;0;18;0;0;5;7;4;11.4;0;0;5;5;4;11.25;0;9.4;-0.8;-3.12;Graduate;0,8;0;10
3252;1;17;4;9147;1;1;121.0;1;38;37;6;7;113.0;1;0;0;1;0;1;18;0;0;5;12;4;10.714.285.714.285.700;0;0;5;9;4;11.0;0;13.9;-0.3;0.79;Graduate;0,8;0;10
445;1;17;1;9670;1;1;123.0;1;19;19;1;1;114.6;0;0;0;1;0;0;18;0;0;5;5;4;11.0;0;0;5;5;4;11.0;0;9.4;-0.8;-3.12;Graduate;0,8;0;10
3958;1;17;1;9085;1;1;140.0;1;37;38;7;9;129.9;0;0;0;1;0;0;19;0;0;5;11;4;13.6;2;0;5;9;4;12.2;0;9.4;-0.8;-3.12;Graduate;0,8;0;10
1779;1;1;1;9147;1;1;133.1;1;37;38;7;7;98.0;1;0;0;1;1;0;23;0;0;5;8;4;11.4;0;0;5;7;4;11.0;0;11.1;0.6;2.02;Graduate;0,8;0;10
971;1;43;1;9670;1;1;130.0;1;34;34;0;0;114.8;0;0;0;1;1;0;25;0;0;5;5;4;13.75;0;0;5;5;4;14.75;0;7.6;2.6;0.32;Graduate;0,8;0;10
340;1;17;1;9130;1;1;156.0;1;2;9;3;5;166.9;0;0;0;1;0;0;18;0;0;5;9;4;11.25;0;0;5;6;4;12.5;0;7.6;2.6;0.32;Graduate;0,8;0;10
513;1;39;2;9670;1;1;140.0;1;34;34;0;0;100.0;0;0;0;1;0;0;28;0;0;5;6;4;12.5;0;0;5;7;4;11.75;0;7.6;2.6;0.32;Graduate;0,8;0;10
3635;1;1;2;9085;1;1;157.0;1;3;38;4;6;142.3;0;0;0;1;0;0;18;0;0;5;7;4;12.75;0;0;5;6;4;12.75;0;7.6;2.6;0.32;Graduate;0,8;0;10
137;1;17;1;9670;1;1;120.0;1;19;19;5;5;113.0;1;0;0;1;0;0;20;0;0;5;7;4;12.2;0;0;5;5;4;11.5;0;7.6;2.6;0.32;Graduate;0,8;0;10
584;1;1;1;9147;1;1;148.0;1;37;38;9;8;133.0;1;0;0;1;0;0;18;0;0;5;10;4;12.0;0;0;5;9;4;12.8;0;13.9;-0.3;0.79;Graduate;0,8;0;10
1631;2;39;1;9130;1;19;133.1;1;37;38;9;9;120.0;0;0;0;1;1;0;53;0;0;5;9;4;12.25;2;0;5;8;4;11.75;0;9.4;-0.8;-3.12;Graduate;0,8;0;10
1285;1;1;1;9670;1;1;124.0;1;19;37;5;7;119.1;0;0;0;1;1;1;20;0;0;5;7;4;11.0;0;0;5;7;4;11.5;0;9.4;-0.8;-3.12;Graduate;0,8;0;10
1617;1;1;1;9085;1;1;121.0;1;37;38;6;9;121.0;0;0;0;1;0;0;19;0;0;5;9;4;13.75;1;0;5;8;4;14.5;0;7.6;2.6;0.32;Graduate;0,8;0;10
1004;1;17;2;9147;1;1;122.0;1;19;19;7;7;116.1;1;0;0;1;0;1;19;0;0;5;8;5;11.2;0;0;5;5;3;11.0;0;12.4;0.5;1.79;Graduate;0,8;0;10
3198;1;1;6;9147;1;1;127.0;1;1;19;1;6;120.0;1;0;0;1;1;0;19;0;0;5;6;5;12.6;0;0;5;8;3;12.666.666.666.666.600;0;8.9;1.4;3.51;Graduate;0,8;0;10
1843;1;1;1;9147;1;1;158.0;1;1;38;3;6;155.2;0;0;0;1;1;1;18;0;0;5;5;5;11.8;0;0;5;8;3;11.0;0;9.4;-0.8;-3.12;Graduate;0,8;0;10
1468;2;17;5;9119;1;1;126.0;1;37;38;4;4;122.9;1;0;0;1;1;0;21;0;0;5;10;4;13.2;0;0;5;7;4;14.25;2;7.6;2.6;0.32;Enrolled;0,8;0;10
574;1;1;6;9147;1;1;121.0;1;3;19;4;5;116.8;0;0;0;1;1;0;20;0;0;5;14;3;12.4;0;0;5;8;5;10.833.333.333.333.300;0;13.9;-0.3;0.79;Enrolled;0,8;0;10
501;1;17;3;9085;1;1;134.0;1;37;38;9;9;120.4;1;0;0;1;0;0;20;0;0;5;13;3;11.333.333.333.333.300;2;0;5;8;5;12.6;0;9.4;-0.8;-3.12;Enrolled;0,8;0;10
3742;1;39;1;9119;1;1;133.1;1;37;19;9;3;123.0;0;0;0;1;1;1;28;0;0;5;16;3;14.333.333.333.333.300;0;0;5;9;5;12.428.571.428.571.400;0;9.4;-0.8;-3.12;Enrolled;0,8;0;10
1968;1;1;3;9085;1;1;135.0;1;3;2;4;3;121.0;1;0;0;1;0;0;18;0;0;5;14;3;12.333.333.333.333.300;2;0;5;8;5;11.6;0;9.4;-0.8;-3.12;Enrolled;0,8;0;10
171;1;39;1;9085;1;1;130.0;1;37;19;9;7;130.0;1;0;0;1;0;0;28;0;0;5;13;4;11.25;1;0;5;11;4;10.5;0;12.7;3.7;-1.7;Enrolled;0,8;0;10
1708;1;1;4;9147;1;1;117.0;1;1;38;8;9;117.0;1;0;0;1;1;0;19;0;0;5;5;4;10.75;0;0;5;6;4;12.25;0;12.4;0.5;1.79;Enrolled;0,8;0;10
1671;1;39;1;9991;0;1;133.1;1;1;1;4;2;127.7;0;0;0;1;0;0;25;0;0;5;12;4;12.5;0;0;5;10;4;11.0;0;13.9;-0.3;0.79;Enrolled;0,8;0;10
372;4;39;1;9991;0;1;130.0;1;38;19;9;7;148.0;0;0;0;1;0;1;31;0;0;5;11;4;11.25;0;0;5;10;4;10.833.333.333.333.300;0;13.9;-0.3;0.79;Enrolled;0,8;0;10
2998;1;17;1;9147;1;1;120.0;1;3;3;2;2;112.0;0;0;0;1;0;0;20;0;0;5;10;4;11.0;0;0;5;7;4;11.5;0;15.5;2.8;-4.06;Enrolled;0,8;0;10
3509;1;1;1;9147;1;1;130.0;1;19;19;9;7;119.5;1;0;0;1;1;1;18;0;0;5;7;4;11.25;0;0;5;6;4;12.25;0;12.4;0.5;1.79;Enrolled;0,8;0;10
2818;1;1;1;9147;1;1;129.0;1;37;37;9;7;117.8;0;0;0;1;0;1;19;0;0;5;6;4;11.0;0;0;5;9;4;13.857.142.857.142.800;0;10.8;1.4;1.74;Enrolled;0,8;0;10
1587;1;1;1;9147;1;1;132.0;1;38;37;7;7;131.3;1;0;0;1;0;0;18;0;0;5;8;4;12.0;0;0;5;8;4;12.25;0;9.4;-0.8;-3.12;Enrolled;0,8;0;10
2629;1;1;1;9147;1;1;120.0;1;1;19;7;7;111.3;0;0;0;1;1;1;18;0;0;5;10;4;10.8;0;0;5;10;4;11.75;0;15.5;2.8;-4.06;Enrolled;0,8;0;10
4232;1;39;1;9991;0;1;140.0;1;38;19;9;5;130.0;0;0;1;1;0;0;25;0;0;5;10;4;11.25;0;0;5;9;4;12.0;0;12.7;3.7;-1.7;Enrolled;0,8;0;10
3232;2;39;1;9147;1;1;130.0;1;37;37;9;9;142.5;0;0;0;1;0;0;39;0;0;5;8;4;11.25;0;0;5;8;4;11.5;0;11.1;0.6;2.02;Enrolled;0,8;0;10
3543;1;39;1;9991;0;1;100.0;1;37;38;9;4;140.0;0;0;0;1;1;0;39;0;0;5;7;4;12.25;0;0;5;7;4;12.75;0;15.5;2.8;-4.06;Enrolled;0,8;0;10
984;2;39;1;9991;0;1;130.0;1;38;38;9;3;145.6;0;0;0;1;1;0;34;0;0;5;10;4;11.75;0;0;5;10;4;10.833.333.333.333.300;0;13.9;-0.3;0.79;Enrolled;0,8;0;10
1156;1;1;1;9147;1;1;118.0;1;1;2;10;10;117.3;1;0;0;1;0;0;19;0;0;5;9;4;12.25;0;0;5;10;4;12.0;0;8.9;1.4;3.51;Enrolled;0,8;0;10
767;1;44;1;9130;1;39;150.0;1;1;1;4;4;150.0;1;0;0;1;0;0;20;0;0;5;7;4;12.0;1;0;5;6;4;12.4;0;10.8;1.4;1.74;Enrolled;0,8;0;10
2584;1;39;1;9991;0;1;150.0;1;19;37;9;8;138.5;0;0;0;1;0;0;26;0;0;5;10;4;12.0;0;0;5;9;4;11.25;0;12.7;3.7;-1.7;Enrolled;0,8;0;10
1596;1;1;1;9670;1;1;127.0;1;1;37;4;9;128.1;0;0;0;1;1;0;19;0;0;5;8;4;12.5;0;0;5;6;4;11.0;0;7.6;2.6;0.32;Enrolled;0,8;0;10
842;1;17;1;9147;1;1;116.0;1;3;1;3;4;115.7;0;0;0;0;1;0;22;0;0;5;10;4;11.5;0;0;5;11;4;14.0;0;8.9;1.4;3.51;Enrolled;0,8;0;10
1588;1;17;2;9119;1;1;133.1;1;1;2;3;3;117.0;1;0;0;1;1;0;21;0;0;5;10;5;11.166.666.666.666.600;0;0;5;10;3;10.8;0;12.4;0.5;1.79;Enrolled;0,8;0;10
3604;1;17;3;9119;1;1;135.0;1;1;19;141;193;121.7;1;0;0;1;1;0;18;0;0;5;7;5;11.8;0;0;5;9;3;12.0;0;8.9;1.4;3.51;Enrolled;0,8;0;10
3330;1;17;1;9147;1;1;110.0;1;1;1;4;4;99.0;0;0;0;1;1;0;21;0;0;5;5;5;11.0;0;0;5;11;3;11.428.571.428.571.400;0;10.8;1.4;1.74;Enrolled;0,8;0;10
1807;1;1;3;9119;1;1;117.0;1;1;1;3;5;111.1;0;0;0;1;1;1;19;0;0;5;10;5;11.8;0;0;5;12;3;11.5;0;11.1;0.6;2.02;Enrolled;0,8;0;10
2686;1;1;2;9119;1;1;126.0;1;1;38;141;192;122.5;1;0;0;1;1;0;20;0;0;5;7;5;10.8;0;0;5;9;3;12.0;0;8.9;1.4;3.51;Enrolled;0,8;0;10
84;1;17;1;9254;1;1;120.0;1;19;19;4;4;125.5;0;0;0;1;1;0;18;0;0;5;6;5;12.0;0;0;5;8;3;11.333.333.333.333.300;0;12.7;3.7;-1.7;Enrolled;0,8;0;10
2213;1;1;1;9119;1;1;126.0;1;38;19;5;5;130.2;0;0;0;1;1;0;19;0;0;5;7;5;10.2;0;0;5;8;3;12.0;0;10.8;1.4;1.74;Enrolled;0,8;0;10
3702;1;1;1;9147;1;1;120.0;1;34;34;99;99;111.6;0;0;1;1;1;1;21;0;0;5;5;5;12.6;0;0;5;9;3;12.833.333.333.333.300;0;10.8;1.4;1.74;Enrolled;0,8;0;10
1422;1;1;3;9147;1;1;127.0;1;1;38;5;7;123.5;1;0;0;1;0;1;19;0;0;5;5;5;11.6;0;0;5;11;3;12.666.666.666.666.600;0;9.4;-0.8;-3.12;Enrolled;0,8;0;10
3498;2;43;1;9991;0;1;114.0;1;37;37;7;8;116.7;0;0;0;1;1;0;49;0;0;5;7;4;13.333.333.333.333.300;0;0;5;9;4;11.6;1;16.2;0.3;-0.92;Dropout;0,8;0;10
2980;1;1;1;9085;1;1;135.0;1;3;2;1;1;133.6;1;0;0;0;0;0;22;0;0;5;12;4;14.6;3;0;5;5;4;12.75;1;9.4;-0.8;-3.12;Dropout;0,8;0;10
2273;2;39;1;9991;0;19;133.1;1;37;1;5;5;138.3;0;0;0;1;1;0;44;0;0;5;9;3;11.333.333.333.333.300;0;0;5;8;5;11.142.857.142.857.100;0;13.9;-0.3;0.79;Dropout;0,8;0;10
239;1;1;1;9130;1;1;126.0;1;19;1;9;9;122.5;1;0;0;0;0;0;25;0;0;5;14;4;13.5;2;0;5;10;4;14.25;0;9.4;-0.8;-3.12;Dropout;0,8;0;10
4269;1;1;2;9991;0;1;143.0;1;5;1;4;4;131.5;0;0;0;1;1;0;19;0;0;5;11;4;11.0;0;0;5;8;4;12.25;0;15.5;2.8;-4.06;Dropout;0,8;0;10
2661;2;39;1;9991;0;1;120.0;1;19;37;3;9;132.9;0;0;0;1;1;0;32;0;0;5;11;4;10.75;0;0;5;11;4;11.333.333.333.333.300;0;13.9;-0.3;0.79;Dropout;0,8;0;10
1143;1;1;1;9670;1;1;128.0;1;1;1;2;2;130.8;1;0;0;1;0;0;20;0;0;5;5;4;15.0;0;0;5;5;4;13.75;0;7.6;2.6;0.32;Dropout;0,8;0;10
2218;1;16;2;9147;1;1;129.0;1;19;19;4;9;127.6;1;0;0;1;1;0;19;0;0;5;8;5;11.6;0;0;5;9;3;11.0;0;10.8;1.4;1.74;Dropout;0,8;0;10
861;1;18;2;9119;1;1;136.0;1;1;2;5;4;122.7;1;0;0;1;1;0;18;0;0;5;7;5;12.6;0;0;5;9;3;13.25;0;13.9;-0.3;0.79;Dropout;0,8;0;10
2615;1;1;4;9119;1;1;126.0;1;3;19;2;9;123.6;1;0;0;1;1;0;18;0;0;5;6;5;12.4;0;0;5;9;3;13.0;0;8.9;1.4;3.51;Dropout;0,8;0;10
3054;1;17;1;9085;1;1;137.0;1;38;19;0;90;122.3;0;0;0;1;0;1;19;0;0;5;5;5;12.6;0;0;5;9;3;13.0;0;7.6;2.6;0.32;Dropout;0,8;0;10
758;1;43;1;9991;0;1;130.0;1;37;2;9;4;126.5;1;0;0;0;1;0;23;0;10;15;24;12;11.0;0;10;14;21;11;11.363.636.363.636.300;1;7.6;2.6;0.32;Dropout;0,793103448;0,689655172;29
3183;1;43;1;8014;0;1;145.0;6;34;34;0;0;134.5;1;0;0;1;1;0;25;1;8;14;23;11;116.875;0;6;10;20;8;11.142.857.142.857.100;0;9.4;-0.8;-3.12;Graduate;0,791666667;0,583333333;24
2384;1;53;1;9003;1;1;130.0;1;19;1;9;9;130.0;0;0;1;1;1;0;21;0;7;12;20;10;11.8;0;5;12;15;9;11.444.444.444.444.400;0;8.9;1.4;3.51;Enrolled;0,791666667;0,5;24
2894;2;43;1;8014;0;1;130.0;1;34;34;0;0;130.0;0;0;0;1;0;0;45;0;10;12;12;9;12.444.444.444.444.400;3;4;7;8;6;12.0;0;9.4;-0.8;-3.12;Dropout;0,789473684;0,736842105;19
3536;1;51;1;9991;0;39;120.0;1;1;4;4;10;118.1;0;0;0;1;1;0;28;0;13;15;17;13;12.0;0;9;13;13;9;11.333.333.333.333.300;0;8.9;1.4;3.51;Dropout;0,785714286;0,785714286;28
3194;1;42;1;9070;1;1;120.0;1;3;2;3;1;116.9;0;0;0;1;1;0;20;0;6;7;13;7;12.375;0;4;7;8;4;11.25;0;13.9;-0.3;0.79;Dropout;0,785714286;0,714285714;14
596;1;39;1;9991;0;3;120.0;1;37;37;9;9;141.0;0;0;0;1;0;0;29;0;10;15;15;11;11.454.545.454.545.400;0;9;13;16;11;11.545.454.545.454.500;0;10.8;1.4;1.74;Dropout;0,785714286;0,678571429;28
3174;1;39;1;9556;1;1;133.1;1;38;19;9;6;100.0;1;0;0;1;0;1;25;0;0;7;11;5;12.58;0;0;7;9;6;12.157.142.857.142.800;0;8.9;1.4;3.51;Graduate;0,785714286;0;14
3069;1;39;1;9556;1;1;140.0;1;37;37;9;8;105.0;1;0;0;1;0;1;36;0;0;7;11;6;12.35;0;0;7;12;5;12.5;0;8.9;1.4;3.51;Graduate;0,785714286;0;14
1162;4;7;1;9500;1;40;130.0;1;37;37;3;3;130.0;1;0;0;1;0;0;32;0;0;7;16;4;13.625;0;0;7;8;7;126.375;0;12.4;0.5;1.79;Enrolled;0,785714286;0;14
1977;1;1;4;9500;1;1;118.0;1;19;19;3;3;110.0;1;0;0;1;0;0;19;0;0;7;12;4;12.85;0;0;7;7;7;1.262.142.857.142.850;0;11.1;0.6;2.02;Enrolled;0,785714286;0;14
1089;1;17;2;9853;1;1;114.0;1;1;1;4;0;108.8;1;0;0;1;0;0;18;0;0;7;11;5;11.4;0;0;7;9;6;13.333.333.333.333.300;0;13.9;-0.3;0.79;Enrolled;0,785714286;0;14
1113;1;1;2;9500;1;1;113.0;1;38;19;9;7;106.7;1;0;0;1;0;1;20;0;0;7;10;5;12.62;0;0;7;8;6;12.5;0;11.1;0.6;2.02;Enrolled;0,785714286;0;14
997;1;1;3;9500;1;1;113.0;1;3;1;134;135;107.8;1;0;0;1;0;1;20;0;0;7;10;5;14.46;0;0;7;8;6;13.55;0;12.4;0.5;1.79;Enrolled;0,785714286;0;14
662;1;1;1;9500;1;1;117.0;1;19;19;194;193;117.4;1;0;0;1;0;0;19;0;0;7;12;5;11.8;0;0;7;9;6;11.708.333.333.333.300;0;11.1;0.6;2.02;Enrolled;0,785714286;0;14
3297;1;17;2;9500;1;1;126.0;1;37;37;7;7;126.2;1;0;0;1;0;1;18;0;0;7;10;5;11.94;0;0;7;8;6;12.8;0;11.1;0.6;2.02;Enrolled;0,785714286;0;14
3148;1;1;5;9500;1;1;101.0;1;1;1;3;4;102.4;0;0;0;1;0;0;20;0;0;7;9;5;12.04;0;0;7;9;6;1.177.142.857.142.850;0;12.4;0.5;1.79;Enrolled;0,785714286;0;14
4344;1;17;2;9500;1;1;140.0;1;1;1;5;10;128.5;1;0;0;1;0;0;18;0;0;7;9;5;14.06;0;0;7;9;6;12.571.428.571.428.500;0;12.4;0.5;1.79;Enrolled;0,785714286;0;14
3528;1;43;1;9500;1;1;120.0;1;2;4;4;5;136.6;0;0;0;1;1;0;23;0;0;7;14;5;11.94;0;0;7;14;6;12.2;0;13.9;-0.3;0.79;Dropout;0,785714286;0;14
1960;1;53;1;9085;1;42;130.0;1;19;1;9;9;130.0;1;0;1;0;0;0;24;0;7;9;9;8;13.125;0;4;9;13;6;13.0;0;8.9;1.4;3.51;Enrolled;0,777777778;0,611111111;18
3086;2;7;1;9147;1;3;110.0;1;19;1;9;9;110.0;0;0;0;1;0;0;33;0;5;8;10;6;12.833.333.333.333.300;0;2;5;8;4;12.0;0;11.1;0.6;2.02;Enrolled;0,769230769;0,538461538;13
1536;2;44;1;9991;0;39;140.0;1;37;37;9;9;140.0;0;0;0;1;0;0;41;0;2;6;10;4;12.25;0;3;7;9;6;12.5;0;9.4;-0.8;-3.12;Enrolled;0,769230769;0,384615385;13
1713;1;42;1;9500;1;1;133.1;41;3;1;3;10;100.0;1;0;0;0;0;0;33;1;1;7;10;5;12.16;0;0;6;7;5;11.34;0;12.4;0.5;1.79;Dropout;0,769230769;0,076923077;13
3667;2;42;1;9070;1;1;170.0;1;37;25;0;4;148.5;0;0;0;1;1;0;47;0;8;10;14;8;14.625;0;5;7;7;5;13.4;0;9.4;-0.8;-3.12;Dropout;0,764705882;0,764705882;17
1575;5;7;1;9991;0;2;120.0;1;37;37;6;6;120.0;0;0;0;1;0;0;46;0;6;8;12;8;12.375;0;4;9;11;5;12.4;0;8.9;1.4;3.51;Graduate;0,764705882;0,588235294;17
2882;1;43;1;9238;1;1;122.0;1;19;19;5;5;114.3;1;0;0;1;0;0;22;0;5;10;15;8;11.0;0;2;7;16;5;11.2;0;9.4;-0.8;-3.12;Enrolled;0,764705882;0,411764706;17
2879;2;42;1;9853;1;1;133.1;1;37;37;4;7;100.0;0;0;0;1;0;0;34;0;6;12;18;11;13.0;0;4;13;22;8;11.875;0;12.7;3.7;-1.7;Dropout;0,76;0,4;25
3687;1;1;1;9147;1;1;133.1;1;34;34;0;0;125.3;0;0;0;1;1;0;26;0;11;15;15;11;10.818.181.818.181.800;0;12;14;15;11;11.636.363.636.363.600;1;7.6;2.6;0.32;Dropout;0,75862069;0,793103448;29
347;1;43;1;9238;1;1;110.0;1;37;37;9;9;110.0;0;0;0;1;0;0;36;0;10;16;24;13;10.692.307.692.307.600;1;9;13;19;9;12.307.692.307.692.300;0;15.5;2.8;-4.06;Enrolled;0,75862069;0,655172414;29
4262;2;43;1;9991;0;2;120.0;1;37;37;9;9;120.0;0;0;0;0;0;0;38;0;9;12;12;9;1.222.222.222.222.220;2;9;12;12;9;13.0;0;9.4;-0.8;-3.12;Dropout;0,75;0,75;24
2755;1;7;1;9991;0;40;130.0;1;38;38;9;7;130.0;0;0;0;1;1;0;38;0;10;10;10;10;13.6;0;5;10;10;5;13.6;0;8.9;1.4;3.51;Dropout;0,75;0,75;20
278;2;7;1;9130;1;3;140.0;1;5;4;2;0;140.0;0;0;1;0;0;0;29;0;7;9;16;7;11.555.555.555.555.500;4;5;7;12;5;13.2;2;7.6;2.6;0.32;Dropout;0,75;0,75;16
2873;2;43;1;9991;0;1;140.0;1;38;37;5;6;117.3;0;0;0;1;0;0;28;0;6;10;15;6;10.666.666.666.666.600;0;5;10;17;9;11.333.333.333.333.300;1;7.6;2.6;0.32;Enrolled;0,75;0,55;20
880;1;44;1;9070;1;39;120.0;1;19;1;9;3;120.0;1;0;0;1;1;0;23;0;2;7;8;5;12.2;0;5;9;10;7;12.142.857.142.857.100;1;16.2;0.3;-0.92;Dropout;0,75;0,4375;16
398;1;44;1;9085;1;39;150.0;1;38;37;4;6;150.0;1;0;0;1;0;1;22;0;3;6;11;6;13.142.857.142.857.100;0;2;6;10;3;12.0;0;13.9;-0.3;0.79;Graduate;0,75;0,416666667;12
3146;2;43;1;9991;0;1;133.1;1;37;37;9;7;113.5;0;0;0;1;0;1;32;0;3;10;12;7;11.142.857.142.857.100;0;4;10;10;8;12.0;0;10.8;1.4;1.74;Graduate;0,75;0,35;20
776;1;44;1;9085;1;39;140.0;1;1;1;4;7;140.0;1;0;1;1;0;0;22;0;2;6;9;6;12.0;0;1;6;12;3;12.0;0;13.9;-0.3;0.79;Dropout;0,75;0,25;12
3969;1;44;1;9085;1;39;150.0;1;3;19;2;4;150.0;1;0;0;1;0;0;22;0;1;6;9;6;13.0;0;1;6;18;3;12.666.666.666.666.600;0;12.4;0.5;1.79;Graduate;0,75;0,166666667;12
2060;1;44;1;9085;1;39;140.0;1;38;37;4;10;140.0;0;0;1;0;0;0;20;0;1;6;13;4;13.0;0;1;6;11;5;12.0;0;16.2;0.3;-0.92;Dropout;0,75;0,166666667;12
488;1;39;1;9670;1;1;120.0;1;1;19;5;4;140.4;0;0;0;1;0;0;31;0;2;6;13;5;11.4;0;0;6;14;4;11.75;0;13.9;-0.3;0.79;Dropout;0,75;0,166666667;12
2322;1;43;1;9070;1;1;160.0;1;1;2;4;2;100.0;0;0;0;1;1;0;38;0;1;6;9;5;16.0;1;0;6;11;4;16.5;0;13.9;-0.3;0.79;Enrolled;0,75;0,083333333;12
4412;1;44;1;9130;1;39;150.0;1;37;37;9;3;150.0;1;0;0;1;1;0;21;0;1;6;8;6;12.5;0;0;6;11;3;13.333.333.333.333.300;0;13.9;-0.3;0.79;Dropout;0,75;0,083333333;12
2656;1;39;1;9500;1;1;114.0;1;37;37;9;9;130.0;0;0;0;1;1;0;25;0;0;8;11;6;12.675;0;0;8;11;6;12.675;0;12.7;3.7;-1.7;Graduate;0,75;0;16
1023;1;43;2;9500;1;1;120.0;1;41;3;2;2;112.7;0;0;0;1;0;0;21;0;0;8;12;6;11.68;0;0;8;12;6;11.68;0;10.8;1.4;1.74;Graduate;0,75;0;16
3670;1;42;1;9500;1;1;122.0;1;3;3;2;2;122.0;1;0;0;1;0;0;20;0;0;8;11;6;12.491.666.666.666.600;0;0;8;11;6;12.491.666.666.666.600;0;12.7;3.7;-1.7;Graduate;0,75;0;16
784;1;1;3;9500;1;1;154.0;1;3;3;1;3;129.0;1;0;0;1;0;0;18;0;0;8;9;6;13.345;2;0;8;9;6;13.345;2;9.4;-0.8;-3.12;Enrolled;0,75;0;16
549;1;1;1;9500;1;1;149.0;1;37;37;9;9;138.0;0;0;0;1;1;0;18;0;0;8;11;6;13.496.666.666.666.600;1;0;8;11;6;13.496.666.666.666.600;1;9.4;-0.8;-3.12;Enrolled;0,75;0;16
52;1;1;1;9500;1;1;139.0;1;37;38;6;6;121.3;1;0;0;1;0;1;19;0;0;8;10;6;11.833.333.333.333.300;0;0;8;10;6;11.833.333.333.333.300;0;9.4;-0.8;-3.12;Enrolled;0,75;0;16
4108;1;1;6;9500;1;1;129.0;1;37;19;9;7;127.8;1;0;0;1;0;0;19;0;0;8;10;6;13.78;1;0;8;10;6;13.78;1;9.4;-0.8;-3.12;Dropout;0,75;0;16
2128;1;1;3;9500;1;1;139.0;1;18;18;1;1;130.8;1;0;0;0;0;0;18;0;0;8;9;6;12.758.333.333.333.300;1;0;8;9;6;12.758.333.333.333.300;1;9.4;-0.8;-3.12;Dropout;0,75;0;16
4028;1;1;6;9500;1;1;139.0;1;19;38;4;9;128.5;1;0;0;1;0;0;19;0;0;8;10;6;13.066.666.666.666.600;0;0;8;10;6;13.066.666.666.666.600;0;12.7;3.7;-1.7;Dropout;0,75;0;16
2502;2;39;1;8014;0;12;133.1;1;37;37;9;1;113.0;0;0;0;1;0;0;46;0;0;6;13;3;12.333.333.333.333.300;0;0;6;6;6;13.333.333.333.333.300;0;11.1;0.6;2.02;Graduate;0,75;0;12
2533;1;16;2;9238;1;1;126.0;1;38;37;3;5;127.1;1;0;0;1;0;1;19;0;0;6;14;3;12.666.666.666.666.600;0;0;6;7;6;11.0;0;9.4;-0.8;-3.12;Graduate;0,75;0;12
2431;1;1;1;9773;1;1;128.0;1;38;38;6;3;116.5;0;0;0;1;1;1;18;0;0;6;12;4;11.5;0;0;6;10;5;12.6;0;10.8;1.4;1.74;Graduate;0,75;0;12
921;4;39;1;8014;0;19;140.0;1;37;37;9;3;131.0;0;0;0;1;0;1;29;0;0;6;11;4;11.75;0;0;6;9;5;10.4;0;10.8;1.4;1.74;Graduate;0,75;0;12
3233;1;1;2;9773;1;1;130.0;1;19;38;3;9;126.5;1;0;0;1;0;0;18;0;0;6;8;4;12.5;0;0;6;6;5;12.6;0;12.7;3.7;-1.7;Graduate;0,75;0;12
2850;1;44;1;9085;1;39;140.0;1;3;3;4;2;140.0;1;0;0;1;0;0;19;0;0;6;8;4;14.4;0;0;6;6;5;13.0;0;13.9;-0.3;0.79;Graduate;0,75;0;12
1494;1;39;1;9670;1;19;133.1;1;19;1;5;8;97.2;1;0;0;1;1;1;24;0;0;6;10;4;11.6;0;0;6;8;5;13.0;0;11.1;0.6;2.02;Graduate;0,75;0;12
2354;1;17;1;9670;1;1;125.0;1;37;37;9;9;121.5;1;0;0;1;1;1;21;0;0;6;8;4;14.75;0;0;6;6;5;11.8;0;12.7;3.7;-1.7;Graduate;0,75;0;12
4110;1;1;2;9238;1;1;134.0;1;1;19;4;5;126.0;0;0;0;1;0;0;18;0;0;6;10;4;11.0;0;0;6;8;5;11.2;0;10.8;1.4;1.74;Graduate;0,75;0;12
4107;1;17;4;9773;1;1;118.0;1;1;38;5;7;120.8;1;0;0;1;0;0;20;0;0;6;9;4;13.25;0;0;6;11;5;11.8;0;12.4;0.5;1.79;Graduate;0,75;0;12
2051;1;1;1;9238;1;1;124.0;1;37;38;9;3;114.2;0;0;0;1;0;0;18;0;0;6;13;4;11.0;0;0;6;12;5;10.833.333.333.333.300;0;15.5;2.8;-4.06;Graduate;0,75;0;12
3728;1;17;6;9670;1;1;125.0;1;38;1;9;7;125.0;1;0;0;1;1;0;20;0;0;6;8;4;14.25;0;0;6;10;5;14.0;0;10.8;1.4;1.74;Graduate;0,75;0;12
1342;1;1;5;9773;1;1;138.0;1;19;19;9;9;139.4;1;0;0;1;0;0;18;0;0;6;7;5;12.8;0;0;6;10;4;12.2;0;10.8;1.4;1.74;Graduate;0,75;0;12
2203;1;17;2;9254;1;1;121.0;1;19;38;6;6;116.1;1;0;0;1;1;0;19;0;0;6;8;5;11.2;0;0;6;11;4;12.5;0;15.5;2.8;-4.06;Graduate;0,75;0;12
875;1;1;1;9003;1;1;148.0;1;1;19;194;194;143.5;0;0;1;1;1;0;18;0;0;6;6;5;15.0;0;0;6;8;4;14.5;0;8.9;1.4;3.51;Graduate;0,75;0;12
3119;1;17;1;9254;1;1;111.0;1;19;19;3;10;117.7;0;0;0;1;0;0;20;0;0;6;8;5;10.8;0;0;6;9;4;11.5;0;9.4;-0.8;-3.12;Graduate;0,75;0;12
1933;1;17;2;9238;1;1;125.0;1;19;19;3;3;118.0;1;0;0;1;0;0;18;0;0;6;9;5;11.0;0;0;6;9;4;11.25;0;8.9;1.4;3.51;Graduate;0,75;0;12
1217;1;17;4;9238;1;1;124.0;1;19;19;5;8;117.7;1;0;0;1;0;0;18;0;0;6;10;5;12.0;0;0;6;11;4;12.0;0;16.2;0.3;-0.92;Graduate;0,75;0;12
463;1;17;1;9238;1;1;144.0;1;3;1;2;3;126.9;0;0;0;1;0;0;19;0;0;6;8;5;10.6;0;0;6;11;4;10.5;0;15.5;2.8;-4.06;Graduate;0,75;0;12
3689;5;39;1;9238;1;1;130.0;1;19;38;9;10;146.0;0;0;0;1;1;0;34;0;0;6;8;5;12.6;0;0;6;11;4;11.25;0;12.4;0.5;1.79;Graduate;0,75;0;12
205;1;17;2;9238;1;1;128.0;1;19;37;9;8;116.5;0;0;0;1;0;1;18;0;0;6;11;5;11.142.857.142.857.100;0;0;6;11;4;11.25;0;16.2;0.3;-0.92;Graduate;0,75;0;12
3321;1;1;1;9773;1;1;117.0;1;1;37;5;9;118.4;0;0;0;1;1;1;19;0;0;6;8;6;11.833.333.333.333.300;0;0;6;11;3;13.0;0;15.5;2.8;-4.06;Graduate;0,75;0;12
2173;2;7;1;9070;1;43;140.0;1;37;1;9;7;140.0;0;0;0;1;0;0;33;0;0;6;7;6;15.0;0;0;6;8;3;11.0;0;11.1;0.6;2.02;Graduate;0,75;0;12
589;1;1;3;9254;1;1;122.0;1;37;37;9;3;124.5;1;0;0;1;0;0;19;0;0;6;12;6;11.666.666.666.666.600;0;0;6;14;3;12.0;0;7.6;2.6;0.32;Graduate;0,75;0;12
2526;1;1;2;9085;1;1;122.0;1;3;1;4;7;116.1;1;0;0;1;0;0;18;0;0;6;13;6;13.153.846.153.846.100;0;0;6;12;3;11.0;0;15.5;2.8;-4.06;Graduate;0,75;0;12
1870;1;1;1;9773;1;1;150.0;1;19;11;0;0;131.1;1;0;0;1;1;0;19;0;0;6;6;6;11.666.666.666.666.600;0;0;6;10;3;12.666.666.666.666.600;0;7.6;2.6;0.32;Graduate;0,75;0;12
4057;1;1;2;9085;1;1;122.0;1;1;1;193;101;126.2;0;0;0;1;0;0;19;0;0;6;8;6;14.0;0;0;6;18;3;12.666.666.666.666.600;0;12.4;0.5;1.79;Graduate;0,75;0;12
2189;1;17;1;9254;1;1;140.0;1;3;1;2;3;129.9;0;0;0;1;0;1;19;0;0;6;15;6;11.333.333.333.333.300;0;0;6;9;3;12.666.666.666.666.600;0;9.4;-0.8;-3.12;Graduate;0,75;0;12
326;1;1;1;9254;1;1;121.0;1;19;19;5;8;117.5;1;0;0;1;0;0;18;0;0;6;7;6;10.571.428.571.428.500;0;0;6;11;3;11.666.666.666.666.600;0;16.2;0.3;-0.92;Graduate;0,75;0;12
3906;4;39;1;9254;1;1;120.0;1;37;37;9;8;95.0;0;0;0;1;0;1;36;0;0;6;10;6;11.0;0;0;6;14;3;11.333.333.333.333.300;0;10.8;1.4;1.74;Graduate;0,75;0;12
3921;1;1;5;9238;1;1;126.0;1;38;1;9;5;125.7;1;0;0;1;0;1;19;0;0;6;8;6;11.0;0;0;6;13;3;11.0;0;9.4;-0.8;-3.12;Graduate;0,75;0;12
3652;1;43;1;9670;1;39;110.0;1;19;3;7;10;110.0;0;0;0;1;0;0;21;0;0;6;8;5;11.833.333.333.333.300;0;0;6;8;4;13.25;2;16.2;0.3;-0.92;Enrolled;0,75;0;12
4193;1;17;2;9853;1;1;150.0;1;37;37;5;6;132.5;1;0;0;1;0;0;22;0;0;6;9;4;12.25;0;0;6;8;5;11.6;0;10.8;1.4;1.74;Enrolled;0,75;0;12
730;1;43;1;9670;1;1;141.0;1;3;2;2;2;133.3;1;0;0;1;1;0;18;0;0;6;13;4;13.75;0;0;6;8;5;11.2;0;13.9;-0.3;0.79;Enrolled;0,75;0;12
1771;1;16;3;9853;1;1;134.0;1;37;19;9;5;121.4;1;0;0;1;0;1;23;0;0;6;10;4;14.25;1;0;6;8;5;12.0;0;7.6;2.6;0.32;Enrolled;0,75;0;12
1990;1;1;5;9670;1;1;120.0;1;4;1;4;10;112.0;1;0;0;1;0;0;18;0;0;6;10;4;11.25;0;0;6;11;5;12.2;0;8.9;1.4;3.51;Enrolled;0,75;0;12
1121;1;39;1;9238;1;1;170.0;1;38;19;9;9;140.0;1;0;0;1;0;0;24;0;0;6;9;4;15.75;0;0;6;10;5;16.4;0;9.4;-0.8;-3.12;Enrolled;0,75;0;12
1212;1;17;1;9238;1;1;123.0;1;1;1;9;9;113.2;0;0;0;1;0;1;20;0;0;6;11;4;10.75;0;0;6;13;5;11.5;0;15.5;2.8;-4.06;Enrolled;0,75;0;12
1073;1;1;1;9853;1;1;145.0;1;38;37;5;5;142.2;0;0;0;1;0;0;19;0;0;6;9;4;12.5;0;0;6;9;5;12.5;0;9.4;-0.8;-3.12;Enrolled;0,75;0;12
26;1;1;1;9238;1;1;151.0;1;19;38;9;9;157.0;1;0;1;1;0;1;18;0;0;6;8;5;11.6;0;0;6;12;4;11.0;0;7.6;2.6;0.32;Enrolled;0,75;0;12
1753;1;17;2;9070;1;1;152.0;1;39;39;3;3;134.2;1;0;0;1;1;0;20;0;0;6;7;5;11.8;0;0;6;9;4;12.0;0;15.5;2.8;-4.06;Enrolled;0,75;0;12
1774;1;42;1;9003;1;1;140.0;1;19;19;4;4;140.0;1;0;0;1;1;0;25;0;0;6;14;5;11.666.666.666.666.600;0;0;6;11;4;12.0;0;15.5;2.8;-4.06;Enrolled;0,75;0;12
2536;1;17;2;9853;1;1;141.0;1;3;1;1;5;130.2;1;0;0;1;0;0;19;0;0;6;8;5;11.4;1;0;6;7;4;10.75;0;12.7;3.7;-1.7;Enrolled;0,75;0;12
1065;1;1;1;9853;1;1;163.0;1;19;1;5;10;146.6;1;0;1;1;0;0;18;0;0;6;9;5;13.6;0;0;6;10;4;11.75;0;9.4;-0.8;-3.12;Enrolled;0,75;0;12
494;1;1;1;9085;1;1;101.0;1;37;37;9;4;101.0;1;0;1;1;0;0;22;0;0;6;9;5;13.333.333.333.333.300;0;0;6;17;4;11.4;0;12.4;0.5;1.79;Enrolled;0,75;0;12
401;1;17;4;9070;1;1;125.0;1;1;3;3;3;128.9;0;0;0;1;0;1;18;0;0;6;9;5;11.6;0;0;6;8;4;11.2;0;8.9;1.4;3.51;Enrolled;0,75;0;12
620;1;44;1;9085;1;39;140.0;1;3;1;2;3;140.0;1;0;0;1;0;0;19;0;0;6;10;5;12.666.666.666.666.600;0;0;6;19;4;11.75;0;12.4;0.5;1.79;Enrolled;0,75;0;12
852;1;5;2;9853;1;1;122.0;1;19;19;4;5;112.6;1;0;0;1;0;0;22;0;0;6;10;5;12.6;0;0;6;9;4;11.25;0;12.7;3.7;-1.7;Enrolled;0,75;0;12
3759;1;44;1;9085;1;1;130.0;1;1;1;4;3;130.0;1;0;0;1;0;0;20;0;0;6;13;5;11.8;0;0;6;19;4;12.0;0;12.4;0.5;1.79;Enrolled;0,75;0;12
2878;1;39;1;8014;0;1;120.0;1;37;37;9;7;106.8;0;0;0;1;0;0;49;0;0;6;9;5;12.333.333.333.333.300;0;0;6;12;4;11.5;0;13.9;-0.3;0.79;Enrolled;0,75;0;12
3342;1;17;1;9670;1;1;138.0;1;1;1;4;8;123.0;0;0;1;0;1;0;20;0;0;6;7;5;12.4;0;0;6;8;4;13.0;0;13.9;-0.3;0.79;Enrolled;0,75;0;12
3140;1;1;1;9853;1;1;129.0;1;19;38;2;7;126.9;1;0;0;1;0;1;19;0;0;6;9;5;12.2;0;0;6;10;4;11.5;0;7.6;2.6;0.32;Enrolled;0,75;0;12
594;1;17;1;9670;1;1;155.0;1;1;19;4;8;134.7;1;0;0;1;0;0;20;0;0;6;8;5;13.4;0;0;6;10;4;13.0;0;12.7;3.7;-1.7;Enrolled;0,75;0;12
350;1;1;2;8014;0;1;96.0;1;3;1;3;9;100.0;0;0;0;1;0;0;20;0;0;6;10;5;12.0;0;0;6;9;4;11.25;0;9.4;-0.8;-3.12;Enrolled;0,75;0;12
1083;1;51;1;9070;1;1;117.0;1;5;1;2;10;120.0;1;0;0;1;0;0;21;0;0;6;7;5;12.2;0;0;6;7;4;12.6;0;8.9;1.4;3.51;Enrolled;0,75;0;12
3127;1;17;1;9238;1;1;126.0;1;37;19;9;8;116.9;1;0;0;1;0;0;21;0;0;6;11;6;10.375;0;0;6;12;3;11.666.666.666.666.600;0;12.7;3.7;-1.7;Enrolled;0,75;0;12
3203;1;1;1;9773;1;1;127.0;1;5;3;4;4;122.8;1;0;0;1;1;0;20;0;0;6;7;6;12.166.666.666.666.600;0;0;6;9;3;12.0;0;12.4;0.5;1.79;Enrolled;0,75;0;12
2239;1;39;1;9130;1;1;130.0;1;19;1;191;144;110.0;0;0;0;1;1;0;24;0;0;6;11;6;11.333.333.333.333.300;0;0;6;12;3;11.333.333.333.333.300;0;16.2;0.3;-0.92;Enrolled;0,75;0;12
4116;1;1;3;9070;1;1;128.0;1;19;19;3;3;129.8;1;0;0;1;0;0;20;0;0;6;6;6;11.833.333.333.333.300;0;0;6;6;3;13.333.333.333.333.300;0;9.4;-0.8;-3.12;Enrolled;0,75;0;12
3841;1;1;1;9254;1;1;125.0;1;37;37;9;9;122.9;0;0;0;1;1;1;19;0;0;6;7;6;11.166.666.666.666.600;0;0;6;12;3;11.666.666.666.666.600;0;10.8;1.4;1.74;Enrolled;0,75;0;12
1979;1;44;1;9085;1;1;140.0;1;1;2;3;3;140.0;0;0;0;1;0;0;20;0;0;6;7;6;14.285.714.285.714.200;0;0;6;9;3;13.0;0;13.9;-0.3;0.79;Enrolled;0,75;0;12
877;1;17;1;9070;1;1;119.0;1;38;19;9;9;115.2;0;0;0;1;1;1;21;0;0;6;8;4;11.5;0;0;6;7;5;11.0;0;15.5;2.8;-4.06;Dropout;0,75;0;12
1599;1;17;1;9238;1;1;136.0;1;37;37;7;7;140.9;1;0;0;1;1;0;18;0;0;6;10;4;12.0;0;0;6;7;5;11.8;0;9.4;-0.8;-3.12;Dropout;0,75;0;12
2376;1;1;1;9670;1;1;95.0;1;37;37;5;8;95.0;0;0;0;0;1;0;21;0;0;6;9;4;13.25;0;0;6;6;5;11.0;0;12.7;3.7;-1.7;Dropout;0,75;0;12
520;1;17;2;9853;1;1;118.0;1;37;37;9;9;112.1;1;0;0;1;0;0;23;0;0;6;11;4;11.25;0;0;6;10;5;10.2;0;7.6;2.6;0.32;Dropout;0,75;0;12
3810;2;39;1;8014;0;1;120.0;1;34;34;0;0;104.0;0;0;0;1;0;0;54;0;0;6;8;4;12.75;0;0;6;12;5;12.6;0;7.6;2.6;0.32;Dropout;0,75;0;12
4327;1;39;1;8014;0;39;110.0;1;19;37;9;8;127.5;0;0;1;0;0;0;26;0;0;6;13;4;12.0;0;0;6;7;5;13.2;0;16.2;0.3;-0.92;Dropout;0,75;0;12
44;1;17;1;9773;1;1;120.0;1;1;38;5;5;121.4;0;0;0;0;0;0;20;0;0;6;7;4;13.0;0;0;6;7;5;13.8;0;12.4;0.5;1.79;Dropout;0,75;0;12
1747;1;43;1;9130;1;1;156.0;1;19;1;9;4;156.0;0;0;1;0;1;0;24;0;0;6;11;5;11.833.333.333.333.300;0;0;6;11;4;11.5;0;15.5;2.8;-4.06;Dropout;0,75;0;12
2115;1;17;1;9853;1;1;158.0;1;38;37;5;5;140.2;1;0;0;1;0;0;18;0;0;6;9;5;11.0;0;0;6;9;4;11.25;0;10.8;1.4;1.74;Dropout;0,75;0;12
1898;1;1;1;9773;1;1;121.0;1;3;3;2;2;112.3;1;0;1;0;0;0;18;0;0;6;7;5;12.2;0;0;6;11;4;11.5;0;11.1;0.6;2.02;Dropout;0,75;0;12
1577;2;39;2;9670;1;19;133.1;1;37;37;9;9;135.6;0;0;0;1;0;0;46;0;0;6;10;5;11.4;0;0;6;9;4;13.75;0;12.4;0.5;1.79;Dropout;0,75;0;12
136;1;1;1;9670;1;1;117.0;1;1;38;3;9;109.3;0;0;1;0;0;1;19;0;0;6;7;5;12.0;0;0;6;9;4;12.5;0;12.4;0.5;1.79;Dropout;0,75;0;12
530;1;1;1;9130;1;1;154.0;1;3;3;2;2;137.2;1;0;1;1;1;0;18;0;0;6;11;5;13.625;0;0;6;9;4;11.75;0;16.2;0.3;-0.92;Dropout;0,75;0;12
1831;1;1;1;9853;1;1;162.0;1;37;19;9;8;142.8;0;0;1;1;0;0;18;0;0;6;10;5;13.0;0;0;6;10;4;11.5;0;12.7;3.7;-1.7;Dropout;0,75;0;12
3009;1;1;1;9130;1;1;137.0;1;40;19;2;9;130.7;1;0;0;1;0;0;18;0;0;6;8;5;14.4;0;0;6;11;4;14.6;0;8.9;1.4;3.51;Dropout;0,75;0;12
1574;5;39;1;9003;1;1;133.1;1;37;37;9;7;110.0;0;0;1;0;0;0;28;0;0;6;17;5;13.0;0;0;6;11;4;11.75;0;13.9;-0.3;0.79;Dropout;0,75;0;12
399;1;17;1;9670;1;1;124.0;1;37;19;5;8;114.2;1;0;1;1;0;0;18;0;0;6;6;5;11.8;0;0;6;9;4;13.714.285.714.285.700;0;10.8;1.4;1.74;Dropout;0,75;0;12
667;1;17;2;9773;1;1;126.0;1;37;38;5;5;129.5;1;0;1;0;0;0;18;0;0;6;9;5;12.2;0;0;6;9;4;11.75;0;10.8;1.4;1.74;Dropout;0,75;0;12
3365;1;17;3;9853;1;1;132.0;1;34;34;0;0;131.3;1;0;0;1;0;0;21;0;0;6;8;5;11.8;0;0;6;8;4;10.5;0;7.6;2.6;0.32;Dropout;0,75;0;12
1138;1;1;1;9254;1;1;145.0;1;1;38;4;9;131.7;1;0;0;1;0;1;21;0;0;6;8;6;12.166.666.666.666.600;0;0;6;11;3;11.666.666.666.666.600;0;10.8;1.4;1.74;Dropout;0,75;0;12
625;1;17;4;9070;1;1;116.0;1;38;37;9;9;109.0;0;0;0;1;0;1;23;0;0;6;6;6;13.333.333.333.333.300;0;0;6;8;3;12.666.666.666.666.600;0;11.1;0.6;2.02;Dropout;0,75;0;12
4163;4;43;1;9853;1;1;133.1;100;19;22;90;90;100.0;0;0;0;1;0;0;33;1;0;6;6;6;12.166.666.666.666.600;0;0;6;9;3;11.0;0;7.6;2.6;0.32;Dropout;0,75;0;12
949;2;43;1;9670;1;1;100.0;1;34;34;0;0;128.2;0;0;0;1;1;0;32;0;6;10;12;10;11.4;0;4;9;9;4;11.5;0;7.6;2.6;0.32;Graduate;0,736842105;0,526315789;19
3522;1;17;1;171;1;1;125.0;1;37;37;7;9;134.1;1;0;0;1;1;0;24;0;12;17;19;13;11.642.857.142.857.100;0;12;17;25;12;11.25;0;11.1;0.6;2.02;Dropout;0,735294118;0,705882353;34
1620;1;42;1;9670;1;1;130.0;1;1;1;9;10;116.3;1;0;0;1;0;1;20;0;3;7;10;6;12.833.333.333.333.300;0;2;8;8;5;11.8;0;12.7;3.7;-1.7;Graduate;0,733333333;0,333333333;15
3170;1;1;3;9500;1;1;134.0;1;1;37;8;7;120.5;1;0;0;1;1;1;18;0;0;7;12;7;11.716.666.666.666.600;0;0;8;13;4;10.868;0;15.5;2.8;-4.06;Graduate;0,733333333;0;15
874;1;1;1;9556;1;1;135.0;1;1;1;1;1;131.5;0;0;0;1;1;1;21;0;0;7;14;5;11.2;0;0;8;11;6;11.583.333.333.333.300;0;16.2;0.3;-0.92;Enrolled;0,733333333;0;15
381;4;39;1;9500;1;19;133.1;1;38;19;5;7;140.0;0;0;0;1;0;1;26;0;0;7;13;5;12.74;0;0;8;12;6;10.978.571.428.571.400;0;16.2;0.3;-0.92;Dropout;0,733333333;0;15
1625;1;42;1;9853;1;1;120.0;1;1;19;4;7;111.3;0;0;0;1;0;0;24;0;9;13;17;10;11.5;0;7;13;18;9;10.444.444.444.444.400;0;16.2;0.3;-0.92;Dropout;0,730769231;0,615384615;26
2439;1;7;1;9003;1;3;130.0;1;1;38;9;7;130.0;1;0;0;0;1;0;32;0;11;17;31;11;12.727.272.727.272.700;4;10;12;24;10;12.7;1;15.5;2.8;-4.06;Dropout;0,724137931;0,724137931;29
3075;2;2;1;9147;1;2;120.0;1;37;37;9;9;120.0;0;0;0;0;1;0;57;0;12;15;17;12;11.75;0;9;14;16;9;1.222.222.222.222.220;0;9.4;-0.8;-3.12;Dropout;0,724137931;0,724137931;29
737;1;43;1;9773;1;1;140.0;1;3;37;3;7;116.9;0;0;0;1;1;0;32;0;6;11;15;7;11.285.714.285.714.200;0;5;7;10;6;12.333.333.333.333.300;0;13.9;-0.3;0.79;Enrolled;0,722222222;0,611111111;18
1230;1;53;1;9085;1;42;140.0;1;1;1;4;3;140.0;1;0;1;1;0;0;21;0;7;9;10;8;13.25;0;4;9;14;5;12.2;0;8.9;1.4;3.51;Enrolled;0,722222222;0,611111111;18
2217;1;18;2;9556;1;1;126.0;1;3;3;2;2;115.5;0;0;0;1;1;0;18;0;0;7;11;6;13.433.333.333.333.300;0;0;7;10;4;13.6;0;8.9;1.4;3.51;Graduate;0,714285714;0;14
1795;1;43;1;9500;1;1;136.0;1;19;37;173;183;118.4;1;0;0;1;0;0;21;0;0;7;12;4;13.125;0;0;7;8;6;12.333.333.333.333.300;0;13.9;-0.3;0.79;Enrolled;0,714285714;0;14
2696;1;39;1;9500;1;1;120.0;1;1;2;144;123;125.3;0;0;1;1;1;0;30;0;0;7;12;4;14.4;0;0;7;9;6;13.5;0;12.4;0.5;1.79;Enrolled;0,714285714;0;14
2810;1;1;3;9500;1;1;126.0;1;1;19;131;181;120.1;1;0;0;1;0;0;19;0;0;7;12;4;13.375;0;0;7;8;6;12.116.666.666.666.600;0;12.4;0.5;1.79;Enrolled;0,714285714;0;14
3180;1;43;1;9500;1;1;140.0;1;19;38;9;7;125.7;1;0;0;1;1;1;19;0;0;7;8;5;11.2;0;0;7;8;5;11.2;0;7.6;2.6;0.32;Enrolled;0,714285714;0;14
1504;2;39;1;9500;1;1;130.0;1;37;37;191;183;163.7;0;0;0;1;0;0;35;0;0;7;11;5;13.34;0;0;7;9;5;10.84;0;12.4;0.5;1.79;Enrolled;0,714285714;0;14
3068;1;1;3;9500;1;1;140.0;6;2;3;5;2;124.3;1;0;0;1;0;0;19;1;0;7;9;5;12.32;0;0;7;9;5;11.9;0;12.4;0.5;1.79;Enrolled;0,714285714;0;14
3811;1;43;1;9500;1;1;125.0;1;37;37;9;7;123.6;1;0;0;1;0;1;18;0;0;7;8;5;12.86;0;0;7;8;5;12.86;0;7.6;2.6;0.32;Enrolled;0,714285714;0;14
610;1;43;3;9500;1;1;126.0;1;38;37;6;5;124.3;1;0;0;1;0;1;18;0;0;7;8;5;11.98;0;0;7;8;5;11.98;0;7.6;2.6;0.32;Enrolled;0,714285714;0;14
2446;1;39;1;9500;1;1;120.0;1;37;37;9;9;100.0;0;0;0;1;1;0;34;0;0;7;15;6;11.333.333.333.333.300;0;0;7;16;4;12.6;0;16.2;0.3;-0.92;Enrolled;0,714285714;0;14
3040;1;1;1;9853;1;1;125.0;1;38;38;9;9;125.4;0;0;1;0;0;0;19;0;0;7;11;4;12.0;0;0;7;9;6;11.833.333.333.333.300;0;16.2;0.3;-0.92;Dropout;0,714285714;0;14
1813;2;51;1;9500;1;1;130.0;1;37;37;5;5;120.0;0;0;0;1;1;0;44;0;0;7;11;5;12.1;0;0;7;10;5;12.6;0;11.1;0.6;2.02;Dropout;0,714285714;0;14
3484;2;39;1;9500;1;1;133.1;1;37;37;9;9;130.1;0;0;0;0;1;0;37;0;0;7;10;5;13.0;0;0;7;9;5;12.88;0;11.1;0.6;2.02;Dropout;0,714285714;0;14
2252;1;16;1;171;1;1;122.0;1;19;37;9;7;133.9;1;0;0;1;1;0;25;0;9;13;16;10;11.454.545.454.545.400;0;5;11;13;7;12.25;0;12.4;0.5;1.79;Dropout;0,708333333;0,583333333;24
2944;1;39;1;9003;1;1;130.0;1;19;19;9;1;140.0;0;0;0;1;0;0;26;0;6;12;13;6;13.0;0;4;12;14;11;13.833.333.333.333.300;0;15.5;2.8;-4.06;Graduate;0,708333333;0,416666667;24
1109;1;51;1;9991;0;42;110.0;1;19;37;5;9;128.2;0;0;0;0;0;0;22;0;7;12;12;7;11.0;0;5;5;5;5;10.6;0;8.9;1.4;3.51;Dropout;0,705882353;0,705882353;17
2367;1;1;1;171;1;1;131.0;1;1;1;7;4;127.2;1;0;1;1;1;0;23;0;13;17;19;13;12.153.846.153.846.100;0;10;17;28;11;11.909.090.909.090.900;1;11.1;0.6;2.02;Enrolled;0,705882353;0,676470588;34
547;1;39;1;9119;1;40;120.0;1;1;1;5;10;146.8;0;0;0;1;1;0;25;0;2;5;6;5;14.2;0;1;5;5;2;13.5;0;16.2;0.3;-0.92;Enrolled;0,7;0,3;10
1637;2;39;1;9130;1;1;130.0;1;1;19;6;6;154.0;1;0;0;1;1;0;37;0;1;5;12;3;12.0;2;1;5;8;4;13.0;1;10.8;1.4;1.74;Graduate;0,7;0,2;10
833;1;43;1;9130;1;1;120.0;6;1;3;9;2;120.0;0;0;1;1;0;0;21;1;2;5;9;5;13.2;2;0;5;7;2;12.5;2;10.8;1.4;1.74;Enrolled;0,7;0,2;10
4286;1;1;5;9147;1;1;134.0;1;3;2;2;2;134.7;0;0;0;1;1;0;22;0;1;5;10;4;11.75;0;0;5;10;3;11.0;0;7.6;2.6;0.32;Enrolled;0,7;0,1;10
2142;1;17;4;9085;1;1;128.0;1;38;37;4;9;117.9;1;0;0;1;0;0;20;0;0;5;12;2;13.5;0;0;5;12;5;11.285.714.285.714.200;1;10.8;1.4;1.74;Graduate;0,7;0;10
4341;1;17;1;9085;1;1;120.0;1;2;3;2;2;116.1;0;0;0;1;0;0;20;0;0;5;12;3;11.666.666.666.666.600;2;0;5;11;4;11.5;1;9.4;-0.8;-3.12;Graduate;0,7;0;10
664;1;1;3;9670;1;1;126.0;1;37;37;0;0;136.5;1;0;0;1;0;0;18;0;0;5;7;3;12.0;0;0;5;7;4;13.25;1;7.6;2.6;0.32;Graduate;0,7;0;10
522;1;17;1;9130;1;1;130.0;1;3;19;2;9;115.9;0;0;0;1;0;0;18;0;0;5;14;2;12.0;2;0;5;6;5;12.6;0;9.4;-0.8;-3.12;Graduate;0,7;0;10
3218;1;1;5;9119;1;1;135.0;1;37;37;90;90;122.1;1;0;0;1;1;0;20;0;0;5;10;3;10.666.666.666.666.600;0;0;5;5;4;12.25;0;7.6;2.6;0.32;Graduate;0,7;0;10
3088;1;1;6;9147;1;1;139.0;1;19;12;4;4;125.0;1;0;0;1;0;0;18;0;0;5;8;3;12.333.333.333.333.300;0;0;5;7;4;12.0;0;7.6;2.6;0.32;Graduate;0,7;0;10
3625;1;1;2;9147;1;1;118.0;1;3;19;2;4;113.8;1;0;0;1;0;0;21;0;0;5;9;3;11.666.666.666.666.600;0;0;5;9;4;11.75;0;8.9;1.4;3.51;Graduate;0,7;0;10
734;2;39;2;9147;1;1;130.0;1;19;37;4;7;140.0;0;0;0;1;1;0;34;0;0;5;10;3;11.666.666.666.666.600;1;0;5;7;4;12.75;0;9.4;-0.8;-3.12;Graduate;0,7;0;10
848;1;17;1;9147;1;1;118.0;1;19;19;9;9;122.2;0;0;0;1;0;0;19;0;0;5;11;3;10.666.666.666.666.600;0;0;5;9;4;10.25;0;11.1;0.6;2.02;Graduate;0,7;0;10
1764;1;15;1;9147;1;1;140.0;26;37;2;6;4;140.0;0;0;1;1;1;0;19;1;0;5;12;3;10.5;0;0;5;8;4;11.25;0;12.4;0.5;1.79;Graduate;0,7;0;10
1965;1;17;1;9085;1;1;131.0;1;1;3;4;1;129.3;1;0;0;1;0;0;19;0;0;5;10;4;11.25;1;0;5;10;3;10.333.333.333.333.300;0;12.7;3.7;-1.7;Graduate;0,7;0;10
221;1;1;1;9147;1;1;133.0;1;38;38;7;7;147.0;0;0;0;1;0;1;18;0;0;5;7;4;13.0;0;0;5;8;3;12.333.333.333.333.300;0;9.4;-0.8;-3.12;Graduate;0,7;0;10
1390;1;1;2;9085;1;1;118.0;1;1;19;3;3;112.4;1;0;0;1;1;0;21;0;0;5;7;4;11.5;0;0;5;15;3;10.6;4;10.8;1.4;1.74;Enrolled;0,7;0;10
3595;1;1;1;9130;1;1;130.0;1;2;3;9;1;117.6;0;0;0;1;1;0;19;0;0;5;14;2;11.5;2;0;5;8;5;11.4;3;9.4;-0.8;-3.12;Enrolled;0,7;0;10
4125;1;1;1;9085;1;1;147.0;1;37;19;9;5;133.7;1;0;0;1;0;1;19;0;0;5;10;2;13.5;0;0;5;11;5;11.4;1;10.8;1.4;1.74;Enrolled;0,7;0;10
2674;2;39;1;9991;0;1;160.0;1;34;34;99;99;114.3;0;0;0;1;1;0;40;0;0;5;9;3;11.0;0;0;5;8;4;12.5;1;7.6;2.6;0.32;Enrolled;0,7;0;10
3123;1;17;5;9670;1;1;125.0;1;19;30;7;7;118.4;1;0;0;1;0;1;19;0;0;5;8;3;10.5;0;0;5;6;4;11.75;1;7.6;2.6;0.32;Enrolled;0,7;0;10
4258;1;17;5;9670;1;1;115.0;1;1;19;5;5;117.1;0;0;0;1;0;0;21;0;0;5;7;3;12.666.666.666.666.600;0;0;5;6;4;12.75;1;7.6;2.6;0.32;Enrolled;0,7;0;10
4187;1;17;2;9085;1;1;138.0;1;37;37;9;7;123.3;1;0;0;1;0;0;19;0;0;5;15;3;14.0;3;0;5;10;4;11.75;1;9.4;-0.8;-3.12;Enrolled;0,7;0;10
3074;1;39;1;9119;1;1;130.0;1;19;37;9;4;149.0;1;0;0;1;1;0;33;0;0;5;10;4;12.0;0;0;5;8;3;13.666.666.666.666.600;1;7.6;2.6;0.32;Enrolled;0,7;0;10
2342;1;17;4;9119;1;1;139.0;1;37;19;9;4;133.1;1;0;0;1;1;0;18;0;0;5;8;4;12.5;0;0;5;7;3;14.666.666.666.666.600;1;7.6;2.6;0.32;Enrolled;0,7;0;10
3941;2;39;1;9147;1;1;120.0;1;37;37;5;5;124.6;0;0;0;1;0;0;36;0;0;5;8;3;11.0;0;0;5;12;4;13.375;0;10.8;1.4;1.74;Enrolled;0,7;0;10
2788;1;1;3;9670;1;1;120.0;1;37;37;7;7;111.3;1;0;0;1;1;0;19;0;0;5;7;3;11.333.333.333.333.300;0;0;5;7;4;11.0;0;9.4;-0.8;-3.12;Enrolled;0,7;0;10
1317;1;17;2;9085;1;1;123.0;1;1;19;4;9;113.6;1;0;0;1;0;0;19;0;0;5;13;3;12.0;2;0;5;8;4;11.75;0;9.4;-0.8;-3.12;Enrolled;0,7;0;10
3047;1;1;1;9085;1;1;146.0;1;1;1;9;7;126.0;0;0;0;1;0;0;19;0;0;5;7;3;12.333.333.333.333.300;0;0;5;7;4;10.25;0;7.6;2.6;0.32;Enrolled;0,7;0;10
176;1;1;1;9670;1;1;131.0;1;37;37;9;9;123.0;1;0;0;1;0;1;18;0;0;5;6;3;11.666.666.666.666.600;0;0;5;6;4;13.5;0;7.6;2.6;0.32;Enrolled;0,7;0;10
4339;1;1;1;9670;1;1;131.0;1;37;37;9;6;127.2;0;0;0;1;0;1;18;0;0;5;7;3;12.666.666.666.666.600;0;0;5;5;4;12.5;0;9.4;-0.8;-3.12;Enrolled;0,7;0;10
1463;1;1;3;9670;1;1;121.0;1;3;19;2;8;122.4;1;0;0;1;1;0;19;0;0;5;7;3;11.666.666.666.666.600;0;0;5;5;4;12.0;0;9.4;-0.8;-3.12;Enrolled;0,7;0;10
2722;1;17;2;9147;1;1;129.0;1;2;3;2;2;128.3;1;0;0;1;0;0;19;0;0;5;10;3;11.0;0;0;5;9;4;11.75;0;12.7;3.7;-1.7;Enrolled;0,7;0;10
4235;1;1;2;9147;1;1;113.0;1;38;38;9;5;107.4;1;0;0;1;1;0;20;0;0;5;12;3;10.5;0;0;5;10;4;11.25;0;12.4;0.5;1.79;Enrolled;0,7;0;10
4355;4;39;1;9991;0;1;150.0;1;37;38;9;9;146.2;0;0;0;1;0;0;30;0;0;5;11;3;10.333.333.333.333.300;0;0;5;10;4;12.8;0;12.4;0.5;1.79;Enrolled;0,7;0;10
546;1;1;2;9147;1;1;133.0;1;19;1;5;10;121.8;0;0;0;1;1;0;20;0;0;5;9;4;10.2;0;0;5;6;3;11.0;0;15.5;2.8;-4.06;Enrolled;0,7;0;10
3379;2;1;1;9147;1;1;137.0;1;19;37;9;9;124.4;0;0;0;1;0;0;19;0;0;5;6;4;11.25;0;0;5;10;3;11.714.285.714.285.700;0;10.8;1.4;1.74;Enrolled;0,7;0;10
1133;1;1;1;9147;1;1;138.0;1;37;37;194;171;131.0;1;0;0;1;0;0;19;0;0;5;9;4;11.0;0;0;5;8;3;10.666.666.666.666.600;0;12.4;0.5;1.79;Enrolled;0,7;0;10
2242;2;39;1;9991;0;1;130.0;1;37;37;9;9;127.8;0;0;0;1;1;0;37;0;0;5;7;4;10.75;0;0;5;7;3;11.333.333.333.333.300;0;7.6;2.6;0.32;Enrolled;0,7;0;10
341;1;1;1;9085;1;1;129.0;1;1;2;3;1;125.9;1;0;0;1;0;0;19;0;0;5;13;4;12.0;2;0;5;8;3;12.0;0;9.4;-0.8;-3.12;Enrolled;0,7;0;10
2375;1;39;1;9130;1;1;150.0;1;19;19;9;5;160.0;1;0;0;1;1;0;24;0;0;5;13;4;13.75;1;0;5;9;3;12.0;0;9.4;-0.8;-3.12;Enrolled;0,7;0;10
2243;1;43;1;9119;1;1;128.0;1;1;38;4;7;100.0;0;0;0;1;1;0;19;0;0;5;8;5;12.0;0;0;5;12;2;10.5;0;13.9;-0.3;0.79;Enrolled;0,7;0;10
2559;1;43;1;9147;1;1;142.0;1;38;19;141;171;115.0;0;0;0;1;0;0;19;0;0;5;11;5;11.5;0;0;5;9;2;10.666.666.666.666.600;0;13.9;-0.3;0.79;Enrolled;0,7;0;10
3427;1;18;1;9147;1;1;100.0;1;38;38;5;5;101.8;1;0;0;1;0;0;24;0;0;5;5;5;10.8;0;0;5;11;2;11.0;0;10.8;1.4;1.74;Enrolled;0,7;0;10
2303;1;1;1;9147;1;1;130.0;1;37;37;9;9;118.8;0;0;1;1;1;1;22;0;0;5;8;5;10.666.666.666.666.600;0;0;5;11;2;11.0;0;15.5;2.8;-4.06;Enrolled;0,7;0;10
542;1;1;1;9147;1;1;117.0;1;19;19;5;7;118.4;0;0;0;1;1;0;20;0;0;5;8;5;10.0;0;0;5;10;2;12.0;0;7.6;2.6;0.32;Enrolled;0,7;0;10
2492;1;1;2;9147;1;1;128.0;1;1;1;9;6;120.3;0;0;0;1;1;0;19;0;0;5;9;5;10.8;0;0;5;13;2;13.5;0;8.9;1.4;3.51;Enrolled;0,7;0;10
3870;1;39;1;9085;1;1;133.1;1;1;1;4;4;120.0;0;0;1;0;1;0;31;0;0;5;13;4;13.5;1;0;5;12;3;11.666.666.666.666.600;1;9.4;-0.8;-3.12;Dropout;0,7;0;10
2410;2;39;1;9991;0;1;100.0;1;37;37;9;9;125.3;1;0;0;1;1;0;41;0;0;5;8;4;11.25;0;0;5;8;3;11.0;1;7.6;2.6;0.32;Dropout;0,7;0;10
3710;1;17;2;9670;1;1;132.0;1;1;19;5;3;124.0;1;0;0;1;1;0;21;0;0;5;7;3;12.333.333.333.333.300;0;0;5;5;4;11.25;0;7.6;2.6;0.32;Dropout;0,7;0;10
1629;1;1;1;9670;1;1;141.0;1;19;3;4;0;137.9;1;0;0;0;1;0;20;0;0;5;6;3;12.0;0;0;5;5;4;12.75;0;7.6;2.6;0.32;Dropout;0,7;0;10
4255;1;1;1;9670;1;1;121.0;1;37;37;5;9;116.5;1;0;0;1;0;0;23;0;0;5;7;3;11.333.333.333.333.300;0;0;5;5;4;11.25;0;7.6;2.6;0.32;Dropout;0,7;0;10
1726;2;39;1;9991;0;1;110.0;1;37;37;5;1;120.0;1;0;0;1;0;0;38;0;0;5;11;3;11.333.333.333.333.300;0;0;5;9;4;12.0;0;9.4;-0.8;-3.12;Dropout;0,7;0;10
3515;1;39;1;9670;1;1;120.0;1;11;11;90;4;114.0;1;0;0;1;1;0;29;0;0;5;10;3;11.666.666.666.666.600;0;0;5;8;4;11.25;0;7.6;2.6;0.32;Dropout;0,7;0;10
1369;1;1;1;9147;1;1;140.0;1;19;19;7;3;120.0;1;0;0;1;1;0;21;0;0;5;8;3;10.0;0;0;5;10;4;11.0;0;12.7;3.7;-1.7;Dropout;0,7;0;10
1448;1;17;3;9119;1;1;138.0;1;1;19;4;3;125.4;1;0;0;1;1;1;18;0;0;5;9;4;12.25;0;0;5;9;3;12.333.333.333.333.300;0;8.9;1.4;3.51;Dropout;0,7;0;10
4283;1;18;2;9147;1;1;140.0;1;37;37;5;9;124.3;1;0;0;1;1;0;20;0;0;5;7;4;10.75;0;0;5;12;3;10.571.428.571.428.500;0;10.8;1.4;1.74;Dropout;0,7;0;10
4401;2;39;1;9991;0;1;133.1;1;37;37;6;3;140.0;0;0;1;1;1;0;37;0;0;5;10;4;10.75;0;0;5;12;3;13.333.333.333.333.300;0;9.4;-0.8;-3.12;Dropout;0,7;0;10
913;2;39;1;9991;0;1;140.0;1;37;37;9;9;120.0;0;0;0;0;0;0;38;0;0;5;6;5;10.6;0;0;5;9;2;11.0;0;12.7;3.7;-1.7;Dropout;0,7;0;10
3694;1;17;5;9119;1;1;131.0;1;19;37;9;7;123.3;1;0;0;1;1;1;19;0;0;5;9;5;12.6;0;0;5;8;2;12.5;0;8.9;1.4;3.51;Dropout;0,7;0;10
1241;1;43;1;9991;0;1;120.0;1;37;37;9;9;128.2;0;0;0;0;1;0;32;0;5;9;9;5;11.4;0;4;4;4;4;11.0;0;10.8;1.4;1.74;Dropout;0,692307692;0,692307692;13
3627;1;17;1;8014;0;1;119.0;1;34;34;0;0;112.4;1;0;0;1;0;0;26;0;4;7;15;7;11.571.428.571.428.500;0;2;6;14;2;11.0;0;7.6;2.6;0.32;Dropout;0,692307692;0,461538462;13
2337;1;43;1;9991;0;1;100.0;1;37;19;9;4;130.0;0;0;0;1;1;0;40;0;1;5;6;4;10.25;0;3;8;18;5;11.2;5;15.5;2.8;-4.06;Dropout;0,692307692;0,307692308;13
4297;1;44;1;9070;1;39;120.0;1;1;38;5;5;116.3;1;1;0;1;1;1;21;0;2;7;7;4;11.5;0;5;9;10;7;12.142.857.142.857.100;0;12.4;0.5;1.79;Graduate;0,6875;0,4375;16
1184;1;53;1;9085;1;42;140.0;1;19;38;9;9;138.2;0;0;1;0;0;0;21;0;7;10;15;8;13.75;0;4;9;17;5;13.2;0;8.9;1.4;3.51;Dropout;0,684210526;0,578947368;19
101;1;53;1;9085;1;42;130.0;1;38;38;9;9;128.8;0;0;0;1;0;0;21;0;7;10;12;8;12.875;0;4;9;14;5;13.4;0;8.9;1.4;3.51;Dropout;0,684210526;0,578947368;19
3915;2;43;1;9991;0;3;140.0;1;37;19;9;4;140.0;0;0;1;1;0;0;34;0;4;10;25;5;12.2;0;3;9;18;8;1.222.222.222.222.220;0;16.2;0.3;-0.92;Dropout;0,684210526;0,368421053;19
3438;1;43;1;9991;0;1;120.0;1;37;37;9;8;122.5;1;0;0;1;0;0;29;0;8;13;16;8;10.5;0;8;12;19;9;10.333.333.333.333.300;0;9.4;-0.8;-3.12;Enrolled;0,68;0,64;25
4065;1;17;1;171;1;1;146.0;1;1;38;9;9;135.5;1;0;1;1;0;0;22;0;12;17;19;12;11.833.333.333.333.300;0;10;17;22;11;11.25;0;11.1;0.6;2.02;Enrolled;0,676470588;0,647058824;34
242;1;16;1;171;1;1;145.0;1;3;3;3;3;155.0;1;0;0;1;0;0;24;0;11;17;19;11;12.909.090.909.090.900;0;9;13;15;9;13.555.555.555.555.500;0;12.4;0.5;1.79;Enrolled;0,666666667;0,666666667;30
3219;1;43;1;8014;0;1;148.0;1;37;37;9;9;134.7;0;0;0;1;0;0;23;0;9;13;15;9;11.0;0;4;11;12;7;11.571.428.571.428.500;0;15.5;2.8;-4.06;Enrolled;0,666666667;0,541666667;24
83;1;39;1;9003;1;4;160.0;1;3;3;4;2;180.4;0;0;1;1;1;0;24;0;6;12;17;6;12.166.666.666.666.600;0;7;12;14;10;13.3;0;12.4;0.5;1.79;Dropout;0,666666667;0,541666667;24
466;1;43;1;8014;0;1;133.1;1;3;3;2;3;135.0;0;0;0;1;0;0;27;0;7;10;10;9;11.444.444.444.444.400;0;4;11;11;5;10.8;0;10.8;1.4;1.74;Dropout;0,666666667;0,523809524;21
2392;1;43;1;9003;1;1;130.0;1;37;1;5;4;130.0;0;0;0;1;1;0;25;0;8;14;24;8;12.5;2;6;13;23;10;11.6;0;15.5;2.8;-4.06;Dropout;0,666666667;0,518518519;27
4133;1;44;1;9085;1;39;140.0;1;3;38;2;9;140.0;1;0;0;1;0;0;21;0;7;12;18;8;12.25;0;4;12;27;8;12.2;0;12.4;0.5;1.79;Enrolled;0,666666667;0,458333333;24
2430;1;42;1;9119;1;1;120.0;1;34;34;0;0;128.2;1;0;0;1;1;0;35;0;6;10;12;7;11.285.714.285.714.200;0;2;8;8;5;13.0;0;9.4;-0.8;-3.12;Dropout;0,666666667;0,444444444;18
2251;1;44;1;9238;1;39;140.0;1;1;1;4;3;138.6;0;0;0;1;1;0;22;0;3;6;7;6;12.333.333.333.333.300;0;2;6;6;2;14.0;0;13.9;-0.3;0.79;Dropout;0,666666667;0,416666667;12
3332;1;43;1;9254;1;1;110.0;1;12;19;9;9;125.0;0;0;0;0;1;0;31;0;3;8;19;5;12.166.666.666.666.600;0;3;7;12;5;12.0;0;7.6;2.6;0.32;Dropout;0,666666667;0,4;15
685;4;39;1;9003;1;19;133.1;1;37;37;9;9;110.0;0;0;0;1;1;0;49;0;6;12;17;7;12.0;0;3;12;19;9;1.122.222.222.222.220;0;15.5;2.8;-4.06;Graduate;0,666666667;0,375;24
3900;2;7;1;9147;1;3;120.0;1;37;37;9;9;120.0;0;0;0;1;0;0;33;0;3;8;9;5;12.6;2;2;7;13;5;11.25;0;10.8;1.4;1.74;Enrolled;0,666666667;0,333333333;15
1481;1;53;1;9085;1;42;150.0;1;1;1;9;4;150.0;1;0;0;1;1;1;22;0;1;7;11;5;12.166.666.666.666.600;0;4;8;14;5;14.8;0;8.9;1.4;3.51;Dropout;0,666666667;0,333333333;15
1983;1;43;1;9085;1;39;150.0;1;38;37;6;6;150.0;1;0;0;1;0;1;21;0;2;7;15;3;13.0;2;1;5;12;5;13.285.714.285.714.200;1;10.8;1.4;1.74;Graduate;0,666666667;0,25;12
701;1;44;1;9085;1;39;130.0;1;2;2;6;6;130.0;0;0;0;0;1;0;20;0;2;6;10;5;13.2;0;1;6;21;3;12.0;0;12.4;0.5;1.79;Enrolled;0,666666667;0,25;12
484;1;44;1;9085;1;39;140.0;1;38;38;9;7;140.0;0;0;0;1;0;0;20;0;2;6;9;6;12.666.666.666.666.600;0;1;6;12;2;13.0;0;13.9;-0.3;0.79;Enrolled;0,666666667;0,25;12
2058;1;44;1;9085;1;39;150.0;1;37;37;9;9;150.0;0;0;0;1;0;0;20;0;2;6;8;6;13.0;0;1;6;18;2;12.0;0;12.4;0.5;1.79;Enrolled;0,666666667;0,25;12
2152;1;44;1;9085;1;39;130.0;1;3;1;2;9;130.0;1;0;0;1;0;0;21;0;1;6;13;3;11.75;0;1;6;13;5;12.333.333.333.333.300;0;12.4;0.5;1.79;Enrolled;0,666666667;0,166666667;12
456;2;39;1;8014;0;1;130.0;1;34;34;99;99;114.8;0;0;0;1;0;0;44;0;0;6;9;6;11.166.666.666.666.600;0;1;6;15;2;11.0;1;7.6;2.6;0.32;Graduate;0,666666667;0,083333333;12
2442;1;39;1;8014;0;1;100.0;1;37;37;6;6;108.3;0;0;0;1;1;0;39;0;0;6;8;5;11.4;0;1;6;12;3;11.0;1;7.6;2.6;0.32;Enrolled;0,666666667;0,083333333;12
392;1;39;1;9500;1;1;150.0;1;1;19;5;3;140.0;0;1;0;1;0;0;26;0;0;7;11;5;11.2;0;0;8;13;5;12.14;0;16.2;0.3;-0.92;Enrolled;0,666666667;0;15
3280;4;39;1;8014;0;1;133.1;1;37;37;9;8;113.0;0;0;0;1;0;1;32;0;0;6;18;2;10.333.333.333.333.300;0;0;6;7;6;11.5;0;16.2;0.3;-0.92;Graduate;0,666666667;0;12
174;1;42;1;8014;0;1;150.0;1;19;2;4;6;148.0;0;0;0;1;0;0;26;0;0;6;10;3;11.666.666.666.666.600;0;0;6;8;5;12.0;0;9.4;-0.8;-3.12;Graduate;0,666666667;0;12
890;1;1;3;9773;1;1;145.0;1;38;38;9;5;133.1;0;0;0;1;0;1;20;0;0;6;9;4;13.0;0;0;6;13;4;11.25;0;10.8;1.4;1.74;Graduate;0,666666667;0;12
1986;1;17;2;9254;1;1;108.0;1;37;37;9;7;108.0;1;0;0;1;0;1;20;0;0;6;10;4;11.6;0;0;6;10;4;11.75;0;12.7;3.7;-1.7;Graduate;0,666666667;0;12
3296;1;17;2;8014;0;1;120.0;1;19;1;5;10;114.8;1;0;0;1;0;0;19;0;0;6;8;4;10.5;0;0;6;8;4;11.25;0;10.8;1.4;1.74;Graduate;0,666666667;0;12
288;1;39;1;8014;0;15;170.0;1;34;1;90;2;101.0;0;0;0;1;0;0;32;0;0;6;9;4;12.0;0;0;6;12;4;11.5;0;7.6;2.6;0.32;Graduate;0,666666667;0;12
1175;1;18;1;9670;1;1;140.0;1;1;37;9;9;130.2;1;0;0;1;1;0;22;0;0;6;11;4;13.0;0;0;6;11;4;12.6;0;12.7;3.7;-1.7;Graduate;0,666666667;0;12
2612;1;17;2;9773;1;1;121.0;1;1;1;5;5;123.1;1;0;0;1;1;0;20;0;0;6;12;4;14.75;0;0;6;7;4;12.25;0;9.4;-0.8;-3.12;Graduate;0,666666667;0;12
2102;1;18;1;8014;0;1;137.0;1;1;1;4;3;123.0;0;0;1;1;0;0;20;0;0;6;13;4;10.8;0;0;6;15;4;12.0;0;16.2;0.3;-0.92;Graduate;0,666666667;0;12
4169;1;1;2;9773;1;1;115.0;1;34;38;0;5;108.4;1;0;0;1;0;0;20;0;0;6;10;4;10.5;0;0;6;8;4;11.75;0;7.6;2.6;0.32;Graduate;0,666666667;0;12
2861;4;43;1;9238;1;1;120.0;1;37;37;9;9;110.0;0;0;1;1;0;0;34;0;0;6;13;4;11.25;0;0;6;8;4;13.75;0;13.9;-0.3;0.79;Graduate;0,666666667;0;12
1385;1;39;1;9070;1;1;130.0;1;1;1;5;3;112.0;1;0;0;1;1;1;24;0;0;6;6;6;15.0;0;0;6;6;2;16.0;0;15.5;2.8;-4.06;Graduate;0,666666667;0;12
1840;1;39;1;9070;1;1;130.0;1;1;19;4;4;110.0;1;0;0;1;0;0;24;0;0;6;6;6;15.166.666.666.666.600;0;0;6;6;2;15.5;0;15.5;2.8;-4.06;Graduate;0,666666667;0;12
2279;1;1;1;9070;1;1;132.0;1;1;1;4;9;136.6;1;0;0;1;1;0;19;0;0;6;7;5;11.4;0;0;6;10;3;11.0;3;7.6;2.6;0.32;Enrolled;0,666666667;0;12
3464;1;1;1;9853;1;1;160.0;1;1;37;9;9;146.0;1;0;0;1;0;0;19;0;0;6;11;3;10.333.333.333.333.300;0;0;6;10;5;11.8;0;9.4;-0.8;-3.12;Enrolled;0,666666667;0;12
153;1;17;1;9853;1;1;138.0;1;38;38;7;6;124.7;1;0;0;1;0;0;18;0;0;6;11;3;12.333.333.333.333.300;0;0;6;10;5;10.833.333.333.333.300;0;9.4;-0.8;-3.12;Enrolled;0,666666667;0;12
3442;1;1;1;9670;1;1;120.0;1;38;19;4;8;115.1;0;0;0;1;0;0;19;0;0;6;8;3;11.666.666.666.666.600;0;0;6;11;5;13.625;0;10.8;1.4;1.74;Enrolled;0,666666667;0;12
698;1;1;1;9254;1;1;154.0;1;3;1;2;1;137.2;0;0;0;1;1;0;20;0;0;6;12;3;10.0;0;0;6;9;5;10.8;0;15.5;2.8;-4.06;Enrolled;0,666666667;0;12
306;1;1;1;9670;1;1;119.0;1;1;19;4;10;115.5;1;0;0;1;0;0;19;0;0;6;8;4;11.0;0;0;6;9;4;11.0;0;10.8;1.4;1.74;Enrolled;0,666666667;0;12
2987;1;43;2;9853;1;1;118.0;1;19;1;5;4;110.0;1;0;0;1;0;0;20;0;0;6;10;4;12.25;0;0;6;8;4;11.5;0;10.8;1.4;1.74;Enrolled;0,666666667;0;12
3340;1;17;1;9670;1;1;140.0;1;1;1;4;3;133.4;0;0;0;1;1;0;24;0;0;6;6;4;11.25;0;0;6;9;4;10.428.571.428.571.400;0;10.8;1.4;1.74;Enrolled;0,666666667;0;12
2698;1;17;1;9670;1;1;115.0;1;19;19;191;171;109.1;0;0;1;0;1;0;21;0;0;6;11;4;12.25;0;0;6;9;4;13.4;0;11.1;0.6;2.02;Enrolled;0,666666667;0;12
1279;1;39;1;8014;0;1;133.1;1;1;12;4;5;116.5;0;0;0;1;1;1;24;0;0;6;6;4;12.25;0;0;6;10;4;11.5;0;12.4;0.5;1.79;Enrolled;0,666666667;0;12
775;1;1;1;9085;1;1;126.0;1;3;1;2;8;123.9;1;0;0;1;0;0;19;0;0;6;13;4;11.8;0;0;6;18;4;12.2;0;12.4;0.5;1.79;Enrolled;0,666666667;0;12
3228;1;44;1;9085;1;39;150.0;1;19;38;194;193;150.0;1;0;0;1;0;0;23;0;0;6;11;4;11.5;0;0;6;12;4;12.2;0;8.9;1.4;3.51;Enrolled;0,666666667;0;12
4365;1;17;1;9238;1;1;132.0;1;37;37;9;9;123.6;1;0;0;1;0;0;18;0;0;6;9;4;11.5;0;0;6;10;4;10.75;0;7.6;2.6;0.32;Enrolled;0,666666667;0;12
2760;1;44;1;9003;1;39;130.0;1;2;3;9;6;130.0;0;0;0;1;1;0;20;0;0;6;12;4;10.8;0;0;6;13;4;12.0;0;12.4;0.5;1.79;Enrolled;0,666666667;0;12
3888;1;1;1;9238;1;1;108.0;1;19;38;9;9;107.3;0;1;0;1;0;1;19;0;0;6;12;4;10.4;0;0;6;11;4;10.75;0;12.4;0.5;1.79;Enrolled;0,666666667;0;12
2365;1;1;1;9003;1;1;144.0;1;19;19;9;9;132.8;0;0;0;1;1;1;19;0;0;6;9;4;12.0;2;0;6;10;4;12.5;0;15.5;2.8;-4.06;Enrolled;0,666666667;0;12
656;1;1;4;9238;1;1;125.0;1;19;38;9;6;114.9;1;0;1;1;0;1;19;0;0;6;9;5;11.4;0;0;6;9;3;10.0;0;8.9;1.4;3.51;Enrolled;0,666666667;0;12
1603;1;1;2;9254;1;1;125.0;1;1;19;4;1;121.5;1;0;0;1;1;0;18;0;0;6;12;5;11.0;0;0;6;11;3;10.333.333.333.333.300;0;9.4;-0.8;-3.12;Enrolled;0,666666667;0;12
4398;1;5;4;9853;1;1;116.0;1;3;38;3;8;110.4;1;0;0;1;0;0;21;0;0;6;9;5;12.6;0;0;6;9;3;11.666.666.666.666.600;0;9.4;-0.8;-3.12;Enrolled;0,666666667;0;12
1923;1;1;1;9853;1;1;142.0;1;19;1;9;1;132.6;0;0;0;1;0;0;18;0;0;6;8;5;12.8;0;0;6;14;3;10.0;0;9.4;-0.8;-3.12;Enrolled;0,666666667;0;12
3012;1;1;1;9085;1;1;132.0;1;2;2;6;6;128.5;0;0;0;1;0;0;18;0;0;6;11;5;12.285.714.285.714.200;0;0;6;19;3;14.0;1;12.4;0.5;1.79;Dropout;0,666666667;0;12
3486;2;39;1;9670;1;1;130.0;1;19;38;9;9;162.3;0;0;0;1;1;0;36;0;0;6;13;3;11.333.333.333.333.300;0;0;6;12;5;11.4;0;13.9;-0.3;0.79;Dropout;0,666666667;0;12
3361;1;17;4;9670;1;1;126.0;1;1;1;4;7;115.2;0;0;0;0;0;0;19;0;0;6;7;3;12.666.666.666.666.600;0;0;6;10;5;13.125;0;10.8;1.4;1.74;Dropout;0,666666667;0;12
4072;1;1;2;9254;1;1;130.0;1;1;38;4;9;122.7;1;0;0;1;0;0;18;0;0;6;10;4;11.75;0;0;6;13;4;10.0;0;7.6;2.6;0.32;Dropout;0,666666667;0;12
623;1;17;5;9853;1;1;117.0;1;38;38;9;7;114.6;1;0;0;1;0;0;19;0;0;6;11;4;13.25;0;0;6;10;4;10.25;0;9.4;-0.8;-3.12;Dropout;0,666666667;0;12
3192;1;1;1;9670;1;1;115.0;1;19;37;9;9;114.3;0;0;0;1;1;0;18;0;0;6;7;4;12.6;0;0;6;6;4;13.0;0;12.4;0.5;1.79;Dropout;0,666666667;0;12
3539;1;17;5;9254;1;1;118.0;1;19;37;5;5;120.5;1;0;0;1;1;0;19;0;0;6;12;4;12.5;0;0;6;12;4;10.25;0;7.6;2.6;0.32;Dropout;0,666666667;0;12
3023;1;17;1;9853;1;1;140.0;1;38;19;4;10;122.3;1;0;0;1;0;0;19;0;0;6;9;4;13.0;0;0;6;9;4;12.25;0;12.7;3.7;-1.7;Dropout;0,666666667;0;12
3063;1;17;3;9670;1;1;110.0;1;19;1;4;4;107.5;1;0;0;1;0;1;18;0;0;6;11;4;12.25;0;0;6;10;4;11.0;0;12.7;3.7;-1.7;Dropout;0,666666667;0;12
2358;1;44;1;9003;1;39;150.0;1;1;38;6;6;150.0;1;0;0;1;1;0;21;0;0;6;12;4;11.8;0;0;6;11;4;11.875;0;16.2;0.3;-0.92;Dropout;0,666666667;0;12
2417;1;17;2;9070;1;1;127.0;1;37;37;9;9;119.3;1;1;0;1;1;1;25;0;0;6;8;4;10.25;0;0;6;6;4;11.25;0;12.7;3.7;-1.7;Dropout;0,666666667;0;12
1210;2;39;1;9003;1;1;120.0;1;37;37;9;9;125.7;0;0;1;0;0;0;43;0;0;6;10;4;12.25;0;0;6;13;4;10.5;0;8.9;1.4;3.51;Dropout;0,666666667;0;12
108;1;1;1;9085;1;1;113.0;1;1;1;4;4;106.7;1;0;0;1;0;0;20;0;0;6;15;4;14.2;0;0;6;17;4;13.25;0;15.5;2.8;-4.06;Dropout;0,666666667;0;12
1461;1;39;1;9670;1;1;120.0;1;38;37;7;7;140.0;0;0;0;1;1;0;24;0;0;6;15;4;10.5;0;0;6;16;4;12.5;0;15.5;2.8;-4.06;Dropout;0,666666667;0;12
602;1;17;5;9070;1;1;122.0;1;19;38;5;7;119.6;0;0;1;0;0;0;21;0;0;6;6;4;13.0;0;0;6;8;4;11.6;0;10.8;1.4;1.74;Dropout;0,666666667;0;12
277;1;42;1;9853;1;1;120.0;1;37;38;3;3;113.7;0;0;0;1;0;0;20;0;0;6;8;5;11.0;0;0;6;10;3;10.666.666.666.666.600;0;12.7;3.7;-1.7;Dropout;0,666666667;0;12
418;1;1;1;9853;1;1;133.1;1;19;19;9;9;97.0;1;0;0;1;0;0;23;0;0;6;9;5;11.6;0;0;6;9;3;11.0;0;12.7;3.7;-1.7;Dropout;0,666666667;0;12
3245;1;17;3;9853;1;1;140.0;1;38;38;5;7;126.7;1;0;0;1;0;0;19;0;0;6;9;5;12.4;0;0;6;10;3;10.666.666.666.666.600;0;10.8;1.4;1.74;Dropout;0,666666667;0;12
1741;1;18;1;9130;1;1;146.0;1;3;3;5;2;137.8;0;0;0;1;1;0;18;0;0;6;11;5;13.6;0;0;6;13;3;12.666.666.666.666.600;0;13.9;-0.3;0.79;Dropout;0,666666667;0;12
148;1;17;1;9254;1;1;113.0;1;1;37;9;10;117.2;1;0;0;1;0;0;20;0;0;6;8;5;11.2;0;0;6;12;3;11.666.666.666.666.600;0;7.6;2.6;0.32;Dropout;0,666666667;0;12
1799;1;39;1;9003;1;19;133.1;1;37;38;4;9;110.0;0;0;1;0;0;0;40;0;0;6;12;5;12.8;0;0;6;16;3;13.333.333.333.333.300;0;11.1;0.6;2.02;Dropout;0,666666667;0;12
3632;1;1;3;9773;1;1;117.0;1;38;19;7;7;110.4;1;0;1;0;0;0;19;0;0;6;7;6;12.166.666.666.666.600;0;0;6;10;2;10.333.333.333.333.300;0;16.2;0.3;-0.92;Dropout;0,666666667;0;12
3423;1;17;1;9238;1;1;137.0;1;1;38;5;8;125.8;0;0;0;0;0;1;18;0;0;6;10;6;12.666.666.666.666.600;0;0;6;6;2;11.5;0;12.7;3.7;-1.7;Dropout;0,666666667;0;12
3542;1;17;1;9670;1;1;132.0;1;38;37;9;9;122.9;0;0;0;0;1;0;20;0;0;6;6;6;11.5;0;0;6;9;2;13.0;0;10.8;1.4;1.74;Dropout;0,666666667;0;12
3467;1;1;1;9147;1;1;124.0;1;38;19;3;10;128.6;1;0;0;1;0;0;20;0;0;5;5;4;12.0;0;0;4;4;2;11.5;0;7.6;2.6;0.32;Enrolled;0,666666667;0;9
3520;1;43;1;9991;0;1;120.0;1;37;37;9;9;120.0;1;0;1;1;1;0;34;0;6;10;10;7;11.714.285.714.285.700;0;4;10;10;6;11.5;0;10.8;1.4;1.74;Dropout;0,65;0,5;20
1104;1;43;1;9147;1;1;123.0;1;3;19;9;9;113.2;0;0;0;1;0;0;21;0;3;10;18;6;11.166.666.666.666.600;2;4;10;16;7;10.571.428.571.428.500;0;7.6;2.6;0.32;Enrolled;0,65;0,35;20
3726;1;44;1;9003;1;39;130.0;1;1;1;3;10;130.0;0;0;0;1;1;0;22;0;4;10;21;5;11.4;1;2;7;13;6;11.666.666.666.666.600;0;15.5;2.8;-4.06;Dropout;0,647058824;0,352941176;17
3895;1;1;6;9500;1;1;120.0;41;1;1;9;6;114.8;1;0;0;1;0;0;21;1;0;7;11;4;13.25;0;0;7;9;5;13.82;0;11.1;0.6;2.02;Enrolled;0,642857143;0;14
1822;1;1;3;9500;1;1;122.0;1;3;1;4;3;114.8;1;0;0;1;0;1;19;0;0;7;11;4;12.65;0;0;7;9;5;11.1;0;12.4;0.5;1.79;Enrolled;0,642857143;0;14
3452;1;39;1;9500;1;1;133.1;1;19;19;5;6;121.4;0;0;1;1;0;0;28;0;0;7;12;4;13.375;0;0;7;7;5;13.5;0;13.9;-0.3;0.79;Enrolled;0,642857143;0;14
2512;1;15;1;9500;1;1;190.0;108;3;2;122;4;190.0;1;0;0;1;0;0;18;1;0;7;15;4;11.575;0;0;7;10;5;12.419.999.999.999.900;0;12.4;0.5;1.79;Enrolled;0,642857143;0;14
110;1;17;2;9853;1;1;133.1;1;19;1;9;3;107.0;1;0;0;1;0;0;20;0;0;7;12;6;11.666.666.666.666.600;0;0;7;10;3;13.0;0;16.2;0.3;-0.92;Enrolled;0,642857143;0;14
1298;1;39;1;9500;1;1;140.0;1;37;37;9;6;132.8;0;0;0;1;1;0;35;0;0;7;10;4;12.6;0;0;7;9;5;12.38;0;12.4;0.5;1.79;Dropout;0,642857143;0;14
3485;1;39;1;9500;1;1;133.1;1;37;37;7;7;124.5;0;0;0;0;1;0;38;0;0;7;11;5;12.18;0;0;7;11;4;118.125;0;11.1;0.6;2.02;Dropout;0,642857143;0;14
2339;1;17;5;9119;1;1;126.0;1;38;38;5;9;116.9;1;0;1;1;1;0;20;0;0;5;5;4;14.5;0;0;6;8;3;13.333.333.333.333.300;0;11.1;0.6;2.02;Dropout;0,636363636;0;11
553;1;43;1;9070;1;1;115.0;1;12;12;1;10;115.0;0;0;1;1;1;0;21;0;5;11;12;9;1.177.777.777.777.770;0;3;8;11;3;13.666.666.666.666.600;0;15.5;2.8;-4.06;Dropout;0,631578947;0,421052632;19
1669;1;44;1;9070;1;39;100.0;1;1;38;4;6;104.8;0;0;1;0;0;0;22;0;2;7;9;5;11.6;0;5;9;9;5;10.0;0;12.4;0.5;1.79;Dropout;0,625;0,4375;16
3607;1;44;1;9070;1;39;100.0;1;1;1;4;4;106.0;0;0;0;1;1;0;21;0;2;7;7;5;11.8;0;5;9;9;5;11.0;0;12.4;0.5;1.79;Dropout;0,625;0,4375;16
3462;4;43;1;9500;1;1;130.0;1;37;37;9;9;103.7;0;0;0;1;0;0;38;0;1;8;12;5;13.126;1;1;8;12;5;13.126;1;10.8;1.4;1.74;Enrolled;0,625;0,125;16
2773;1;1;1;9500;1;1;124.0;1;19;37;3;8;117.5;1;0;0;1;1;0;19;0;0;8;10;5;12.858;3;0;8;10;5;12.858;3;9.4;-0.8;-3.12;Enrolled;0,625;0;16
4251;4;39;1;9500;1;19;133.1;1;37;37;5;7;100.0;0;0;0;0;0;0;40;0;0;8;11;5;11.832;4;0;8;11;5;11.832;4;9.4;-0.8;-3.12;Dropout;0,625;0;16
2650;1;1;1;9500;1;1;125.0;1;19;38;9;8;118.3;0;0;0;1;1;0;20;0;0;8;12;5;12.002;1;0;8;12;5;12.002;1;10.8;1.4;1.74;Dropout;0,625;0;16
1628;1;44;1;9991;0;39;130.0;1;37;37;5;5;130.0;1;0;0;1;1;0;32;0;2;6;9;4;12.5;0;3;7;7;4;11.0;0;9.4;-0.8;-3.12;Dropout;0,615384615;0,384615385;13
1061;1;53;1;9238;1;42;130.0;1;1;19;5;5;128.3;0;0;1;0;0;0;23;0;5;9;12;7;13.571.428.571.428.500;0;4;9;14;4;13.25;0;8.9;1.4;3.51;Dropout;0,611111111;0,5;18
4296;1;39;1;9003;1;1;130.0;1;38;19;9;6;120.0;1;0;0;1;1;0;28;0;7;13;19;8;11.625;0;5;10;17;6;11.0;0;15.5;2.8;-4.06;Enrolled;0,608695652;0,52173913;23
3776;1;1;1;9085;1;1;150.0;1;37;37;4;9;132.1;1;0;1;1;0;0;29;0;4;5;11;4;12.5;2;1;5;11;2;12.5;0;12.7;3.7;-1.7;Dropout;0,6;0,5;10
345;1;42;1;9147;1;1;130.0;1;37;38;9;1;130.0;1;0;0;1;0;0;26;0;3;5;5;4;13.0;0;1;5;7;2;12.0;0;9.4;-0.8;-3.12;Enrolled;0,6;0,4;10
2289;1;42;1;9119;1;1;136.0;1;1;37;5;5;117.5;0;0;0;1;1;0;19;0;2;5;6;4;11.8;0;0;5;7;2;11.5;0;15.5;2.8;-4.06;Enrolled;0,6;0,2;10
2202;1;39;1;9500;1;1;150.0;1;38;3;9;1;140.0;0;0;0;1;1;0;24;0;0;7;11;7;11.294.444.444.444.400;0;0;8;22;2;12.6;0;15.5;2.8;-4.06;Graduate;0,6;0;15
2828;2;39;1;9991;0;1;140.0;1;37;37;9;6;130.2;0;0;0;1;0;1;39;0;0;5;13;4;12.333.333.333.333.300;0;0;5;14;2;10.0;4;16.2;0.3;-0.92;Graduate;0,6;0;10
1967;1;1;1;9085;1;1;120.0;1;1;19;3;4;116.7;0;0;0;1;0;0;20;0;0;5;12;3;12.333.333.333.333.300;2;0;5;8;3;13.0;1;9.4;-0.8;-3.12;Graduate;0,6;0;10
4394;1;39;1;9991;0;1;120.0;1;38;38;5;7;146.2;0;0;0;1;0;0;27;0;0;5;10;3;12.333.333.333.333.300;0;0;5;10;3;10.666.666.666.666.600;0;11.1;0.6;2.02;Graduate;0,6;0;10
1031;1;1;2;9147;1;1;132.0;1;1;19;4;3;126.4;1;0;0;1;0;1;18;0;0;5;13;3;10.6;0;0;5;12;3;10.5;0;13.9;-0.3;0.79;Graduate;0,6;0;10
1528;1;39;1;9119;1;1;120.0;1;37;37;9;9;98.7;0;0;0;1;1;1;28;0;0;5;12;3;10.0;0;0;5;10;3;12.4;0;12.4;0.5;1.79;Graduate;0,6;0;10
2684;1;17;1;9085;1;1;133.1;1;1;19;5;9;130.0;0;0;0;1;1;0;22;0;0;5;8;3;13.0;0;0;5;8;3;10.666.666.666.666.600;0;7.6;2.6;0.32;Graduate;0,6;0;10
3657;1;1;2;9085;1;1;144.0;1;1;19;4;10;132.1;1;0;0;1;0;1;19;0;0;5;10;3;12.666.666.666.666.600;1;0;5;7;3;13.0;0;12.7;3.7;-1.7;Graduate;0,6;0;10
1772;1;39;1;9147;1;1;133.1;41;38;38;9;8;134.8;0;0;0;1;0;0;24;1;0;5;12;2;10.5;0;0;5;9;4;10.0;2;16.2;0.3;-0.92;Enrolled;0,6;0;10
2194;1;17;1;9119;1;1;142.0;1;19;38;9;7;127.3;0;0;0;1;1;0;18;0;0;5;10;3;11.0;0;0;5;6;3;11.0;1;16.2;0.3;-0.92;Enrolled;0,6;0;10
3008;1;17;5;9147;1;1;127.0;1;1;38;4;5;124.6;1;0;0;1;0;1;19;0;0;5;12;2;10.0;0;0;5;11;4;11.75;0;11.1;0.6;2.02;Enrolled;0,6;0;10
3660;1;44;1;9085;1;39;150.0;1;38;1;5;5;150.0;0;0;0;1;0;0;20;0;0;5;10;2;14.5;1;0;5;7;4;11.25;0;12.7;3.7;-1.7;Enrolled;0,6;0;10
3120;1;1;1;9085;1;1;133.1;1;38;37;1;1;115.0;1;0;0;1;0;0;21;0;0;5;8;3;11.333.333.333.333.300;1;0;5;8;3;13.333.333.333.333.300;0;12.7;3.7;-1.7;Enrolled;0,6;0;10
2587;1;18;2;9147;1;1;115.0;1;1;37;5;5;108.7;1;0;0;1;0;0;21;0;0;5;8;3;12.0;1;0;5;9;3;12.666.666.666.666.600;0;9.4;-0.8;-3.12;Enrolled;0,6;0;10
557;1;17;1;9147;1;1;130.0;1;19;1;7;4;117.8;1;0;0;1;1;0;20;0;0;5;8;3;11.0;0;0;5;11;3;12.0;0;10.8;1.4;1.74;Enrolled;0,6;0;10
4012;1;5;1;9147;1;1;126.0;1;19;38;5;6;117.3;1;0;0;1;0;0;19;0;0;5;15;3;10.8;0;0;5;6;3;10.5;0;13.9;-0.3;0.79;Enrolled;0,6;0;10
4274;1;17;2;9085;1;1;123.0;1;3;19;2;9;118.9;0;0;0;1;1;0;18;0;0;5;5;3;14.0;0;0;5;7;3;12.666.666.666.666.600;0;7.6;2.6;0.32;Enrolled;0,6;0;10
531;1;17;1;9147;1;1;126.0;1;37;37;4;7;116.9;0;0;0;1;1;1;19;0;0;5;12;3;11.666.666.666.666.600;0;0;5;10;3;11.666.666.666.666.600;0;12.7;3.7;-1.7;Enrolled;0,6;0;10
325;1;5;3;9085;1;1;141.0;1;1;19;7;5;128.8;1;0;0;1;0;0;19;0;0;5;9;3;10.333.333.333.333.300;1;0;5;8;3;13.0;0;7.6;2.6;0.32;Enrolled;0,6;0;10
118;1;17;1;9147;1;1;120.0;1;19;19;3;3;113.4;0;0;0;1;0;0;20;0;0;5;11;3;10.333.333.333.333.300;0;0;5;10;3;10.666.666.666.666.600;0;12.4;0.5;1.79;Enrolled;0,6;0;10
2209;1;17;2;9147;1;1;133.1;1;38;38;4;7;109.0;1;0;0;1;1;1;22;0;0;5;7;3;12.333.333.333.333.300;0;0;5;9;3;10.571.428.571.428.500;0;10.8;1.4;1.74;Enrolled;0,6;0;10
112;1;17;2;9147;1;1;123.0;1;1;38;4;7;115.3;1;0;0;1;0;1;18;0;0;5;9;3;13.0;0;0;5;11;3;11.0;0;8.9;1.4;3.51;Enrolled;0,6;0;10
2765;1;39;1;9991;0;1;130.0;1;37;37;9;9;130.1;0;0;0;1;0;0;25;0;0;5;8;3;11.0;0;0;5;8;3;11.25;0;10.8;1.4;1.74;Enrolled;0,6;0;10
976;1;17;3;9119;1;1;120.0;1;1;19;9;3;116.9;1;0;1;0;1;0;18;0;0;5;10;3;12.0;0;0;5;8;3;10.333.333.333.333.300;0;8.9;1.4;3.51;Enrolled;0,6;0;10
3193;1;1;2;9147;1;1;122.0;1;1;38;4;5;116.4;0;0;0;1;1;0;21;0;0;5;10;3;11.25;0;0;5;9;3;11.0;0;15.5;2.8;-4.06;Enrolled;0,6;0;10
1593;1;1;4;9147;1;1;120.0;1;19;38;5;5;122.8;1;0;0;1;1;0;18;0;0;5;6;4;11.5;0;0;5;12;2;10.333.333.333.333.300;0;10.8;1.4;1.74;Enrolled;0,6;0;10
836;1;1;3;9119;1;1;133.0;1;3;1;3;4;121.8;1;0;0;1;1;0;18;0;0;5;9;4;12.0;0;0;5;10;2;11.0;0;8.9;1.4;3.51;Enrolled;0,6;0;10
1325;1;17;3;9147;1;1;125.0;1;3;38;2;10;118.7;1;0;0;1;0;0;18;0;0;5;16;4;10.666.666.666.666.600;0;0;5;11;2;12.0;0;13.9;-0.3;0.79;Enrolled;0,6;0;10
1475;1;17;1;9119;1;1;131.0;1;1;3;9;10;123.7;1;0;0;1;1;0;20;0;0;5;7;4;12.0;0;0;5;8;2;12.5;0;10.8;1.4;1.74;Enrolled;0,6;0;10
1273;2;1;1;9147;1;1;151.0;1;38;37;9;8;132.1;1;0;0;1;0;0;34;0;0;5;7;2;10.0;0;0;5;6;4;12.0;0;7.6;2.6;0.32;Dropout;0,6;0;10
304;1;51;1;9670;1;1;136.0;1;19;19;5;5;122.0;0;0;1;0;0;0;18;0;0;5;6;2;12.5;0;0;5;6;4;10.25;0;9.4;-0.8;-3.12;Dropout;0,6;0;10
1834;1;1;1;9147;1;1;133.1;1;19;19;9;9;119.0;1;0;0;0;0;1;19;0;0;5;7;3;10.666.666.666.666.600;0;0;5;10;3;12.285.714.285.714.200;0;10.8;1.4;1.74;Dropout;0,6;0;10
2403;1;1;1;9147;1;1;124.0;1;19;19;9;3;115.6;1;0;0;0;1;0;20;0;0;5;9;3;12.0;1;0;5;7;3;11.0;0;9.4;-0.8;-3.12;Dropout;0,6;0;10
3713;1;39;1;9147;1;1;120.0;1;1;19;4;7;110.0;0;0;0;1;1;0;27;0;0;5;13;3;10.75;0;0;5;9;3;10.333.333.333.333.300;0;15.5;2.8;-4.06;Dropout;0,6;0;10
4343;1;39;1;9670;1;1;120.0;1;34;34;0;0;104.0;1;0;0;1;0;0;24;0;0;5;10;3;13.0;0;0;5;11;3;11.333.333.333.333.300;0;7.6;2.6;0.32;Dropout;0,6;0;10
3168;1;39;1;9991;0;1;150.0;1;19;38;9;8;140.9;0;1;0;1;0;0;24;0;0;5;7;3;10.666.666.666.666.600;0;0;5;7;3;10.5;0;10.8;1.4;1.74;Dropout;0,6;0;10
1579;1;1;3;9085;1;1;131.0;1;37;19;9;8;136.3;1;0;1;0;0;0;18;0;0;5;7;3;13.0;0;0;5;8;3;12.0;0;7.6;2.6;0.32;Dropout;0,6;0;10
551;1;1;5;9119;1;1;126.0;1;12;19;4;5;122.5;1;0;0;1;1;0;19;0;0;5;12;3;12.0;0;0;5;10;3;12.0;0;12.4;0.5;1.79;Dropout;0,6;0;10
186;1;18;2;9147;1;1;132.0;1;3;3;5;7;119.1;1;0;1;0;0;0;20;0;0;5;9;3;10.0;0;0;5;9;3;10.571.428.571.428.500;0;10.8;1.4;1.74;Dropout;0,6;0;10
573;1;17;6;9119;1;1;111.0;1;19;3;5;10;106.5;1;0;0;1;1;0;19;0;0;5;10;3;10.5;0;0;5;11;3;10.8;0;12.4;0.5;1.79;Dropout;0,6;0;10
3904;2;39;1;9147;1;1;140.0;1;38;37;4;7;130.0;1;0;0;0;0;0;39;0;0;5;12;3;10.666.666.666.666.600;2;0;5;15;3;10.666.666.666.666.600;0;9.4;-0.8;-3.12;Dropout;0,6;0;10
3566;2;39;1;9991;0;1;160.0;1;1;3;1;2;130.0;0;0;0;0;1;1;26;0;0;5;12;3;10.666.666.666.666.600;0;0;5;11;3;10.666.666.666.666.600;0;9.4;-0.8;-3.12;Dropout;0,6;0;10
3553;1;43;1;9147;1;1;120.0;1;37;37;5;3;113.4;0;0;0;1;1;0;22;0;0;5;9;3;13.0;0;0;5;9;3;11.666.666.666.666.600;0;12.7;3.7;-1.7;Dropout;0,6;0;10
3805;1;1;1;9147;1;1;135.0;1;1;19;5;5;130.1;1;0;0;1;0;0;18;0;0;5;10;4;10.75;1;0;5;13;2;10.0;0;9.4;-0.8;-3.12;Dropout;0,6;0;10
1848;2;39;1;9991;0;1;140.0;1;36;14;9;10;130.0;1;0;0;1;1;0;41;0;0;5;9;4;10.75;0;0;5;7;2;10.0;0;9.4;-0.8;-3.12;Dropout;0,6;0;10
696;1;1;1;9147;1;1;143.0;1;3;1;5;5;152.1;1;0;1;1;1;0;18;0;0;5;15;4;13.333.333.333.333.300;0;0;5;6;2;13.5;0;13.9;-0.3;0.79;Dropout;0,6;0;10
2389;1;17;4;9147;1;1;132.0;1;38;19;5;5;120.8;1;0;0;1;1;1;18;0;0;5;8;4;10.8;0;0;5;10;2;12.5;0;11.1;0.6;2.02;Dropout;0,6;0;10
2391;2;39;1;9003;1;1;130.0;1;1;37;9;1;122.0;0;0;1;0;1;0;25;0;3;10;23;6;11.428.571.428.571.400;0;2;7;15;4;12.0;1;15.5;2.8;-4.06;Dropout;0,588235294;0,294117647;17
1887;1;44;1;9003;1;39;160.0;1;37;37;9;7;160.0;1;0;0;0;1;0;30;0;4;9;18;6;11.833.333.333.333.300;0;1;8;21;4;11.0;0;15.5;2.8;-4.06;Dropout;0,588235294;0,294117647;17
263;1;43;1;9119;1;1;130.0;1;37;38;9;9;120.0;0;0;1;0;0;0;30;0;8;12;17;8;11.75;0;6;12;19;6;12.166.666.666.666.600;2;7.6;2.6;0.32;Dropout;0,583333333;0,583333333;24
3833;1;43;1;9070;1;1;100.0;1;37;37;9;9;108.0;1;0;0;1;1;0;34;0;7;12;12;7;11.428.571.428.571.400;0;4;12;12;7;11.857.142.857.142.800;0;7.6;2.6;0.32;Enrolled;0,583333333;0,458333333;24
3512;1;44;1;9130;1;39;140.0;1;1;19;4;7;140.0;0;0;0;1;1;0;20;0;2;6;12;5;12.4;0;1;6;11;2;15.0;0;13.9;-0.3;0.79;Enrolled;0,583333333;0,25;12
380;1;44;1;9085;1;39;140.0;1;37;38;5;6;140.0;1;0;0;1;0;0;21;0;2;6;16;5;12.666.666.666.666.600;0;1;6;15;2;13.5;0;16.2;0.3;-0.92;Enrolled;0,583333333;0,25;12
3792;1;44;1;9130;1;39;130.0;1;3;1;3;6;130.0;1;0;1;1;1;0;20;0;2;6;9;4;11.0;0;1;6;13;3;10.666.666.666.666.600;0;12.4;0.5;1.79;Dropout;0,583333333;0,25;12
2471;1;44;1;9130;1;39;150.0;1;5;1;2;5;150.0;1;0;0;1;1;0;19;0;1;6;13;5;11.6;0;1;6;12;2;11.0;0;13.9;-0.3;0.79;Enrolled;0,583333333;0,166666667;12
1921;1;44;1;9085;1;39;140.0;1;1;1;3;7;140.0;1;0;0;1;0;0;20;0;2;6;11;5;14.2;0;0;6;12;2;13.5;0;13.9;-0.3;0.79;Enrolled;0,583333333;0,166666667;12
3080;1;44;1;9085;1;39;160.0;1;12;38;4;8;160.0;1;0;0;1;1;0;23;0;1;6;10;5;12.5;0;1;6;8;2;13.5;0;12.4;0.5;1.79;Dropout;0,583333333;0,166666667;12
1105;1;1;1;9238;1;1;128.0;1;19;19;0;5;120.3;1;0;0;1;0;0;19;0;0;6;12;2;13.0;0;0;6;8;5;11.6;0;7.6;2.6;0.32;Graduate;0,583333333;0;12
2814;1;1;1;9238;1;1;145.0;1;1;19;9;9;129.3;0;0;1;1;0;1;19;0;0;6;11;3;11.0;0;0;6;9;4;11.25;0;10.8;1.4;1.74;Graduate;0,583333333;0;12
266;1;1;2;9773;1;1;146.0;1;3;1;1;3;149.2;1;0;0;1;0;0;18;0;0;6;11;4;12.25;0;0;6;10;3;11.666.666.666.666.600;0;9.4;-0.8;-3.12;Graduate;0,583333333;0;12
2491;1;17;2;9773;1;1;124.0;1;1;1;4;4;127.9;1;0;0;1;1;0;20;0;0;6;11;3;13.666.666.666.666.600;0;0;6;13;4;10.25;0;9.4;-0.8;-3.12;Enrolled;0,583333333;0;12
1103;1;1;2;9853;1;1;121.0;1;38;38;7;5;120.0;1;0;0;1;0;0;18;0;0;6;10;3;12.0;0;0;6;8;4;10.25;0;10.8;1.4;1.74;Enrolled;0,583333333;0;12
2235;1;17;2;9254;1;1;118.0;1;19;19;5;7;121.2;0;0;0;1;1;1;18;0;0;6;12;3;10.666.666.666.666.600;0;0;6;9;4;12.0;0;15.5;2.8;-4.06;Enrolled;0,583333333;0;12
2545;1;44;1;9003;1;39;140.0;1;38;38;6;3;140.0;0;0;0;1;0;0;19;0;0;6;18;3;11.666.666.666.666.600;0;0;6;14;4;11.5;0;15.5;2.8;-4.06;Enrolled;0,583333333;0;12
1850;1;43;3;9254;1;1;135.0;1;3;3;2;2;122.1;0;0;0;1;1;0;19;0;0;6;14;3;12.5;0;0;6;9;4;11.0;0;12.7;3.7;-1.7;Enrolled;0,583333333;0;12
1330;1;1;1;9085;1;1;120.0;1;4;1;2;9;113.4;0;0;0;1;0;0;18;0;0;6;14;4;11.5;0;0;6;17;3;13.75;0;11.1;0.6;2.02;Enrolled;0,583333333;0;12
1414;1;1;2;9773;1;1;122.0;1;37;37;9;9;126.9;1;0;0;1;0;1;19;0;0;6;11;4;11.0;0;0;6;11;3;11.666.666.666.666.600;0;9.4;-0.8;-3.12;Enrolled;0,583333333;0;12
1300;1;18;1;9254;1;1;118.0;1;38;38;5;5;123.3;1;0;0;1;1;0;26;0;0;6;10;4;10.0;0;0;6;11;3;12.0;0;9.4;-0.8;-3.12;Enrolled;0,583333333;0;12
403;1;1;1;9773;1;1;120.0;1;38;37;9;9;114.8;1;1;0;1;0;0;19;0;0;6;11;4;12.25;0;0;6;11;3;11.0;0;7.6;2.6;0.32;Enrolled;0,583333333;0;12
2602;1;17;1;9254;1;1;122.0;1;1;1;4;9;112.9;1;0;0;1;0;0;22;0;0;6;14;4;12.25;0;0;6;11;3;11.333.333.333.333.300;0;7.6;2.6;0.32;Enrolled;0,583333333;0;12
3902;1;17;3;9254;1;1;127.0;1;37;37;9;6;123.5;1;0;0;1;0;1;20;0;0;6;11;4;11.5;0;0;6;12;3;11.0;0;7.6;2.6;0.32;Enrolled;0,583333333;0;12
3908;1;1;1;9238;1;1;157.0;1;3;38;1;5;136.7;1;0;0;1;0;0;22;0;0;6;11;4;12.5;1;0;6;13;3;13.666.666.666.666.600;0;9.4;-0.8;-3.12;Enrolled;0,583333333;0;12
3842;1;1;1;9238;1;1;125.0;1;19;38;7;7;118.7;0;0;0;1;1;0;20;0;0;6;12;4;11.75;0;0;6;13;3;11.333.333.333.333.300;0;15.5;2.8;-4.06;Enrolled;0,583333333;0;12
1682;1;1;1;9773;1;1;117.0;1;1;19;4;4;109.3;0;0;0;1;1;0;19;0;0;6;11;4;12.25;0;0;6;10;3;12.666.666.666.666.600;0;7.6;2.6;0.32;Enrolled;0,583333333;0;12
1428;1;1;1;9254;1;1;143.0;1;2;37;1;1;133.2;1;0;0;1;0;0;19;0;0;6;9;5;13.4;0;0;6;16;2;13.5;0;10.8;1.4;1.74;Enrolled;0,583333333;0;12
3738;1;1;1;9254;1;1;133.1;1;3;1;2;4;125.0;0;0;0;1;1;0;21;0;0;6;10;5;11.333.333.333.333.300;0;0;6;14;2;11.5;0;12.7;3.7;-1.7;Enrolled;0,583333333;0;12
657;1;1;1;9238;1;1;135.0;1;37;19;5;10;121.0;0;0;1;1;0;0;18;0;0;6;10;5;10.6;0;0;6;14;2;10.0;0;7.6;2.6;0.32;Enrolled;0,583333333;0;12
1742;1;17;4;9254;1;1;122.0;1;1;1;4;2;116.1;1;0;0;1;1;0;19;0;0;6;7;5;12.2;0;0;6;12;2;12.0;0;7.6;2.6;0.32;Enrolled;0,583333333;0;12
3821;1;44;1;9003;1;39;140.0;1;4;4;4;2;120.0;1;0;0;1;1;0;22;0;0;6;13;5;13.0;0;0;6;13;2;11.5;0;12.4;0.5;1.79;Enrolled;0,583333333;0;12
998;1;44;1;9085;1;39;130.0;6;19;1;6;4;130.0;1;0;0;1;0;0;22;1;0;6;12;5;12.8;0;0;6;19;2;11.5;0;12.4;0.5;1.79;Enrolled;0,583333333;0;12
3103;1;39;1;9670;1;1;133.1;1;37;37;9;9;100.2;1;0;0;0;0;0;26;0;0;6;9;3;11.75;0;0;6;11;4;11.5;3;16.2;0.3;-0.92;Dropout;0,583333333;0;12
4233;1;43;1;9670;1;1;134.0;1;1;38;4;4;120.7;0;0;1;0;0;0;19;0;0;6;13;3;10.666.666.666.666.600;0;0;6;6;4;12.25;0;15.5;2.8;-4.06;Dropout;0,583333333;0;12
3616;1;17;1;9670;1;1;132.0;1;19;1;5;4;119.1;0;0;1;1;1;0;18;0;0;6;6;3;12.666.666.666.666.600;0;0;6;11;4;11.142.857.142.857.100;0;10.8;1.4;1.74;Dropout;0,583333333;0;12
3967;1;44;1;9003;1;39;140.0;1;19;19;9;4;140.0;0;0;0;1;0;0;21;0;0;6;12;3;10.666.666.666.666.600;2;0;6;12;4;12.0;0;15.5;2.8;-4.06;Dropout;0,583333333;0;12
4139;1;17;2;9853;1;1;133.1;1;37;37;5;0;111.5;0;0;0;1;0;0;18;0;0;6;11;3;12.333.333.333.333.300;0;0;6;11;4;13.5;0;7.6;2.6;0.32;Dropout;0,583333333;0;12
2704;1;44;1;9003;1;39;140.0;1;1;38;1;9;140.0;0;0;0;1;1;0;25;0;0;6;16;3;11.25;0;0;6;14;4;11.2;0;15.5;2.8;-4.06;Dropout;0,583333333;0;12
4017;1;17;1;9254;1;1;134.0;1;19;1;9;4;124.9;1;0;0;1;0;0;19;0;0;6;11;3;12.0;0;0;6;11;4;11.25;0;7.6;2.6;0.32;Dropout;0,583333333;0;12
3370;1;17;1;9254;1;1;150.0;1;1;1;9;10;142.7;0;0;1;1;0;0;18;0;0;6;9;4;11.0;0;0;6;12;3;11.333.333.333.333.300;0;7.6;2.6;0.32;Dropout;0,583333333;0;12
3817;1;1;1;9238;1;1;117.0;1;19;19;9;9;111.8;1;0;0;1;1;0;19;0;0;6;9;4;11.5;0;0;6;12;3;11.0;0;8.9;1.4;3.51;Dropout;0,583333333;0;12
4053;1;1;1;9254;1;1;122.0;1;37;37;9;9;114.3;1;0;0;0;0;1;20;0;0;6;12;4;11.25;0;0;6;12;3;11.333.333.333.333.300;0;7.6;2.6;0.32;Dropout;0,583333333;0;12
1545;1;39;1;8014;0;1;133.1;1;34;34;0;0;100.0;1;0;0;1;0;0;27;0;0;6;11;4;12.25;0;0;6;16;3;12.0;0;7.6;2.6;0.32;Dropout;0,583333333;0;12
1882;1;39;1;9003;1;1;140.0;1;37;37;9;4;140.0;0;0;0;1;1;0;35;0;0;6;16;4;12.0;0;0;6;11;3;10.333.333.333.333.300;0;13.9;-0.3;0.79;Dropout;0,583333333;0;12
1319;1;43;1;9254;1;1;130.0;1;1;19;5;7;130.0;0;0;0;1;0;1;19;0;0;6;11;4;12.0;0;0;6;14;3;11.0;0;10.8;1.4;1.74;Dropout;0,583333333;0;12
164;1;17;5;9853;1;1;132.0;1;12;12;4;4;123.3;1;0;0;1;0;0;21;0;0;6;13;4;11.5;0;0;6;10;3;11.0;0;10.8;1.4;1.74;Dropout;0,583333333;0;12
1176;1;17;4;9254;1;1;130.0;1;19;1;5;5;130.0;1;0;0;1;1;0;18;0;0;6;7;4;11.0;0;0;6;7;3;11.25;0;16.2;0.3;-0.92;Dropout;0,583333333;0;12
2104;1;1;2;9773;1;1;128.0;1;34;19;3;0;141.0;1;0;0;0;0;0;20;0;0;6;10;4;12.0;0;0;6;15;3;10.666.666.666.666.600;0;7.6;2.6;0.32;Dropout;0,583333333;0;12
3028;1;1;4;9773;1;1;122.0;1;41;1;4;3;119.6;1;0;0;1;0;0;19;0;0;6;6;4;12.0;0;0;6;11;3;11.333.333.333.333.300;0;11.1;0.6;2.02;Dropout;0,583333333;0;12
757;1;15;1;9670;1;1;133.1;41;1;1;9;5;128.2;0;0;1;0;1;0;18;1;0;6;6;4;11.25;0;0;6;7;3;12.333.333.333.333.300;0;8.9;1.4;3.51;Dropout;0,583333333;0;12
3217;1;17;2;9254;1;1;140.0;1;3;3;2;2;124.3;0;0;0;0;1;0;18;0;0;6;9;5;11.2;0;0;6;14;2;10.0;0;9.4;-0.8;-3.12;Dropout;0,583333333;0;12
990;1;17;2;9085;1;1;133.1;1;19;38;9;1;100.0;1;0;1;0;1;0;19;0;0;6;10;5;12.5;0;0;6;19;2;13.5;0;12.4;0.5;1.79;Dropout;0,583333333;0;12
295;1;1;1;9070;1;1;130.0;1;38;37;3;6;135.6;1;0;0;1;0;1;19;0;0;6;9;5;12.0;0;0;6;10;2;11.333.333.333.333.300;0;8.9;1.4;3.51;Dropout;0,583333333;0;12
3965;1;17;1;9238;1;1;120.0;1;19;19;4;5;114.8;1;0;1;0;0;0;19;0;0;6;10;5;11.714.285.714.285.700;0;0;6;13;2;10.666.666.666.666.600;0;16.2;0.3;-0.92;Dropout;0,583333333;0;12
10;1;1;1;9238;1;1;138.0;1;1;19;4;7;123.0;1;0;1;0;0;0;18;0;0;6;9;5;11.4;0;0;6;14;2;13.5;0;8.9;1.4;3.51;Dropout;0,583333333;0;12
3338;1;43;1;9670;1;1;160.0;1;34;34;99;99;100.1;0;0;0;0;1;0;35;0;6;10;10;7;12.142.857.142.857.100;0;4;9;9;4;12.25;0;7.6;2.6;0.32;Dropout;0,578947368;0,526315789;19
3345;1;39;1;9085;1;1;110.0;1;40;1;5;6;142.5;0;0;1;0;1;0;37;0;5;7;7;5;12.0;0;3;7;7;3;11.666.666.666.666.600;0;8.9;1.4;3.51;Dropout;0,571428571;0,571428571;14
3999;4;7;1;9500;1;40;130.0;1;19;19;4;6;130.0;0;0;0;0;0;0;42;0;2;7;10;5;12.62;0;3;7;11;3;14.166.666.666.666.600;0;12.4;0.5;1.79;Dropout;0,571428571;0,357142857;14
2800;1;42;1;9119;1;1;120.0;1;1;1;5;7;108.6;0;0;0;0;1;0;34;0;2;7;13;5;12.0;0;2;7;7;3;11.0;0;15.5;2.8;-4.06;Dropout;0,571428571;0,285714286;14
3479;1;39;1;9238;1;1;160.0;1;38;1;9;3;124.0;0;0;1;1;1;0;28;0;2;8;15;7;11.0;0;0;6;17;1;10.0;0;10.8;1.4;1.74;Enrolled;0,571428571;0,142857143;14
1709;1;39;1;9556;1;19;133.1;1;19;1;7;10;105.0;0;0;0;1;1;0;25;0;0;7;14;4;12.95;1;0;7;11;4;13.125;1;15.5;2.8;-4.06;Dropout;0,571428571;0;14
4147;2;39;1;9500;1;19;133.1;1;37;38;9;10;120.9;1;0;0;1;0;0;39;0;0;7;12;4;12.0;0;0;7;13;4;125.625;0;11.1;0.6;2.02;Dropout;0,571428571;0;14
2405;1;1;1;9500;1;1;142.0;1;1;38;9;9;127.0;0;0;1;0;1;0;21;0;0;7;12;4;12.94;0;0;7;12;4;11.58;0;12.4;0.5;1.79;Dropout;0,571428571;0;14
2663;1;1;1;9500;1;1;133.1;1;1;19;3;5;115.0;0;0;0;0;1;0;20;0;0;7;11;4;12.6;0;0;7;7;4;11.575;0;16.2;0.3;-0.92;Dropout;0,571428571;0;14
2048;1;17;2;9556;1;1;125.0;1;38;19;7;7;121.5;1;0;0;1;0;0;20;0;0;7;13;4;13.5;0;0;7;11;4;11.225;0;11.1;0.6;2.02;Dropout;0,571428571;0;14
4183;1;39;1;9556;1;1;133.1;1;44;40;2;2;115.5;0;0;0;1;0;0;36;0;0;7;13;5;12.2;0;0;7;14;3;11.4;0;11.1;0.6;2.02;Dropout;0,571428571;0;14
884;1;39;1;9003;1;1;133.1;1;37;37;4;7;130.0;0;0;1;0;1;0;32;0;0;6;8;3;13.0;0;4;10;14;6;11.428.571.428.571.400;0;16.2;0.3;-0.92;Dropout;0,5625;0,25;16
1242;2;39;1;9130;1;1;150.0;1;19;19;4;4;130.0;0;0;0;0;1;0;31;0;0;4;12;2;11.0;2;0;5;9;3;11.666.666.666.666.600;0;9.4;-0.8;-3.12;Dropout;0,555555556;0;9
3478;1;43;1;9991;0;1;141.0;1;37;37;9;9;131.9;0;0;0;1;0;0;21;0;6;10;20;6;11.5;0;5;10;17;5;12.4;0;9.4;-0.8;-3.12;Dropout;0,55;0,55;20
2379;1;43;1;9991;0;1;136.0;1;3;4;2;2;133.9;0;0;0;0;1;0;26;0;8;12;12;8;11.25;0;3;8;8;3;11.333.333.333.333.300;0;7.6;2.6;0.32;Dropout;0,55;0,55;20
3121;2;1;1;9991;0;2;120.0;1;37;37;6;3;129.2;0;0;0;1;0;0;31;0;4;10;16;5;11.4;0;4;10;10;6;12.833.333.333.333.300;0;9.4;-0.8;-3.12;Dropout;0,55;0,4;20
981;1;42;1;9119;1;6;120.0;1;35;35;6;6;128.2;1;0;0;1;1;0;34;0;4;6;8;4;11.25;0;1;5;8;2;10.5;0;7.6;2.6;0.32;Dropout;0,545454545;0,454545455;11
2438;1;1;4;9119;1;1;111.0;1;37;37;9;5;107.5;1;0;0;1;1;1;22;0;0;5;9;3;12.333.333.333.333.300;0;0;6;14;3;12.5;0;11.1;0.6;2.02;Dropout;0,545454545;0;11
1645;1;17;4;9254;1;1;124.0;1;3;3;3;3;126.1;1;0;0;1;0;0;20;0;0;5;5;5;11.4;0;0;6;11;1;11.0;0;10.8;1.4;1.74;Dropout;0,545454545;0;11
2253;1;7;1;9085;1;40;140.0;1;5;3;2;2;140.0;0;0;1;1;1;0;27;0;8;13;13;8;13.5;2;5;11;12;5;14.4;0;11.1;0.6;2.02;Dropout;0,541666667;0,541666667;24
3051;2;39;1;9556;1;1;160.0;1;37;37;9;6;120.0;0;0;0;1;0;0;31;0;0;7;21;5;10.9;3;0;8;21;3;11.7;1;12.7;3.7;-1.7;Dropout;0,533333333;0;15
4422;1;1;1;9500;1;1;154.0;1;37;37;9;9;149.5;1;0;0;1;0;1;30;0;0;7;8;7;149.125;0;0;8;9;1;13.5;0;13.9;-0.3;0.79;Dropout;0,533333333;0;15
3527;2;39;1;9003;1;1;111.0;1;1;3;4;2;162.4;0;0;1;0;1;0;49;0;4;12;16;5;11.6;0;2;7;7;5;11.2;0;8.9;1.4;3.51;Dropout;0,526315789;0,315789474;19
1971;1;51;1;9238;1;1;122.0;1;19;3;5;2;112.6;0;0;1;1;0;0;20;0;5;11;18;8;12.625;0;4;10;10;3;11.0;0;11.1;0.6;2.02;Enrolled;0,523809524;0,428571429;21
3372;1;1;6;9500;1;1;136.0;1;37;1;5;4;120.8;1;0;0;1;0;0;19;0;6;14;22;7;12.192.307.692.307.600;5;6;14;22;7;12.192.307.692.307.600;5;7.6;2.6;0.32;Graduate;0,5;0,428571429;28
1714;1;44;1;9085;1;39;140.0;1;1;3;9;4;140.0;0;0;1;0;0;0;24;0;2;6;11;4;12.5;0;1;6;18;2;11.5;0;12.4;0.5;1.79;Enrolled;0,5;0,25;12
40;1;44;1;9130;1;39;120.0;6;4;4;3;6;120.0;0;0;1;0;0;0;20;1;2;6;13;3;11.666.666.666.666.600;0;1;6;11;3;12.0;0;12.4;0.5;1.79;Dropout;0,5;0,25;12
240;1;39;1;9085;1;19;133.1;1;19;19;9;7;140.0;0;0;1;0;0;0;24;0;2;6;11;3;11.75;0;1;6;14;3;10.333.333.333.333.300;0;16.2;0.3;-0.92;Dropout;0,5;0,25;12
2178;1;43;1;8014;0;6;133.1;1;34;34;0;0;100.0;0;0;1;1;0;0;29;0;1;6;9;4;12.0;0;1;6;13;2;10.5;0;7.6;2.6;0.32;Dropout;0,5;0,166666667;12
1939;1;39;1;9085;1;1;150.0;1;19;19;4;10;100.0;0;0;0;1;0;0;24;0;1;6;11;5;13.0;0;1;6;12;1;12.0;0;13.9;-0.3;0.79;Dropout;0,5;0,166666667;12
3056;5;7;1;9130;1;3;160.0;1;19;38;9;6;160.0;0;0;0;0;0;0;27;0;1;5;8;3;14.666.666.666.666.600;2;0;5;7;2;13.0;2;10.8;1.4;1.74;Dropout;0,5;0,1;10
1793;1;39;1;9991;0;1;150.0;1;3;5;2;2;135.8;0;0;1;1;1;0;29;0;1;5;9;3;11.0;0;0;5;11;2;13.5;0;12.7;3.7;-1.7;Dropout;0,5;0,1;10
2226;1;43;3;9254;1;1;110.0;1;37;37;9;9;107.2;1;0;0;1;1;0;19;0;1;6;16;2;10.5;0;0;6;15;4;10.0;0;7.6;2.6;0.32;Dropout;0,5;0,083333333;12
2652;1;7;1;9003;1;3;140.0;1;3;19;2;10;140.0;0;0;0;0;1;0;35;0;0;6;10;5;15.2;0;1;6;9;1;11.0;0;15.5;2.8;-4.06;Dropout;0,5;0,083333333;12
4381;1;7;1;9500;1;2;140.0;1;38;37;7;8;140.0;0;0;0;1;0;0;29;0;0;8;14;4;11.325;1;0;8;14;4;11.325;1;12.7;3.7;-1.7;Dropout;0,5;0;16
506;1;39;1;9500;1;19;133.1;1;37;38;151;161;143.7;0;0;0;1;0;0;27;0;0;7;12;4;14.0;0;0;7;14;3;12.525;0;12.4;0.5;1.79;Enrolled;0,5;0;14
2946;2;39;1;9853;1;1;133.1;1;37;19;9;5;138.3;0;0;0;1;0;0;45;0;0;7;12;4;10.25;0;0;7;10;3;13.0;0;11.1;0.6;2.02;Dropout;0,5;0;14
2269;1;43;1;9500;1;1;120.0;1;3;4;2;4;120.6;0;0;0;1;1;0;18;0;0;7;12;4;12.65;0;0;7;10;3;10.666.666.666.666.600;0;16.2;0.3;-0.92;Dropout;0,5;0;14
117;1;17;1;9238;1;1;154.0;1;19;37;9;7;140.4;1;0;0;1;0;1;20;0;0;6;13;2;10.0;0;0;6;12;4;10.75;0;7.6;2.6;0.32;Enrolled;0,5;0;12
2396;1;43;1;9773;1;1;128.0;1;19;38;9;7;124.2;1;0;0;1;1;0;22;0;0;6;17;3;11.333.333.333.333.300;3;0;6;14;3;12.333.333.333.333.300;0;15.5;2.8;-4.06;Enrolled;0,5;0;12
3786;1;44;1;9003;1;39;150.0;1;1;38;4;9;150.0;0;0;0;1;1;1;20;0;0;6;18;3;12.0;0;0;6;17;3;11.666.666.666.666.600;0;15.5;2.8;-4.06;Enrolled;0,5;0;12
2763;1;39;1;8014;0;19;100.0;1;37;37;5;5;111.0;1;0;0;1;0;1;26;0;0;6;10;3;12.333.333.333.333.300;0;0;6;14;3;11.666.666.666.666.600;0;7.6;2.6;0.32;Enrolled;0,5;0;12
3597;1;44;1;9003;1;39;150.0;1;19;1;1;1;150.0;0;0;0;1;1;0;22;0;0;6;12;3;13.333.333.333.333.300;0;0;6;12;3;12.75;0;15.5;2.8;-4.06;Enrolled;0,5;0;12
402;1;17;1;9254;1;1;136.0;1;37;37;7;7;121.7;1;0;0;1;0;0;20;0;0;6;13;3;10.333.333.333.333.300;0;0;6;12;3;10.333.333.333.333.300;0;10.8;1.4;1.74;Enrolled;0,5;0;12
559;1;44;1;9254;1;39;130.0;1;39;39;194;193;130.0;1;0;1;1;1;0;23;0;0;6;12;3;11.5;0;0;6;12;3;10.666.666.666.666.600;0;8.9;1.4;3.51;Enrolled;0,5;0;12
383;1;1;1;9238;1;1;135.0;1;38;38;5;7;121.0;0;0;0;1;0;0;19;0;0;6;13;3;10.333.333.333.333.300;0;0;6;12;3;10.333.333.333.333.300;0;7.6;2.6;0.32;Enrolled;0,5;0;12
4148;4;39;1;9085;1;1;140.0;1;37;37;9;9;154.6;0;0;0;0;0;1;44;0;0;6;12;4;12.75;0;0;6;15;2;10.0;0;8.9;1.4;3.51;Enrolled;0,5;0;12
1327;1;1;1;9085;1;1;101.0;1;1;37;4;9;98.9;1;0;0;1;0;0;21;0;0;6;12;4;12.5;0;0;6;13;2;12.666.666.666.666.600;0;11.1;0.6;2.02;Enrolled;0,5;0;12
4407;1;1;1;9070;1;1;145.0;1;1;38;5;7;127.5;1;0;0;1;1;0;20;0;0;6;6;4;12.0;0;0;6;8;2;11.333.333.333.333.300;0;10.8;1.4;1.74;Enrolled;0,5;0;12
1897;1;1;1;9085;1;1;105.0;1;19;37;8;8;102.6;0;1;0;1;0;0;21;0;0;6;13;4;12.0;0;0;6;17;2;11.5;0;11.1;0.6;2.02;Enrolled;0,5;0;12
647;1;1;1;9238;1;1;135.0;1;37;1;3;5;121.0;0;0;0;1;0;0;21;0;0;6;11;5;11.2;0;0;6;15;1;10.0;0;7.6;2.6;0.32;Enrolled;0,5;0;12
64;1;17;1;9070;1;1;127.0;1;1;1;3;4;130.2;1;0;0;1;1;0;19;0;0;6;6;5;11.4;0;0;6;8;1;10.0;0;10.8;1.4;1.74;Enrolled;0,5;0;12
155;1;43;1;9853;1;1;115.0;1;3;37;2;5;108.7;1;0;0;1;0;0;21;0;0;6;10;3;12.666.666.666.666.600;0;0;6;12;3;10.0;0;9.4;-0.8;-3.12;Dropout;0,5;0;12
4155;1;1;1;9853;1;1;121.0;1;37;19;6;7;116.8;1;0;0;1;0;0;18;0;0;6;11;3;11.666.666.666.666.600;0;0;6;11;3;10.666.666.666.666.600;0;9.4;-0.8;-3.12;Dropout;0,5;0;12
248;1;44;1;9003;1;39;130.0;1;37;37;9;10;130.0;0;0;1;0;0;0;29;0;0;6;13;3;12.75;0;0;6;8;3;11.333.333.333.333.300;0;13.9;-0.3;0.79;Dropout;0,5;0;12
312;1;17;1;9853;1;1;133.1;1;34;34;0;0;118.9;1;0;0;1;0;0;21;0;0;6;12;3;11.333.333.333.333.300;0;0;6;10;3;11.333.333.333.333.300;0;7.6;2.6;0.32;Dropout;0,5;0;12
3827;1;39;1;9254;1;19;133.1;1;37;37;9;4;100.0;0;0;0;1;1;0;27;0;0;6;11;3;11.333.333.333.333.300;0;0;6;10;3;14.75;0;16.2;0.3;-0.92;Dropout;0,5;0;12
1318;1;1;5;9773;1;1;130.0;1;34;38;0;8;128.3;1;0;0;0;0;1;18;0;0;6;12;3;12.0;0;0;6;15;3;10.666.666.666.666.600;0;7.6;2.6;0.32;Dropout;0,5;0;12
1506;1;17;5;9773;1;1;122.0;1;38;38;7;7;123.1;1;0;0;0;0;0;19;0;0;6;12;3;11.0;0;0;6;12;3;12.0;0;9.4;-0.8;-3.12;Dropout;0,5;0;12
1449;1;44;1;9003;1;39;140.0;1;37;37;9;4;140.0;0;0;0;1;1;0;20;0;0;6;12;3;11.5;0;0;6;12;3;13.666.666.666.666.600;0;12.4;0.5;1.79;Dropout;0,5;0;12
223;1;1;3;9254;1;1;115.0;1;1;1;3;3;117.5;1;0;0;1;0;0;18;0;0;6;9;4;11.25;0;0;6;13;2;12.5;0;9.4;-0.8;-3.12;Dropout;0,5;0;12
2360;1;17;5;9254;1;1;113.0;1;1;1;2;3;110.2;1;0;0;1;1;0;21;0;0;6;10;4;11.5;0;0;6;10;2;10.5;0;9.4;-0.8;-3.12;Dropout;0,5;0;12
4243;1;17;1;9238;1;1;111.0;1;19;38;3;3;111.4;1;0;0;0;0;0;19;0;0;6;13;4;11.0;0;0;6;13;2;11.5;0;12.7;3.7;-1.7;Dropout;0,5;0;12
2648;1;44;1;9003;1;39;130.0;1;38;38;9;5;130.0;0;0;1;0;1;0;20;0;0;6;16;4;11.8;0;0;6;15;2;12.0;0;16.2;0.3;-0.92;Dropout;0,5;0;12
1493;1;44;1;9130;1;39;110.0;1;3;4;2;2;110.0;1;0;0;1;1;0;20;0;0;6;15;4;10.75;0;0;6;12;2;10.5;0;13.9;-0.3;0.79;Dropout;0,5;0;12
1846;1;1;1;9130;1;1;138.0;1;3;19;2;4;131.0;1;0;0;1;1;0;19;0;0;6;8;4;11.6;0;0;6;14;2;13.0;0;11.1;0.6;2.02;Dropout;0,5;0;12
3271;2;1;1;9254;1;1;136.0;1;37;37;9;9;122.7;0;0;0;1;0;1;45;0;0;6;10;4;11.5;0;0;6;16;2;10.5;0;7.6;2.6;0.32;Dropout;0,5;0;12
860;1;1;1;9773;1;1;108.0;1;34;38;0;3;105.9;0;0;0;1;1;0;20;0;0;6;11;4;10.75;0;0;6;13;2;10.0;0;7.6;2.6;0.32;Dropout;0,5;0;12
3265;1;1;1;9853;1;1;121.0;1;19;19;7;7;113.0;1;0;0;1;0;0;21;0;0;6;9;5;12.4;0;0;6;11;1;11.0;0;12.7;3.7;-1.7;Dropout;0,5;0;12
2280;2;43;1;8014;0;1;120.0;1;37;37;5;5;161.1;0;0;0;1;1;0;47;0;0;6;9;6;12.142.857.142.857.100;0;0;6;6;0;0.0;0;16.2;0.3;-0.92;Dropout;0,5;0;12
2002;1;1;1;9238;1;1;157.0;1;38;37;9;5;137.8;0;0;0;1;0;1;18;0;0;6;6;6;13.833.333.333.333.300;0;0;6;7;0;0.0;0;15.5;2.8;-4.06;Dropout;0,5;0;12
184;1;18;3;9070;1;1;131.0;1;1;37;5;5;122.3;1;0;0;0;0;0;19;0;0;6;6;6;12.166.666.666.666.600;0;0;6;6;0;0.0;0;15.5;2.8;-4.06;Dropout;0,5;0;12
2525;1;17;4;9238;1;1;133.1;1;1;19;9;5;95.0;1;0;0;1;0;1;19;0;0;6;12;6;11.666.666.666.666.600;0;0;6;7;0;0.0;0;15.5;2.8;-4.06;Dropout;0,5;0;12
3205;1;17;5;9773;1;1;139.0;1;38;1;4;4;123.6;1;0;0;1;1;0;18;0;0;6;6;6;13.0;0;0;6;12;0;0.0;0;7.6;2.6;0.32;Dropout;0,5;0;12
1655;1;1;2;9853;1;1;131.0;1;1;1;2;9;121.9;1;0;0;1;0;0;20;0;0;6;6;6;13.5;0;0;6;6;0;0.0;0;12.7;3.7;-1.7;Dropout;0,5;0;12
2109;1;17;1;9085;1;1;138.0;1;2;19;2;9;126.8;1;0;0;1;0;0;18;0;0;5;12;2;11.5;0;0;5;12;3;11.8;2;10.8;1.4;1.74;Enrolled;0,5;0;10
1706;1;1;1;9119;1;1;131.0;1;3;1;4;1;135.9;0;0;0;1;1;0;18;0;0;5;10;2;14.0;0;0;5;7;3;11.0;1;7.6;2.6;0.32;Enrolled;0,5;0;10
46;1;17;1;9991;0;1;154.0;1;38;38;4;5;134.1;0;0;0;1;0;0;24;0;0;5;9;2;11.5;0;0;5;11;3;14.333.333.333.333.300;1;7.6;2.6;0.32;Enrolled;0,5;0;10
3545;1;39;1;9991;0;12;133.1;1;37;37;9;9;121.5;0;0;0;1;1;0;38;0;0;5;11;2;10.5;0;0;5;9;3;11.333.333.333.333.300;1;7.6;2.6;0.32;Enrolled;0,5;0;10
2834;1;1;2;9670;1;1;117.0;1;37;37;9;9;111.8;0;0;0;1;0;0;22;0;0;5;8;3;12.0;0;0;5;9;2;11.0;1;7.6;2.6;0.32;Enrolled;0,5;0;10
1828;1;17;1;9085;1;1;125.0;1;1;38;4;9;118.4;1;0;0;1;0;0;21;0;0;5;13;3;11.333.333.333.333.300;2;0;5;12;2;10.5;1;9.4;-0.8;-3.12;Enrolled;0,5;0;10
3052;1;42;1;9147;1;1;139.0;1;3;38;2;5;112.3;1;0;0;1;0;0;19;0;0;5;8;2;11.5;0;0;5;10;3;10.857.142.857.142.800;0;10.8;1.4;1.74;Enrolled;0,5;0;10
925;4;39;1;9991;0;1;120.0;1;37;37;9;9;110.0;0;0;0;1;0;0;37;0;0;5;14;2;10.0;0;0;5;7;3;11.333.333.333.333.300;0;12.7;3.7;-1.7;Enrolled;0,5;0;10
3367;1;1;1;9991;0;1;122.0;1;37;37;9;3;113.6;0;0;0;1;1;0;26;0;0;5;11;2;11.5;0;0;5;10;3;12.0;0;7.6;2.6;0.32;Enrolled;0,5;0;10
806;1;17;2;9147;1;1;118.0;1;19;1;9;3;113.5;1;0;1;1;0;0;20;0;0;5;10;2;11.5;0;0;5;8;3;10.0;0;11.1;0.6;2.02;Enrolled;0,5;0;10
646;1;1;1;9147;1;1;130.0;1;19;37;9;9;131.8;1;0;0;1;0;1;19;0;0;5;8;2;10.5;0;0;5;11;3;13.333.333.333.333.300;0;7.6;2.6;0.32;Enrolled;0,5;0;10
643;1;1;1;9147;1;1;129.0;1;37;38;4;9;121.0;1;0;0;1;0;0;18;0;0;5;8;2;10.5;0;0;5;7;3;12.333.333.333.333.300;0;7.6;2.6;0.32;Enrolled;0,5;0;10
3385;1;1;1;9085;1;1;127.0;1;37;37;9;9;122.8;1;0;0;1;0;0;19;0;0;5;10;2;14.5;1;0;5;9;3;11.333.333.333.333.300;0;12.7;3.7;-1.7;Enrolled;0,5;0;10
2393;1;1;1;9147;1;1;135.0;1;38;19;9;5;126.3;0;0;0;1;1;0;18;0;0;5;11;2;13.5;0;0;5;11;3;12.333.333.333.333.300;0;8.9;1.4;3.51;Enrolled;0,5;0;10
562;1;1;1;9130;1;1;132.0;1;1;1;3;3;143.9;1;0;0;1;1;0;20;0;0;5;14;2;11.0;3;0;5;9;3;12.666.666.666.666.600;0;9.4;-0.8;-3.12;Enrolled;0,5;0;10
2845;2;39;1;9991;0;1;120.0;1;37;37;9;9;119.9;0;0;0;1;0;0;50;0;0;5;9;2;10.5;0;0;5;7;3;11.0;0;12.7;3.7;-1.7;Enrolled;0,5;0;10
2489;1;17;6;9147;1;1;133.0;1;19;38;5;6;123.2;1;0;0;1;1;0;20;0;0;5;7;3;12.666.666.666.666.600;1;0;5;12;2;12.5;0;9.4;-0.8;-3.12;Enrolled;0,5;0;10
33;1;1;1;9147;1;1;143.0;1;1;1;4;6;138.8;0;0;0;0;1;0;18;0;0;5;9;3;11.333.333.333.333.300;0;0;5;8;2;13.5;0;8.9;1.4;3.51;Enrolled;0,5;0;10
4336;1;1;1;9147;1;1;123.0;1;1;1;4;6;118.8;1;0;0;1;0;0;21;0;0;5;9;3;10.666.666.666.666.600;0;0;5;13;2;12.5;0;7.6;2.6;0.32;Enrolled;0,5;0;10
428;1;17;1;9147;1;1;116.0;1;38;2;9;2;112.2;1;0;0;1;0;0;20;0;0;5;8;3;11.333.333.333.333.300;0;0;5;12;2;10.666.666.666.666.600;0;10.8;1.4;1.74;Enrolled;0,5;0;10
2467;1;1;1;9119;1;1;146.0;1;37;37;9;9;148.5;1;0;0;1;1;0;18;0;0;5;7;4;10.0;0;0;5;8;1;16.0;0;10.8;1.4;1.74;Enrolled;0,5;0;10
4092;1;43;1;9991;0;1;140.0;1;37;38;9;8;135.5;0;0;1;0;0;0;29;0;0;5;15;2;13.25;0;0;5;12;3;12.6;3;16.2;0.3;-0.92;Dropout;0,5;0;10
2276;1;1;2;9991;0;1;123.0;1;1;3;4;2;113.2;0;0;0;0;1;0;22;0;0;5;7;3;11.666.666.666.666.600;0;0;5;8;2;10.5;2;7.6;2.6;0.32;Dropout;0,5;0;10
961;1;39;1;9670;1;1;120.0;1;34;34;0;0;106.0;1;0;0;0;1;0;28;0;0;5;7;3;11.666.666.666.666.600;0;0;5;8;2;11.5;1;7.6;2.6;0.32;Dropout;0,5;0;10
3225;1;39;1;9147;1;12;133.1;1;19;37;7;9;118.2;0;0;0;1;0;0;31;0;0;5;8;1;13.0;2;0;5;9;4;12.25;0;10.8;1.4;1.74;Dropout;0,5;0;10
1236;1;39;1;9991;0;1;133.1;1;19;38;7;4;125.7;0;0;0;1;0;0;26;0;0;5;9;2;12.0;0;0;5;9;3;11.0;0;10.8;1.4;1.74;Dropout;0,5;0;10
3489;1;39;1;9130;1;1;150.0;1;1;1;4;10;110.0;0;0;1;1;1;0;24;0;0;5;13;2;12.5;2;0;5;8;3;12.333.333.333.333.300;0;9.4;-0.8;-3.12;Dropout;0,5;0;10
3497;2;39;1;9991;0;1;133.1;1;37;37;5;8;133.2;0;0;0;0;1;0;43;0;0;5;13;2;11.5;0;0;5;12;3;10.8;0;13.9;-0.3;0.79;Dropout;0,5;0;10
2328;2;39;1;9991;0;1;110.0;1;37;37;1;4;120.0;1;0;0;0;1;0;40;0;0;5;10;2;10.5;0;0;5;5;3;10.666.666.666.666.600;0;9.4;-0.8;-3.12;Dropout;0,5;0;10
934;2;39;1;9147;1;1;140.0;1;37;37;9;9;127.7;1;0;0;1;0;0;31;0;0;5;8;3;11.0;0;0;5;9;2;11.5;0;7.6;2.6;0.32;Dropout;0,5;0;10
1203;2;39;2;9147;1;1;150.0;1;19;37;9;7;101.0;0;0;1;0;0;0;29;0;0;5;8;3;10.666.666.666.666.600;0;0;5;14;2;14.8;0;10.8;1.4;1.74;Dropout;0,5;0;10
1611;1;1;1;9147;1;1;160.0;1;1;38;4;7;141.5;1;0;0;1;1;0;18;0;0;5;10;3;10.666.666.666.666.600;1;0;5;11;2;12.5;0;9.4;-0.8;-3.12;Dropout;0,5;0;10
3158;1;1;1;9147;1;1;127.0;1;19;19;5;5;129.8;1;0;0;1;0;0;22;0;0;5;8;3;10.333.333.333.333.300;0;0;5;11;2;10.0;0;7.6;2.6;0.32;Dropout;0,5;0;10
4142;1;7;1;9070;1;3;133.1;1;3;5;2;2;120.0;1;0;0;1;0;0;32;0;0;3;3;2;16.0;0;0;3;3;1;16.0;0;7.6;2.6;0.32;Dropout;0,5;0;6
721;1;43;1;33;1;19;133.1;1;38;38;4;4;140.0;0;0;1;1;1;0;35;0;3;10;18;6;12.666.666.666.666.600;0;1;9;11;3;12.0;2;16.2;0.3;-0.92;Dropout;0,473684211;0,210526316;19
260;1;43;1;9238;1;1;124.0;1;1;1;3;1;118.8;1;0;1;0;0;0;22;0;6;10;16;6;11.833.333.333.333.300;0;2;7;8;2;13.0;0;16.2;0.3;-0.92;Dropout;0,470588235;0,470588235;17
1699;1;1;1;9500;1;1;168.0;1;1;1;5;5;161.0;1;0;0;1;1;0;18;0;0;7;7;7;16.142.857.142.857.100;0;0;8;9;0;0.0;0;16.2;0.3;-0.92;Dropout;0,466666667;0;15
2542;1;1;1;9853;1;1;148.0;1;19;19;4;5;143.5;0;0;0;1;0;1;19;0;0;7;8;6;12.833.333.333.333.300;0;0;6;6;0;0.0;0;13.9;-0.3;0.79;Dropout;0,461538462;0;13
1245;2;43;1;9991;0;1;140.0;1;37;37;4;9;100.0;0;0;0;0;0;0;31;0;2;6;10;4;11.75;0;0;5;6;1;10.0;0;12.7;3.7;-1.7;Dropout;0,454545455;0,181818182;11
3614;1;1;1;9119;1;1;132.0;1;1;12;3;3;133.1;1;0;0;1;1;0;19;0;0;5;7;3;12.0;0;0;6;10;2;10.5;0;11.1;0.6;2.02;Dropout;0,454545455;0;11
4249;2;39;1;9500;1;3;130.0;1;1;1;4;6;140.0;0;0;1;0;0;0;30;0;3;7;11;3;12.333.333.333.333.300;0;3;7;9;3;11.666.666.666.666.600;0;13.9;-0.3;0.79;Dropout;0,428571429;0,428571429;14
3992;1;1;1;9853;1;1;114.0;1;19;37;5;5;109.5;1;0;0;1;0;0;19;0;0;7;10;4;10.5;0;0;7;7;2;10.5;0;16.2;0.3;-0.92;Dropout;0,428571429;0;14
3633;1;44;1;9238;1;39;140.0;1;37;19;191;102;136.1;1;0;1;1;0;0;21;0;3;6;8;3;12.0;0;2;6;6;2;12.5;0;12.4;0.5;1.79;Enrolled;0,416666667;0,416666667;12
3353;1;39;1;9119;1;1;138.7;1;1;12;4;3;111.3;0;0;0;1;1;0;27;0;1;6;7;3;12.0;0;2;6;7;2;11.0;0;13.9;-0.3;0.79;Dropout;0,416666667;0,25;12
1293;1;44;1;9003;1;39;120.0;1;1;19;9;7;120.0;0;0;0;1;1;0;22;0;2;6;15;3;11.75;0;0;6;12;2;10.0;0;13.9;-0.3;0.79;Dropout;0,416666667;0,166666667;12
3865;1;43;1;9085;1;1;110.0;1;3;19;4;6;105.0;0;0;1;0;1;0;34;0;2;6;13;3;11.333.333.333.333.300;0;0;6;8;2;11.5;0;13.9;-0.3;0.79;Dropout;0,416666667;0,166666667;12
1564;1;44;1;9130;1;39;140.0;1;19;19;5;5;140.0;1;0;1;0;0;0;20;0;1;6;11;3;12.0;0;0;6;11;2;11.0;0;12.4;0.5;1.79;Enrolled;0,416666667;0,083333333;12
1582;1;16;2;9070;1;1;133.0;1;1;3;4;2;122.5;1;0;0;1;0;0;18;0;0;6;11;1;11.0;1;0;6;11;4;11.0;4;7.6;2.6;0.32;Enrolled;0,416666667;0;12
1459;1;1;1;9670;1;1;136.0;1;2;38;143;163;129.7;1;0;0;1;1;0;19;0;0;6;10;4;12.5;0;0;6;12;1;10.0;3;16.2;0.3;-0.92;Enrolled;0,416666667;0;12
3516;1;43;1;9773;1;1;121.0;1;1;1;4;5;121.0;1;0;0;1;1;0;23;0;0;6;15;1;13.0;0;0;6;8;4;11.25;0;9.4;-0.8;-3.12;Enrolled;0,416666667;0;12
2734;1;17;2;9238;1;1;118.0;1;1;19;4;10;110.7;1;1;0;1;0;0;18;0;0;6;15;2;10.333.333.333.333.300;3;0;6;13;3;13.333.333.333.333.300;0;12.7;3.7;-1.7;Enrolled;0,416666667;0;12
1896;1;1;1;9070;1;1;124.0;1;19;19;7;9;132.1;1;0;0;1;0;0;19;0;0;6;10;2;10.5;0;0;6;6;3;11.0;0;7.6;2.6;0.32;Enrolled;0,416666667;0;12
2841;1;39;1;9085;1;1;130.0;1;37;37;6;6;110.0;0;0;0;1;0;1;25;0;0;6;13;3;11.666.666.666.666.600;0;0;6;14;2;11.333.333.333.333.300;0;11.1;0.6;2.02;Enrolled;0,416666667;0;12
391;1;44;1;9085;1;39;140.0;1;4;38;4;5;140.0;1;0;0;1;0;0;21;0;0;6;11;4;12.75;0;0;6;19;1;11.0;0;12.4;0.5;1.79;Enrolled;0,416666667;0;12
2936;1;43;1;9773;1;1;133.1;22;34;34;90;90;130.0;0;0;1;1;0;0;23;1;0;6;11;1;16.0;0;0;6;8;4;12.25;0;7.6;2.6;0.32;Dropout;0,416666667;0;12
2259;1;7;1;9070;1;3;120.0;1;4;4;2;2;120.0;0;0;0;1;1;0;28;0;0;6;9;2;12.0;0;0;6;10;3;12.666.666.666.666.600;0;12.7;3.7;-1.7;Dropout;0,416666667;0;12
4358;1;39;1;8014;0;1;133.1;1;19;37;7;8;120.0;0;0;1;0;0;0;31;0;0;6;14;2;10.5;0;0;6;6;3;12.333.333.333.333.300;0;11.1;0.6;2.02;Dropout;0,416666667;0;12
121;1;17;1;9254;1;1;133.1;1;1;1;4;5;131.0;1;0;0;1;0;0;21;0;0;6;12;3;11.0;0;0;6;12;2;11.0;0;9.4;-0.8;-3.12;Dropout;0,416666667;0;12
4316;1;1;1;9254;1;1;125.0;1;1;3;4;1;121.9;1;0;0;1;1;0;18;0;0;6;15;3;11.666.666.666.666.600;0;0;6;14;2;12.5;0;10.8;1.4;1.74;Dropout;0,416666667;0;12
864;1;39;1;9670;1;1;133.1;1;38;19;9;8;122.9;0;0;1;0;1;0;25;0;0;6;7;3;14.0;0;0;6;9;2;14.5;0;13.9;-0.3;0.79;Dropout;0,416666667;0;12
2589;1;17;1;9853;1;1;120.0;1;37;37;9;10;122.6;0;0;0;1;0;0;20;0;0;6;8;3;12.333.333.333.333.300;0;0;6;11;2;10.5;0;12.7;3.7;-1.7;Dropout;0,416666667;0;12
170;1;43;1;9238;1;1;125.0;1;19;19;4;8;117.0;1;0;0;1;0;0;21;0;0;6;13;3;12.0;0;0;6;12;2;11.333.333.333.333.300;0;16.2;0.3;-0.92;Dropout;0,416666667;0;12
2959;2;39;1;9853;1;19;133.1;1;37;19;3;7;100.0;0;0;0;1;0;0;45;0;0;6;11;3;12.333.333.333.333.300;0;0;6;13;2;11.0;0;7.6;2.6;0.32;Dropout;0,416666667;0;12
3997;1;1;1;9853;1;1;128.0;1;1;1;9;9;120.0;1;0;0;1;0;0;18;0;0;6;11;3;12.0;0;0;6;13;2;12.0;0;12.7;3.7;-1.7;Dropout;0,416666667;0;12
747;1;51;1;9003;1;39;130.0;1;1;19;4;4;120.0;1;0;1;0;1;0;22;0;0;6;12;3;11.333.333.333.333.300;0;0;6;13;2;11.0;0;8.9;1.4;3.51;Dropout;0,416666667;0;12
1078;1;17;1;9254;1;1;158.0;1;37;37;5;9;138.1;1;0;0;1;0;0;19;0;0;6;8;4;12.5;0;0;6;11;1;14.0;0;7.6;2.6;0.32;Dropout;0,416666667;0;12
988;1;17;1;9070;1;1;134.0;1;1;1;5;0;133.3;1;0;0;1;1;0;18;0;0;6;7;5;10.8;1;0;6;6;0;0.0;0;7.6;2.6;0.32;Dropout;0,416666667;0;12
856;1;1;3;9773;1;1;140.0;1;1;39;4;1;128.1;1;1;0;1;1;0;21;0;0;6;6;5;11.8;0;0;6;9;0;0.0;0;16.2;0.3;-0.92;Dropout;0,416666667;0;12
16;1;1;1;9773;1;1;127.0;1;19;37;9;3;120.7;1;0;0;1;0;0;20;0;0;6;6;5;13.2;0;0;6;7;0;0.0;0;15.5;2.8;-4.06;Dropout;0,416666667;0;12
3788;1;1;1;9238;1;1;116.0;1;38;38;9;8;108.7;1;0;0;1;1;0;18;0;0;6;9;5;11.0;0;0;6;12;0;0.0;0;11.1;0.6;2.02;Dropout;0,416666667;0;12
2511;1;10;2;9773;1;1;154.4;22;19;38;3;5;154.4;1;0;0;0;0;0;18;1;0;6;8;5;12.0;0;0;6;0;0;0.0;0;10.8;1.4;1.74;Dropout;0,416666667;0;12
2466;1;39;1;9130;1;19;133.1;1;37;37;9;10;156.4;1;0;1;1;1;0;44;0;0;6;9;5;11.571.428.571.428.500;0;0;6;11;0;0.0;0;13.9;-0.3;0.79;Dropout;0,416666667;0;12
1375;1;7;1;9556;1;3;130.0;1;1;37;4;8;130.0;0;0;0;0;1;0;23;0;3;7;7;3;13.666.666.666.666.600;0;3;8;8;3;11.333.333.333.333.300;4;10.8;1.4;1.74;Dropout;0,4;0,4;15
1770;1;51;1;9147;1;1;116.0;1;3;3;2;2;115.2;0;0;1;1;1;0;32;0;2;7;16;3;12.0;0;3;8;10;3;10.333.333.333.333.300;0;8.9;1.4;3.51;Enrolled;0,4;0,333333333;15
3780;1;43;1;9556;1;1;126.0;1;2;3;3;2;100.0;0;0;0;1;0;0;25;0;2;7;10;3;13.0;0;1;8;10;3;11.666.666.666.666.600;4;10.8;1.4;1.74;Enrolled;0,4;0,2;15
3717;1;44;1;9130;1;39;140.0;1;4;4;2;10;140.0;1;0;0;1;1;0;20;0;1;5;8;2;11.5;0;1;5;13;2;11.5;0;12.7;3.7;-1.7;Dropout;0,4;0,2;10
4093;1;1;1;9500;1;1;145.0;1;1;1;4;10;145.0;0;0;0;1;0;0;18;0;0;7;7;6;13.861.666.666.666.600;0;0;8;16;0;0.0;1;12.4;0.5;1.79;Dropout;0,4;0;15
2682;2;39;1;9500;1;19;133.1;1;38;38;7;8;170.0;0;0;0;1;1;0;36;0;0;7;9;6;12.783.333.333.333.300;0;0;8;11;0;0.0;0;16.2;0.3;-0.92;Dropout;0,4;0;15
3748;1;43;1;9130;1;1;125.0;1;39;3;3;2;125.0;1;0;0;1;0;0;21;0;0;5;6;0;0.0;5;0;5;6;4;13.75;1;10.8;1.4;1.74;Graduate;0,4;0;10
964;1;1;2;9119;1;1;149.0;1;38;38;5;5;141.0;0;0;0;1;1;0;18;0;0;5;9;2;11.666.666.666.666.600;0;0;5;9;2;12.5;2;7.6;2.6;0.32;Enrolled;0,4;0;10
1255;1;43;1;9085;1;1;170.0;1;19;19;5;1;170.0;1;0;0;1;0;0;19;0;0;5;5;0;0.0;5;0;5;7;4;14.75;1;12.7;3.7;-1.7;Enrolled;0,4;0;10
3690;1;43;1;9130;1;1;130.0;1;1;1;1;1;130.0;1;0;0;1;1;0;33;0;0;5;12;1;13.0;2;0;5;7;3;14.0;0;9.4;-0.8;-3.12;Enrolled;0,4;0;10
2111;1;44;3;9085;1;39;150.0;1;1;19;4;1;150.0;1;0;0;1;0;0;19;0;0;5;10;1;13.0;1;0;5;8;3;15.333.333.333.333.300;0;12.7;3.7;-1.7;Enrolled;0,4;0;10
527;1;39;1;9119;1;19;133.1;1;19;19;5;3;100.9;1;0;0;1;1;0;24;0;0;5;9;1;12.0;0;0;5;6;3;10.5;0;10.8;1.4;1.74;Enrolled;0,4;0;10
3716;1;1;2;9147;1;1;116.0;1;37;1;5;3;124.8;1;0;0;1;1;0;20;0;0;5;9;2;14.333.333.333.333.300;0;0;5;10;2;12.5;0;7.6;2.6;0.32;Enrolled;0,4;0;10
4149;1;1;1;9147;1;1;117.0;1;37;37;9;9;120.2;1;0;0;1;0;0;20;0;0;5;9;2;10.0;0;0;5;10;2;11.0;0;7.6;2.6;0.32;Enrolled;0,4;0;10
2458;1;1;1;9147;1;1;166.0;1;19;37;4;8;146.4;0;0;0;1;1;0;27;0;0;5;12;3;10.0;0;0;5;12;1;13.0;0;7.6;2.6;0.32;Enrolled;0,4;0;10
2385;1;17;1;9119;1;1;127.0;1;19;1;4;5;115.8;0;0;0;1;1;0;20;0;0;5;10;4;11.5;0;0;5;11;0;0.0;0;13.9;-0.3;0.79;Enrolled;0,4;0;10
2317;1;39;1;9119;1;19;133.1;1;1;1;4;3;134.4;0;0;1;0;1;0;31;0;0;5;9;2;13.333.333.333.333.300;0;0;5;9;2;16.0;4;16.2;0.3;-0.92;Dropout;0,4;0;10
4278;1;17;1;9119;1;1;116.0;1;19;37;90;5;116.7;1;0;0;1;1;0;21;0;0;5;10;1;10.0;0;0;5;8;3;13.666.666.666.666.600;3;7.6;2.6;0.32;Dropout;0,4;0;10
235;1;1;1;9147;1;1;133.1;1;37;1;9;10;100.0;0;0;0;1;0;0;21;0;0;5;12;3;12.0;0;0;5;12;1;15.0;3;16.2;0.3;-0.92;Dropout;0,4;0;10
2370;1;39;1;9130;1;1;133.1;1;1;19;4;5;120.0;1;0;0;1;1;0;29;0;0;5;11;1;18.0;2;0;5;10;3;13.333.333.333.333.300;2;10.8;1.4;1.74;Dropout;0,4;0;10
3333;1;17;1;9119;1;1;126.0;1;1;1;9;9;116.2;0;0;1;0;1;0;21;0;0;5;9;2;11.0;0;0;5;8;2;11.5;2;7.6;2.6;0.32;Dropout;0,4;0;10
3334;1;39;2;9670;1;19;133.1;1;34;34;0;0;100.0;1;0;0;0;1;0;27;0;0;5;8;1;11.0;0;0;5;6;3;10.666.666.666.666.600;1;7.6;2.6;0.32;Dropout;0,4;0;10
1477;1;39;1;9991;0;1;133.0;1;37;37;9;5;139.2;1;0;1;1;1;0;33;0;0;5;11;2;12.5;0;0;5;9;2;11.5;1;12.7;3.7;-1.7;Dropout;0,4;0;10
901;1;17;1;9147;1;1;114.0;1;19;19;9;7;107.7;0;0;0;1;0;0;19;0;0;5;7;2;10.0;0;0;5;11;2;14.0;0;10.8;1.4;1.74;Dropout;0,4;0;10
394;1;17;2;9085;1;1;120.0;1;1;1;9;10;115.0;0;0;0;0;0;0;20;0;0;5;8;2;10.5;0;0;5;8;2;12.333.333.333.333.300;0;7.6;2.6;0.32;Dropout;0,4;0;10
2140;1;1;1;9147;1;1;116.0;1;19;19;5;8;127.9;0;0;1;0;0;1;20;0;0;5;12;2;13.0;1;0;5;13;2;11.5;0;9.4;-0.8;-3.12;Dropout;0,4;0;10
1026;1;17;3;9085;1;1;128.0;1;1;19;4;90;124.2;0;0;0;0;0;0;21;0;0;5;8;2;11.5;0;0;5;7;2;10.5;0;7.6;2.6;0.32;Dropout;0,4;0;10
2724;1;17;2;9147;1;1;133.0;1;19;1;9;3;120.1;1;0;0;1;0;1;18;0;0;5;15;2;10.0;0;0;5;14;2;12.0;0;13.9;-0.3;0.79;Dropout;0,4;0;10
1855;1;39;1;9085;1;1;140.0;1;37;37;90;90;106.3;0;0;1;0;1;0;35;0;0;5;7;2;11.5;0;0;5;8;2;10.5;0;7.6;2.6;0.32;Dropout;0,4;0;10
4264;2;39;1;9991;0;12;133.1;1;37;1;9;4;138.4;0;0;0;1;1;0;30;0;0;5;7;3;11.666.666.666.666.600;0;0;5;8;1;11.0;0;7.6;2.6;0.32;Dropout;0,4;0;10
2706;1;39;2;9147;1;1;143.0;1;19;5;4;1;100.0;1;0;0;1;1;0;24;0;0;5;8;3;10.666.666.666.666.600;1;0;5;5;1;14.0;0;9.4;-0.8;-3.12;Dropout;0,4;0;10
896;2;44;1;9991;0;39;130.0;1;1;37;4;9;130.0;0;0;0;0;0;0;21;0;0;5;12;3;11.333.333.333.333.300;0;0;5;10;1;13.0;0;15.5;2.8;-4.06;Dropout;0,4;0;10
1017;1;17;1;9147;1;1;138.0;1;37;1;9;9;123.7;1;0;1;1;0;1;19;0;0;5;5;4;11.0;0;0;5;5;0;0.0;0;11.1;0.6;2.02;Dropout;0,4;0;10
2313;1;1;1;9147;1;1;150.0;1;34;19;0;4;152.8;1;0;0;1;1;1;18;0;0;5;7;4;12.75;0;0;5;5;0;0.0;0;7.6;2.6;0.32;Dropout;0,4;0;10
4305;1;1;1;9147;1;1;148.0;1;19;1;7;5;138.3;1;0;0;1;1;0;19;0;0;5;6;4;13.75;0;0;5;5;0;0.0;0;12.4;0.5;1.79;Dropout;0,4;0;10
2258;1;44;1;9003;1;39;130.0;1;5;3;2;2;130.0;0;0;0;1;1;0;20;0;1;7;13;3;10.666.666.666.666.600;0;0;6;14;2;11.5;0;15.5;2.8;-4.06;Enrolled;0,384615385;0,076923077;13
955;1;42;1;9119;1;1;120.0;1;3;1;2;9;108.2;1;0;0;1;1;0;26;0;4;10;14;4;11.25;0;4;11;11;4;12.0;0;7.6;2.6;0.32;Dropout;0,380952381;0,380952381;21
3732;1;51;1;9070;1;1;122.0;1;38;38;9;9;128.8;1;0;0;1;1;0;21;0;4;12;13;5;13.2;0;4;12;12;4;13.5;0;8.9;1.4;3.51;Dropout;0,375;0,333333333;24
2938;1;43;5;9853;1;1;150.0;1;34;34;0;0;150.2;1;0;0;0;0;0;28;0;0;6;9;4;12.75;1;0;5;5;0;0.0;5;9.4;-0.8;-3.12;Dropout;0,363636364;0;11
2670;1;39;1;8014;0;1;133.1;1;37;38;9;9;148.5;0;0;0;1;1;0;34;0;0;6;6;4;12.25;0;0;5;5;0;0.0;0;11.1;0.6;2.02;Dropout;0,363636364;0;11
41;1;1;5;9773;1;1;126.0;1;3;3;2;2;121.1;0;0;1;1;0;0;18;0;0;6;6;4;12.75;0;0;5;5;0;0.0;0;12.7;3.7;-1.7;Dropout;0,363636364;0;11
3561;2;39;1;9500;1;19;133.1;1;19;19;4;4;100.0;0;0;0;1;1;0;33;0;0;7;7;5;13.06;0;0;7;9;0;0.0;0;16.2;0.3;-0.92;Enrolled;0,357142857;0;14
924;1;39;1;9500;1;19;133.1;1;37;37;9;6;120.0;0;0;0;0;0;1;39;0;0;7;14;3;11.5;0;0;7;9;2;10.5;0;16.2;0.3;-0.92;Dropout;0,357142857;0;14
1179;4;39;1;9500;1;1;133.1;1;37;37;9;9;130.0;0;0;1;1;0;0;38;0;0;7;13;3;11.833.333.333.333.300;0;0;7;14;2;10.0;0;16.2;0.3;-0.92;Dropout;0,357142857;0;14
126;1;17;6;9556;1;1;122.0;1;1;1;4;5;117.1;1;0;0;1;0;0;19;0;0;7;12;5;12.1;0;0;7;0;0;0.0;0;13.9;-0.3;0.79;Dropout;0,357142857;0;14
3836;2;39;1;9003;1;1;120.0;1;2;2;1;4;100.0;0;0;0;1;1;0;30;0;3;12;12;3;12.0;0;5;12;16;5;11.8;0;15.5;2.8;-4.06;Dropout;0,333333333;0,333333333;24
2649;1;43;1;8014;0;12;133.1;1;37;1;9;10;112.5;0;0;0;1;1;0;50;0;6;13;13;6;11.333.333.333.333.300;0;2;11;11;2;13.5;0;16.2;0.3;-0.92;Dropout;0,333333333;0,333333333;24
3790;1;17;1;9238;1;1;140.0;1;1;44;4;2;124.6;1;0;1;0;1;0;20;0;3;9;9;3;13.333.333.333.333.300;0;2;6;6;2;12.5;0;8.9;1.4;3.51;Dropout;0,333333333;0,333333333;15
3319;1;43;1;9991;0;1;120.0;1;37;37;9;9;115.8;0;0;1;0;1;0;28;0;4;9;14;4;10.0;0;1;6;6;1;10.0;0;12.7;3.7;-1.7;Dropout;0,333333333;0,333333333;15
3254;1;44;1;9130;1;39;130.0;1;1;3;9;2;130.0;1;0;1;1;0;1;21;0;1;6;13;3;12.333.333.333.333.300;0;1;6;12;1;13.0;0;13.9;-0.3;0.79;Dropout;0,333333333;0,166666667;12
4172;1;1;1;9238;1;1;135.0;1;38;38;4;7;121.7;1;0;0;1;0;1;18;0;0;6;14;0;0.0;0;0;6;9;4;11.0;0;7.6;2.6;0.32;Enrolled;0,333333333;0;12
2922;1;39;1;8014;0;1;155.0;1;19;37;4;5;117.5;0;0;0;1;0;0;34;0;0;6;6;4;13.25;0;0;6;6;0;0.0;0;12.7;3.7;-1.7;Enrolled;0,333333333;0;12
1824;1;39;1;9670;1;1;133.1;1;1;1;4;4;112.9;0;0;0;1;0;0;24;0;0;6;12;2;11.666.666.666.666.600;0;0;6;20;2;10.5;6;16.2;0.3;-0.92;Dropout;0,333333333;0;12
641;2;39;1;9670;1;1;130.0;1;37;37;9;0;158.0;0;0;1;0;0;0;34;0;0;6;7;4;13.5;0;0;6;6;0;0.0;6;12.7;3.7;-1.7;Dropout;0,333333333;0;12
1789;1;1;1;9070;1;1;116.0;1;3;3;0;1;108.7;1;0;0;1;1;0;23;0;0;6;9;4;11.25;1;0;6;10;0;0.0;4;7.6;2.6;0.32;Dropout;0,333333333;0;12
2412;2;39;1;8014;0;1;133.1;1;34;34;90;90;116.0;0;0;0;0;0;0;51;0;0;6;13;4;11.25;0;0;6;12;0;0.0;1;10.8;1.4;1.74;Dropout;0,333333333;0;12
4289;1;44;1;9003;1;39;130.0;1;1;3;9;2;130.0;1;0;1;0;1;0;23;0;0;6;12;2;11.333.333.333.333.300;0;0;6;8;2;13.0;0;13.9;-0.3;0.79;Dropout;0,333333333;0;12
676;1;17;1;9853;1;1;147.0;1;37;37;9;9;142.8;1;0;0;1;0;0;23;0;0;6;11;2;10.0;0;0;6;15;2;11.0;0;7.6;2.6;0.32;Dropout;0,333333333;0;12
4294;1;1;6;9254;1;1;119.0;1;19;19;9;9;118.7;1;0;0;1;1;0;20;0;0;6;16;3;10.333.333.333.333.300;0;0;6;16;1;11.0;0;10.8;1.4;1.74;Dropout;0,333333333;0;12
1157;1;17;1;9254;1;1;123.0;1;38;37;9;7;120.6;1;0;0;0;0;0;19;0;0;6;9;3;11.666.666.666.666.600;0;0;6;15;1;10.0;0;10.8;1.4;1.74;Dropout;0,333333333;0;12
3596;1;44;1;9003;1;39;140.0;1;19;38;9;10;140.0;0;0;0;1;1;0;19;0;0;6;15;3;13.25;0;0;6;9;1;12.0;0;13.9;-0.3;0.79;Dropout;0,333333333;0;12
2950;1;39;1;9085;1;1;140.0;1;3;3;4;2;141.7;1;0;0;1;0;0;27;0;0;6;13;3;10.5;0;0;6;19;1;12.0;0;12.4;0.5;1.79;Dropout;0,333333333;0;12
3243;1;39;1;8014;0;19;133.1;1;37;37;9;9;100.0;0;0;0;1;0;0;38;0;0;6;10;3;10.25;0;0;6;7;1;12.0;0;13.9;-0.3;0.79;Dropout;0,333333333;0;12
2787;1;39;1;9773;1;9;133.1;1;38;1;5;4;102.0;1;0;0;1;1;0;28;0;0;6;11;3;13.0;0;0;6;15;1;12.0;0;7.6;2.6;0.32;Dropout;0,333333333;0;12
1357;1;39;1;9773;1;1;140.0;1;34;37;0;0;102.5;0;0;0;1;0;0;26;0;0;6;8;4;11.75;0;0;6;12;0;0.0;0;7.6;2.6;0.32;Dropout;0,333333333;0;12
3624;1;18;6;8014;0;1;134.0;1;3;19;2;4;120.7;1;0;0;1;0;0;23;0;0;6;8;4;11.0;0;0;6;6;0;0.0;0;13.9;-0.3;0.79;Dropout;0,333333333;0;12
4009;1;18;3;9853;1;1;128.0;1;38;37;5;9;116.8;1;0;0;0;1;0;19;0;0;6;10;4;12.0;0;0;6;12;0;0.0;0;10.8;1.4;1.74;Dropout;0,333333333;0;12
1523;1;17;1;9085;1;1;130.0;1;19;1;9;4;101.3;1;0;0;1;1;0;20;0;0;6;12;4;12.8;0;0;6;17;0;0.0;0;12.4;0.5;1.79;Dropout;0,333333333;0;12
2632;1;17;1;9254;1;1;132.0;1;38;38;0;5;126.1;0;0;0;1;1;0;20;0;0;6;9;4;10.75;0;0;6;12;0;0.0;0;7.6;2.6;0.32;Dropout;0,333333333;0;12
1480;1;1;1;9085;1;1;123.0;1;1;1;4;9;116.7;1;0;0;1;1;1;20;0;0;6;10;4;13.2;0;0;6;8;0;0.0;0;12.4;0.5;1.79;Dropout;0,333333333;0;12
3874;1;1;2;9070;1;1;128.0;1;19;19;3;3;123.5;1;1;0;0;1;0;19;0;0;6;9;4;12.5;0;0;6;6;0;0.0;0;9.4;-0.8;-3.12;Dropout;0,333333333;0;12
2201;1;39;1;8014;0;1;140.0;1;37;37;9;7;122.0;1;0;1;0;1;0;29;0;0;6;11;4;12.5;0;0;6;7;0;0.0;0;12.4;0.5;1.79;Dropout;0,333333333;0;12
3837;1;43;1;9773;1;1;121.0;1;1;3;9;3;123.8;0;0;0;0;1;0;22;0;0;4;4;0;0.0;4;0;5;8;3;12.0;0;10.8;1.4;1.74;Dropout;0,333333333;0;9
2053;1;1;2;9773;1;1;127.0;1;1;19;4;5;120.4;1;0;0;1;0;0;18;0;0;5;7;2;10.0;0;0;1;1;0;0.0;0;12.7;3.7;-1.7;Dropout;0,333333333;0;6
2301;1;44;1;9119;1;39;140.0;1;5;41;3;2;140.0;0;0;0;1;1;0;23;0;3;7;12;3;14.0;0;1;6;12;1;14.0;0;12.4;0.5;1.79;Enrolled;0,307692308;0,307692308;13
3564;1;44;1;9119;1;39;160.0;1;3;38;2;3;160.0;0;0;1;0;1;0;24;0;2;6;6;2;16.0;0;2;7;7;2;16.0;0;8.9;1.4;3.51;Dropout;0,307692308;0,307692308;13
2452;1;39;1;9003;1;1;100.0;1;1;3;9;10;120.0;0;0;1;0;1;0;44;0;2;7;14;4;12.0;2;0;6;16;0;0.0;1;15.5;2.8;-4.06;Dropout;0,307692308;0,153846154;13
3806;2;43;1;9991;0;1;130.0;1;37;37;9;9;110.0;1;0;0;1;0;0;38;0;4;10;14;4;10.75;0;2;10;10;2;10.0;0;7.6;2.6;0.32;Dropout;0,3;0,3;20
3317;1;7;1;9119;1;3;120.0;1;19;19;1;1;120.0;0;0;0;0;1;0;40;0;1;5;7;1;13.0;0;2;5;5;2;14.0;0;12.7;3.7;-1.7;Dropout;0,3;0,3;10
3426;2;43;2;9147;1;1;160.0;1;37;37;9;9;96.0;0;0;0;0;0;0;29;0;3;5;7;3;12.333.333.333.333.300;0;0;5;8;0;0.0;0;10.8;1.4;1.74;Dropout;0,3;0,3;10
4402;1;7;1;9085;1;3;150.0;1;19;37;90;90;140.0;0;0;0;1;1;0;24;0;3;5;10;3;14.666.666.666.666.600;1;0;5;5;0;0.0;0;7.6;2.6;0.32;Dropout;0,3;0,3;10
496;1;7;3;9130;1;3;130.0;1;19;37;90;5;130.0;0;0;1;0;0;0;27;0;1;5;6;2;11.5;0;0;5;5;1;11.0;0;12.7;3.7;-1.7;Dropout;0,3;0,1;10
2208;1;43;1;9147;1;1;130.0;1;37;19;9;8;130.8;0;0;0;1;1;0;22;0;0;5;5;0;0.0;0;0;5;9;3;13.333.333.333.333.300;2;16.2;0.3;-0.92;Enrolled;0,3;0;10
2435;2;43;1;9085;1;1;160.0;1;37;37;9;7;120.0;0;0;0;1;1;0;21;0;0;5;11;0;0.0;2;0;5;11;3;11.666.666.666.666.600;1;9.4;-0.8;-3.12;Enrolled;0,3;0;10
3329;5;39;1;9119;1;1;120.0;1;37;37;9;9;116.0;0;0;1;1;1;1;34;0;0;5;14;1;17.0;0;0;5;10;2;11.0;0;9.4;-0.8;-3.12;Enrolled;0,3;0;10
3344;1;1;1;9119;1;1;160.0;1;37;37;9;6;153.7;0;0;0;1;1;0;19;0;0;5;7;1;13.0;0;0;5;7;2;10.0;0;9.4;-0.8;-3.12;Enrolled;0,3;0;10
931;1;1;5;9147;1;1;125.0;1;37;38;7;7;122.2;1;0;0;1;0;0;18;0;0;5;9;1;11.0;0;0;5;9;2;12.5;0;7.6;2.6;0.32;Enrolled;0,3;0;10
3934;1;1;1;9147;1;1;126.0;1;19;19;9;9;115.2;0;0;1;1;0;0;19;0;0;5;13;1;10.0;0;0;5;8;2;10.0;0;12.4;0.5;1.79;Enrolled;0,3;0;10
2595;1;17;1;9147;1;1;115.0;1;19;19;7;7;115.0;1;0;0;1;0;0;23;0;0;5;7;2;10.0;1;0;5;9;1;12.0;0;9.4;-0.8;-3.12;Enrolled;0,3;0;10
2972;1;39;1;9991;0;3;120.0;1;19;1;9;5;134.0;0;0;0;1;0;0;25;0;0;5;14;1;11.0;0;0;5;11;2;12.666.666.666.666.600;4;16.2;0.3;-0.92;Dropout;0,3;0;10
3795;1;17;1;9119;1;1;130.0;1;19;19;7;9;121.3;1;0;0;1;1;0;18;0;0;5;9;1;12.0;0;0;5;10;2;12.0;3;7.6;2.6;0.32;Dropout;0,3;0;10
400;1;17;1;9147;1;1;96.0;1;38;37;6;4;96.0;1;0;0;1;0;0;19;0;0;5;10;3;10.666.666.666.666.600;0;0;5;9;0;0.0;3;16.2;0.3;-0.92;Dropout;0,3;0;10
3894;4;39;1;9085;1;1;110.0;1;37;37;90;90;110.0;0;0;0;0;0;0;35;0;0;5;14;1;12.0;2;0;5;11;2;10.5;1;9.4;-0.8;-3.12;Dropout;0,3;0;10
4158;1;1;5;9130;1;1;160.0;1;3;1;2;9;150.2;1;0;0;1;0;0;19;0;0;5;13;1;13.0;0;0;5;7;2;12.5;0;12.7;3.7;-1.7;Dropout;0,3;0;10
3279;1;43;3;9147;1;1;127.0;21;3;37;3;3;117.9;1;0;0;1;0;0;22;1;0;5;8;1;10.0;0;0;5;8;2;13.0;0;7.6;2.6;0.32;Dropout;0,3;0;10
2883;2;39;1;9991;0;1;133.1;1;37;37;9;9;113.4;0;0;0;1;0;0;33;0;0;5;14;1;10.0;0;0;5;13;2;12.0;0;12.4;0.5;1.79;Dropout;0,3;0;10
2037;1;17;1;9147;1;1;137.0;1;1;37;5;9;131.4;1;0;0;1;1;0;22;0;0;5;8;2;10.0;0;0;5;7;1;10.0;0;7.6;2.6;0.32;Dropout;0,3;0;10
985;1;1;1;9147;1;1;128.0;1;1;1;2;10;116.5;0;0;0;1;1;0;19;0;0;5;8;2;10.0;0;0;5;8;1;16.0;0;7.6;2.6;0.32;Dropout;0,3;0;10
3696;1;39;1;9991;0;19;133.1;1;19;37;9;9;149.4;0;0;0;0;1;0;29;0;0;5;11;2;11.333.333.333.333.300;0;0;5;9;1;12.0;0;11.1;0.6;2.02;Dropout;0,3;0;10
2668;2;39;1;9991;0;19;133.1;1;19;19;4;4;150.0;0;0;0;0;1;0;49;0;0;5;8;2;11.0;0;0;5;5;1;11.0;0;15.5;2.8;-4.06;Dropout;0,3;0;10
2791;1;17;1;9147;1;1;115.0;1;19;37;5;7;112.9;1;0;0;0;1;0;19;0;0;5;7;2;12.5;0;0;5;13;1;11.0;0;9.4;-0.8;-3.12;Dropout;0,3;0;10
3455;1;17;1;9147;1;1;117.0;1;37;37;9;9;109.3;0;0;0;0;0;0;22;0;0;5;9;2;10.0;1;0;5;11;1;10.0;0;9.4;-0.8;-3.12;Dropout;0,3;0;10
272;1;1;2;9147;1;1;121.0;1;1;19;9;9;113.7;1;0;0;0;0;0;20;0;0;5;10;2;10.0;0;0;5;12;1;13.0;0;7.6;2.6;0.32;Dropout;0,3;0;10
2631;1;39;1;9991;0;1;130.0;1;1;1;9;7;152.1;0;0;0;1;1;0;28;0;0;5;13;2;11.0;0;0;5;12;1;12.0;0;11.1;0.6;2.02;Dropout;0,3;0;10
1301;1;17;1;9147;1;1;123.0;1;1;19;3;4;122.0;0;0;0;1;1;0;19;0;0;5;7;3;12.333.333.333.333.300;0;0;5;5;0;0.0;0;8.9;1.4;3.51;Dropout;0,3;0;10
4299;1;39;1;9991;0;39;150.0;1;19;19;9;9;150.3;0;0;0;1;1;0;24;0;0;5;7;3;11.333.333.333.333.300;0;0;5;6;0;0.0;0;10.8;1.4;1.74;Dropout;0,3;0;10
1467;1;17;2;9119;1;1;120.0;1;10;12;9;9;120.4;1;0;0;1;1;0;20;0;0;5;6;3;11.0;0;0;5;6;0;0.0;0;10.8;1.4;1.74;Dropout;0,3;0;10
2486;2;39;1;9003;1;1;133.1;1;37;37;9;9;100.0;0;0;0;0;1;0;44;0;4;10;10;4;11.5;0;1;7;8;1;12.0;0;15.5;2.8;-4.06;Dropout;0,294117647;0,294117647;17
4090;2;43;1;8014;0;14;133.1;1;34;34;0;0;100.0;0;0;0;0;0;0;34;0;3;7;13;3;12.0;0;2;7;15;1;13.0;1;9.4;-0.8;-3.12;Dropout;0,285714286;0,357142857;14
3586;1;39;1;33;1;1;133.1;1;19;37;9;9;96.1;0;0;0;1;1;0;25;0;0;7;13;2;15.0;0;0;7;12;2;11.5;0;12.4;0.5;1.79;Dropout;0,285714286;0;14
1165;1;39;1;9500;1;1;110.0;1;37;37;9;9;130.0;0;0;1;0;0;0;32;0;0;7;12;4;13.7;0;0;7;7;0;0.0;0;16.2;0.3;-0.92;Dropout;0,285714286;0;14
100;1;1;4;9500;1;1;115.0;1;3;3;2;2;111.5;1;0;1;0;0;0;19;0;0;7;10;4;11.96;0;0;7;7;0;0.0;0;13.9;-0.3;0.79;Dropout;0,285714286;0;14
2032;4;39;1;9254;1;1;140.0;1;38;37;9;9;112.0;0;0;1;1;0;0;45;0;4;10;12;5;12.166.666.666.666.600;4;2;8;8;0;0.0;2;12.7;3.7;-1.7;Dropout;0,277777778;0,333333333;18
525;1;1;1;9556;1;1;180.0;103;5;3;1;1;183.5;1;0;0;1;0;0;18;1;0;7;8;4;12.0;0;0;8;8;0;0.0;0;16.2;0.3;-0.92;Dropout;0,266666667;0;15
2448;2;39;1;9254;1;19;133.1;1;37;19;9;10;156.5;0;0;0;1;1;0;53;0;7;11;12;2;15.0;7;4;9;10;3;10.0;4;16.2;0.3;-0.92;Graduate;0,25;0,55;20
1767;1;39;1;9003;1;1;140.0;41;1;1;9;9;100.0;0;0;1;0;0;0;29;1;3;9;9;3;14.333.333.333.333.300;0;1;7;8;1;14.0;0;15.5;2.8;-4.06;Dropout;0,25;0,25;16
2267;1;7;1;9003;1;3;140.0;1;39;39;9;4;140.0;0;0;0;1;1;0;50;0;2;6;8;2;13.5;0;1;6;9;1;13.0;0;15.5;2.8;-4.06;Dropout;0,25;0,25;12
834;2;39;1;9130;1;1;130.0;1;37;37;9;6;160.0;0;0;0;1;1;0;31;0;1;6;11;2;12.0;1;1;6;12;1;10.0;1;16.2;0.3;-0.92;Dropout;0,25;0,166666667;12
1758;1;44;1;9130;1;39;150.0;1;1;37;4;8;150.0;1;0;0;0;0;0;22;0;1;6;10;3;12.666.666.666.666.600;0;0;6;7;0;0.0;0;15.5;2.8;-4.06;Dropout;0,25;0,083333333;12
2820;1;43;1;9773;1;1;127.0;1;19;1;5;5;117.6;1;0;0;1;0;0;18;0;0;6;6;0;0.0;0;0;6;10;3;11.0;0;16.2;0.3;-0.92;Enrolled;0,25;0;12
17;1;18;1;9238;1;1;137.0;1;19;38;5;8;137.4;1;0;0;1;0;0;18;0;0;6;10;1;12.0;0;0;6;14;2;11.0;0;10.8;1.4;1.74;Enrolled;0,25;0;12
2185;1;17;2;9238;1;1;133.0;1;2;1;3;4;136.2;1;0;0;1;0;0;19;0;0;6;14;1;11.5;0;0;6;12;2;10.5;0;7.6;2.6;0.32;Enrolled;0,25;0;12
4282;1;1;1;9085;1;1;133.1;1;3;1;4;9;105.0;1;0;0;1;1;0;21;0;0;6;15;3;11.25;0;0;6;9;0;0.0;0;12.4;0.5;1.79;Enrolled;0,25;0;12
94;2;39;1;9853;1;10;133.1;1;37;34;0;0;115.5;0;0;0;1;0;0;39;0;0;6;12;3;12.666.666.666.666.600;0;0;6;14;0;0.0;1;7.6;2.6;0.32;Dropout;0,25;0;12
4405;2;39;1;9130;1;19;133.1;1;2;1;8;8;120.0;1;0;1;0;1;0;28;0;0;6;12;1;11.0;0;0;6;9;2;10.5;0;16.2;0.3;-0.92;Dropout;0,25;0;12
3346;1;1;1;9254;1;1;124.0;1;37;38;9;8;114.6;1;0;0;1;1;0;19;0;0;6;13;2;12.0;0;0;6;12;1;13.0;0;7.6;2.6;0.32;Dropout;0,25;0;12
1589;1;17;1;9254;1;1;119.0;1;37;37;5;4;118.0;1;0;0;1;1;0;19;0;0;6;13;2;10.5;0;0;6;11;1;12.0;0;10.8;1.4;1.74;Dropout;0,25;0;12
2605;1;17;1;9238;1;1;152.0;1;37;37;7;5;132.1;1;0;0;1;0;0;19;0;0;6;10;2;10.5;0;0;6;11;1;13.0;0;9.4;-0.8;-3.12;Dropout;0,25;0;12
3366;1;1;1;9238;1;1;133.0;1;34;37;5;5;120.4;0;0;0;0;0;0;21;0;0;6;12;2;11.5;0;0;6;13;1;13.0;0;9.4;-0.8;-3.12;Dropout;0,25;0;12
3167;1;17;2;9853;1;1;123.0;1;3;1;2;3;124.1;1;0;0;1;0;0;18;0;0;6;7;2;14.5;0;0;6;6;1;10.0;0;15.5;2.8;-4.06;Dropout;0,25;0;12
4357;1;39;1;9085;1;19;133.1;1;37;37;4;8;140.0;0;0;0;1;0;0;35;0;0;6;11;3;12.666.666.666.666.600;0;0;6;7;0;0.0;0;11.1;0.6;2.02;Dropout;0,25;0;12
3847;1;43;1;9773;1;1;114.0;1;37;38;9;5;107.4;1;0;0;0;1;0;26;0;0;6;12;3;12.0;0;0;6;15;0;0.0;0;9.4;-0.8;-3.12;Dropout;0,25;0;12
1914;2;17;3;8014;0;1;123.0;1;19;37;3;3;113.2;0;0;1;0;0;0;18;0;0;6;9;3;10.666.666.666.666.600;0;0;6;12;0;0.0;0;7.6;2.6;0.32;Dropout;0,25;0;12
4008;1;39;1;9003;1;1;133.1;1;1;37;4;7;110.0;0;0;0;1;1;0;31;0;0;6;15;3;14.4;0;0;6;20;0;0.0;0;16.2;0.3;-0.92;Dropout;0,25;0;12
1800;1;17;3;9254;1;1;114.0;26;38;3;9;3;127.3;1;0;1;0;0;0;20;1;0;6;14;3;12.333.333.333.333.300;0;0;6;16;0;0.0;0;10.8;1.4;1.74;Dropout;0,25;0;12
2643;1;17;5;9670;1;1;127.0;1;3;4;2;2;122.8;0;0;0;1;1;0;20;0;0;6;6;3;12.333.333.333.333.300;0;0;6;9;0;0.0;0;10.8;1.4;1.74;Dropout;0,25;0;12
718;4;39;1;9670;1;1;140.0;1;2;1;3;9;170.0;0;0;1;0;1;0;53;0;0;6;11;3;14.333.333.333.333.300;0;0;6;6;0;0.0;0;12.7;3.7;-1.7;Dropout;0,25;0;12
2637;1;1;2;9254;1;1;120.0;1;37;37;9;9;115.1;1;0;0;0;1;0;21;0;0;6;11;3;11.0;0;0;6;14;0;0.0;0;9.4;-0.8;-3.12;Dropout;0,25;0;12
3768;1;17;1;9773;1;1;116.0;1;37;1;9;8;115.7;1;0;1;0;0;0;19;0;0;6;6;3;11.333.333.333.333.300;0;0;6;6;0;0.0;0;12.4;0.5;1.79;Dropout;0,25;0;12
3843;1;39;1;9003;1;19;133.1;1;3;1;2;8;100.0;1;0;0;1;1;0;35;0;0;6;13;3;11.75;0;0;6;10;0;0.0;0;13.9;-0.3;0.79;Dropout;0,25;0;12
1688;1;7;1;9556;1;3;140.0;1;3;3;2;2;140.0;0;0;1;0;1;0;38;0;0;7;8;3;12.666.666.666.666.600;0;0;5;5;0;0.0;0;13.9;-0.3;0.79;Dropout;0,25;0;12
477;1;1;2;9556;1;1;133.1;1;19;19;9;9;104.5;1;0;0;1;0;0;21;0;0;2;2;2;12.5;0;0;7;0;0;0.0;0;12.4;0.5;1.79;Dropout;0,222222222;0;9
1197;1;7;1;9070;1;3;140.0;1;37;2;9;3;140.0;0;0;0;0;0;0;23;0;0;3;3;2;10.0;0;0;6;0;0;0.0;0;10.8;1.4;1.74;Dropout;0,222222222;0;9
4030;4;7;1;9500;1;3;130.0;1;3;19;2;3;130.0;0;0;0;1;0;0;43;0;0;7;7;3;13.833.333.333.333.300;1;0;7;7;0;0.0;0;16.2;0.3;-0.92;Dropout;0,214285714;0;14
694;1;39;1;33;1;1;100.0;41;38;37;9;8;100.0;0;0;1;0;1;0;35;1;0;7;18;3;11.25;0;0;7;7;0;0.0;0;16.2;0.3;-0.92;Dropout;0,214285714;0;14
1680;1;39;1;9500;1;1;133.1;1;1;37;9;9;100.0;0;0;0;1;1;0;28;0;0;7;11;3;11.916.666.666.666.600;1;0;7;17;0;0.0;0;16.2;0.3;-0.92;Dropout;0,214285714;0;14
2307;1;7;1;9130;1;3;140.0;1;2;38;2;3;140.0;1;0;0;0;1;0;18;0;2;5;7;2;13.0;0;0;5;5;0;0.0;0;12.7;3.7;-1.7;Dropout;0,2;0,2;10
2541;1;7;1;9147;1;3;120.0;1;1;39;4;7;120.0;0;0;0;1;0;0;33;0;2;5;9;2;14.0;0;0;5;5;0;0.0;0;12.4;0.5;1.79;Dropout;0,2;0,2;10
1754;1;44;1;9119;1;39;150.0;1;19;3;5;2;150.0;0;0;0;1;1;0;20;0;0;5;16;0;0.0;0;0;5;12;2;10.5;0;12.7;3.7;-1.7;Enrolled;0,2;0;10
2364;1;44;1;9119;1;39;140.0;1;1;19;4;5;140.0;1;0;0;1;1;0;22;0;0;5;9;0;0.0;0;0;5;6;2;11.666.666.666.666.600;0;10.8;1.4;1.74;Enrolled;0,2;0;10
1243;1;39;1;9119;1;19;133.1;1;1;19;4;5;100.0;0;0;0;1;1;0;25;0;0;5;13;1;11.0;0;0;5;11;1;10.0;0;13.9;-0.3;0.79;Enrolled;0,2;0;10
764;1;15;1;9147;1;1;133.1;21;1;3;192;3;100.0;0;0;1;1;1;0;40;1;0;5;10;1;11.0;0;0;5;10;1;10.0;0;11.1;0.6;2.02;Enrolled;0,2;0;10
4173;1;43;2;9147;1;1;131.0;1;19;37;5;9;123.7;1;0;0;1;0;0;18;0;0;5;10;1;14.0;0;0;5;10;1;14.0;0;7.6;2.6;0.32;Enrolled;0,2;0;10
2361;1;39;1;9119;1;1;139.0;1;19;19;9;7;110.3;0;0;1;1;1;0;24;0;0;5;12;1;10.0;0;0;5;11;1;11.0;0;8.9;1.4;3.51;Enrolled;0,2;0;10
526;1;43;1;9119;1;1;133.1;1;1;1;9;3;136.0;0;0;0;1;1;0;31;0;0;5;12;1;12.0;0;0;5;9;1;11.0;4;16.2;0.3;-0.92;Dropout;0,2;0;10
1842;1;17;1;9130;1;1;125.0;1;19;19;3;10;131.0;1;0;0;1;1;0;19;0;0;5;11;2;10.5;2;0;5;9;0;0.0;3;10.8;1.4;1.74;Dropout;0,2;0;10
1719;1;39;1;9119;1;1;160.0;1;38;37;7;7;129.0;0;0;0;1;1;0;24;0;0;5;9;0;0.0;0;0;5;8;2;14.5;2;7.6;2.6;0.32;Dropout;0,2;0;10
2262;1;43;1;9147;1;1;123.0;1;1;1;4;4;114.4;0;0;0;1;1;0;22;0;0;5;6;0;0.0;0;0;5;8;2;11.5;0;15.5;2.8;-4.06;Dropout;0,2;0;10
220;1;17;1;9085;1;1;121.0;1;19;37;1;3;131.5;0;0;0;1;0;0;21;0;0;5;10;0;0.0;1;0;5;9;2;13.5;0;7.6;2.6;0.32;Dropout;0,2;0;10
2931;1;39;1;9991;0;9;133.1;1;37;34;90;90;118.1;1;0;0;1;0;0;39;0;0;5;9;0;0.0;0;0;5;5;2;12.5;0;7.6;2.6;0.32;Dropout;0,2;0;10
3692;1;17;5;9119;1;1;130.0;1;19;1;4;5;118.1;1;0;1;0;1;0;26;0;0;5;11;1;10.0;0;0;5;14;1;11.0;0;8.9;1.4;3.51;Dropout;0,2;0;10
4300;1;17;1;9147;1;1;120.0;1;38;38;9;8;118.3;0;0;0;1;1;0;18;0;0;5;13;1;10.0;0;0;5;5;1;10.0;0;12.7;3.7;-1.7;Dropout;0,2;0;10
3839;1;1;1;9147;1;1;115.0;1;38;1;9;8;118.5;0;0;0;1;1;0;21;0;0;5;9;1;10.0;0;0;5;10;1;10.0;0;7.6;2.6;0.32;Dropout;0,2;0;10
2757;1;39;2;9147;1;1;120.0;1;37;37;9;9;104.0;0;0;0;0;1;0;26;0;0;5;8;1;10.0;0;0;5;9;1;10.0;0;10.8;1.4;1.74;Dropout;0,2;0;10
1173;1;42;1;9119;1;1;144.0;1;34;34;0;0;119.5;0;0;0;1;1;0;18;0;0;5;6;1;10.0;0;0;5;7;1;12.0;0;10.8;1.4;1.74;Dropout;0,2;0;10
3323;1;17;4;9147;1;1;135.0;1;19;1;0;4;128.7;1;0;0;1;1;0;22;0;0;5;8;2;10.5;0;0;5;10;0;0.0;0;7.6;2.6;0.32;Dropout;0,2;0;10
3719;1;43;1;9147;1;1;122.0;1;1;38;1;7;118.9;0;0;0;1;1;0;21;0;0;5;11;2;10.5;0;0;5;13;0;0.0;0;12.7;3.7;-1.7;Dropout;0,2;0;10
2554;1;17;1;9991;0;1;160.0;1;34;34;0;0;161.8;1;0;1;1;1;0;33;0;0;5;8;2;10.5;0;0;5;5;0;0.0;0;7.6;2.6;0.32;Dropout;0,2;0;10
2713;1;1;2;9147;1;1;130.0;1;37;38;7;9;117.8;0;0;1;1;0;1;19;0;0;5;11;2;11.5;0;0;5;10;0;0.0;0;12.7;3.7;-1.7;Dropout;0,2;0;10
315;1;51;1;9147;1;1;135.0;1;1;1;4;4;118.5;0;0;0;1;0;0;25;0;0;5;12;2;10.5;0;0;5;5;0;0.0;0;11.1;0.6;2.02;Dropout;0,2;0;10
1386;1;1;1;9130;1;1;120.0;1;19;37;1;9;116.1;1;0;0;1;1;0;22;0;0;5;9;2;10.5;0;0;5;5;0;0.0;0;12.7;3.7;-1.7;Dropout;0,2;0;10
2255;1;39;1;9991;0;1;120.0;1;19;37;5;5;128.2;0;0;0;0;1;0;31;0;0;5;5;2;11.0;0;0;5;0;0;0.0;0;12.7;3.7;-1.7;Dropout;0,2;0;10
4252;1;1;1;9147;1;1;112.0;1;9;22;4;3;106.1;0;0;0;1;0;0;20;0;0;5;13;2;10.0;1;0;5;10;0;0.0;0;9.4;-0.8;-3.12;Dropout;0,2;0;10
1262;1;42;1;9119;1;1;130.0;1;19;37;9;3;135.0;0;0;1;1;1;0;25;0;0;5;5;0;0.0;0;2;6;7;2;14.0;0;13.9;-0.3;0.79;Dropout;0,181818182;0,181818182;11
554;1;17;3;9119;1;1;117.0;1;1;2;3;2;119.8;1;0;0;1;1;0;19;0;0;5;10;2;11.0;0;0;6;10;0;0.0;0;11.1;0.6;2.02;Dropout;0,181818182;0;11
4337;1;1;2;9773;1;1;129.0;1;37;37;9;7;117.1;1;0;0;1;0;0;20;0;0;6;12;1;17.0;0;0;6;12;1;17.0;0;9.4;-0.8;-3.12;Enrolled;0,166666667;0;12
1479;2;39;1;9003;1;1;133.1;1;1;19;4;4;120.0;0;0;1;0;1;0;25;0;0;6;17;2;14.5;2;0;6;13;0;0.0;1;15.5;2.8;-4.06;Dropout;0,166666667;0;12
519;4;39;1;8014;0;19;133.1;1;34;34;0;0;100.0;0;0;0;1;0;0;48;0;0;6;11;1;10.0;0;0;6;11;1;11.0;0;9.4;-0.8;-3.12;Dropout;0,166666667;0;12
2263;1;1;1;9254;1;1;178.0;1;2;1;2;3;157.7;0;0;0;1;1;0;34;0;0;6;13;2;13.5;0;0;6;6;0;0.0;0;15.5;2.8;-4.06;Dropout;0,166666667;0;12
3855;1;39;1;9238;1;1;133.1;1;37;29;0;4;120.5;0;0;0;0;1;0;32;0;0;6;10;2;11.0;0;0;6;12;0;0.0;0;7.6;2.6;0.32;Dropout;0,166666667;0;12
4364;1;17;3;9853;1;1;133.1;1;34;34;0;0;115.0;0;0;0;1;0;0;18;0;0;6;10;2;10.5;0;0;6;13;0;0.0;0;7.6;2.6;0.32;Dropout;0,166666667;0;12
1605;1;39;1;9003;1;19;133.1;1;1;19;9;8;120.0;0;0;1;0;1;0;27;0;0;6;11;2;11.5;0;0;6;7;0;0.0;0;8.9;1.4;3.51;Dropout;0,166666667;0;12
189;1;39;1;9085;1;1;133.1;1;1;19;9;9;162.3;1;0;0;1;0;0;24;0;0;6;10;2;11.0;0;0;6;6;0;0.0;0;8.9;1.4;3.51;Dropout;0,166666667;0;12
2121;1;17;1;9085;1;1;109.0;1;19;19;4;9;104.1;1;0;1;0;0;1;21;0;0;6;16;2;13.0;0;0;6;8;0;0.0;0;15.5;2.8;-4.06;Dropout;0,166666667;0;12
1035;1;17;1;9070;1;1;136.0;1;38;19;7;7;121.7;1;0;0;1;0;0;18;0;0;6;6;2;13.0;0;0;6;6;0;0.0;0;12.4;0.5;1.79;Dropout;0,166666667;0;12
3418;1;1;1;9254;1;1;133.1;1;38;19;3;3;98.6;0;0;0;1;0;0;21;0;0;6;16;2;11.0;0;0;6;12;0;0.0;0;12.7;3.7;-1.7;Dropout;0,166666667;0;12
3337;1;44;1;9003;1;39;140.0;1;19;19;4;4;140.0;1;0;0;0;1;0;21;0;0;6;17;2;12.5;0;0;6;10;0;0.0;0;16.2;0.3;-0.92;Dropout;0,166666667;0;12
3866;1;17;2;9773;1;1;150.0;1;1;1;4;5;130.8;0;0;0;1;1;0;20;0;0;6;15;2;12.0;0;0;6;12;0;0.0;0;10.8;1.4;1.74;Dropout;0,166666667;0;12
3062;1;17;2;9254;1;1;129.0;1;12;37;9;9;122.0;1;0;0;1;0;0;18;0;0;6;15;2;10.0;0;0;6;12;0;0.0;0;10.8;1.4;1.74;Dropout;0,166666667;0;12
2550;1;17;2;9254;1;1;113.0;1;1;2;5;3;106.7;1;0;1;1;1;1;19;0;0;6;14;2;10.0;0;0;6;6;0;0.0;0;13.9;-0.3;0.79;Dropout;0,166666667;0;12
2636;1;39;2;9556;1;1;133.1;1;3;1;2;4;136.1;0;0;0;1;1;0;26;0;0;7;7;2;11.75;0;0;5;10;0;0.0;0;12.4;0.5;1.79;Dropout;0,166666667;0;12
441;1;43;1;9556;1;1;147.0;1;3;4;3;2;100.0;0;0;0;1;0;0;18;0;0;2;2;0;0.0;0;0;4;4;1;16.0;0;10.8;1.4;1.74;Enrolled;0,166666667;0;6
1246;2;39;1;9853;1;1;133.1;1;37;37;5;5;116.5;0;0;0;1;0;0;34;0;0;7;11;1;10.0;0;0;7;7;1;13.0;0;16.2;0.3;-0.92;Dropout;0,142857143;0;14
2563;2;39;1;9500;1;19;133.1;1;38;38;2;10;120.0;0;0;0;1;0;0;37;0;0;7;9;2;10.75;0;0;7;9;0;0.0;0;16.2;0.3;-0.92;Dropout;0,142857143;0;14
878;1;39;2;9556;1;1;130.0;1;19;19;4;5;100.0;0;0;0;1;1;1;25;0;0;7;7;2;10.0;0;0;7;7;0;0.0;0;15.5;2.8;-4.06;Dropout;0,142857143;0;14
3356;2;39;2;9003;1;19;133.1;1;38;19;4;1;110.0;0;0;0;0;1;0;32;0;2;8;12;2;11.5;2;0;7;9;0;0.0;0;15.5;2.8;-4.06;Dropout;0,133333333;0,133333333;15
2930;1;1;3;9500;1;1;136.0;1;1;1;4;4;127.0;1;0;0;1;0;0;19;0;0;8;10;1;13.67;7;0;8;10;1;13.67;7;9.4;-0.8;-3.12;Enrolled;0,125;0;16
1333;1;1;1;9130;1;1;144.0;1;3;1;1;3;137.7;0;0;0;0;0;0;23;0;0;5;9;0;0.0;3;1;5;10;1;12.0;3;10.8;1.4;1.74;Dropout;0,1;0,1;10
308;1;39;1;9130;1;3;150.0;1;3;1;90;90;150.0;1;0;0;1;0;0;34;0;1;5;6;1;11.0;0;0;5;5;0;0.0;0;12.7;3.7;-1.7;Dropout;0,1;0,1;10
2327;1;51;1;9119;1;1;129.0;1;2;37;2;9;121.6;1;0;0;1;1;0;19;0;0;5;10;0;0.0;0;0;5;7;1;10.0;0;7.6;2.6;0.32;Enrolled;0,1;0;10
1862;1;39;1;9119;1;1;110.0;1;1;1;4;4;125.9;0;0;0;1;1;0;34;0;0;5;7;0;0.0;0;0;5;8;1;11.0;0;10.8;1.4;1.74;Enrolled;0,1;0;10
3413;1;17;1;9147;1;1;139.0;1;38;38;7;5;133.4;0;0;0;1;0;0;18;0;0;5;9;1;11.0;1;0;5;10;0;0.0;0;9.4;-0.8;-3.12;Enrolled;0,1;0;10
4230;2;39;1;9085;1;1;133.1;1;36;36;99;5;128.2;0;0;0;0;0;1;28;0;0;5;14;1;12.0;3;0;5;5;0;0.0;5;9.4;-0.8;-3.12;Dropout;0,1;0;10
3755;1;39;1;9085;1;19;133.1;1;19;37;7;90;104.0;0;0;0;1;0;0;26;0;0;5;11;1;12.0;1;0;5;12;0;0.0;4;10.8;1.4;1.74;Dropout;0,1;0;10
927;1;7;1;9085;1;3;140.0;1;19;20;4;90;140.0;1;0;0;1;0;0;32;0;0;5;8;1;14.0;2;0;5;12;0;0.0;4;10.8;1.4;1.74;Dropout;0,1;0;10
3518;1;1;1;9119;1;1;136.0;1;38;38;9;9;121.7;1;0;0;1;1;0;18;0;0;5;10;0;0.0;0;0;5;11;1;12.0;3;7.6;2.6;0.32;Dropout;0,1;0;10
2626;1;39;1;9991;0;1;110.0;1;37;37;9;9;134.3;0;0;0;1;1;0;24;0;0;5;10;0;0.0;0;0;5;7;1;12.0;0;10.8;1.4;1.74;Dropout;0,1;0;10
3493;2;39;1;9991;0;19;133.1;1;38;38;7;8;120.0;0;0;0;1;1;0;39;0;0;5;9;0;0.0;0;0;5;5;1;10.0;0;12.7;3.7;-1.7;Dropout;0,1;0;10
905;1;1;2;9147;1;1;121.0;1;19;19;9;9;126.3;1;0;0;1;0;0;20;0;0;5;12;1;10.0;2;0;5;5;0;0.0;0;12.7;3.7;-1.7;Dropout;0,1;0;10
1543;4;17;5;8014;0;1;100.0;1;19;19;90;90;107.0;0;0;0;1;0;0;38;0;0;5;12;1;10.0;0;0;5;10;0;0.0;0;10.8;1.4;1.74;Dropout;0,1;0;10
2326;2;39;1;9119;1;1;110.0;1;37;37;9;9;106.8;0;0;0;1;1;0;34;0;0;5;8;1;10.0;0;0;5;9;0;0.0;0;8.9;1.4;3.51;Dropout;0,1;0;10
3541;1;17;1;9119;1;1;130.0;1;1;3;4;2;123.0;0;0;0;1;1;0;18;0;0;5;10;1;10.0;0;0;5;7;0;0.0;0;9.4;-0.8;-3.12;Dropout;0,1;0;10
1521;1;39;1;9991;0;1;120.0;1;19;19;9;9;115.0;1;0;0;1;1;0;27;0;0;5;9;1;10.0;0;0;5;5;0;0.0;0;12.7;3.7;-1.7;Dropout;0,1;0;10
3189;1;17;1;9147;1;1;145.0;1;19;38;4;4;132.1;1;0;0;1;1;0;21;0;0;5;10;1;10.0;0;0;5;5;0;0.0;0;11.1;0.6;2.02;Dropout;0,1;0;10
3143;1;1;1;9147;1;1;130.0;1;38;38;2;9;124.8;0;0;0;1;0;0;19;0;0;5;14;1;11.0;0;0;5;6;0;0.0;0;13.9;-0.3;0.79;Dropout;0,1;0;10
972;4;42;1;9147;1;1;133.1;1;37;38;7;3;123.0;1;0;0;1;1;0;33;0;0;5;5;1;10.0;0;0;5;5;0;0.0;0;7.6;2.6;0.32;Dropout;0,1;0;10
4284;1;39;1;9147;1;19;100.0;1;38;19;7;9;132.0;0;0;1;0;1;0;28;0;0;5;7;1;11.0;0;0;5;9;0;0.0;0;10.8;1.4;1.74;Dropout;0,1;0;10
4281;1;39;1;9991;0;1;133.1;1;19;37;9;7;111.4;0;0;0;1;1;0;27;0;0;5;7;1;11.0;0;0;5;7;0;0.0;0;13.9;-0.3;0.79;Dropout;0,1;0;10
2924;1;39;1;9670;1;1;150.0;1;34;34;0;0;108.0;0;0;0;1;0;0;25;0;0;5;6;1;11.0;0;0;5;5;0;0.0;0;7.6;2.6;0.32;Dropout;0,1;0;10
3688;1;1;1;9147;1;1;132.0;1;19;38;9;7;119.1;0;0;0;0;1;0;19;0;0;5;16;1;12.0;0;0;5;6;0;0.0;0;13.9;-0.3;0.79;Dropout;0,1;0;10
1238;1;18;1;9119;1;1;146.0;1;1;37;7;7;132.4;1;0;0;1;1;0;18;0;0;5;5;1;16.0;0;0;5;5;0;0.0;0;9.4;-0.8;-3.12;Dropout;0,1;0;10
2564;1;1;1;9238;1;1;133.0;1;38;1;2;4;126.0;0;0;0;1;0;0;20;0;0;6;11;1;12.0;0;0;5;10;0;0.0;0;9.4;-0.8;-3.12;Enrolled;0,090909091;0;11
3678;1;1;2;9773;1;1;133.0;1;19;38;5;0;133.7;1;0;0;1;0;0;19;0;0;6;11;1;13.0;0;0;5;10;0;0.0;0;7.6;2.6;0.32;Dropout;0,090909091;0;11
1296;2;39;1;8014;0;19;133.1;1;1;1;4;4;130.0;0;0;0;1;1;0;24;0;0;6;14;1;10.0;0;0;5;5;0;0.0;0;16.2;0.3;-0.92;Dropout;0,090909091;0;11
679;2;39;1;9773;1;19;100.0;1;37;37;0;0;163.5;0;0;1;0;1;0;50;0;0;6;7;1;15.0;0;0;5;12;0;0.0;0;10.8;1.4;1.74;Dropout;0,090909091;0;11
1591;1;44;1;9003;1;39;120.0;1;1;19;4;7;120.0;0;0;0;1;1;0;23;0;1;6;6;1;11.0;0;0;6;8;0;0.0;0;15.5;2.8;-4.06;Dropout;0,083333333;0,083333333;12
3336;1;17;4;9773;1;1;129.0;1;3;1;2;7;132.5;1;0;0;1;1;0;21;0;0;6;7;0;0.0;0;0;6;11;1;10.0;0;10.8;1.4;1.74;Enrolled;0,083333333;0;12
3721;1;44;1;9003;1;1;120.0;1;1;3;144;123;120.0;0;0;0;1;1;0;19;0;0;6;17;1;11.0;0;0;6;19;0;0.0;0;16.2;0.3;-0.92;Enrolled;0,083333333;0;12
254;1;1;1;9773;1;1;127.0;1;37;37;9;8;123.2;1;0;0;1;0;0;18;0;0;6;12;1;11.0;0;0;6;12;0;0.0;0;9.4;-0.8;-3.12;Enrolled;0,083333333;0;12
3328;1;39;1;9130;1;39;150.0;1;1;3;4;1;150.0;0;0;0;1;1;0;28;0;0;6;9;0;0.0;0;0;6;8;1;10.0;1;16.2;0.3;-0.92;Dropout;0,083333333;0;12
1256;4;39;1;9130;1;1;133.1;1;3;1;5;5;110.0;1;0;0;1;0;1;30;0;0;6;7;0;0.0;0;0;6;16;1;10.0;0;11.1;0.6;2.02;Dropout;0,083333333;0;12
2126;1;43;1;9254;1;1;142.0;1;38;38;9;9;125.9;0;0;0;1;0;1;19;0;0;6;0;0;0.0;0;0;6;11;1;10.0;0;10.8;1.4;1.74;Dropout;0,083333333;0;12
4347;1;17;2;9254;1;1;107.0;1;12;19;5;5;102.8;1;0;0;1;0;0;20;0;0;6;16;1;10.0;0;0;6;12;0;0.0;0;10.8;1.4;1.74;Dropout;0,083333333;0;12
1019;1;17;4;9670;1;1;110.0;1;19;37;9;99;106.1;1;1;1;0;0;1;18;0;0;6;6;1;11.0;0;0;6;0;0;0.0;0;12.7;3.7;-1.7;Dropout;0,083333333;0;12
2702;2;42;1;9003;1;1;120.0;1;3;1;2;2;113.3;0;0;0;1;1;0;26;0;0;6;9;1;10.0;0;0;6;6;0;0.0;0;12.4;0.5;1.79;Dropout;0,083333333;0;12
3693;1;39;1;9670;1;1;140.0;1;38;37;7;7;105.2;0;0;0;1;1;0;29;0;0;6;7;1;14.0;0;0;6;6;0;0.0;0;16.2;0.3;-0.92;Dropout;0,083333333;0;12
1328;1;17;1;9254;1;1;137.0;1;34;38;0;7;137.7;1;0;1;0;0;0;19;0;0;6;14;1;10.0;0;0;6;13;0;0.0;0;7.6;2.6;0.32;Dropout;0,083333333;0;12
219;1;39;1;8014;0;1;133.1;1;1;19;5;4;102.5;0;0;0;1;0;1;27;0;0;6;16;1;10.0;0;0;6;13;0;0.0;0;8.9;1.4;3.51;Dropout;0,083333333;0;12
1745;1;39;1;9670;1;1;133.1;1;37;37;90;90;97.4;0;0;1;0;1;0;44;0;0;6;9;1;14.0;0;0;6;6;0;0.0;0;12.7;3.7;-1.7;Dropout;0,083333333;0;12
3292;1;39;1;9003;1;1;130.0;1;37;37;9;7;113.0;1;0;0;0;1;0;35;0;0;6;17;1;13.0;0;0;6;8;0;0.0;0;15.5;2.8;-4.06;Dropout;0,083333333;0;12
1205;1;39;1;9238;1;1;140.0;1;34;34;0;0;114.0;1;0;0;0;0;0;28;0;0;6;11;1;13.0;0;0;6;12;0;0.0;0;9.4;-0.8;-3.12;Dropout;0,083333333;0;12
1502;1;1;1;9670;1;1;126.0;1;1;1;90;90;119.0;1;0;1;1;1;0;20;0;0;6;10;1;12.0;1;0;6;0;0;0.0;0;10.8;1.4;1.74;Dropout;0,083333333;0;12
1270;1;39;1;9670;1;1;140.0;1;37;37;6;6;120.0;0;0;0;1;0;0;28;0;0;6;8;1;10.0;0;0;6;9;0;0.0;0;10.8;1.4;1.74;Dropout;0,083333333;0;12
1999;1;39;1;8014;0;1;134.0;1;37;38;4;7;110.0;1;0;0;1;0;0;24;0;0;6;10;1;10.0;0;0;6;12;0;0.0;0;9.4;-0.8;-3.12;Dropout;0,083333333;0;12
3514;4;39;1;9670;1;19;133.1;1;37;37;9;7;130.0;0;0;1;1;1;1;29;0;0;6;16;1;14.0;0;0;6;7;0;0.0;0;11.1;0.6;2.02;Dropout;0,083333333;0;12
883;1;39;1;9003;1;1;110.0;1;19;37;9;6;120.0;0;0;1;0;1;0;31;0;0;6;15;1;11.0;0;0;6;10;0;0.0;0;16.2;0.3;-0.92;Dropout;0,083333333;0;12
3287;1;7;1;9556;1;43;160.0;1;38;19;9;9;160.0;0;0;0;1;1;0;36;0;0;7;16;1;12.0;0;0;7;13;0;0.0;1;11.1;0.6;2.02;Dropout;0,071428571;0;14
36;1;39;1;33;1;1;130.0;1;38;37;9;6;102.5;0;0;1;0;1;0;37;0;0;7;7;0;0.0;0;0;7;7;1;10.0;0;8.9;1.4;3.51;Dropout;0,071428571;0;14
2770;1;1;1;9500;1;1;124.0;1;1;19;9;8;116.7;1;0;0;1;0;1;18;0;0;7;9;0;0.0;0;0;7;8;1;10.0;0;15.5;2.8;-4.06;Dropout;0,071428571;0;14
256;2;39;1;9556;1;19;133.1;1;38;37;7;7;99.5;1;0;1;0;0;1;37;0;0;7;13;1;16.0;0;0;7;12;0;0.0;0;8.9;1.4;3.51;Dropout;0,071428571;0;14
1872;1;1;6;9500;1;1;119.0;1;1;1;4;4;115.0;1;0;0;1;1;1;20;0;0;7;14;1;13.0;0;0;7;15;0;0.0;0;11.1;0.6;2.02;Dropout;0,071428571;0;14
497;1;39;1;9556;1;19;100.0;1;37;38;9;9;120.0;0;0;0;1;0;0;29;0;0;7;9;1;10.0;0;0;7;0;0;0.0;0;12.7;3.7;-1.7;Dropout;0,071428571;0;14
2935;2;39;1;8014;0;12;133.1;1;34;34;0;0;135.0;0;0;0;1;0;0;51;0;0;6;12;0;0.0;0;1;6;11;0;0.0;1;7.6;2.6;0.32;Dropout;0;0,083333333;12
1962;1;18;1;9500;1;1;128.0;1;19;1;9;4;125.8;0;0;0;1;0;1;20;0;0;8;8;0;0.0;8;0;8;8;0;0.0;8;9.4;-0.8;-3.12;Enrolled;0;0;16
1700;1;7;1;9500;1;3;130.0;1;37;37;90;90;130.0;1;0;0;1;1;0;30;0;0;8;8;0;0.0;8;0;8;8;0;0.0;8;9.4;-0.8;-3.12;Dropout;0;0;16
2309;1;1;1;9500;1;1;141.0;1;19;1;90;90;128.0;0;0;0;1;1;0;18;0;0;8;8;0;0.0;3;0;8;8;0;0.0;3;10.8;1.4;1.74;Dropout;0;0;16
1550;5;39;1;9500;1;1;110.0;1;38;38;9;9;110.0;0;0;0;0;0;0;37;0;0;8;8;0;0.0;1;0;8;8;0;0.0;1;12.7;3.7;-1.7;Dropout;0;0;16
669;1;17;5;9500;1;1;148.0;1;1;19;4;8;130.2;1;0;0;1;0;0;19;0;0;7;0;0;0.0;0;0;8;0;0;0.0;0;12.4;0.5;1.79;Dropout;0;0;15
3359;4;39;1;9500;1;1;133.1;1;1;19;3;3;154.3;0;0;0;1;0;0;32;0;0;7;0;0;0.0;0;0;8;0;0;0.0;0;12.4;0.5;1.79;Dropout;0;0;15
1517;1;7;1;9500;1;5;140.0;1;19;1;4;1;140.0;1;0;0;0;0;0;39;0;0;7;0;0;0.0;0;0;8;0;0;0.0;0;12.4;0.5;1.79;Dropout;0;0;15
1382;1;39;1;9500;1;1;133.1;1;38;19;9;9;128.0;1;0;0;0;1;0;32;0;0;7;0;0;0.0;0;0;8;0;0;0.0;0;16.2;0.3;-0.92;Dropout;0;0;15
1878;1;1;5;9500;1;1;143.0;1;37;19;4;4;123.3;1;0;0;1;1;0;18;0;0;7;0;0;0.0;0;0;8;0;0;0.0;0;7.6;2.6;0.32;Dropout;0;0;15
954;1;18;5;9500;1;1;137.0;1;19;1;1;10;129.3;0;0;0;1;0;0;19;0;0;7;0;0;0.0;0;0;8;0;0;0.0;0;9.4;-0.8;-3.12;Dropout;0;0;15
2097;1;7;1;9500;1;3;140.0;1;3;1;4;4;140.0;0;0;0;1;0;0;26;0;0;7;0;0;0.0;0;0;8;0;0;0.0;0;13.9;-0.3;0.79;Dropout;0;0;15
2872;2;39;1;9500;1;1;110.0;1;37;37;9;6;114.3;0;0;0;1;0;0;41;0;0;7;0;0;0.0;0;0;8;0;0;0.0;0;10.8;1.4;1.74;Dropout;0;0;15
1515;1;17;1;9500;1;1;131.0;1;19;37;9;9;123.8;1;0;0;1;0;0;19;0;0;7;0;0;0.0;0;0;8;0;0;0.0;0;15.5;2.8;-4.06;Dropout;0;0;15
1769;1;7;1;9500;1;3;140.0;1;3;19;2;6;140.0;0;0;0;1;1;0;27;0;0;7;0;0;0.0;0;0;8;0;0;0.0;0;12.4;0.5;1.79;Dropout;0;0;15
915;1;39;1;9500;1;1;140.0;1;37;37;9;6;135.5;0;0;0;1;0;0;32;0;0;7;0;0;0.0;0;0;8;0;0;0.0;0;13.9;-0.3;0.79;Dropout;0;0;15
3015;1;1;6;9500;1;1;142.0;1;1;37;7;7;123.5;1;0;0;1;0;0;19;0;0;7;0;0;0.0;0;0;8;0;0;0.0;0;12.7;3.7;-1.7;Dropout;0;0;15
1851;1;7;1;9500;1;3;120.0;1;1;1;7;10;120.0;1;0;0;0;1;0;23;0;0;7;0;0;0.0;0;0;8;0;0;0.0;0;12.7;3.7;-1.7;Dropout;0;0;15
4099;1;17;2;9556;1;1;120.0;1;37;37;5;5;111.3;1;0;0;1;0;0;32;0;0;7;7;0;0.0;0;0;8;8;0;0.0;0;16.2;0.3;-0.92;Dropout;0;0;15
3905;1;18;6;9500;1;1;142.0;1;38;37;9;5;128.0;1;0;0;0;0;0;19;0;0;7;14;0;0.0;0;0;8;0;0;0.0;0;11.1;0.6;2.02;Dropout;0;0;15
420;1;1;4;9500;1;1;140.0;1;1;19;4;5;127.5;0;0;0;1;0;0;18;0;0;7;0;0;0.0;0;0;8;0;0;0.0;0;12.7;3.7;-1.7;Dropout;0;0;15
2855;1;1;1;9500;1;1;125.0;1;19;19;9;10;122.0;1;0;1;1;0;0;19;0;0;7;0;0;0.0;0;0;8;0;0;0.0;0;11.1;0.6;2.02;Dropout;0;0;15
3037;1;1;2;9500;1;1;135.0;1;3;3;2;2;123.0;1;0;0;0;0;0;19;0;0;7;0;0;0.0;0;0;8;0;0;0.0;0;12.7;3.7;-1.7;Dropout;0;0;15
1510;1;43;1;9500;1;1;140.0;100;1;1;6;6;128.2;0;0;0;1;0;0;39;1;0;7;0;0;0.0;0;0;8;0;0;0.0;0;12.7;3.7;-1.7;Dropout;0;0;15
2797;1;39;1;9500;1;1;137.0;1;37;37;9;9;141.0;0;0;0;1;1;0;36;0;0;7;0;0;0.0;0;0;8;0;0;0.0;0;12.4;0.5;1.79;Dropout;0;0;15
3749;1;1;3;9500;1;1;148.0;1;1;19;4;5;135.1;1;0;1;1;0;0;18;0;0;7;0;0;0.0;0;0;8;0;0;0.0;0;13.9;-0.3;0.79;Dropout;0;0;15
4046;1;1;1;9500;1;1;140.0;1;19;38;7;8;129.9;0;0;0;1;0;0;19;0;0;7;0;0;0.0;0;0;8;0;0;0.0;0;16.2;0.3;-0.92;Dropout;0;0;15
3117;1;1;5;9500;1;1;144.0;1;37;37;7;9;126.8;1;0;1;0;0;0;18;0;0;7;0;0;0.0;0;0;8;0;0;0.0;0;9.4;-0.8;-3.12;Dropout;0;0;15
2957;1;7;1;9500;1;3;130.0;1;37;37;9;5;130.0;0;0;0;1;0;0;36;0;0;7;7;0;0.0;7;0;7;7;0;0.0;7;16.2;0.3;-0.92;Dropout;0;0;14
1877;1;39;1;9556;1;19;133.1;1;42;1;3;7;110.5;0;0;0;1;1;0;37;0;0;7;15;0;0.0;0;0;7;13;0;0.0;1;11.1;0.6;2.02;Dropout;0;0;14
2200;1;39;2;9556;1;1;133.1;1;1;1;9;10;100.5;0;0;0;1;1;0;24;0;0;7;18;0;0.0;0;0;7;13;0;0.0;1;11.1;0.6;2.02;Dropout;0;0;14
91;1;39;1;9500;1;1;133.1;1;1;1;4;10;100.8;0;0;0;1;1;0;24;0;0;7;18;0;0.0;0;0;7;7;0;0.0;0;13.9;-0.3;0.79;Dropout;0;0;14
4114;4;39;2;9556;1;1;133.1;1;38;37;7;7;101.5;1;0;0;1;0;0;24;0;0;7;0;0;0.0;0;0;7;0;0;0.0;0;10.8;1.4;1.74;Dropout;0;0;14
3347;1;39;1;9500;1;1;120.0;1;37;37;9;8;108.5;0;0;0;1;1;0;36;0;0;7;18;0;0.0;0;0;7;7;0;0.0;0;13.9;-0.3;0.79;Dropout;0;0;14
1495;1;39;1;9500;1;19;133.1;1;1;3;2;2;100.0;0;0;1;1;1;0;24;0;0;7;21;0;0.0;3;0;7;7;0;0.0;0;16.2;0.3;-0.92;Dropout;0;0;14
3188;1;1;1;9500;1;1;135.0;1;19;19;4;5;126.8;1;0;0;1;1;0;19;0;0;7;9;0;0.0;0;0;7;8;0;0.0;0;15.5;2.8;-4.06;Dropout;0;0;14
3714;1;43;1;33;1;1;134.0;1;37;37;1;1;100.0;1;0;0;1;1;0;32;0;0;7;7;0;0.0;0;0;7;8;0;0.0;0;13.9;-0.3;0.79;Dropout;0;0;14
1537;1;39;1;9500;1;1;130.0;1;37;19;9;8;106.2;1;0;0;1;0;0;27;0;0;7;14;0;0.0;0;0;7;14;0;0.0;0;11.1;0.6;2.02;Dropout;0;0;14
3176;2;39;1;33;1;1;120.0;1;38;1;9;5;153.8;0;0;1;1;1;0;35;0;0;7;9;0;0.0;0;0;7;8;0;0.0;0;11.1;0.6;2.02;Dropout;0;0;14
3942;1;39;1;9853;1;19;133.1;1;19;4;9;4;116.0;1;0;0;1;0;0;29;0;0;7;14;0;0.0;0;0;6;6;0;0.0;0;11.1;0.6;2.02;Dropout;0;0;13
4246;1;18;4;9853;1;1;118.0;1;19;37;9;6;111.4;1;0;1;0;0;0;20;0;0;7;9;0;0.0;0;0;6;6;0;0.0;0;11.1;0.6;2.02;Dropout;0;0;13
1274;2;51;1;9853;1;1;130.0;1;37;37;7;8;120.3;0;0;0;1;0;0;35;0;0;7;7;0;0.0;0;0;6;0;0;0.0;0;8.9;1.4;3.51;Dropout;0;0;13
1544;1;7;1;9130;1;2;133.1;6;42;1;4;9;100.0;0;0;0;1;1;0;35;1;0;7;8;0;0.0;1;0;6;9;0;0.0;0;8.9;1.4;3.51;Dropout;0;0;13
359;1;39;1;9003;1;1;133.1;1;37;37;3;8;130.0;0;0;1;1;0;1;30;0;0;6;6;0;0.0;0;0;6;6;0;0.0;0;11.1;0.6;2.02;Enrolled;0;0;12
2240;1;39;1;9085;1;12;133.1;1;38;19;9;8;138.3;1;0;1;0;1;0;25;0;0;6;6;0;0.0;0;0;6;6;0;0.0;0;8.9;1.4;3.51;Enrolled;0;0;12
65;1;43;1;9070;1;1;116.0;1;1;1;3;3;120.9;0;0;0;1;1;0;24;0;0;6;6;0;0.0;0;0;6;6;0;0.0;0;12.7;3.7;-1.7;Enrolled;0;0;12
2759;1;44;1;9003;1;39;120.0;1;38;19;3;5;120.0;0;0;0;1;1;0;23;0;0;6;6;0;0.0;0;0;6;8;0;0.0;0;15.5;2.8;-4.06;Enrolled;0;0;12
3500;1;39;1;9003;1;1;160.0;1;1;37;191;193;140.0;0;0;0;1;1;0;27;0;0;6;6;0;0.0;0;0;6;6;0;0.0;0;11.1;0.6;2.02;Enrolled;0;0;12
534;1;44;1;9070;1;39;120.0;1;1;19;4;7;120.0;0;0;1;0;1;0;20;0;0;6;11;0;0.0;6;0;6;12;0;0.0;12;16.2;0.3;-0.92;Dropout;0;0;12
3507;1;17;1;9254;1;1;126.0;1;37;37;5;1;126.0;0;0;0;0;1;0;29;0;0;6;12;0;0.0;0;0;6;6;0;0.0;6;9.4;-0.8;-3.12;Dropout;0;0;12
3058;1;1;1;8014;0;1;126.0;1;34;34;0;0;142.4;0;0;0;1;0;0;32;0;0;6;0;0;0.0;0;0;6;0;0;0.0;0;7.6;2.6;0.32;Dropout;0;0;12
2228;1;43;1;9003;1;1;119.0;1;37;37;9;6;119.0;0;0;1;1;1;0;23;0;0;6;6;0;0.0;0;0;6;8;0;0.0;0;15.5;2.8;-4.06;Dropout;0;0;12
2789;1;39;1;9670;1;1;148.0;1;19;19;7;7;130.9;0;0;1;0;1;0;24;0;0;6;12;0;0.0;0;0;6;9;0;0.0;0;10.8;1.4;1.74;Dropout;0;0;12
2136;1;39;1;9254;1;1;133.1;1;19;1;4;1;101.0;0;0;1;1;0;0;25;0;0;6;6;0;0.0;0;0;6;6;0;0.0;0;15.5;2.8;-4.06;Dropout;0;0;12
1380;1;51;1;9238;1;1;141.0;1;1;1;5;9;125.0;0;0;0;1;1;0;22;0;0;6;6;0;0.0;0;0;6;7;0;0.0;0;11.1;0.6;2.02;Dropout;0;0;12
944;1;7;1;9085;1;3;130.0;1;1;19;9;10;130.0;0;0;0;1;0;0;34;0;0;6;0;0;0.0;0;0;6;0;0;0.0;0;15.5;2.8;-4.06;Dropout;0;0;12
1444;1;17;1;9003;1;1;170.0;1;1;4;9;5;144.1;1;0;1;0;1;0;26;0;0;6;8;0;0.0;0;0;6;10;0;0.0;0;16.2;0.3;-0.92;Dropout;0;0;12
3723;1;39;1;9003;1;12;133.1;1;19;1;9;1;130.0;0;0;0;1;1;0;29;0;0;6;17;0;0.0;2;0;6;8;0;0.0;0;15.5;2.8;-4.06;Dropout;0;0;12
1748;1;39;1;9003;1;1;130.0;1;19;1;9;6;126.1;1;0;0;0;1;0;27;0;0;6;6;0;0.0;0;0;6;8;0;0.0;0;15.5;2.8;-4.06;Dropout;0;0;12
1787;2;39;1;9238;1;19;133.1;1;37;37;9;4;103.5;0;0;0;1;1;0;42;0;0;6;0;0;0.0;0;0;6;0;0;0.0;0;15.5;2.8;-4.06;Dropout;0;0;12
4060;1;1;3;9773;1;1;130.0;1;19;19;5;5;157.0;1;0;0;0;0;0;18;0;0;6;0;0;0.0;0;0;6;0;0;0.0;0;13.9;-0.3;0.79;Dropout;0;0;12
2421;1;39;1;9085;1;2;140.0;1;38;38;9;10;150.0;0;0;0;1;1;0;47;0;0;6;0;0;0.0;0;0;6;0;0;0.0;0;16.2;0.3;-0.92;Dropout;0;0;12
930;1;1;1;9238;1;1;133.1;1;19;37;0;0;137.0;1;0;0;1;0;0;19;0;0;6;10;0;0.0;4;0;6;0;0;0.0;0;7.6;2.6;0.32;Dropout;0;0;12
1001;1;17;3;9070;1;1;132.0;1;38;1;5;5;124.3;0;1;0;1;0;0;18;0;0;6;0;0;0.0;0;0;6;0;0;0.0;0;15.5;2.8;-4.06;Dropout;0;0;12
375;2;39;1;9085;1;19;133.1;1;38;38;4;7;128.2;0;0;0;1;0;0;31;0;0;6;0;0;0.0;0;0;6;0;0;0.0;0;12.7;3.7;-1.7;Dropout;0;0;12
3985;1;39;1;9003;1;1;135.0;1;38;38;9;6;138.1;0;0;1;0;0;0;28;0;0;6;6;0;0.0;0;0;6;7;0;0.0;0;8.9;1.4;3.51;Dropout;0;0;12
3534;2;39;1;9254;1;19;133.1;1;34;34;0;0;120.0;0;0;1;0;1;0;45;0;0;6;12;0;0.0;0;0;6;12;0;0.0;0;9.4;-0.8;-3.12;Dropout;0;0;12
1819;1;17;4;9773;1;1;127.0;1;2;37;9;9;115.8;1;0;1;0;0;0;19;0;0;6;6;0;0.0;0;0;6;0;0;0.0;0;8.9;1.4;3.51;Dropout;0;0;12
1295;2;39;1;9003;1;1;168.0;1;1;41;9;3;153.9;0;0;1;0;1;0;34;0;0;6;7;0;0.0;0;0;6;0;0;0.0;0;12.4;0.5;1.79;Dropout;0;0;12
2697;1;39;1;9254;1;19;133.1;1;19;19;3;1;101.5;0;0;1;0;1;0;34;0;0;6;6;0;0.0;0;0;6;6;0;0.0;0;15.5;2.8;-4.06;Dropout;0;0;12
609;1;17;1;9085;1;1;127.0;1;19;38;194;193;117.6;0;0;0;1;0;0;18;0;0;6;0;0;0.0;0;0;6;0;0;0.0;0;12.4;0.5;1.79;Dropout;0;0;12
1354;1;17;2;9853;1;1;145.0;1;38;19;4;9;127.9;1;0;0;1;0;0;19;0;0;6;0;0;0.0;0;0;6;0;0;0.0;0;10.8;1.4;1.74;Dropout;0;0;12
1302;1;1;5;9254;1;1;120.0;1;3;19;3;9;114.8;1;0;0;0;1;0;19;0;0;6;0;0;0.0;0;0;6;0;0;0.0;0;8.9;1.4;3.51;Dropout;0;0;12
1856;4;39;2;9670;1;19;133.1;1;19;1;90;90;103.0;0;0;0;0;1;0;34;0;0;6;6;0;0.0;0;0;6;9;0;0.0;0;10.8;1.4;1.74;Dropout;0;0;12
1570;1;43;1;9130;1;1;133.1;6;37;37;9;6;100.0;0;0;0;1;0;0;37;1;0;6;0;0;0.0;0;0;6;0;0;0.0;0;13.9;-0.3;0.79;Dropout;0;0;12
2238;1;39;1;9254;1;19;133.1;1;38;37;4;5;102.5;0;0;1;0;1;0;24;0;0;6;7;0;0.0;0;0;6;7;0;0.0;0;16.2;0.3;-0.92;Dropout;0;0;12
4068;2;7;1;8014;0;3;120.0;1;38;1;9;9;120.0;0;0;0;0;0;0;35;0;0;6;0;0;0.0;0;0;6;0;0;0.0;0;10.8;1.4;1.74;Dropout;0;0;12
741;1;1;1;9070;1;1;124.0;1;19;19;9;7;113.9;1;0;0;1;1;0;18;0;0;6;0;0;0.0;0;0;6;0;0;0.0;0;12.4;0.5;1.79;Dropout;0;0;12
4146;1;1;1;9238;1;1;133.1;1;19;1;1;3;101.0;0;0;0;1;0;0;21;0;0;6;0;0;0.0;0;0;6;0;0;0.0;0;15.5;2.8;-4.06;Dropout;0;0;12
4141;4;7;1;9238;1;40;130.0;1;34;34;99;99;130.0;0;0;1;1;0;0;41;0;0;6;0;0;0.0;0;0;6;0;0;0.0;0;11.1;0.6;2.02;Dropout;0;0;12
262;1;39;1;8014;0;1;100.0;1;37;37;99;99;100.0;0;0;0;1;0;0;34;0;0;6;0;0;0.0;0;0;6;0;0;0.0;0;12.7;3.7;-1.7;Dropout;0;0;12
2758;1;44;1;9085;1;39;110.0;1;3;5;2;2;110.0;0;0;0;1;1;0;23;0;0;6;19;0;0.0;0;0;6;6;0;0.0;0;13.9;-0.3;0.79;Dropout;0;0;12
2338;1;39;1;9130;1;1;120.0;1;1;38;9;9;150.0;0;0;0;1;1;0;25;0;0;6;6;0;0.0;0;0;6;6;0;0.0;0;12.4;0.5;1.79;Dropout;0;0;12
185;1;17;2;9254;1;1;143.0;1;1;19;4;6;135.0;0;0;0;1;0;0;20;0;0;6;0;0;0.0;0;0;6;0;0;0.0;0;11.1;0.6;2.02;Dropout;0;0;12
802;1;1;2;9238;1;1;117.0;1;19;1;9;8;110.0;1;0;1;0;0;0;18;0;0;6;0;0;0.0;0;0;6;0;0;0.0;0;11.1;0.6;2.02;Dropout;0;0;12
2947;1;44;1;9853;1;39;150.0;1;3;37;2;7;150.0;0;0;0;1;0;0;19;0;0;6;0;0;0.0;0;0;6;0;0;0.0;0;12.4;0.5;1.79;Dropout;0;0;12
2445;1;1;1;9853;1;1;133.1;1;34;34;0;0;142.8;0;0;0;1;1;0;20;0;0;6;12;0;0.0;0;0;6;12;0;0.0;0;7.6;2.6;0.32;Dropout;0;0;12
2993;1;1;2;9773;1;1;144.0;1;3;3;3;2;140.2;1;0;0;1;0;0;20;0;0;6;0;0;0.0;0;0;6;0;0;0.0;0;16.2;0.3;-0.92;Dropout;0;0;12
2022;1;39;1;9853;1;1;140.0;1;19;1;9;4;128.2;0;0;0;0;0;0;30;0;0;6;0;0;0.0;0;0;6;0;0;0.0;0;12.7;3.7;-1.7;Dropout;0;0;12
645;1;1;2;9773;1;1;108.0;1;38;38;7;7;115.0;1;0;1;0;0;0;20;0;0;6;0;0;0.0;0;0;6;0;0;0.0;0;8.9;1.4;3.51;Dropout;0;0;12
1995;1;1;1;9254;1;1;133.0;1;19;9;0;0;121.5;1;0;0;1;0;1;20;0;0;6;12;0;0.0;0;0;6;12;0;0.0;0;7.6;2.6;0.32;Dropout;0;0;12
3820;1;39;1;9254;1;1;100.0;1;3;19;3;5;115.0;0;0;0;0;1;0;24;0;0;6;0;0;0.0;0;0;6;0;0;0.0;0;11.1;0.6;2.02;Dropout;0;0;12
1283;1;17;5;9254;1;1;121.0;1;1;19;4;7;116.5;1;0;0;0;1;0;18;0;0;6;12;0;0.0;0;0;6;0;0;0.0;0;9.4;-0.8;-3.12;Dropout;0;0;12
3794;1;17;1;9773;1;1;128.0;1;19;38;5;7;125.6;1;0;0;1;1;0;19;0;0;6;6;0;0.0;0;0;6;0;0;0.0;0;8.9;1.4;3.51;Dropout;0;0;12
3066;1;17;2;9254;1;1;115.0;1;19;19;9;7;113.3;1;0;1;1;0;0;21;0;0;6;0;0;0.0;0;0;6;0;0;0.0;0;11.1;0.6;2.02;Dropout;0;0;12
830;1;43;1;9670;1;1;139.0;1;3;19;3;5;120.8;0;0;0;1;0;0;19;0;0;6;0;0;0.0;0;0;6;0;0;0.0;0;15.5;2.8;-4.06;Dropout;0;0;12
1703;1;17;6;9773;1;1;131.0;1;34;34;0;0;129.3;0;0;0;1;1;0;18;0;0;6;0;0;0.0;0;0;6;0;0;0.0;0;7.6;2.6;0.32;Dropout;0;0;12
516;2;18;2;9238;1;1;140.0;1;37;37;9;10;120.4;0;0;1;0;0;0;39;0;0;6;0;0;0.0;0;0;6;0;0;0.0;0;9.4;-0.8;-3.12;Dropout;0;0;12
1794;1;17;1;9085;1;1;137.0;1;1;1;4;7;134.6;1;0;0;1;1;0;22;0;0;6;16;0;0.0;0;0;6;7;0;0.0;0;16.2;0.3;-0.92;Dropout;0;0;12
2913;1;43;4;9085;1;1;133.1;1;34;34;99;99;125.2;0;0;0;1;0;0;21;0;0;6;0;0;0.0;0;0;6;0;0;0.0;0;7.6;2.6;0.32;Dropout;0;0;12
1097;1;17;1;9670;1;3;110.0;1;12;3;5;8;106.5;1;0;1;0;0;0;20;0;0;6;6;0;0.0;0;0;6;9;0;0.0;0;10.8;1.4;1.74;Dropout;0;0;12
2474;1;39;1;9003;1;1;133.1;1;1;1;1;6;120.0;0;0;0;0;1;0;24;0;0;6;0;0;0.0;0;0;6;0;0;0.0;0;13.9;-0.3;0.79;Dropout;0;0;12
1474;1;17;1;9773;1;1;117.0;1;37;37;0;4;120.5;1;0;0;1;1;0;19;0;0;6;12;0;0.0;1;0;6;0;0;0.0;0;9.4;-0.8;-3.12;Dropout;0;0;12
1062;1;1;1;9070;1;1;133.1;1;19;19;7;7;117.0;0;0;0;1;0;0;20;0;0;6;0;0;0.0;0;0;6;0;0;0.0;0;15.5;2.8;-4.06;Dropout;0;0;12
4076;1;17;3;9085;1;1;117.0;1;19;38;5;7;111.1;0;0;0;1;0;0;21;0;0;6;0;0;0.0;0;0;6;0;0;0.0;0;15.5;2.8;-4.06;Dropout;0;0;12
3801;1;17;1;9853;1;1;133.1;1;34;19;0;3;117.1;1;0;0;1;0;1;21;0;0;6;12;0;0.0;0;0;6;12;0;0.0;0;7.6;2.6;0.32;Dropout;0;0;12
2300;1;39;1;9254;1;39;137.0;1;1;1;5;10;124.5;0;0;0;0;1;0;26;0;0;6;0;0;0.0;0;0;6;0;0;0.0;0;16.2;0.3;-0.92;Dropout;0;0;12
107;1;1;2;9238;1;1;122.0;1;37;38;4;7;118.2;1;0;0;1;0;0;19;0;0;6;0;0;0.0;0;0;6;0;0;0.0;0;16.2;0.3;-0.92;Dropout;0;0;12
4373;1;39;1;9003;1;1;130.0;1;12;12;9;9;126.1;0;0;0;1;1;0;24;0;0;6;7;0;0.0;0;0;6;10;0;0.0;0;12.4;0.5;1.79;Dropout;0;0;12
2748;1;42;1;9003;1;1;130.0;1;3;2;2;6;105.3;0;0;0;0;1;0;36;0;0;6;8;0;0.0;0;0;6;10;0;0.0;0;16.2;0.3;-0.92;Dropout;0;0;12
3199;1;7;1;9254;1;3;110.0;1;19;19;3;3;110.0;0;0;0;1;1;0;35;0;0;6;7;0;0.0;0;0;6;6;0;0.0;0;16.2;0.3;-0.92;Dropout;0;0;12
439;1;1;5;9670;1;1;133.1;1;9;1;2;4;133.0;1;0;0;1;0;0;19;0;0;6;0;0;0.0;0;0;6;0;0;0.0;0;7.6;2.6;0.32;Dropout;0;0;12
1135;1;17;1;9254;1;1;122.0;1;37;37;5;6;114.3;0;0;0;0;0;0;20;0;0;6;0;0;0.0;0;0;6;0;0;0.0;0;15.5;2.8;-4.06;Dropout;0;0;12
2319;1;1;1;9070;1;1;148.0;1;1;1;4;8;141.4;0;0;0;1;1;0;19;0;0;6;0;0;0.0;0;0;6;0;0;0.0;0;15.5;2.8;-4.06;Dropout;0;0;12
1240;1;1;1;9670;1;1;133.1;1;3;1;4;4;95.0;0;0;0;1;1;0;19;0;0;6;7;0;0.0;0;0;6;6;0;0.0;0;15.5;2.8;-4.06;Dropout;0;0;12
2591;1;39;1;9003;1;1;133.1;1;19;19;9;9;100.0;0;0;0;1;0;0;30;0;0;6;6;0;0.0;0;0;6;6;0;0.0;0;11.1;0.6;2.02;Dropout;0;0;12
3961;1;39;1;9085;1;1;133.1;1;37;37;9;9;120.0;0;0;0;0;0;0;32;0;0;6;0;0;0.0;0;0;6;0;0;0.0;0;11.1;0.6;2.02;Dropout;0;0;12
1572;1;39;1;9003;1;19;133.1;1;37;37;9;10;120.0;0;0;1;0;1;0;38;0;0;6;8;0;0.0;0;0;6;10;0;0.0;0;16.2;0.3;-0.92;Dropout;0;0;12
360;1;39;1;9085;1;43;160.0;1;3;39;2;3;172.0;0;0;0;1;0;0;26;0;0;6;0;0;0.0;0;0;6;0;0;0.0;0;8.9;1.4;3.51;Dropout;0;0;12
858;1;39;1;9003;1;12;133.1;1;37;1;9;10;130.0;0;0;0;1;1;0;28;0;0;6;6;0;0.0;0;0;6;6;0;0.0;0;11.1;0.6;2.02;Dropout;0;0;12
457;1;7;1;9003;1;3;130.0;1;38;37;5;6;130.0;0;0;0;1;0;0;32;0;0;6;7;0;0.0;0;0;6;6;0;0.0;0;12.4;0.5;1.79;Dropout;0;0;12
1086;1;17;2;9130;1;1;127.0;1;3;1;2;1;116.5;0;0;0;1;0;0;19;0;0;6;0;0;0.0;0;0;6;0;0;0.0;0;15.5;2.8;-4.06;Dropout;0;0;12
1951;1;1;1;9254;1;1;123.0;1;38;38;4;7;114.3;0;0;0;1;0;0;19;0;0;6;0;0;0.0;0;0;6;0;0;0.0;0;11.1;0.6;2.02;Dropout;0;0;12
2394;1;1;1;9254;1;1;133.1;1;4;19;4;5;98.0;0;0;0;1;1;0;26;0;0;6;6;0;0.0;0;0;6;12;0;0.0;0;10.8;1.4;1.74;Dropout;0;0;12
3196;1;17;2;9773;1;1;120.0;1;1;1;2;5;127.0;1;0;0;0;1;0;18;0;0;6;6;0;0.0;0;0;6;0;0;0.0;0;8.9;1.4;3.51;Dropout;0;0;12
3084;1;1;1;9130;1;1;110.0;1;3;19;2;9;105.5;1;0;1;0;0;0;19;0;0;6;0;0;0.0;0;0;6;0;0;0.0;0;11.1;0.6;2.02;Dropout;0;0;12
3234;1;17;3;9085;1;1;120.0;1;37;38;9;9;111.3;0;0;0;1;0;0;20;0;0;6;0;0;0.0;0;0;6;0;0;0.0;0;11.1;0.6;2.02;Dropout;0;0;12
2355;1;1;2;9085;1;1;125.0;1;37;19;90;90;137.3;0;0;0;1;1;0;18;0;0;6;0;0;0.0;0;0;6;0;0;0.0;0;7.6;2.6;0.32;Dropout;0;0;12
2851;1;18;2;9773;1;1;109.0;1;1;1;4;4;109.0;1;0;0;0;0;0;20;0;0;6;6;0;0.0;0;0;6;0;0;0.0;0;8.9;1.4;3.51;Dropout;0;0;12
103;2;39;1;8014;0;1;130.0;1;37;37;6;5;113.5;1;0;0;1;0;0;36;0;0;6;0;0;0.0;0;0;6;0;0;0.0;0;9.4;-0.8;-3.12;Dropout;0;0;12
4036;2;7;1;9130;1;2;110.0;1;19;19;4;8;110.0;1;0;0;1;1;0;37;0;0;6;9;0;0.0;0;0;6;6;0;0.0;0;16.2;0.3;-0.92;Dropout;0;0;12
1952;1;43;2;9254;1;1;140.0;1;19;19;9;9;126.0;1;0;0;1;0;0;19;0;0;6;0;0;0.0;0;0;6;12;0;0.0;0;10.8;1.4;1.74;Dropout;0;0;12
2116;1;17;2;9670;1;1;129.0;1;1;19;5;5;119.2;1;0;0;1;0;0;21;0;0;6;0;0;0.0;0;0;6;0;0;0.0;0;8.9;1.4;3.51;Dropout;0;0;12
1037;1;17;1;9238;1;1;125.0;1;1;38;9;7;119.8;0;0;0;1;0;0;18;0;0;6;0;0;0.0;0;0;6;0;0;0.0;0;11.1;0.6;2.02;Dropout;0;0;12
2087;1;7;1;8014;0;3;140.0;1;1;1;4;4;140.0;0;0;0;1;0;0;30;0;0;6;0;0;0.0;0;0;6;0;0;0.0;0;10.8;1.4;1.74;Dropout;0;0;12
2349;1;39;1;9670;1;1;133.1;1;19;19;3;3;125.3;0;1;0;1;1;1;30;0;0;6;0;0;0.0;0;0;6;0;0;0.0;0;12.4;0.5;1.79;Dropout;0;0;12
1363;1;39;1;9070;1;1;139.3;1;38;38;5;5;117.5;0;0;0;1;1;0;28;0;0;6;0;0;0.0;0;0;6;0;0;0.0;0;12.4;0.5;1.79;Dropout;0;0;12
305;1;17;2;9238;1;1;143.0;1;1;11;4;3;128.0;1;0;0;1;0;0;19;0;0;6;11;0;0.0;0;0;6;0;0;0.0;0;9.4;-0.8;-3.12;Dropout;0;0;12
1841;1;10;1;9773;1;1;151.0;22;38;37;0;5;151.0;1;0;0;1;0;0;18;1;0;6;12;0;0.0;1;0;6;0;0;0.0;0;9.4;-0.8;-3.12;Dropout;0;0;12
2010;1;1;6;9773;1;1;133.1;1;1;1;90;90;129.6;0;0;0;1;0;0;22;0;0;6;0;0;0.0;0;0;6;0;0;0.0;0;7.6;2.6;0.32;Dropout;0;0;12
105;1;18;1;9853;1;1;123.0;1;19;19;9;7;117.4;1;0;0;1;0;0;19;0;0;6;0;0;0.0;0;0;6;0;0;0.0;0;11.1;0.6;2.02;Dropout;0;0;12
3070;1;39;1;9085;1;12;133.1;1;37;37;10;9;144.0;0;0;0;1;1;0;51;0;0;6;0;0;0.0;0;0;6;0;0;0.0;0;12.4;0.5;1.79;Dropout;0;0;12
2685;1;7;1;9003;1;3;130.0;1;1;19;5;9;130.0;0;0;0;1;1;0;27;0;0;6;8;0;0.0;0;0;6;10;0;0.0;0;16.2;0.3;-0.92;Dropout;0;0;12
194;1;51;1;9853;1;1;139.0;1;1;1;4;10;134.0;0;0;0;1;0;0;21;0;0;6;0;0;0.0;0;0;6;0;0;0.0;0;12.4;0.5;1.79;Dropout;0;0;12
2712;1;43;1;8014;0;1;113.0;1;37;37;0;6;128.2;0;0;0;0;0;0;41;0;0;6;6;0;0.0;6;0;6;12;0;0.0;0;9.4;-0.8;-3.12;Dropout;0;0;12
3771;1;44;1;9130;1;39;140.0;1;1;19;4;8;140.0;0;0;0;1;0;0;19;0;0;6;0;0;0.0;0;0;6;0;0;0.0;0;12.7;3.7;-1.7;Dropout;0;0;12
772;1;17;6;9773;1;1;126.0;1;1;19;5;5;119.0;1;0;0;1;0;0;18;0;0;6;0;0;0.0;0;0;6;0;0;0.0;0;12.4;0.5;1.79;Dropout;0;0;12
3579;1;17;4;9085;1;1;126.0;1;1;3;5;5;123.9;1;0;0;1;1;0;21;0;0;6;0;0;0.0;0;0;6;0;0;0.0;0;10.8;1.4;1.74;Dropout;0;0;12
4280;1;17;1;9254;1;1;133.0;1;19;1;9;9;137.2;0;0;0;1;1;1;20;0;0;6;6;0;0.0;0;0;6;12;0;0.0;0;10.8;1.4;1.74;Dropout;0;0;12
532;1;17;1;9670;1;1;133.0;1;19;37;9;8;121.8;1;0;0;1;1;0;22;0;0;6;0;0;0.0;0;0;6;0;0;0.0;0;13.9;-0.3;0.79;Dropout;0;0;12
4261;1;39;1;9003;1;1;123.0;1;37;37;9;9;110.0;0;0;1;0;0;0;48;0;0;6;6;0;0.0;0;0;6;6;0;0.0;0;11.1;0.6;2.02;Dropout;0;0;12
1542;2;39;1;9853;1;12;133.1;1;37;37;7;8;103.0;0;0;0;1;0;0;41;0;0;6;0;0;0.0;0;0;6;0;0;0.0;0;16.2;0.3;-0.92;Dropout;0;0;12
423;1;44;1;9085;1;39;140.0;1;1;2;4;6;140.0;1;0;0;1;0;0;29;0;0;6;0;0;0.0;0;0;6;0;0;0.0;0;15.5;2.8;-4.06;Dropout;0;0;12
2464;1;17;5;9254;1;1;130.0;1;37;38;9;9;122.7;1;0;1;1;1;1;20;0;0;6;7;0;0.0;0;0;6;6;0;0.0;0;8.9;1.4;3.51;Dropout;0;0;12
3745;1;17;3;9853;1;1;133.1;1;12;1;4;0;134.8;1;0;0;1;0;0;18;0;0;6;12;0;0.0;0;0;6;12;0;0.0;0;7.6;2.6;0.32;Dropout;0;0;12
691;4;39;1;9130;1;19;133.1;1;37;38;9;4;100.9;0;0;0;1;1;0;48;0;0;6;0;0;0.0;0;0;6;0;0;0.0;0;15.5;2.8;-4.06;Dropout;0;0;12
1248;1;1;3;9238;1;1;117.0;1;19;19;9;9;117.0;1;0;1;1;0;0;19;0;0;6;0;0;0.0;0;0;6;0;0;0.0;0;12.4;0.5;1.79;Dropout;0;0;12
3819;1;17;1;9238;1;1;160.0;1;19;37;6;6;144.3;0;0;0;1;1;0;22;0;0;6;0;0;0.0;0;0;6;0;0;0.0;0;13.9;-0.3;0.79;Dropout;0;0;12
1489;1;43;1;8014;0;1;131.0;1;19;37;8;5;125.0;0;0;0;1;1;0;24;0;0;6;13;0;0.0;3;0;6;6;0;0.0;0;16.2;0.3;-0.92;Dropout;0;0;12
2332;1;39;1;9003;1;1;133.1;1;19;37;9;7;110.0;1;0;0;1;1;0;31;0;0;6;8;0;0.0;0;0;6;10;0;0.0;0;16.2;0.3;-0.92;Dropout;0;0;12
4386;1;1;1;9238;1;1;122.0;1;19;19;193;194;112.6;0;0;0;1;0;0;19;0;0;6;0;0;0.0;0;0;6;0;0;0.0;0;12.4;0.5;1.79;Dropout;0;0;12
660;1;39;1;9003;1;1;130.0;1;19;19;9;9;120.0;0;0;0;1;0;0;25;0;0;6;6;0;0.0;0;0;6;6;0;0.0;0;11.1;0.6;2.02;Dropout;0;0;12
1808;1;17;1;9670;1;1;127.0;1;3;3;1;1;121.4;0;0;0;1;1;0;18;0;0;6;0;0;0.0;0;0;6;0;0;0.0;0;15.5;2.8;-4.06;Dropout;0;0;12
2911;1;17;2;9773;1;1;123.0;1;1;1;3;3;120.9;1;0;0;1;0;0;18;0;0;6;0;0;0.0;0;0;6;0;0;0.0;0;13.9;-0.3;0.79;Dropout;0;0;12
2274;2;1;4;8014;0;1;140.0;1;34;34;0;0;128.0;1;0;0;1;1;0;37;0;0;6;0;0;0.0;0;0;6;0;0;0.0;0;9.4;-0.8;-3.12;Dropout;0;0;12
1263;1;1;2;9773;1;1;121.0;1;19;19;9;9;122.8;0;0;0;1;1;0;19;0;0;6;0;0;0.0;0;0;6;0;0;0.0;0;12.4;0.5;1.79;Dropout;0;0;12
2487;4;39;1;9670;1;1;110.0;1;19;19;90;99;107.2;0;0;0;1;1;0;42;0;0;6;0;0;0.0;0;0;6;0;0;0.0;0;12.7;3.7;-1.7;Dropout;0;0;12
3549;1;39;1;9670;1;1;140.0;1;37;37;9;9;148.0;1;0;0;0;1;0;31;0;0;6;14;0;0.0;0;0;6;6;0;0.0;0;12.7;3.7;-1.7;Dropout;0;0;12
4331;1;1;4;9238;1;1;133.1;1;1;37;8;9;118.0;1;0;0;1;0;0;19;0;0;6;0;0;0.0;0;0;6;0;0;0.0;0;12.7;3.7;-1.7;Dropout;0;0;12
232;1;39;1;9254;1;3;133.1;1;19;19;4;6;130.5;0;0;0;1;0;0;38;0;0;6;0;0;0.0;0;0;6;0;0;0.0;0;15.5;2.8;-4.06;Dropout;0;0;12
2015;2;39;1;9003;1;1;133.1;1;19;19;4;4;107.5;0;0;0;0;0;0;35;0;0;6;0;0;0.0;0;0;6;0;0;0.0;0;15.5;2.8;-4.06;Dropout;0;0;12
3774;1;39;1;9085;1;19;133.1;1;37;37;9;9;100.0;1;0;1;0;0;1;26;0;0;6;7;0;0.0;0;0;6;6;0;0.0;0;13.9;-0.3;0.79;Dropout;0;0;12
4006;2;39;1;9085;1;1;150.0;1;37;37;90;10;112.0;0;0;0;1;1;0;34;0;0;6;0;0;0.0;0;0;6;0;0;0.0;0;10.8;1.4;1.74;Dropout;0;0;12
968;1;39;1;9003;1;12;133.1;1;37;19;9;10;120.0;0;0;0;1;1;0;58;0;0;6;9;0;0.0;0;0;6;6;0;0.0;0;13.9;-0.3;0.79;Dropout;0;0;12
2877;1;39;1;9556;1;1;133.1;6;3;3;4;4;169.2;0;0;1;0;0;0;54;1;0;7;7;0;0.0;0;0;5;10;0;0.0;0;12.4;0.5;1.79;Dropout;0;0;12
4382;1;1;2;9238;1;1;145.0;1;1;19;4;8;121.4;0;0;0;1;0;0;20;0;0;6;13;0;0.0;0;0;5;11;0;0.0;0;9.4;-0.8;-3.12;Enrolled;0;0;11
1117;1;1;1;9070;1;1;160.0;1;3;38;1;9;152.0;1;0;0;0;0;0;19;0;0;5;5;0;0.0;0;0;6;0;0;0.0;0;10.8;1.4;1.74;Dropout;0;0;11
2163;1;17;1;9238;1;1;103.0;1;19;37;7;9;104.1;0;0;0;1;0;0;20;0;0;6;6;0;0.0;0;0;5;5;0;0.0;0;8.9;1.4;3.51;Dropout;0;0;11
4018;4;39;1;8014;0;1;133.1;1;37;37;9;7;140.0;0;0;0;1;0;1;43;0;0;6;6;0;0.0;0;0;5;5;0;0.0;0;8.9;1.4;3.51;Dropout;0;0;11
832;1;39;1;9238;1;9;133.1;1;34;34;0;0;118.0;0;0;0;1;0;0;47;0;0;6;12;0;0.0;0;0;5;10;0;0.0;0;7.6;2.6;0.32;Dropout;0;0;11
3552;1;39;1;9238;1;19;133.1;1;37;37;9;9;139.0;0;0;1;0;1;0;33;0;0;6;8;0;0.0;0;0;5;6;0;0.0;0;16.2;0.3;-0.92;Dropout;0;0;11
3473;4;39;1;8014;0;19;133.1;1;37;37;9;9;95.0;0;0;1;0;0;0;50;0;0;6;11;0;0.0;0;0;5;6;0;0.0;0;8.9;1.4;3.51;Dropout;0;0;11
3072;1;39;1;8014;0;38;133.1;1;1;1;4;4;107.5;0;0;1;0;1;0;29;0;0;6;6;0;0.0;0;0;5;5;0;0.0;0;8.9;1.4;3.51;Dropout;0;0;11
3201;2;39;1;9238;1;42;170.0;1;19;38;8;8;159.5;0;0;0;1;1;0;33;0;0;6;6;0;0.0;0;0;5;5;0;0.0;0;8.9;1.4;3.51;Dropout;0;0;11
710;1;39;1;8014;0;1;133.1;1;37;11;9;7;96.0;0;0;1;0;1;0;50;0;0;6;6;0;0.0;0;0;5;6;0;0.0;0;12.4;0.5;1.79;Dropout;0;0;11
3263;1;39;1;8014;0;1;100.0;1;12;5;9;4;116.5;0;0;1;0;0;0;37;0;0;6;6;0;0.0;0;0;5;5;0;0.0;0;8.9;1.4;3.51;Dropout;0;0;11
3661;1;1;3;9238;1;1;124.0;1;19;1;7;10;116.0;1;0;1;1;0;0;19;0;0;6;7;0;0.0;0;0;5;5;0;0.0;0;13.9;-0.3;0.79;Dropout;0;0;11
2014;2;39;1;9853;1;1;110.0;1;37;37;9;9;95.5;0;0;1;0;0;0;32;0;0;6;6;0;0.0;0;0;5;10;0;0.0;0;10.8;1.4;1.74;Dropout;0;0;11
2005;1;7;1;9853;1;3;140.0;1;34;34;0;0;140.0;1;0;0;0;0;0;24;0;0;6;12;0;0.0;0;0;5;10;0;0.0;0;9.4;-0.8;-3.12;Dropout;0;0;11
3762;1;7;1;9238;1;3;130.0;1;1;1;4;10;125.1;0;0;1;0;0;0;27;0;0;6;8;0;0.0;0;0;5;6;0;0.0;0;16.2;0.3;-0.92;Dropout;0;0;11
2416;1;43;2;9238;1;1;129.0;1;34;30;0;5;118.9;1;0;0;1;1;0;22;0;0;6;11;0;0.0;0;0;5;10;0;0.0;0;9.4;-0.8;-3.12;Dropout;0;0;11
4186;1;1;1;9991;0;1;131.0;1;19;37;9;9;118.4;1;0;0;1;0;0;20;0;0;5;10;0;0.0;0;0;5;10;0;0.0;3;7.6;2.6;0.32;Enrolled;0;0;10
1558;1;17;1;9147;1;1;139.0;1;1;38;6;6;143.6;1;0;1;1;1;0;18;0;0;5;9;0;0.0;0;0;5;5;0;0.0;0;7.6;2.6;0.32;Enrolled;0;0;10
2689;1;1;1;9119;1;1;140.0;1;37;19;9;9;166.0;1;0;1;1;1;0;20;0;0;5;7;0;0.0;0;0;5;5;0;0.0;0;9.4;-0.8;-3.12;Enrolled;0;0;10
3574;1;1;2;9119;1;1;140.0;1;19;19;9;9;125.7;1;0;0;1;1;0;18;0;0;5;5;0;0.0;0;0;5;5;0;0.0;0;9.4;-0.8;-3.12;Enrolled;0;0;10
2795;4;39;1;9991;0;1;130.0;1;37;37;9;9;127.6;0;0;0;1;1;0;29;0;0;5;5;0;0.0;0;0;5;5;0;0.0;0;7.6;2.6;0.32;Enrolled;0;0;10
3078;1;43;1;9119;1;1;130.0;1;1;1;9;2;128.0;0;0;1;0;1;0;27;0;0;5;5;0;0.0;0;0;5;7;0;0.0;0;13.9;-0.3;0.79;Enrolled;0;0;10
143;1;51;1;9147;1;1;99.0;1;3;1;3;3;99.7;1;0;1;0;0;0;22;0;0;5;8;0;0.0;0;0;5;7;0;0.0;0;8.9;1.4;3.51;Enrolled;0;0;10
2705;1;17;1;9670;1;1;109.0;1;1;1;4;4;108.0;0;0;0;1;1;0;19;0;0;5;10;0;0.0;0;0;5;5;0;0.0;0;7.6;2.6;0.32;Enrolled;0;0;10
2703;1;17;1;9119;1;1;130.0;1;38;19;7;3;119.9;1;0;1;1;1;0;20;0;0;5;5;0;0.0;0;0;5;5;0;0.0;5;9.4;-0.8;-3.12;Dropout;0;0;10
3875;1;39;1;9130;1;1;133.1;1;1;1;90;1;120.0;1;0;1;0;1;0;41;0;0;5;5;0;0.0;1;0;5;5;0;0.0;5;12.7;3.7;-1.7;Dropout;0;0;10
3187;1;39;1;9130;1;10;133.1;1;12;36;90;90;128.2;0;0;0;0;1;1;30;0;0;5;13;0;0.0;3;0;5;5;0;0.0;5;9.4;-0.8;-3.12;Dropout;0;0;10
3425;1;1;1;9085;1;1;130.0;1;9;19;4;1;134.2;1;0;0;1;0;0;20;0;0;5;13;0;0.0;5;0;5;5;0;0.0;5;9.4;-0.8;-3.12;Dropout;0;0;10
429;3;1;2;9085;1;1;135.0;1;19;1;4;4;129.4;1;0;0;1;0;0;21;0;0;5;8;0;0.0;4;0;5;12;0;0.0;4;10.8;1.4;1.74;Dropout;0;0;10
1191;1;7;2;9130;1;3;140.0;1;34;34;0;0;140.0;0;0;0;1;0;0;25;0;0;5;9;0;0.0;4;0;5;9;0;0.0;3;10.8;1.4;1.74;Dropout;0;0;10
725;1;7;3;9130;1;3;130.0;1;37;26;90;10;130.0;0;0;0;0;1;0;41;0;0;5;9;0;0.0;4;0;5;9;0;0.0;3;10.8;1.4;1.74;Dropout;0;0;10
1387;1;43;1;9130;1;1;120.0;1;2;3;3;2;120.0;1;0;0;0;1;0;22;0;0;6;0;0;0.0;0;0;4;6;0;0.0;2;10.8;1.4;1.74;Dropout;0;0;10
2604;1;1;5;9085;1;1;121.0;1;38;37;9;8;114.0;1;0;0;0;0;0;19;0;0;5;12;0;0.0;4;0;5;8;0;0.0;1;9.4;-0.8;-3.12;Dropout;0;0;10
843;1;39;1;9130;1;1;133.1;1;3;34;3;0;120.0;0;0;1;0;1;0;29;0;0;5;11;0;0.0;4;0;5;6;0;0.0;1;9.4;-0.8;-3.12;Dropout;0;0;10
576;2;39;1;9085;1;9;133.1;1;1;1;4;4;120.0;1;0;0;0;1;0;29;0;0;5;12;0;0.0;4;0;5;8;0;0.0;1;9.4;-0.8;-3.12;Dropout;0;0;10
3341;1;1;3;9773;1;1;142.0;1;34;1;5;10;136.1;1;0;0;0;1;0;19;0;0;4;8;0;0.0;1;0;6;0;0;0.0;0;9.4;-0.8;-3.12;Dropout;0;0;10
809;1;1;4;9773;1;1;143.0;1;1;3;4;7;129.7;1;0;0;1;0;0;20;0;0;4;4;0;0.0;0;0;6;0;0;0.0;0;8.9;1.4;3.51;Dropout;0;0;10
3683;1;39;1;9991;0;1;110.0;1;37;37;9;9;121.8;0;0;0;0;1;0;36;0;0;5;5;0;0.0;0;0;5;5;0;0.0;0;12.7;3.7;-1.7;Dropout;0;0;10
3952;1;7;1;9147;1;3;150.0;1;6;27;1;7;150.0;0;0;0;1;0;0;26;0;0;5;5;0;0.0;0;0;5;0;0;0.0;0;9.4;-0.8;-3.12;Dropout;0;0;10
8;1;18;4;9254;1;1;119.0;1;37;37;9;9;113.1;1;0;0;0;1;0;22;0;0;5;5;0;0.0;0;0;5;5;0;0.0;0;15.5;2.8;-4.06;Dropout;0;0;10
3851;1;43;1;9991;0;1;120.0;1;37;19;9;9;107.0;0;0;0;0;1;0;47;0;0;5;5;0;0.0;0;0;5;5;0;0.0;0;12.7;3.7;-1.7;Dropout;0;0;10
4376;1;43;1;9991;0;1;161.0;1;37;37;9;9;100.0;1;0;0;1;0;0;27;0;0;5;5;0;0.0;0;0;5;5;0;0.0;0;7.6;2.6;0.32;Dropout;0;0;10
2768;6;17;3;8014;0;1;115.0;1;19;1;5;90;115.0;0;0;0;0;0;0;24;0;0;5;5;0;0.0;0;0;5;10;0;0.0;0;10.8;1.4;1.74;Dropout;0;0;10
749;1;39;1;9670;1;6;133.1;1;1;1;90;3;107.0;1;0;0;1;1;0;30;0;0;5;5;0;0.0;0;0;5;5;0;0.0;0;7.6;2.6;0.32;Dropout;0;0;10
717;1;39;1;9130;1;9;133.1;1;34;36;0;90;107.5;0;0;0;1;1;0;29;0;0;5;5;0;0.0;0;0;5;5;0;0.0;0;7.6;2.6;0.32;Dropout;0;0;10
712;1;39;1;9119;1;1;100.0;1;37;37;9;8;160.0;0;0;1;0;1;0;45;0;0;5;5;0;0.0;0;0;5;5;0;0.0;0;15.5;2.8;-4.06;Dropout;0;0;10
1639;1;39;1;9670;1;9;133.1;1;37;37;5;3;110.0;0;0;1;1;1;0;26;0;0;5;5;0;0.0;0;0;5;5;0;0.0;0;9.4;-0.8;-3.12;Dropout;0;0;10
3460;4;43;4;9991;0;12;133.1;1;37;37;9;9;153.0;0;0;0;0;0;0;40;0;0;5;10;0;0.0;0;0;5;5;0;0.0;0;7.6;2.6;0.32;Dropout;0;0;10
1805;1;51;1;9147;1;19;133.1;1;19;19;9;5;112.1;0;0;1;0;1;0;38;0;0;5;5;0;0.0;0;0;5;5;0;0.0;0;8.9;1.4;3.51;Dropout;0;0;10
1223;2;39;1;9991;0;19;133.1;1;19;39;5;3;121.7;0;0;1;0;0;0;31;0;0;5;7;0;0.0;0;0;5;7;0;0.0;0;16.2;0.3;-0.92;Dropout;0;0;10
1456;1;1;2;9147;1;1;120.0;1;1;37;4;9;113.4;1;0;0;1;1;1;19;0;0;5;5;0;0.0;0;0;5;5;0;0.0;0;11.1;0.6;2.02;Dropout;0;0;10
2270;2;39;1;9991;0;1;100.0;1;37;37;1;1;161.9;0;0;0;1;1;0;59;0;0;5;7;0;0.0;0;0;5;7;0;0.0;0;16.2;0.3;-0.92;Dropout;0;0;10
1630;1;39;1;9119;1;1;120.0;1;37;38;9;8;100.0;0;0;1;1;1;0;24;0;0;5;11;0;0.0;0;0;5;5;0;0.0;0;16.2;0.3;-0.92;Dropout;0;0;10
2614;1;39;1;9991;0;1;130.0;1;1;38;4;9;115.0;0;0;0;1;1;0;25;0;0;5;7;0;0.0;0;0;5;8;0;0.0;0;16.2;0.3;-0.92;Dropout;0;0;10
244;1;39;1;9147;1;1;120.0;1;37;1;9;1;122.7;0;0;0;0;0;0;25;0;0;5;5;0;0.0;0;0;5;9;0;0.0;0;10.8;1.4;1.74;Dropout;0;0;10
1871;1;17;1;9670;1;1;133.1;1;34;3;7;2;130.6;1;0;1;0;1;0;23;0;0;5;5;0;0.0;0;0;5;5;0;0.0;0;7.6;2.6;0.32;Dropout;0;0;10
2427;1;39;2;9991;0;1;133.1;1;19;38;9;9;102.5;0;0;0;0;1;0;27;0;0;5;10;0;0.0;0;0;5;5;0;0.0;0;15.5;2.8;-4.06;Dropout;0;0;10
2378;1;39;1;9147;1;1;120.0;1;37;37;9;9;110.0;0;0;0;0;1;0;32;0;0;5;9;0;0.0;1;0;5;5;0;0.0;0;9.4;-0.8;-3.12;Dropout;0;0;10
3494;1;7;1;9119;1;3;130.0;1;37;37;9;9;130.0;0;0;0;0;1;0;33;0;0;5;6;0;0.0;0;0;5;5;0;0.0;0;12.7;3.7;-1.7;Dropout;0;0;10
2708;1;1;1;9147;1;1;136.0;1;1;3;9;5;137.1;0;0;0;1;1;0;20;0;0;5;5;0;0.0;0;0;5;5;0;0.0;0;12.7;3.7;-1.7;Dropout;0;0;10
3760;1;17;1;9991;0;1;140.0;1;38;37;6;7;127.3;0;0;0;1;0;0;20;0;0;5;0;0;0.0;0;0;5;0;0;0.0;0;11.1;0.6;2.02;Dropout;0;0;10
3583;1;39;1;9991;0;1;133.1;1;38;37;9;9;154.4;0;0;0;1;1;0;27;0;0;5;0;0;0.0;0;0;5;0;0;0.0;0;10.8;1.4;1.74;Dropout;0;0;10
2915;6;39;2;9147;1;1;133.1;1;37;37;9;9;110.0;0;0;0;1;0;0;47;0;0;5;0;0;0.0;0;0;5;0;0;0.0;0;9.4;-0.8;-3.12;Dropout;0;0;10
862;1;39;2;9147;1;12;133.1;1;19;38;9;9;120.0;1;0;1;0;1;0;28;0;0;5;5;0;0.0;0;0;5;5;0;0.0;0;9.4;-0.8;-3.12;Dropout;0;0;10
711;2;39;1;9991;0;19;133.1;1;38;38;90;90;121.7;1;0;0;1;1;0;45;0;0;5;5;0;0.0;0;0;5;5;0;0.0;0;7.6;2.6;0.32;Dropout;0;0;10
2933;1;39;1;9991;0;1;130.0;1;37;37;6;6;111.9;0;0;1;1;0;0;36;0;0;5;5;0;0.0;0;0;5;5;0;0.0;0;12.7;3.7;-1.7;Dropout;0;0;10
2472;2;39;1;9085;1;19;110.0;1;37;37;90;90;110.0;0;0;0;0;1;0;29;0;0;5;5;0;0.0;0;0;5;5;0;0.0;0;12.7;3.7;-1.7;Dropout;0;0;10
3537;1;39;1;9991;0;1;110.0;1;37;37;9;9;139.0;0;0;0;1;1;0;40;0;0;5;0;0;0.0;0;0;5;0;0;0.0;0;12.7;3.7;-1.7;Dropout;0;0;10
754;2;39;1;9991;0;19;133.1;1;19;37;7;9;137.2;0;0;1;0;0;0;32;0;0;5;5;0;0.0;0;0;5;6;0;0.0;0;10.8;1.4;1.74;Dropout;0;0;10
1806;1;43;1;9991;0;3;130.0;1;3;1;2;9;130.0;0;0;0;1;1;0;33;0;0;5;5;0;0.0;0;0;5;5;0;0.0;0;12.7;3.7;-1.7;Dropout;0;0;10
358;1;39;1;9991;0;1;133.1;1;37;37;90;8;128.2;0;0;0;1;0;0;33;0;0;5;0;0;0.0;0;0;5;0;0;0.0;0;12.7;3.7;-1.7;Dropout;0;0;10
2488;1;18;1;9147;1;1;147.0;1;19;1;9;7;139.3;1;0;0;1;1;0;20;0;0;5;0;0;0.0;0;0;5;0;0;0.0;0;12.4;0.5;1.79;Dropout;0;0;10
37;1;39;1;9119;1;10;133.1;1;34;37;0;0;128.8;1;0;0;1;1;0;43;0;0;5;0;0;0.0;0;0;5;0;0;0.0;0;7.6;2.6;0.32;Dropout;0;0;10
3430;2;7;1;9147;1;3;140.0;1;37;37;9;9;140.0;0;0;0;1;0;0;23;0;0;5;0;0;0.0;0;0;5;0;0;0.0;0;7.6;2.6;0.32;Dropout;0;0;10
2875;2;39;1;9991;0;12;133.1;1;37;34;90;90;110.7;1;0;0;1;0;0;50;0;0;5;0;0;0.0;0;0;5;0;0;0.0;0;7.6;2.6;0.32;Dropout;0;0;10
1720;1;39;1;9991;0;19;133.1;1;2;1;2;4;100.0;0;0;0;1;1;0;24;0;0;5;7;0;0.0;0;0;5;7;0;0.0;0;16.2;0.3;-0.92;Dropout;0;0;10
193;1;39;1;9147;1;1;140.0;1;12;3;4;3;118.0;1;0;0;1;0;0;24;0;0;5;5;0;0.0;0;0;5;5;0;0.0;0;7.6;2.6;0.32;Dropout;0;0;10
859;1;5;4;9119;1;1;115.0;1;19;37;4;6;113.3;1;0;0;1;1;0;23;0;0;5;7;0;0.0;0;0;5;5;0;0.0;0;7.6;2.6;0.32;Dropout;0;0;10
1549;2;7;1;9254;1;2;100.0;1;37;37;9;9;100.0;0;0;0;0;0;0;37;0;0;5;5;0;0.0;0;0;5;10;0;0.0;0;10.8;1.4;1.74;Dropout;0;0;10
1358;1;39;1;9254;1;19;133.1;1;19;1;9;5;97.0;0;0;1;0;1;0;36;0;0;5;10;0;0.0;0;0;5;5;0;0.0;0;15.5;2.8;-4.06;Dropout;0;0;10
3224;1;17;1;9991;0;1;120.0;1;38;3;9;3;116.9;1;0;1;0;0;0;26;0;0;5;5;0;0.0;0;0;5;6;0;0.0;0;10.8;1.4;1.74;Dropout;0;0;10
3548;2;43;1;9130;1;9;133.1;1;34;34;0;0;128.2;0;0;0;1;1;0;28;0;0;5;9;0;0.0;0;0;5;5;0;0.0;0;7.6;2.6;0.32;Dropout;0;0;10
529;1;39;1;9147;1;1;110.0;1;37;37;9;9;110.3;0;0;1;0;1;0;26;0;0;5;5;0;0.0;0;0;5;9;0;0.0;0;10.8;1.4;1.74;Dropout;0;0;10
1540;2;39;1;9119;1;3;120.0;1;37;37;4;7;122.5;0;0;0;0;0;0;32;0;0;5;6;0;0.0;0;0;5;5;0;0.0;0;12.7;3.7;-1.7;Dropout;0;0;10
969;2;39;1;9991;0;1;135.0;1;34;34;0;0;134.1;1;0;0;0;1;0;49;0;0;5;5;0;0.0;0;0;5;5;0;0.0;0;7.6;2.6;0.32;Dropout;0;0;10
1557;1;1;1;9119;1;1;130.0;1;37;19;9;5;140.2;1;0;0;1;1;0;20;0;0;5;5;0;0.0;0;0;5;0;0;0.0;0;9.4;-0.8;-3.12;Dropout;0;0;10
950;1;39;1;9147;1;1;140.0;1;37;3;9;2;135.1;0;0;0;1;1;0;61;0;0;5;0;0;0.0;0;0;5;0;0;0.0;0;15.5;2.8;-4.06;Dropout;0;0;10
377;1;18;4;9147;1;1;130.0;1;37;37;9;9;119.9;1;0;0;0;0;0;34;0;0;5;5;0;0.0;0;0;5;0;0;0.0;0;9.4;-0.8;-3.12;Dropout;0;0;10
4369;1;39;1;9991;0;1;120.0;1;37;37;9;9;120.0;1;0;0;0;1;0;25;0;0;5;5;0;0.0;0;0;5;5;0;0.0;0;9.4;-0.8;-3.12;Dropout;0;0;10
3846;1;39;1;9085;1;12;133.1;1;34;34;99;99;128.2;0;0;1;0;1;0;27;0;0;5;5;0;0.0;0;0;5;5;0;0.0;0;7.6;2.6;0.32;Dropout;0;0;10
2664;1;39;1;9991;0;1;120.0;1;1;1;5;5;96.0;1;0;0;0;1;0;38;0;0;5;5;0;0.0;0;0;5;5;0;0.0;0;8.9;1.4;3.51;Dropout;0;0;10
3492;2;43;3;9991;0;1;120.0;1;37;37;9;9;128.2;1;0;0;1;1;0;32;0;0;5;5;0;0.0;0;0;5;5;0;0.0;0;7.6;2.6;0.32;Dropout;0;0;10
2837;2;39;1;9991;0;1;110.0;1;34;34;0;0;114.6;1;0;0;1;0;0;46;0;0;5;5;0;0.0;0;0;5;5;0;0.0;0;7.6;2.6;0.32;Dropout;0;0;10
3703;1;1;1;9147;1;1;125.0;1;1;1;4;2;134.1;1;0;0;1;1;0;20;0;0;5;0;0;0.0;0;0;5;0;0;0.0;0;8.9;1.4;3.51;Dropout;0;0;10
728;1;39;1;9991;0;1;133.1;1;37;37;9;9;143.2;0;0;0;1;1;0;35;0;0;5;5;0;0.0;0;0;5;5;0;0.0;0;11.1;0.6;2.02;Dropout;0;0;10
2641;2;39;1;9119;1;19;133.1;1;37;37;9;9;100.0;0;0;0;1;1;0;36;0;0;5;0;0;0.0;0;0;5;0;0;0.0;0;16.2;0.3;-0.92;Dropout;0;0;10
2822;1;18;5;9085;1;1;121.0;1;5;3;2;3;111.9;1;0;0;1;0;0;21;0;0;5;12;0;0.0;3;0;5;5;0;0.0;0;12.7;3.7;-1.7;Dropout;0;0;10
1868;1;39;1;9991;0;1;100.0;1;37;37;9;6;153.5;0;0;1;0;1;0;31;0;0;5;9;0;0.0;0;0;5;6;0;0.0;0;12.4;0.5;1.79;Dropout;0;0;10
3727;1;43;2;9991;0;1;140.0;1;37;37;5;5;124.3;1;0;0;0;1;0;27;0;0;5;5;0;0.0;0;0;5;5;0;0.0;0;12.7;3.7;-1.7;Dropout;0;0;10
2409;1;18;1;9991;0;1;112.0;1;43;40;2;2;106.4;0;0;0;1;1;0;22;0;0;5;0;0;0.0;0;0;5;0;0;0.0;0;8.9;1.4;3.51;Dropout;0;0;10
410;4;39;1;9085;1;1;133.1;1;34;34;0;0;128.2;0;0;0;1;0;0;25;0;0;5;5;0;0.0;0;0;5;5;0;0.0;0;7.6;2.6;0.32;Dropout;0;0;10
1792;1;1;4;9147;1;1;146.0;1;3;1;3;10;138.7;0;0;0;1;1;0;18;0;0;5;0;0;0.0;0;0;5;0;0;0.0;0;8.9;1.4;3.51;Dropout;0;0;10
4001;2;39;1;9119;1;1;140.0;1;34;34;9;9;140.0;0;0;0;0;1;0;34;0;0;5;5;0;0.0;0;0;5;5;0;0.0;0;15.5;2.8;-4.06;Dropout;0;0;10
607;1;17;1;9130;1;1;123.0;1;19;3;3;2;121.6;1;0;1;1;0;1;19;0;0;5;7;0;0.0;0;0;5;5;0;0.0;0;7.6;2.6;0.32;Dropout;0;0;10
690;4;39;2;9147;1;19;133.1;1;37;37;9;7;116.4;0;0;1;0;1;0;70;0;0;5;5;0;0.0;0;0;5;9;0;0.0;0;10.8;1.4;1.74;Dropout;0;0;10
198;1;7;1;9119;1;3;150.0;1;3;2;2;2;150.0;0;0;0;1;0;0;35;0;0;5;0;0;0.0;0;0;5;0;0;0.0;0;13.9;-0.3;0.79;Dropout;0;0;10
4010;1;17;5;9254;1;1;114.0;1;38;1;5;9;109.5;0;0;0;1;1;0;19;0;0;5;5;0;0.0;0;0;5;10;0;0.0;0;10.8;1.4;1.74;Dropout;0;0;10
835;2;39;1;9119;1;1;110.0;1;37;37;90;5;150.0;1;0;0;1;1;0;46;0;0;5;6;0;0.0;0;0;5;5;0;0.0;0;7.6;2.6;0.32;Dropout;0;0;10
2449;1;39;1;9119;1;19;120.0;1;37;37;9;4;98.6;0;0;1;0;1;0;28;0;0;5;10;0;0.0;0;0;5;7;0;0.0;0;12.4;0.5;1.79;Dropout;0;0;10
2422;2;39;1;9991;0;19;133.1;1;37;37;5;5;111.9;1;0;0;1;1;0;41;0;0;5;5;0;0.0;0;0;5;5;0;0.0;0;7.6;2.6;0.32;Dropout;0;0;10
1766;1;1;1;9147;1;1;140.0;1;19;38;9;9;129.2;1;0;0;1;0;0;26;0;0;5;6;0;0.0;0;0;5;0;0;0.0;0;15.5;2.8;-4.06;Dropout;0;0;10
1548;2;39;1;9991;0;9;133.1;1;34;34;0;0;118.4;0;0;0;0;0;0;39;0;0;5;5;0;0.0;0;0;5;5;0;0.0;0;7.6;2.6;0.32;Dropout;0;0;10
3348;1;39;1;9147;1;12;133.1;1;37;37;9;9;140.0;0;0;0;1;1;0;29;0;0;5;0;0;0.0;0;0;5;0;0;0.0;0;9.4;-0.8;-3.12;Dropout;0;0;10
3944;5;39;1;9147;1;1;180.0;1;1;1;4;8;140.5;0;0;1;0;0;0;24;0;0;5;0;0;0.0;0;0;5;0;0;0.0;0;13.9;-0.3;0.79;Dropout;0;0;10
1698;1;39;1;9085;1;1;130.0;1;34;1;0;2;128.2;0;0;0;1;1;0;25;0;0;5;5;0;0.0;0;0;5;5;0;0.0;0;7.6;2.6;0.32;Dropout;0;0;10
196;1;39;1;9991;0;40;130.0;1;19;1;3;4;152.0;1;0;0;1;0;0;27;0;0;5;0;0;0.0;0;0;5;0;0;0.0;0;8.9;1.4;3.51;Dropout;0;0;10
1446;1;1;2;9254;1;1;110.0;1;4;19;4;3;114.8;1;0;0;0;1;0;18;0;0;5;6;0;0.0;0;0;5;5;0;0.0;0;12.7;3.7;-1.7;Dropout;0;0;10
45;1;39;1;9991;0;1;133.1;1;37;37;9;9;109.7;0;0;0;1;0;0;29;0;0;5;0;0;0.0;0;0;5;0;0;0.0;0;16.2;0.3;-0.92;Dropout;0;0;10
4002;1;42;1;9119;1;1;140.0;1;3;3;3;2;133.6;1;0;0;1;1;0;22;0;0;5;0;0;0.0;0;0;5;0;0;0.0;0;10.8;1.4;1.74;Dropout;0;0;10
3475;1;1;5;9119;1;1;132.0;1;38;19;5;3;119.1;0;0;0;1;0;0;18;0;0;5;11;0;0.0;0;0;5;8;0;0.0;0;9.4;-0.8;-3.12;Dropout;0;0;10
1460;1;18;1;9147;1;1;119.0;1;37;37;7;7;112.0;1;0;0;0;1;0;20;0;0;5;5;0;0.0;0;0;5;0;0;0.0;0;9.4;-0.8;-3.12;Dropout;0;0;10
3371;1;7;1;9147;1;3;130.0;1;37;37;9;9;130.0;0;0;0;1;0;0;25;0;0;5;0;0;0.0;0;0;5;0;0;0.0;0;12.7;3.7;-1.7;Dropout;0;0;10
229;1;39;2;9670;1;1;140.0;1;34;34;0;0;97.0;1;0;0;1;0;0;28;0;0;5;5;0;0.0;0;0;5;5;0;0.0;0;7.6;2.6;0.32;Dropout;0;0;10
1691;1;7;1;9119;1;1;140.8;1;34;34;0;0;134.0;0;0;0;1;1;0;24;0;0;5;0;0;0.0;0;0;5;0;0;0.0;0;7.6;2.6;0.32;Dropout;0;0;10
2459;1;17;2;9119;1;1;135.0;1;12;19;5;5;121.0;0;0;0;1;1;0;19;0;0;5;0;0;0.0;0;0;5;0;0;0.0;0;12.4;0.5;1.79;Dropout;0;0;10
2411;1;7;1;9119;1;3;130.0;1;34;34;90;90;130.0;0;0;0;1;1;0;26;0;0;5;5;0;0.0;0;0;5;6;0;0.0;0;10.8;1.4;1.74;Dropout;0;0;10
3384;4;7;1;9147;1;3;130.0;1;19;1;5;5;130.0;0;0;0;1;0;0;35;0;0;5;5;0;0.0;0;0;5;5;0;0.0;0;11.1;0.6;2.02;Dropout;0;0;10
1520;1;39;1;9147;1;12;133.1;1;1;1;9;4;140.0;1;0;1;0;1;0;24;0;0;5;5;0;0.0;0;0;5;5;0;0.0;0;12.7;3.7;-1.7;Dropout;0;0;10
917;2;39;1;9991;0;1;147.0;1;34;34;90;90;111.7;1;0;0;1;0;0;28;0;0;5;10;0;0.0;0;0;5;5;0;0.0;0;7.6;2.6;0.32;Dropout;0;0;10
214;1;39;1;9991;0;1;133.1;1;37;37;9;9;126.3;0;0;0;1;0;1;26;0;0;5;7;0;0.0;0;0;5;8;0;0.0;0;16.2;0.3;-0.92;Dropout;0;0;10
2268;1;1;4;9147;1;1;108.0;1;3;1;3;4;109.1;1;0;0;1;1;0;19;0;0;5;5;0;0.0;0;0;5;5;0;0.0;0;12.4;0.5;1.79;Dropout;0;0;10
3506;1;17;3;9147;1;1;127.0;1;37;37;5;7;116.2;0;0;0;1;1;0;18;0;0;5;10;0;0.0;1;0;5;13;0;0.0;0;9.4;-0.8;-3.12;Dropout;0;0;10
2892;1;39;1;9991;0;1;150.0;1;3;1;3;9;154.0;0;0;0;1;0;0;27;0;0;5;5;0;0.0;0;0;5;6;0;0.0;0;12.4;0.5;1.79;Dropout;0;0;10
510;1;1;2;9147;1;1;125.0;1;1;19;4;6;115.2;0;1;0;1;0;0;21;0;0;5;6;0;0.0;0;0;5;5;0;0.0;0;15.5;2.8;-4.06;Dropout;0;0;10
2390;1;39;2;9238;1;1;110.0;1;19;1;5;5;136.5;0;0;0;1;1;0;28;0;0;5;6;0;0.0;0;0;5;5;0;0.0;0;13.9;-0.3;0.79;Dropout;0;0;10
1695;1;39;1;9119;1;3;130.0;1;3;3;3;10;147.6;0;0;0;1;1;0;31;0;0;5;0;0;0.0;0;0;5;0;0;0.0;0;10.8;1.4;1.74;Dropout;0;0;10
147;1;1;4;9254;1;1;132.0;1;12;19;9;9;124.7;1;0;0;1;0;0;19;0;0;5;10;0;0.0;0;0;5;10;0;0.0;0;7.6;2.6;0.32;Dropout;0;0;10
2286;2;42;1;9147;1;1;133.1;1;37;37;9;9;115.8;0;0;0;0;1;0;49;0;0;5;5;0;0.0;0;0;5;9;0;0.0;0;10.8;1.4;1.74;Dropout;0;0;10
3793;1;18;1;9119;1;1;122.0;1;19;1;90;3;116.1;1;0;1;0;1;0;24;0;0;5;8;0;0.0;0;0;5;5;0;0.0;0;9.4;-0.8;-3.12;Dropout;0;0;10
952;2;39;1;9991;0;1;133.1;1;37;37;9;9;132.8;0;0;1;0;1;0;45;0;0;5;9;0;0.0;0;0;5;11;0;0.0;0;12.4;0.5;1.79;Dropout;0;0;10
2751;1;39;1;9119;1;1;160.0;1;1;38;4;7;112.0;0;0;0;0;1;0;25;0;0;5;8;0;0.0;0;0;5;5;0;0.0;0;9.4;-0.8;-3.12;Dropout;0;0;10
2271;2;7;1;9991;0;3;140.0;1;34;34;99;99;140.0;1;0;0;0;1;0;33;0;0;5;5;0;0.0;0;0;5;5;0;0.0;0;7.6;2.6;0.32;Dropout;0;0;10
3186;1;17;2;9119;1;1;116.0;1;19;1;9;7;112.2;0;0;0;1;1;0;19;0;0;5;0;0;0.0;0;0;5;0;0;0.0;0;16.2;0.3;-0.92;Dropout;0;0;10
1755;1;17;5;9119;1;1;123.0;1;3;1;2;9;116.0;1;0;1;0;1;0;20;0;0;5;5;0;0.0;0;0;5;5;0;0.0;0;8.9;1.4;3.51;Dropout;0;0;10
2305;1;17;1;9147;1;1;133.1;1;1;19;4;8;95.0;0;0;0;1;1;0;20;0;0;5;14;0;0.0;0;0;5;5;0;0.0;0;11.1;0.6;2.02;Dropout;0;0;10
2455;1;18;1;9119;1;1;148.0;1;3;19;3;5;147.7;0;0;0;1;1;1;18;0;0;5;5;0;0.0;0;0;5;5;0;0.0;0;9.4;-0.8;-3.12;Dropout;0;0;10
3206;1;39;1;9991;0;1;133.1;1;37;37;7;9;111.0;0;0;0;0;1;0;28;0;0;5;0;0;0.0;0;0;5;0;0;0.0;0;8.9;1.4;3.51;Dropout;0;0;10
841;1;1;1;9147;1;1;108.0;41;3;3;9;9;107.0;0;0;1;0;0;0;19;1;0;5;14;0;0.0;0;0;5;5;0;0.0;0;8.9;1.4;3.51;Dropout;0;0;10
321;1;7;1;9085;1;40;150.0;1;19;19;9;5;150.0;0;0;1;0;0;0;26;0;0;3;3;0;0.0;0;0;6;0;0;0.0;0;8.9;1.4;3.51;Dropout;0;0;9
4085;2;39;1;9147;1;1;130.0;1;1;19;9;9;109.9;0;0;0;0;0;0;29;0;0;4;4;0;0.0;0;0;5;0;0;0.0;0;12.7;3.7;-1.7;Dropout;0;0;9
514;1;39;1;9991;0;1;100.0;1;37;19;9;2;121.9;0;0;0;0;0;0;40;0;0;4;4;0;0.0;0;0;5;0;0;0.0;0;12.7;3.7;-1.7;Dropout;0;0;9
2362;1;42;1;9773;1;1;133.1;1;19;6;4;3;120.0;0;0;0;1;1;0;27;0;0;4;8;0;0.0;0;0;5;10;0;0.0;0;9.4;-0.8;-3.12;Dropout;0;0;9
2034;2;39;2;9991;0;1;100.0;1;37;37;9;9;100.0;1;0;0;1;1;0;51;0;0;4;4;0;0.0;0;0;5;0;0;0.0;0;12.7;3.7;-1.7;Dropout;0;0;9
2470;2;39;2;9147;1;1;120.0;1;37;37;9;9;104.7;1;0;0;1;1;0;36;0;0;4;4;0;0.0;0;0;5;9;0;0.0;0;10.8;1.4;1.74;Dropout;0;0;9
4217;1;1;6;9773;1;1;133.1;1;1;37;3;3;100.0;1;0;1;0;0;0;20;0;0;4;4;0;0.0;0;0;5;5;0;0.0;0;12.4;0.5;1.79;Dropout;0;0;9
960;1;1;3;9670;1;1;134.0;1;14;11;0;0;128.4;1;0;0;0;1;0;19;0;0;5;5;0;0.0;0;0;4;4;0;0.0;0;7.6;2.6;0.32;Dropout;0;0;9
515;2;18;2;8014;0;1;140.0;1;37;37;9;10;120.4;0;0;1;0;0;0;39;0;0;5;5;0;0.0;0;0;4;4;0;0.0;0;9.4;-0.8;-3.12;Dropout;0;0;9
2848;2;39;1;9773;1;19;133.1;1;37;37;9;6;110.0;0;0;0;0;0;0;53;0;0;5;5;0;0.0;0;0;4;5;0;0.0;0;15.5;2.8;-4.06;Dropout;0;0;9
1102;1;17;1;9130;1;1;122.0;1;19;19;9;9;121.7;1;0;0;0;0;0;22;0;0;6;0;0;0.0;0;0;2;2;0;0.0;2;9.4;-0.8;-3.12;Dropout;0;0;8
867;1;39;1;9119;1;3;130.0;1;1;38;90;90;143.4;0;0;0;1;1;0;29;0;0;3;3;0;0.0;3;0;5;0;0;0.0;0;10.8;1.4;1.74;Dropout;0;0;8
948;1;17;2;9773;1;1;133.1;1;3;5;0;2;125.8;1;0;0;0;1;1;22;0;0;4;8;0;0.0;0;0;4;8;0;0.0;0;7.6;2.6;0.32;Dropout;0;0;8
1888;2;43;1;9773;1;1;160.0;1;37;37;5;0;160.0;0;0;1;0;1;0;51;0;0;4;4;0;0.0;0;0;4;4;0;0.0;0;12.7;3.7;-1.7;Dropout;0;0;8
2086;1;1;4;9773;1;1;124.0;1;19;37;99;90;124.0;0;0;0;0;0;0;18;0;0;4;4;0;0.0;0;0;4;4;0;0.0;0;12.7;3.7;-1.7;Dropout;0;0;8
1776;1;1;3;9773;1;1;149.0;1;1;3;0;0;148.7;0;0;0;0;1;0;20;0;0;4;4;0;0.0;0;0;4;8;0;0.0;0;10.8;1.4;1.74;Dropout;0;0;8
1632;2;39;1;9773;1;19;133.1;1;19;19;9;4;131.0;0;0;1;0;1;0;42;0;0;4;5;0;0.0;0;0;4;4;0;0.0;0;13.9;-0.3;0.79;Dropout;0;0;8
4100;1;18;1;9238;1;1;147.0;1;38;34;4;0;130.2;0;0;0;1;0;0;18;0;0;1;1;0;0.0;1;0;6;0;0;0.0;0;10.8;1.4;1.74;Dropout;0;0;7
2867;2;39;1;8014;0;19;133.1;1;3;19;90;90;123.5;0;0;0;1;0;0;50;0;0;1;1;0;0.0;1;0;6;0;0;0.0;0;10.8;1.4;1.74;Dropout;0;0;7
2424;1;39;1;9003;1;1;133.1;1;1;37;9;8;130.0;0;0;0;1;1;0;29;0;0;3;4;0;0.0;0;0;4;8;0;0.0;0;16.2;0.3;-0.92;Dropout;0;0;7
3220;1;39;1;9991;0;1;140.0;1;1;37;9;8;154.5;0;0;0;1;0;0;26;0;0;1;2;0;0.0;0;0;5;8;0;0.0;0;16.2;0.3;-0.92;Dropout;0;0;6
82;1;39;1;9991;0;2;140.0;1;3;3;2;2;155.7;1;0;0;1;1;0;35;0;0;1;1;0;0.0;1;0;5;0;0;0.0;0;10.8;1.4;1.74;Dropout;0;0;6
2308;4;43;2;9991;0;38;133.1;1;3;1;2;9;125.4;0;0;0;1;1;0;39;0;0;2;5;0;0.0;0;0;4;4;0;0.0;0;10.8;1.4;1.74;Dropout;0;0;6
2425;1;39;2;9119;1;1;120.0;1;37;37;5;5;128.0;0;0;0;1;1;0;30;0;0;2;2;0;0.0;0;0;2;2;0;0.0;0;7.6;2.6;0.32;Dropout;0;0;4
