Student_ID;Marital status;Application mode;Application order;Course;"Daytime/evening attendance	";Previous qualification;Previous qualification (grade);Nacionality;Mother's qualification;Father's qualification;Mother's occupation;Father's occupation;Admission grade;Displaced;Educational special needs;Gender;Scholarship holder;Age at enrollment;International;Curricular units 1st sem (credited);Curricular units 1st sem (enrolled);Curricular units 1st sem (evaluations);Curricular units 1st sem (approved);Curricular units 1st sem (grade);Curricular units 1st sem (without evaluations);Curricular units 2nd sem (credited);Curricular units 2nd sem (enrolled);Curricular units 2nd sem (evaluations);Curricular units 2nd sem (approved);Curricular units 2nd sem (grade);Curricular units 2nd sem (without evaluations);Unemployment rate;Inflation rate;GDP;Target;ApprovalRate;Tuition fees up to date;Debtor;AvgGrade;AcademicPerformance;AcademicPerformanceTimesEvaluation
1514;1;10;1;9254;1;1;115;24;3;1;9;9;116,10;1;0;0;0;26;0;11;18;45;18;11,83;10;9;13;27;13;12,46;5;15,5;2,8;-4,06;Graduate;1;1;0;12,1474359;1,664387764;1,832193882
1321;1;1;5;9238;1;3;135;1;1;38;9;3;129,40;0;0;0;0;23;0;10;17;28;17;13,15;2;8;12;22;12;13,21;0;15,5;2,8;-4,06;Graduate;1;1;0;13,18214286;1,720979678;86,04898388
4297;1;44;1;9070;1;39;120;1;1;38;5;5;116,30;1;1;0;0;23;0;20;26;27;26;15,08;0;14;17;17;17;15,02;0;15,5;2,8;-4,06;Graduate;1;1;0;15,05065359;1,823175374;80,21971646
958;1;1;3;9773;1;1;115;1;38;1;9;4;116,10;1;0;0;0;41;0;20;21;23;21;12,33;0;19;19;19;19;12,11;0;12,4;0,5;1,79;Graduate;1;1;0;12,21929825;1,668318179;70,06936352
1575;5;7;1;9991;0;2;120;1;37;37;6;6;120,00;0;0;1;1;33;0;6;14;20;14;13,07;6;6;14;20;14;13,07;6;9,4;-0,8;-3,12;Graduate;1;1;0;13,07285714;1,715002442;68,60009767
736;1;17;2;9670;1;1;110;1;3;3;4;10;115,60;1;0;0;0;35;0;19;21;21;21;12,62;0;13;19;19;19;12,79;0;12,4;0,5;1,79;Graduate;1;1;1;12,70426065;1,694842549;67,79370198
2693;1;17;4;9147;1;1;114;1;19;19;4;4;109,50;1;0;1;0;37;0;19;21;21;21;12,48;0;13;19;19;19;12,21;0;12,4;0,5;1,79;Graduate;1;1;0;12,3433584;1,675103483;67,00413933
4192;1;44;1;9085;1;39;140;1;1;39;3;9;140,00;1;0;1;0;38;0;14;18;18;18;14,50;0;13;18;18;18;14,50;0;16,2;0,3;-0,92;Graduate;1;1;0;14,5;1,793058112;64,55009203
3912;2;44;1;8014;0;39;160;1;37;19;9;10;155,90;0;0;0;1;21;0;15;17;18;17;13,39;0;15;17;18;17;14,89;0;11,1;0,6;2,02;Graduate;1;1;0;14,13888889;1,773307623;63,83907441
1674;1;39;1;9500;1;40;130;1;1;1;4;4;190,00;1;0;0;0;29;0;13;18;20;18;15,44;0;11;13;13;13;15,31;0;15,5;2,8;-4,06;Graduate;1;1;0;15,37606838;1,8409735;60,75212551
1324;1;17;6;9556;1;1;118;1;38;38;5;5;117,80;1;0;1;0;27;0;14;18;21;18;11,42;0;10;13;16;13;11,08;1;15,5;2,8;-4,06;Graduate;1;1;0;11,24898785;1,61524835;59,76418894
3656;1;44;1;9238;1;39;140;1;1;1;3;5;141,70;0;0;0;0;43;0;13;18;19;18;14,63;0;10;13;14;13;14,23;1;15,5;2,8;-4,06;Graduate;1;1;0;14,43117409;1,789293771;59,04669444
554;1;17;3;9119;1;1;117;1;1;2;3;2;119,80;1;0;0;0;23;0;15;17;18;17;11,50;0;16;17;17;17;12,18;0;12,4;0,5;1,79;Graduate;1;1;0;11,83823529;1,64747645;57,66167577
3126;1;43;1;9238;1;1;117;1;34;34;0;0;109,30;0;0;0;0;21;0;12;18;22;18;11,89;1;11;13;13;13;11,46;0;15,5;2,8;-4,06;Graduate;1;1;0;11,67521368;1,638560201;57,34960704
2005;1;7;1;9853;1;3;140;1;34;34;0;0;140,00;1;0;0;1;23;0;15;16;18;16;13,00;0;11;13;15;13;13,27;0;9,4;-0,8;-3,12;Graduate;1;1;0;13,13333333;1,718310106;56,7042335
3612;1;17;1;9670;1;1;117;1;1;1;4;4;117,70;1;0;1;0;35;0;17;18;20;18;11,56;0;11;13;13;13;11,62;0;15,5;2,8;-4,06;Graduate;1;1;0;11,58547009;1,633651795;53,91050925
2071;1;1;1;9670;1;1;113;1;1;37;1;10;116,50;1;0;1;1;23;0;17;18;19;18;11,89;0;12;13;13;13;12,92;0;15,5;2,8;-4,06;Graduate;1;1;1;12,40890688;1,67868857;53,71803424
994;1;44;2;9238;1;39;150;1;3;19;4;9;147,00;1;0;0;0;39;0;12;13;14;13;13,77;0;9;12;16;12;14,58;0;13,9;-0,3;0,79;Graduate;1;1;0;14,17628205;1,775352792;53,26058375
949;2;43;1;9670;1;1;100;1;34;34;0;0;128,20;0;0;0;1;29;0;9;16;17;16;12,59;0;10;13;14;13;13,36;0;9,4;-0,8;-3,12;Graduate;1;1;0;12,97268908;1,709523883;52,99524038
542;1;1;1;9147;1;1;117;1;19;19;5;7;118,40;0;0;0;0;22;0;9;15;17;15;11,20;0;9;14;15;14;12,43;0;7,6;2,6;0,32;Graduate;1;1;0;11,81428571;1,64616656;52,67732993
1711;1;44;1;9991;0;39;130;1;37;37;9;9;130,00;0;0;0;0;54;0;9;13;13;13;14,31;0;5;12;15;12;15,23;0;15,5;2,8;-4,06;Graduate;1;1;1;14,76923077;1,807783329;50,61793321
1493;1;44;1;9130;1;39;110;1;3;4;2;2;110,00;1;0;0;0;21;0;6;12;12;12;15,33;0;4;11;15;11;15,00;0;8,9;1,4;3,51;Graduate;1;1;0;15,16666667;1,829520554;49,39705496
921;4;39;1;8014;0;19;140;1;37;37;9;3;131,00;0;0;0;0;22;0;6;12;12;12;12,92;0;4;11;16;11;14,50;0;8,9;1,4;3,51;Graduate;1;1;0;13,70833333;1,749758962;48,99325094
391;1;44;1;9085;1;39;140;1;4;38;4;5;140,00;1;0;0;0;41;0;5;10;14;10;14,64;0;5;10;13;10;14,60;0;16,2;0,3;-0,92;Graduate;1;1;0;14,61818182;1,799521909;48,58709153
944;1;7;1;9085;1;3;130;1;1;19;9;10;130,00;0;0;1;0;21;0;6;12;12;12;13,67;0;4;11;16;11;13,00;0;8,9;1,4;3,51;Graduate;1;1;0;13,33333333;1,729248839;48,41896748
4058;1;42;1;9003;1;39;140;1;19;1;5;5;140,00;0;0;1;0;21;0;8;12;13;12;14,54;0;4;12;14;12;14,46;0;15,5;2,8;-4,06;Graduate;1;1;0;14,5;1,793058112;48,41256902
2024;1;1;1;9070;1;1;116;1;1;12;5;8;110,40;1;0;1;0;44;0;9;13;18;13;11,85;0;9;11;11;11;12,00;0;12,7;3,7;-1,7;Graduate;1;1;0;11,92307692;1,65211675;47,91138575
4381;1;7;1;9500;1;2;140;1;38;37;7;8;140,00;0;0;0;1;19;0;6;12;12;12;12,75;0;4;11;16;11;13,25;0;8,9;1,4;3,51;Graduate;1;1;0;13;1,711017618;47,90849329
3814;1;7;1;8014;0;43;180;1;19;19;9;4;180,00;0;0;0;0;37;0;12;14;14;14;16,50;0;8;11;11;11;16,91;0;8,9;1,4;3,51;Graduate;1;1;0;16,70454545;1,913632778;47,84081945
3999;4;7;1;9500;1;40;130;1;19;19;4;6;130,00;0;0;1;0;28;0;0;6;14;6;14,88;0;0;6;12;6;15,80;0;16,2;0,3;-0,92;Graduate;1;1;0;15,3375;1,838864055;47,81046542
1223;2;39;1;9991;0;19;133,1;1;19;39;5;3;121,70;0;0;1;0;26;0;9;14;14;14;14,00;0;7;13;13;13;13,62;0;15,5;2,8;-4,06;Graduate;1;1;1;13,80769231;1,755193268;47,39021825
3084;1;1;1;9130;1;1;110;1;3;19;2;9;105,50;1;0;0;0;18;1;0;6;13;6;13,00;0;0;6;15;6;12,25;0;11,1;0,6;2,02;Graduate;1;1;0;12,625;1,690507494;47,33420983
1072;1;44;1;9238;1;39;140;1;19;19;8;8;144,30;1;0;1;1;20;0;6;12;12;12;14,58;0;4;11;14;11;14,33;0;8,9;1,4;3,51;Graduate;1;1;1;14,45833333;1,790779209;46,56025944
2959;2;39;1;9853;1;19;133,1;1;37;19;3;7;100,00;0;0;0;0;21;0;9;13;14;13;13,62;1;6;12;12;12;14,25;0;13,9;-0,3;0,79;Graduate;1;1;0;13,93269231;1,762029976;45,81277938
2870;2;39;1;9991;0;19;133,1;1;37;37;9;9;150,30;0;0;0;1;23;0;7;12;14;12;14,38;0;5;10;12;10;13,30;0;8,9;1,4;3,51;Graduate;1;1;0;13,84230769;1,757086511;45,68424928
3473;4;39;1;8014;0;19;133,1;1;37;37;9;9;95,00;0;0;0;0;20;0;6;12;12;12;13,25;0;4;11;14;11;14,33;0;8,9;1,4;3,51;Graduate;1;1;0;13,79166667;1,754316767;45,61223595
620;1;44;1;9085;1;39;140;1;3;1;2;3;140,00;1;0;1;1;34;0;0;5;11;5;14,71;0;0;5;14;5;14,38;5;16,2;0,3;-0,92;Graduate;1;1;0;14,54464286;1,795499793;44,88749483
1197;1;7;1;9070;1;3;140;1;37;2;9;3;140,00;0;0;0;0;19;0;6;12;12;12;13,00;0;4;11;14;11;13,25;0;8,9;1,4;3,51;Graduate;1;0;0;13,125;1,717854326;44,66421246
1944;1;1;1;9070;1;1;117;1;4;19;3;5;123,70;1;0;1;0;50;0;0;5;10;5;11,86;0;0;5;17;5;11,50;5;16,2;0,3;-0,92;Graduate;1;1;0;11,67857143;1,638743849;44,24608392
1602;1;17;6;9670;1;1;110;1;1;19;4;10;111,30;0;0;0;1;24;0;7;12;13;12;12,85;0;5;11;13;11;12,64;0;8,9;1,4;3,51;Graduate;1;1;0;12,74125874;1,69686611;44,11851887
2173;2;7;1;9070;1;43;140;1;37;1;9;7;140,00;0;0;1;0;32;0;0;6;8;6;18,88;0;6;12;14;12;17,69;0;16,2;0,3;-0,92;Graduate;1;1;0;18,28365385;2;44
1022;1;44;1;9147;1;39;117,4;1;19;1;4;9;117,40;1;0;0;0;19;1;6;12;12;12;15,25;0;4;11;12;11;15,00;0;8,9;1,4;3,51;Graduate;1;0;0;15,125;1,827241651;43,85379963
3185;1;1;1;9085;1;1;111;1;1;38;5;9;107,50;0;0;1;0;37;0;7;12;13;12;12,25;0;8;13;13;13;12,85;0;9,4;-0,8;-3,12;Graduate;1;1;0;12,54807692;1,686300289;43,84380752
2600;1;17;3;9853;1;1;118;1;38;38;7;7;121,20;1;0;0;0;21;0;4;9;9;9;10,89;0;3;10;18;10;11,62;0;10,8;1,4;1,74;Graduate;1;1;0;11,25213675;1,615420574;43,61635551
2656;1;39;1;9500;1;1;114;1;37;37;9;9;130,00;0;0;0;1;20;0;8;11;12;11;12,00;0;6;11;14;11;12,75;0;13,9;-0,3;0,79;Graduate;1;1;0;12,375;1,676834078;43,59768604
1230;1;53;1;9085;1;42;140;1;1;1;4;3;140,00;1;0;0;1;21;0;0;6;13;6;16,15;0;0;6;10;6;15,75;0;15,5;2,8;-4,06;Graduate;1;1;0;15,95192308;1,872469103;43,06678938
575;1;43;4;171;1;1;117;1;19;12;9;10;109,30;0;0;0;0;20;0;5;11;12;11;11,73;0;5;11;14;11;12,00;0;12,4;0,5;1,79;Graduate;1;1;0;11,86363636;1,648865728;42,87050893
4288;1;44;1;9085;1;39;160;1;1;1;4;4;160,00;0;0;0;0;20;0;7;11;13;11;14,62;0;4;9;11;9;13,70;0;8,9;1,4;3,51;Graduate;1;1;0;14,15769231;1,77433605;42,58406521
1631;2;39;1;9130;1;19;133,1;1;37;38;9;9;120,00;0;0;0;1;19;0;6;12;12;12;13,67;0;4;11;12;11;14,17;0;8,9;1,4;3,51;Graduate;1;1;0;13,91666667;1,761153475;42,26768341
104;4;39;1;9003;1;12;133,1;1;37;37;9;6;160,00;0;0;1;0;19;0;6;12;12;12;13,58;0;4;11;12;11;13,58;0;8,9;1,4;3,51;Graduate;1;1;0;13,58333333;1,742922254;41,8301341
2275;2;39;1;171;1;19;100;1;37;37;9;9;139,00;0;0;0;0;19;0;1;6;14;6;15,54;0;0;6;9;6;12,63;0;15,5;2,8;-4,06;Graduate;1;1;0;14,08173077;1,770181436;40,71417302
3882;1;1;2;9254;1;1;111;1;1;19;5;7;109,30;1;0;0;0;20;0;0;6;8;6;13,29;0;0;6;16;6;11,80;0;12,4;0,5;1,79;Graduate;1;1;0;12,54285714;1,6860148;40,46435521
565;1;1;6;9070;1;6;119;1;1;1;9;9;123,20;1;0;0;0;18;0;0;6;8;6;13,86;0;0;6;15;6;13,10;0;12,4;0,5;1,79;Graduate;1;1;0;13,47857143;1,737192442;39,95542617
2301;1;44;1;9119;1;39;140;1;5;41;3;2;140,00;0;0;0;0;19;0;0;6;13;6;15,31;0;0;6;9;6;14,00;0;15,5;2,8;-4,06;Graduate;1;1;0;14,65384615;1,801472522;39,63239548
1191;1;7;2;9130;1;3;140;1;34;34;0;0;140,00;0;0;0;1;18;0;0;6;14;6;14,33;0;0;6;9;6;12,00;0;15,5;2,8;-4,06;Graduate;1;1;0;13,16666667;1,720133228;39,56306425
726;4;7;1;9500;1;3;140;1;37;38;9;7;140,00;0;0;0;0;21;0;0;6;11;6;13,43;0;0;6;12;6;12,86;0;15,5;2,8;-4,06;Graduate;1;1;0;13,14285714;1,718830998;39,53311296
4299;1;39;1;9991;0;39;150;1;19;19;9;9;150,30;0;0;0;0;20;0;0;6;14;6;15,75;0;0;6;8;6;13,00;0;15,5;2,8;-4,06;Graduate;1;1;0;14,375;1,786221404;39,29687089
529;1;39;1;9147;1;1;110;1;37;37;9;9;110,30;0;0;0;0;20;0;4;10;12;10;13,00;0;5;11;11;11;12,27;0;11,1;0,6;2,02;Graduate;1;1;0;12,63636364;1,691129013;38,8959673
1856;4;39;2;9670;1;19;133,1;1;19;1;90;90;103,00;0;0;0;1;18;0;0;5;9;5;13,20;0;0;5;13;5;14,40;5;16,2;0,3;-0,92;Graduate;1;1;0;13,8;1,754772548;38,60499606
1496;1;7;1;9119;1;40;140;1;3;1;2;5;140,00;0;0;0;0;19;1;0;6;13;6;16,00;0;0;6;8;6;14,50;0;15,5;2,8;-4,06;Graduate;1;1;0;15,25;1,834078359;38,51564554
4309;1;44;1;171;1;39;110;1;1;1;1;7;114,20;0;0;0;1;18;0;0;6;13;6;16,46;0;0;6;8;6;13,88;0;15,5;2,8;-4,06;Graduate;1;1;0;15,16826923;1,829608204;38,42177229
858;1;39;1;9003;1;12;133,1;1;37;1;9;10;130,00;0;0;0;1;20;0;5;11;11;11;13,82;0;5;11;11;11;13,45;0;11,1;0,6;2,02;Graduate;1;1;0;13,63636364;1,745822676;38,40809887
3384;4;7;1;9147;1;3;130;1;19;1;5;5;130,00;0;0;1;1;32;0;5;10;12;10;13,80;0;5;10;10;10;12,80;0;10,8;1,4;1,74;Graduate;1;1;0;13,3;1,727425717;38,00336576
3073;1;44;1;9238;1;39;130;1;1;19;4;5;127,40;0;0;1;0;22;0;0;6;9;6;14,67;0;0;6;12;6;14,67;0;12,7;3,7;-1,7;Graduate;1;1;0;14,66666667;1,802173722;37,84564817
2307;1;7;1;9130;1;3;140;1;2;38;2;3;140,00;1;0;0;0;44;0;5;8;13;8;13,75;0;2;6;9;6;12,50;0;7,6;2,6;0,32;Graduate;1;1;0;13,125;1,717854326;37,79279516
302;1;1;2;9085;1;1;117;1;38;37;9;9;113,50;1;0;0;0;20;0;5;9;15;9;11,67;0;2;7;8;7;11,71;0;7,6;2,6;0,32;Graduate;1;1;0;11,69047619;1,639394964;37,70608417
4412;1;44;1;9130;1;39;150;1;37;37;9;3;150,00;1;0;0;0;41;0;5;10;11;10;14,30;0;5;10;10;10;14,20;0;12,7;3,7;-1,7;Graduate;1;1;0;14,25;1,779384696;37,36707862
835;2;39;1;9119;1;1;110;1;37;37;90;5;150,00;1;0;0;0;18;1;0;6;10;6;13,50;0;0;6;12;6;12,00;0;12,4;0,5;1,79;Graduate;1;1;1;12,75;1,697344202;37,34157244
1446;1;1;2;9254;1;1;110;1;4;19;4;3;114,80;1;0;1;1;21;0;6;11;11;11;12,64;0;3;9;11;9;12,60;0;8,9;1,4;3,51;Graduate;1;1;0;12,61818182;1,690134583;37,18296082
573;1;17;6;9119;1;1;111;1;19;3;5;10;106,50;1;0;0;1;19;0;0;7;11;7;12,63;0;0;8;11;8;12,51;0;12,7;3,7;-1,7;Graduate;1;1;0;12,56875;1,687430976;37,12348146
2918;1;1;1;9500;1;1;118;1;38;38;7;7;115,20;1;0;0;0;34;0;0;5;12;5;10,40;0;0;5;11;5;12,00;0;12,4;0,5;1,79;Graduate;1;1;0;11,2;1,612569024;37,08908756
2448;2;39;1;9254;1;19;133,1;1;37;19;9;10;156,50;0;0;0;0;39;0;7;11;13;11;14,45;0;6;8;8;8;13,50;0;12,7;3,7;-1,7;Graduate;1;1;0;13,97727273;1,764468243;37,0538331
2759;1;44;1;9003;1;39;120;1;38;19;3;5;120,00;0;0;0;1;19;0;0;7;10;7;15,11;0;0;8;10;8;15,09;0;15,5;2,8;-4,06;Graduate;1;1;0;15,1035;1,826065738;36,52131475
2450;1;7;1;9991;0;3;130;1;37;37;9;9;130,00;0;0;1;1;19;0;0;7;9;7;14,24;0;0;8;12;8;12,23;0;15,5;2,8;-4,06;Graduate;1;1;0;13,23888889;1,724083326;36,20574985
2964;2;1;1;9991;0;3;160;1;1;3;4;9;137,30;0;0;0;0;29;0;8;11;14;11;12,75;0;3;7;7;7;13,43;0;9,4;-0,8;-3,12;Graduate;1;1;0;13,08928571;1,71590098;36,03392059
2484;1;53;1;9003;1;42;130;1;1;38;9;6;128,50;0;0;1;0;29;0;1;6;10;6;17,11;0;2;6;9;6;15,57;0;13,9;-0,3;0,79;Graduate;1;1;0;16,34126984;1,893763904;35,98151418
3308;1;7;1;8014;0;3;120;1;19;37;5;3;121,30;0;0;1;0;18;0;0;6;10;6;14,70;0;0;6;10;6;12,00;0;16,2;0,3;-0,92;Graduate;1;1;0;13,35;1,7301604;34,60320799
360;1;39;1;9085;1;43;160;1;3;39;2;3;172,00;0;0;0;0;28;0;0;7;9;7;17,01;0;1;8;9;8;16,58;0;15,5;2,8;-4,06;Graduate;1;1;1;16,79388889;1,918519298;34,53334736
1897;1;1;1;9085;1;1;105;1;19;37;8;8;102,60;0;1;0;0;18;0;0;8;10;8;12,86;2;0;8;10;8;12,86;2;9,4;-0,8;-3,12;Graduate;1;1;1;12,86;1,703360505;34,0672101
3325;1;39;1;171;1;1;110;1;12;3;5;2;100,00;1;0;1;0;21;0;0;5;10;5;13,00;0;0;5;10;5;12,60;0;9,4;-0,8;-3,12;Graduate;1;1;0;12,8;1,700078885;34,0015777
767;1;44;1;9130;1;39;150;1;1;1;4;4;150,00;1;0;0;0;18;0;0;6;7;6;14,67;0;0;6;12;6;13,83;0;8,9;1,4;3,51;Graduate;1;1;0;14,25;1,779384696;33,80830923
1787;2;39;1;9238;1;19;133,1;1;37;37;9;4;103,50;0;0;1;0;18;0;0;7;9;7;14,59;0;0;8;10;8;13,47;0;15,5;2,8;-4,06;Graduate;1;1;0;14,03322222;1,767528326;33,58303819
1296;2;39;1;8014;0;19;133,1;1;1;1;4;4;130,00;0;0;0;1;20;0;0;6;9;6;13,33;0;0;6;10;6;14,67;0;12,7;3,7;-1,7;Graduate;1;1;1;14;1,765711281;33,54851433
3201;2;39;1;9238;1;42;170;1;19;38;8;8;159,50;0;0;0;1;18;0;0;7;9;7;15,12;0;0;8;9;8;16,17;0;15,5;2,8;-4,06;Graduate;1;1;0;15,64277778;1,855560815;33,40009466
4141;4;7;1;9238;1;40;130;1;34;34;99;99;130,00;0;0;0;0;18;0;0;7;7;7;14,73;0;0;8;11;8;16,33;0;16,2;0,3;-0,92;Graduate;1;1;0;15,52792208;1,849278936;33,28702084
1505;1;39;1;9500;1;40;130;1;37;37;9;7;130,00;0;0;0;0;18;0;0;7;10;7;15,15;0;0;8;8;8;15,74;0;15,5;2,8;-4,06;Graduate;1;1;0;15,44375;1,844675256;33,20415461
1016;1;17;1;9254;1;1;116;1;19;19;9;8;119,90;1;0;0;1;20;0;0;7;10;7;11,89;0;0;8;10;8;11,96;0;12,7;3,7;-1,7;Graduate;1;1;0;11,92256944;1,652088994;33,04177988
1806;1;43;1;9991;0;3;130;1;3;1;2;9;130,00;0;0;0;0;18;0;0;7;9;7;13,04;0;0;8;10;8;13,60;0;15,5;2,8;-4,06;Graduate;1;1;0;13,31972222;1,728504397;32,84158355
687;1;39;1;9085;1;39;120;1;37;37;1;9;137,70;1;0;1;0;20;0;0;6;8;6;14,50;0;0;6;10;6;15,30;0;16,2;0,3;-0,92;Graduate;1;1;0;14,9;1,814935577;32,66884039
3254;1;44;1;9130;1;39;130;1;1;3;9;2;130,00;1;0;1;0;31;0;0;6;8;6;15,13;0;0;6;10;6;14,60;0;16,2;0,3;-0,92;Graduate;1;1;0;14,8625;1,812884565;32,63192217
2034;2;39;2;9991;0;1;100;1;37;37;9;9;100,00;1;0;0;0;21;0;5;9;10;9;12,78;0;4;9;9;9;13,22;0;8,9;1,4;3,51;Graduate;1;1;0;13;1,711017618;32,50933474
62;1;44;1;9238;1;39;130;1;19;1;9;9;131,90;0;0;0;1;18;0;0;7;7;7;14,54;0;0;8;11;8;14,88;0;16,2;0,3;-0,92;Graduate;1;1;0;14,71233766;1,804671637;32,48408946
2410;2;39;1;9991;0;1;100;1;37;37;9;9;125,30;1;0;0;1;18;0;1;6;8;6;13,57;1;0;6;11;6;12,38;0;13,9;-0,3;0,79;Graduate;1;1;0;12,97321429;1,709552609;32,48149957
2251;1;44;1;9238;1;39;140;1;1;1;4;3;138,60;0;0;0;0;18;0;0;6;9;6;15,13;0;0;6;9;6;14,00;0;13,9;-0,3;0,79;Graduate;1;1;0;14,5625;1,796476466;32,33657639
1498;1;17;2;9670;1;1;110;1;1;1;4;10;115,30;1;0;0;0;27;0;0;7;9;7;12,23;0;1;8;10;8;13,21;0;10,8;1,4;1,74;Graduate;1;1;0;12,72053571;1,695732692;32,21892115
941;1;1;3;9773;1;1;110;1;19;19;5;5;105,50;1;0;0;0;20;0;0;7;7;7;12,49;0;0;8;12;8;12,94;0;16,2;0,3;-0,92;Graduate;1;1;0;12,71160714;1,695244356;32,20964276
1564;1;44;1;9130;1;39;140;1;19;19;5;5;140,00;1;0;0;1;19;0;0;7;10;7;14,37;0;0;8;8;8;14,45;0;15,5;2,8;-4,06;Graduate;1;1;0;14,408375;1,788046805;32,18484249
1714;1;44;1;9085;1;39;140;1;1;3;9;4;140,00;0;0;0;0;18;0;0;8;9;8;14,40;1;0;8;9;8;14,40;1;9,4;-0,8;-3,12;Graduate;1;1;1;14,4025;1,78772548;32,17905864
1754;1;44;1;9119;1;39;150;1;19;3;5;2;150,00;0;0;0;0;18;0;0;8;9;8;14,38;1;0;8;9;8;14,38;1;9,4;-0,8;-3,12;Graduate;1;1;0;14,3775;1,786358138;32,15444649
3660;1;44;1;9085;1;39;150;1;38;1;5;5;150,00;0;0;0;1;19;0;0;7;7;7;13,71;0;0;8;11;8;14,86;0;16,2;0,3;-0,92;Graduate;1;1;0;14,28896104;1,781515618;32,06728113
1311;1;53;1;9147;1;42;130;1;1;19;143;172;133,80;1;0;0;1;34;0;0;6;7;6;16,14;0;0;6;10;6;16,20;0;9,4;-0,8;-3,12;Graduate;1;1;0;16,17142857;1,884474663;32,03606927
3796;1;1;3;9119;1;1;113;1;4;38;2;7;107,40;1;0;0;1;39;0;3;9;9;9;13,11;0;2;7;10;7;11,71;0;12,7;3,7;-1,7;Graduate;1;1;0;12,41269841;1,678895943;31,89902291
801;1;53;1;9070;1;42;130;1;40;19;3;5;130,00;1;0;0;0;18;0;0;7;9;7;15,16;0;0;8;8;8;16,80;0;12,7;3,7;-1,7;Graduate;1;1;0;15,97777778;1,873883192;31,85601426
2449;1;39;1;9119;1;19;120;1;37;37;9;4;98,60;0;0;0;0;19;0;0;7;10;7;13,81;0;0;8;8;8;14,27;0;15,5;2,8;-4,06;Graduate;1;1;0;14,03875;1,76783066;31,82095188
561;1;53;1;9003;1;42;140;1;3;38;141;151;135,30;0;0;0;0;31;0;0;7;9;7;15,47;0;0;8;8;8;16,39;0;11,1;0,6;2,02;Graduate;1;1;0;15,928125;1,871167499;31,80984749
1358;1;39;1;9254;1;19;133,1;1;19;1;9;5;97,00;0;0;0;1;19;0;0;8;9;8;13,78;1;0;8;9;8;13,78;1;9,4;-0,8;-3,12;Graduate;1;1;0;13,78125;1,753747042;31,56744675
428;1;17;1;9147;1;1;116;1;38;2;9;2;112,20;1;0;0;1;20;0;0;7;9;7;12,33;0;0;8;10;8;11,74;0;15,5;2,8;-4,06;Graduate;1;1;0;12,03188889;1,658068075;31,50329342
288;1;39;1;8014;0;15;170;1;34;1;90;2;101,00;0;0;0;0;19;0;0;7;9;7;14,28;0;0;8;9;8;13,13;0;15,5;2,8;-4,06;Graduate;1;1;0;13,70444444;1,749546265;31,49183276
2891;2;39;1;8014;0;12;110;1;34;34;0;0;157,80;0;0;0;0;18;0;0;5;10;5;14,33;2;0;5;8;5;13,00;1;9,4;-0,8;-3,12;Graduate;1;1;1;13,66666667;1,74748006;31,45464107
623;1;17;5;9853;1;1;117;1;38;38;9;7;114,60;1;0;0;0;38;0;8;11;11;11;12,64;0;5;8;8;8;11,00;0;13,9;-0,3;0,79;Graduate;1;1;0;11,81818182;1,646379652;31,2812134
981;1;42;1;9119;1;6;120;1;35;35;6;6;128,20;1;0;0;0;18;0;0;7;10;7;13,40;0;0;8;8;8;13,54;0;15,5;2,8;-4,06;Graduate;1;1;0;13,47025;1,736737313;31,26127163
4256;1;7;1;8014;0;4;120;1;2;3;2;2;120,00;0;0;0;1;18;0;0;7;8;7;13,78;0;0;8;10;8;13,12;0;16,2;0,3;-0,92;Graduate;1;1;0;13,45039683;1,73565147;31,24172646
226;2;7;1;9991;0;43;140;1;40;5;3;3;140,00;0;0;0;0;18;0;0;7;8;7;17,13;0;0;8;8;8;17,59;0;13,9;-0,3;0,79;Graduate;1;1;0;17,35625;1,949276887;31,18843019
321;1;7;1;9085;1;40;150;1;19;19;9;5;150,00;0;0;0;0;18;0;0;5;8;5;16,17;2;0;5;9;5;14,29;1;9,4;-0,8;-3,12;Graduate;1;1;0;15,22619048;1,832776129;31,1571942
2885;1;7;1;9003;1;3;120;1;37;37;6;6;120,00;0;0;0;1;32;0;0;7;10;7;13,43;0;2;8;8;8;13,25;0;13,9;-0,3;0,79;Graduate;1;1;0;13,33928571;1,729574396;31,13233913
1647;1;1;2;171;1;1;117;1;1;19;3;3;121,60;1;0;0;0;18;0;0;5;11;5;11,33;0;0;5;8;5;12,00;0;13,9;-0,3;0,79;Graduate;1;1;0;11,66666667;1,638092734;31,12376194
1700;1;7;1;9500;1;3;130;1;37;37;90;90;130,00;1;0;0;1;18;0;0;8;9;8;13,31;1;0;8;9;8;13,31;1;9,4;-0,8;-3,12;Graduate;1;1;0;13,31;1,727972653;31,10350776
3587;1;7;1;171;1;3;130;1;1;2;9;2;130,00;0;0;0;0;19;0;0;8;9;8;13,23;1;0;8;9;8;13,23;1;9,4;-0,8;-3,12;Graduate;1;1;0;13,2325;1,723733894;31,0272101
496;1;7;3;9130;1;3;130;1;19;37;90;5;130,00;0;0;1;0;19;0;0;5;7;5;13,60;0;0;5;11;5;12,83;5;16,2;0,3;-0,92;Graduate;1;1;0;13,21666667;1,722867911;31,0116224
1127;1;39;1;9500;1;3;133,8;1;3;37;2;10;184,00;0;0;1;0;39;0;3;9;10;9;13,22;0;2;7;8;7;13,14;0;8,9;1,4;3,51;Graduate;1;1;1;13,18253968;1,721001382;30,97802487
3915;2;43;1;9991;0;3;140;1;37;19;9;4;140,00;0;0;1;0;20;0;0;6;8;6;13,13;0;0;6;10;6;13,20;0;16,2;0,3;-0,92;Graduate;1;1;0;13,1625;1,719905338;30,95829608
3457;1;7;1;9238;1;3;140;1;37;37;9;9;140,00;1;0;0;0;19;0;0;5;10;5;13,29;0;0;5;8;5;13,00;0;12,7;3,7;-1,7;Graduate;1;1;0;13,14285714;1,718830998;30,93895797
1688;1;7;1;9556;1;3;140;1;3;3;2;2;140,00;0;0;0;0;18;0;0;7;10;7;13,03;0;0;8;8;8;13,22;0;15,5;2,8;-4,06;Graduate;1;1;0;13,124375;1,717820142;30,92076256
4409;2;39;1;9773;1;1;100;1;37;37;9;9;133,00;0;0;0;0;20;0;0;5;10;5;13,50;0;0;5;8;5;12,33;0;13,9;-0,3;0,79;Graduate;1;1;1;12,91666667;1,706459812;30,71627662
514;1;39;1;9991;0;1;100;1;37;19;9;2;121,90;0;0;0;1;20;0;0;6;8;6;12,63;0;0;6;10;6;13,20;0;16,2;0,3;-0,92;Graduate;1;1;0;12,9125;1,706231922;30,7121746
3278;1;1;1;9147;1;1;102;1;38;38;9;9;99,60;1;0;1;0;18;0;0;8;9;8;12,89;1;0;8;9;8;12,89;1;9,4;-0,8;-3,12;Graduate;1;1;0;12,8875;1,704864581;30,68756245
3490;1;1;1;9238;1;1;106;1;1;1;3;3;105,00;0;0;0;1;20;0;0;7;10;7;12,63;0;0;8;8;8;13,06;0;15,5;2,8;-4,06;Graduate;1;1;0;12,84375;1,702471733;30,64449119
423;1;44;1;9085;1;39;140;1;1;2;4;6;140,00;1;0;0;0;21;0;0;7;8;7;14,70;0;0;8;9;8;14,62;0;12,4;0,5;1,79;Graduate;1;1;0;14,65923611;1,801767318;30,63004441
3208;1;1;1;9773;1;1;109;1;2;3;3;3;111,80;1;0;1;1;21;0;0;6;8;6;13,00;0;0;6;10;6;12,63;0;15,5;2,8;-4,06;Graduate;1;1;0;12,8125;1,700762556;30,61372601
1109;1;51;1;9991;0;42;110;1;19;37;5;9;128,20;0;0;0;1;18;0;0;7;7;7;16,90;0;0;8;9;8;16,38;0;16,2;0,3;-0,92;Graduate;1;1;0;16,63888889;1,91004178;30,56066848
380;1;44;1;9085;1;39;140;1;37;38;5;6;140,00;1;0;0;0;43;0;0;6;8;6;14,17;0;0;6;9;6;15,00;0;15,5;2,8;-4,06;Graduate;1;1;0;14,58333333;1,797615917;30,55947059
1862;1;39;1;9119;1;1;110;1;1;1;4;4;125,90;0;0;0;0;18;0;0;6;9;6;12,50;0;0;6;9;6;13,00;0;7,6;2,6;0,32;Graduate;1;1;0;12,75;1,697344202;30,55219564
902;1;43;2;9238;1;1;118;1;38;38;5;5;110,00;0;0;0;0;18;0;0;6;8;6;11,33;0;0;6;11;6;10,83;0;7,6;2,6;0,32;Graduate;1;1;0;11,08333333;1,606188097;30,51757385
1450;1;44;1;9070;1;39;140;1;1;19;4;4;140,00;0;0;0;1;19;0;0;7;9;7;13,31;0;0;8;8;8;15,64;0;13,9;-0,3;0,79;Graduate;1;1;0;14,475;1,79169077;30,4587431
2715;1;39;1;9085;1;1;110;1;1;1;5;5;160,00;1;0;0;0;21;0;2;6;9;6;13,14;0;0;6;9;6;12,17;0;13,9;-0,3;0,79;Graduate;1;1;0;12,6547619;1,692135282;30,45843507
4226;1;44;1;9238;1;39;140;1;38;19;5;0;141,80;0;0;0;1;18;0;0;7;9;7;13,06;0;0;8;8;8;15,81;0;13,9;-0,3;0,79;Graduate;1;1;0;14,43402778;1,78944985;30,42064744
4043;1;1;1;9773;1;1;111;1;19;19;9;9;110,00;1;0;1;0;22;0;0;8;9;8;12,55;1;0;8;9;8;12,55;1;9,4;-0,8;-3,12;Graduate;1;1;0;12,55375;1,686610571;30,35899027
1025;1;18;2;9853;1;1;111;1;38;38;191;171;105,80;1;0;0;1;19;0;0;7;9;7;12,14;0;0;8;9;8;12,91;0;12,4;0,5;1,79;Graduate;1;1;0;12,52430556;1,685000146;30,33000263
3786;1;44;1;9003;1;39;150;1;1;38;4;9;150,00;0;0;0;0;21;1;2;7;9;7;14,67;0;1;6;8;6;14,00;0;11,1;0,6;2,02;Graduate;1;1;0;14,33333333;1,783942502;30,32702253
3283;2;53;1;9147;1;42;130;1;19;19;175;152;132,40;0;0;0;0;24;0;4;7;7;7;16,89;0;3;8;9;8;15,74;0;16,2;0,3;-0,92;Graduate;1;1;0;16,31507937;1,892331451;30,27730322
299;1;17;4;9556;1;1;112;1;1;1;4;10;107,10;1;0;0;0;20;0;0;5;11;5;12,33;2;0;5;7;5;12,60;0;9,4;-0,8;-3,12;Graduate;1;1;0;12,46666667;1,681847664;30,27325795
611;1;1;2;9853;1;1;112;1;37;37;191;182;106,10;1;0;0;1;18;0;0;6;8;6;12,75;0;0;6;10;6;12,17;0;12,7;3,7;-1,7;Graduate;1;1;1;12,45833333;1,681391884;30,2650539
1527;1;17;1;9773;1;1;112;1;1;1;5;1;111,70;0;0;0;0;26;0;8;9;11;9;12,33;0;4;7;7;7;12,57;0;12,4;0,5;1,79;Graduate;1;1;0;12,45238095;1,681066326;30,25919387
2712;1;43;1;8014;0;1;113;1;37;37;0;6;128,20;0;0;0;0;30;0;3;9;11;9;12,67;0;2;7;7;7;12,14;0;7,6;2,6;0,32;Graduate;1;1;1;12,4047619;1,678461866;30,21231359
3376;1;44;1;9003;1;39;160;1;38;38;6;6;160,00;1;0;0;0;19;0;0;6;10;6;14,25;0;0;6;7;6;14,00;0;16,2;0,3;-0,92;Graduate;1;1;0;14,125;1,772547988;30,1333158
1887;1;44;1;9003;1;39;160;1;37;37;9;7;160,00;1;0;0;1;18;0;0;7;8;7;13,15;0;0;8;9;8;15,07;0;13,9;-0,3;0,79;Graduate;1;1;0;14,109375;1,7716934;30,1187878
4169;1;1;2;9773;1;1;115;1;34;38;0;5;108,40;1;0;0;0;18;0;0;5;12;5;13,14;2;0;5;6;5;11,40;0;9,4;-0,8;-3,12;Graduate;1;1;0;12,27142857;1,671169378;30,0810488
2496;1;39;1;9773;1;19;100;1;37;37;0;0;128,00;1;0;0;1;21;0;0;5;10;5;13,71;0;0;5;7;5;14,40;0;11,1;0,6;2,02;Graduate;1;1;0;14,05714286;1,768836633;30,07022276
519;4;39;1;8014;0;19;133,1;1;34;34;0;0;100,00;0;0;0;1;19;0;0;6;7;6;14,86;0;0;6;10;6;13,11;0;12,4;0,5;1,79;Graduate;1;1;0;13,98412698;1,764843127;30,00233316
4147;2;39;1;9500;1;19;133,1;1;37;38;9;10;120,90;1;0;0;0;62;0;0;6;7;6;15,00;0;0;6;10;6;12,83;0;10,8;1,4;1,74;Graduate;1;1;0;13,91666667;1,761153475;29,93960908
3324;1;17;3;9119;1;1;115;1;3;1;3;3;116,10;1;0;0;0;44;0;2;8;11;8;11,88;0;0;6;7;6;12,33;0;12,7;3,7;-1,7;Graduate;1;1;0;12,10416667;1,662021211;29,9163818
4278;1;17;1;9119;1;1;116;1;19;37;90;5;116,70;1;0;0;0;32;1;0;7;10;7;11,00;0;0;8;8;8;13,13;0;12,7;3,7;-1,7;Graduate;1;1;0;12,0625;1,659742309;29,87536156
2035;2;39;1;9773;1;19;133,1;1;37;37;6;6;162,00;0;0;0;1;18;0;0;7;9;7;13,30;0;0;8;8;8;14,35;0;15,5;2,8;-4,06;Graduate;1;1;0;13,8225;1,756003155;29,85205364
625;1;17;4;9070;1;1;116;1;38;37;9;9;109,00;0;0;0;1;19;0;0;7;8;7;12,29;0;0;8;10;8;11,74;0;12,4;0,5;1,79;Graduate;1;1;0;12,01160714;1,656958792;29,82525825
2848;2;39;1;9773;1;19;133,1;1;37;37;9;6;110,00;0;0;0;1;18;0;0;6;7;6;13,83;0;0;6;10;6;13,71;0;8,9;1,4;3,51;Graduate;1;1;0;13,77380952;1,753340095;29,80678161
1481;1;53;1;9085;1;42;150;1;1;1;9;4;150,00;1;0;0;1;20;0;0;6;8;6;15,63;0;0;6;8;6;15,86;0;13,9;-0,3;0,79;Graduate;1;1;0;15,74107143;1,860936854;29,77498967
4224;1;17;2;9254;1;1;116;1;19;38;5;5;116,00;1;0;0;0;18;0;0;6;10;6;11,57;0;0;6;8;6;12,33;0;12,4;0,5;1,79;Graduate;1;1;0;11,95238095;1,653719495;29,7669509
1056;1;1;1;9500;1;1;118;1;19;19;5;7;117,80;0;0;1;0;21;0;0;6;9;6;10,17;0;0;6;10;6;10,50;0;12,7;3,7;-1,7;Graduate;1;1;0;10,33333333;1,56516785;29,73818915
286;2;39;1;9773;1;12;100;1;1;1;4;4;100,00;0;0;0;0;18;0;0;6;8;6;14,50;0;0;6;9;6;12,86;0;13,9;-0,3;0,79;Graduate;1;1;0;13,67857143;1,748131175;29,71822997
4143;1;43;1;8014;0;12;114;1;34;34;0;99;110,00;0;0;0;0;18;0;0;6;8;6;14,00;0;0;6;9;6;13,33;0;8,9;1,4;3,51;Graduate;1;1;0;13,66666667;1,74748006;29,70716101
1553;1;7;1;9147;1;40;110;1;37;37;9;9;110,00;0;0;1;1;18;0;0;8;8;8;15,63;0;0;8;8;8;15,63;0;9,4;-0,8;-3,12;Graduate;1;1;0;15,63375;1,855067052;29,68107284
407;1;7;1;9070;1;40;120;1;1;19;3;9;120,00;1;0;1;1;18;0;0;7;7;7;15,96;0;0;8;9;8;15,19;0;16,2;0,3;-0,92;Graduate;1;1;0;15,57301587;1,85174528;29,62792449
1059;1;39;1;9670;1;12;133,1;1;1;19;1;5;100,00;1;0;0;0;19;0;0;6;8;6;13,50;0;0;6;9;6;13,57;0;11,1;0,6;2,02;Graduate;1;1;0;13,53571429;1,740317794;29,5854025
3548;2;43;1;9130;1;9;133,1;1;34;34;0;0;128,20;0;0;0;0;18;0;0;7;9;7;12,57;0;0;7;8;7;14,43;0;11,1;0,6;2,02;Graduate;1;1;0;13,5;1,738364449;29,55219564
749;1;39;1;9670;1;6;133,1;1;1;1;90;3;107,00;1;0;0;1;18;0;0;6;7;6;13,43;0;0;6;10;6;13,50;0;13,9;-0,3;0,79;Graduate;1;1;0;13,46428571;1,736411104;29,51898877
3429;1;43;1;8014;0;1;117;1;37;37;9;9;100,00;0;0;0;1;18;0;0;5;8;5;11,80;0;0;5;10;5;11,60;3;16,2;0,3;-0,92;Graduate;1;1;1;11,7;1,639915856;29,51848541
2941;4;39;1;8014;0;3;100;1;37;37;9;9;130,00;0;0;0;0;19;0;0;7;8;7;13,03;0;0;8;9;8;13,81;0;13,9;-0,3;0,79;Graduate;1;1;0;13,41805556;1,733882607;29,47600432
2541;1;7;1;9147;1;3;120;1;1;39;4;7;120,00;0;0;0;1;18;0;0;7;9;7;12,86;0;0;8;8;8;13,91;0;12,7;3,7;-1,7;Graduate;1;1;1;13,38402778;1,732021503;29,44436556
3455;1;17;1;9147;1;1;117;1;37;37;9;9;109,30;0;0;0;0;19;0;0;6;9;6;12,17;0;0;6;9;6;11,00;0;8,9;1,4;3,51;Graduate;1;1;0;11,58333333;1,633534929;29,40362871
3632;1;1;3;9773;1;1;117;1;38;19;7;7;110,40;1;0;0;1;18;0;0;6;8;6;11,29;0;0;6;10;6;11,86;0;12,4;0,5;1,79;Graduate;1;1;0;11,57142857;1,632883814;29,39190864
768;1;7;1;9991;0;40;133,1;1;1;37;4;1;100,00;0;0;1;1;18;0;0;8;8;8;15,30;0;0;8;8;8;15,30;0;9,4;-0,8;-3,12;Graduate;1;1;0;15,3;1,836813042;29,38900868
3625;1;1;2;9147;1;1;118;1;3;19;2;4;113,80;1;0;0;1;18;0;0;6;9;6;11,33;0;0;6;9;6;11,57;0;15,5;2,8;-4,06;Graduate;1;1;0;11,45238095;1,626372663;29,27470794
3652;1;43;1;9670;1;39;110;1;19;3;7;10;110,00;0;0;0;1;18;0;0;7;7;7;14,60;0;0;8;9;8;15,68;0;11,1;0,6;2,02;Graduate;1;1;0;15,14380952;1,828270413;29,25232661
4327;1;39;1;8014;0;39;110;1;19;37;9;8;127,50;0;0;0;0;18;0;0;7;8;7;14,92;0;0;8;8;8;15,36;0;15,5;2,8;-4,06;Graduate;1;1;1;15,136875;1,827891139;29,24625822
1769;1;7;1;9500;1;3;140;1;3;19;2;6;140,00;0;0;0;1;18;0;0;6;8;6;13,50;0;0;6;9;6;12,83;0;11,1;0,6;2,02;Graduate;1;1;0;13,16666667;1,720133228;29,24226488
308;1;39;1;9130;1;3;150;1;3;1;90;90;150,00;1;0;1;0;19;0;0;6;8;6;12,71;0;0;6;9;6;13,50;0;12,4;0,5;1,79;Graduate;1;1;0;13,10714286;1,716877653;29,1869201
1293;1;44;1;9003;1;39;120;1;1;19;9;7;120,00;0;0;0;0;19;0;0;7;7;7;14,76;0;0;8;9;8;15,37;0;12,4;0,5;1,79;Graduate;1;1;0;15,06190476;1,823790742;29,18065187
3536;1;51;1;9991;0;39;120;1;1;4;4;10;118,10;0;0;0;1;18;0;0;7;7;7;14,87;0;0;8;9;8;15,11;0;11,1;0,6;2,02;Graduate;1;1;0;14,98984127;1,819849325;29,1175892
82;1;39;1;9991;0;2;140;1;3;3;2;2;155,70;1;0;1;0;29;0;0;6;11;6;12,00;0;0;6;6;6;14,00;0;11,1;0,6;2,02;Graduate;1;1;0;13;1,711017618;29,0872995
3532;1;42;1;9003;1;39;120;1;3;1;2;6;128,20;1;0;1;1;22;0;0;7;7;7;14,84;0;0;8;9;8;15,06;0;16,2;0,3;-0,92;Graduate;1;1;0;14,94920635;1,817626853;29,08202964
2442;1;39;1;8014;0;1;100;1;37;37;6;6;108,30;0;0;0;0;19;0;0;7;9;7;12,16;0;0;8;8;8;13,83;0;13,9;-0,3;0,79;Graduate;1;1;1;12,99375;1,710675782;29,0814883
2699;1;44;1;9070;1;39;123,9;1;37;1;9;7;123,90;0;0;0;0;18;0;0;8;8;8;14,89;0;0;8;8;8;14,89;0;9,4;-0,8;-3,12;Graduate;1;1;0;14,88875;1,814320273;29,02912438
2621;1;42;1;9070;1;1;100;1;3;2;2;2;115,90;0;0;0;1;19;0;0;7;7;7;13,31;0;0;8;10;8;12,55;0;12,4;0,5;1,79;Graduate;1;1;0;12,92928571;1,707149994;29,0215499
2760;1;44;1;9003;1;39;130;1;2;3;9;6;130,00;0;0;1;0;29;0;0;6;9;6;16,11;0;0;6;7;6;13,50;0;13,9;-0,3;0,79;Graduate;1;1;0;14,80555556;1,809770065;28,95632103
3067;1;44;1;9070;1;39;130;1;1;1;4;10;130,00;1;0;0;1;18;0;0;7;7;7;14,57;0;0;8;9;8;14,96;0;12,4;0,5;1,79;Graduate;1;1;0;14,76420635;1,807508525;28,9201364
204;1;44;1;9238;1;39;130;1;38;38;5;10;126,70;0;0;0;1;18;0;0;7;7;7;14,65;0;0;8;9;8;14,76;0;12,4;0,5;1,79;Graduate;1;1;0;14,70420635;1,804226905;28,86763048
1290;1;1;1;9500;1;1;110;1;19;19;9;7;105,80;1;0;0;0;19;0;0;7;9;7;11,68;0;0;8;8;8;13,80;0;12,7;3,7;-1,7;Graduate;1;1;0;12,73888889;1,696736495;28,84452041
248;1;44;1;9003;1;39;130;1;37;37;9;10;130,00;0;0;0;0;19;0;0;7;7;7;14,21;0;0;8;9;8;15,13;0;11,1;0,6;2,02;Graduate;1;1;0;14,6681746;1,802256197;28,83609915
4267;1;44;1;171;1;39;140;1;1;1;9;9;140,00;0;0;0;1;32;0;0;8;8;8;14,66;0;0;8;8;8;14,66;0;9,4;-0,8;-3,12;Graduate;1;1;0;14,6625;1,801945832;28,83113332
3596;1;44;1;9003;1;39;140;1;19;38;9;10;140,00;0;0;0;0;21;0;3;7;8;7;13,39;0;2;8;8;8;15,90;0;13,9;-0,3;0,79;Graduate;1;1;1;14,64375;1,800920326;28,81472522
3512;1;44;1;9130;1;39;140;1;1;19;4;7;140,00;0;0;1;0;18;0;0;7;7;7;14,84;0;0;8;9;8;14,39;0;16,2;0,3;-0,92;Graduate;1;1;0;14,61587302;1,799395632;28,79033011
3821;1;44;1;9003;1;39;140;1;4;4;4;2;120,00;1;0;0;1;19;0;0;7;8;7;14,71;0;0;8;8;8;14,48;0;15,5;2,8;-4,06;Graduate;1;1;0;14,591875;1,798083092;28,76932948
3683;1;39;1;9991;0;1;110;1;37;37;9;9;121,80;0;0;0;0;18;0;0;7;10;7;12,14;0;0;7;7;7;13,14;0;12,4;0,5;1,79;Graduate;1;1;0;12,64285714;1,691484167;28,75523083
2850;1;44;1;9085;1;39;140;1;3;3;4;2;140,00;1;0;0;0;19;0;0;6;8;6;14,38;0;0;6;8;6;14,75;0;7,6;2,6;0,32;Graduate;1;1;1;14,5625;1,796476466;28,74362346
776;1;44;1;9085;1;39;140;1;1;1;4;7;140,00;1;0;0;1;18;0;0;7;7;7;14,49;0;0;8;9;8;14,59;0;16,2;0,3;-0,92;Graduate;1;1;1;14,53730159;1,795098272;28,72157236
3894;4;39;1;9085;1;1;110;1;37;37;90;90;110,00;0;0;0;0;18;0;0;7;8;7;12,40;0;0;8;9;8;12,80;0;16,2;0,3;-0,92;Graduate;1;1;0;12,6;1,689140153;28,71538259
293;1;44;1;9003;1;39;140;1;37;37;9;4;140,00;0;0;0;0;18;0;0;7;7;7;14,00;0;0;8;9;8;14,96;0;11,1;0,6;2,02;Graduate;1;1;0;14,47563492;1,791725497;28,66760795
2927;1;44;1;8014;0;39;140;1;1;3;4;6;139,20;0;0;0;0;21;0;0;7;7;7;14,43;0;0;8;9;8;14,51;0;16,2;0,3;-0,92;Graduate;1;1;0;14,46984127;1,791408621;28,66253793
2172;1;44;1;9085;1;39;140;1;1;19;4;4;140,00;0;0;0;0;18;0;0;8;8;8;14,45;0;0;8;8;8;14,45;0;9,4;-0,8;-3,12;Graduate;1;1;0;14,445;1,790049961;28,64079937
4243;1;17;1;9238;1;1;111;1;19;38;3;3;111,40;1;0;0;1;20;0;0;7;8;7;11,96;0;0;8;9;8;13,04;0;13,9;-0,3;0,79;Graduate;1;1;0;12,50347222;1,683860695;28,62563181
182;1;44;1;9991;0;39;140;1;37;19;9;8;140,00;0;0;0;0;27;0;1;7;7;7;14,76;0;1;8;9;8;14,08;0;16,2;0,3;-0,92;Graduate;1;1;0;14,41746032;1,788543714;28,61669943
2111;1;44;3;9085;1;39;150;1;1;19;4;1;150,00;1;0;0;0;18;0;0;7;8;7;13,43;0;0;8;8;8;15,31;0;16,2;0,3;-0,92;Graduate;1;1;0;14,37053571;1,785977236;28,57563578
3597;1;44;1;9003;1;39;150;1;19;1;1;1;150,00;0;0;0;1;18;0;0;7;8;7;14,15;0;0;8;8;8;14,51;0;15,5;2,8;-4,06;Graduate;1;1;0;14,330625;1,783794373;28,54070997
2471;1;44;1;9130;1;39;150;1;5;1;2;5;150,00;1;0;0;0;18;0;0;7;7;7;14,06;0;0;8;9;8;14,60;0;16,2;0,3;-0,92;Graduate;1;1;0;14,32857143;1,783682056;28,53891289
2358;1;44;1;9003;1;39;150;1;1;38;6;6;150,00;1;0;1;0;20;0;0;6;9;6;14,67;0;0;6;7;6;13,86;0;8,9;1,4;3,51;Graduate;1;1;0;14,26190476;1,780035811;28,48057298
3969;1;44;1;9085;1;39;150;1;3;19;2;4;150,00;1;0;0;1;19;0;0;8;8;8;14,25;0;0;8;8;8;14,25;0;9,4;-0,8;-3,12;Graduate;1;1;1;14,2525;1,77952143;28,47234289
398;1;44;1;9085;1;39;150;1;38;37;4;6;150,00;1;0;0;0;18;0;0;8;8;8;14,25;0;0;8;8;8;14,25;0;9,4;-0,8;-3,12;Graduate;1;1;0;14,25;1,779384696;28,47015514
271;1;44;1;9003;1;39;150;1;37;38;4;8;150,00;0;0;0;0;19;0;0;7;7;7;13,47;0;0;8;9;8;15,01;0;12,4;0,5;1,79;Graduate;1;1;0;14,23912698;1,778790011;28,46064018
155;1;43;1;9853;1;1;115;1;3;37;2;5;108,70;1;0;1;0;41;0;6;10;10;10;12,50;0;3;7;7;7;12,14;0;10,8;1,4;1,74;Graduate;1;1;0;12,32142857;1,673904061;28,45636903
2587;1;18;2;9147;1;1;115;1;1;37;5;5;108,70;1;0;0;0;19;0;0;6;7;6;12,83;0;0;6;10;6;11,78;0;8,9;1,4;3,51;Graduate;1;1;0;12,30555556;1,673035907;28,44161042
3673;1;44;1;9085;1;39;150;1;19;37;4;7;150,00;1;0;0;0;19;0;0;7;7;7;14,30;0;0;8;9;8;14,06;0;16,2;0,3;-0,92;Graduate;1;1;0;14,17777778;1,775434598;28,40695357
1881;2;44;1;9119;1;39;160;1;37;37;9;9;160,00;0;0;0;1;18;0;0;8;8;8;14,15;0;0;8;8;8;14,15;0;9,4;-0,8;-3,12;Graduate;1;1;1;14,15375;1,774120431;28,3859269
1500;1;44;1;9003;1;39;160;1;1;38;4;4;160,00;1;0;1;1;17;0;0;6;8;6;14,88;0;0;6;8;6;13,43;0;11,1;0,6;2,02;Graduate;1;1;0;14,15178571;1,774012997;28,38420796
919;2;44;1;9003;1;39;160;1;37;38;9;4;160,00;0;0;1;0;20;0;0;7;8;7;13,59;0;0;8;8;8;14,69;0;15,5;2,8;-4,06;Graduate;1;1;0;14,13660714;1,773182826;28,37092521
3970;1;44;1;9991;0;39;160;1;37;37;9;9;160,00;0;0;0;1;18;0;0;7;7;7;13,46;0;0;8;9;8;14,79;0;12,4;0,5;1,79;Graduate;1;1;0;14,1265873;1,772634804;28,36215686
3564;1;44;1;9119;1;39;160;1;3;38;2;3;160,00;0;0;0;1;19;0;0;8;8;8;14,11;0;0;8;8;8;14,11;0;9,4;-0,8;-3,12;Graduate;1;1;0;14,11;1,771727583;28,34764134
1768;1;44;1;9254;1;39;170;1;19;2;9;3;170,00;0;0;1;0;54;0;4;9;9;9;14,33;0;2;7;7;7;13,86;0;8,9;1,4;3,51;Graduate;1;1;0;14,0952381;1,770920201;28,33472321
661;1;44;1;9003;1;39;180;1;1;3;4;2;180,00;0;0;0;0;18;0;0;7;8;7;13,61;0;0;8;8;8;14,58;0;13,9;-0,3;0,79;Graduate;1;1;0;14,09375;1,770838811;28,33342098
2763;1;39;1;8014;0;19;100;1;37;37;5;5;111,00;1;0;0;1;19;0;0;8;8;8;14,07;0;0;8;8;8;14,07;0;9,4;-0,8;-3,12;Graduate;1;1;0;14,07125;1,769608204;28,31373126
2535;1;1;1;9238;1;1;115;1;38;38;8;7;112,90;1;0;1;0;18;0;0;7;8;7;11,84;0;0;8;9;8;12,48;0;13,9;-0,3;0,79;Graduate;1;1;0;12,159375;1,665040757;28,30569287
3229;1;1;2;9500;1;1;115;1;38;38;9;8;108,40;1;0;0;0;19;0;0;5;11;5;11,71;2;0;5;6;5;12,60;0;9,4;-0,8;-3,12;Graduate;1;1;0;12,15714286;1,664918673;28,30361744
763;2;43;3;8014;0;19;100;1;37;37;9;9;120,00;1;0;0;0;18;0;0;7;8;7;14,13;0;0;8;8;8;13,98;0;15,5;2,8;-4,06;Graduate;1;1;0;14,0575;1,768856166;28,30169866
2472;2;39;1;9085;1;19;110;1;37;37;90;90;110,00;0;0;0;0;18;0;1;6;8;6;13,71;1;0;6;8;6;14,38;0;13,9;-0,3;0,79;Graduate;1;1;0;14,04464286;1,768152962;28,29044739
2499;1;39;1;171;1;19;133,1;101;1;19;2;7;110,00;0;0;0;0;18;0;0;8;8;8;14,04;0;0;8;8;8;14,04;0;9,4;-0,8;-3,12;Graduate;1;1;0;14,035;1,767625559;28,28200894
375;2;39;1;9085;1;19;133,1;1;38;38;4;7;128,20;0;0;1;1;22;0;0;6;8;6;13,63;0;0;6;8;6;14,43;0;11,1;0,6;2,02;Graduate;1;1;0;14,02678571;1,767176289;28,27482063
1495;1;39;1;9500;1;19;133,1;1;1;3;2;2;100,00;0;0;0;0;18;0;0;7;8;7;13,18;0;0;8;8;8;14,88;0;13,9;-0,3;0,79;Graduate;1;1;0;14,025;1,767078622;28,27325795
711;2;39;1;9991;0;19;133,1;1;38;38;90;90;121,70;1;0;0;0;19;0;0;7;7;7;13,69;0;0;8;9;8;14,36;0;11,1;0,6;2,02;Graduate;1;1;0;14,02492063;1,767074281;28,2731885
2641;2;39;1;9119;1;19;133,1;1;37;37;9;9;100,00;0;0;0;1;18;0;0;7;8;7;13,64;0;0;8;8;8;14,39;0;13,9;-0,3;0,79;Graduate;1;1;0;14,0125;1,766394951;28,26231922
1243;1;39;1;9119;1;19;133,1;1;1;19;4;5;100,00;0;0;1;0;47;0;3;9;9;9;13,11;0;3;7;7;7;14,86;0;10,8;1,4;1,74;Graduate;1;1;0;13,98412698;1,764843127;28,23749004
527;1;39;1;9119;1;19;133,1;1;19;19;5;3;100,90;1;0;0;1;19;0;0;8;8;8;13,95;0;0;8;8;8;13,95;0;9,4;-0,8;-3,12;Graduate;1;1;1;13,9475;1,762839863;28,20543781
506;1;39;1;9500;1;19;133,1;1;37;38;151;161;143,70;0;0;0;0;18;0;0;7;8;7;13,31;0;0;8;8;8;14,55;0;15,5;2,8;-4,06;Graduate;1;1;0;13,925625;1,761643439;28,18629503
3674;1;39;1;8014;0;19;133,1;1;19;19;144;141;131,50;0;0;0;0;18;0;0;7;7;7;13,92;0;0;8;9;8;13,89;0;11,1;0,6;2,02;Graduate;1;1;0;13,90303571;1,760407949;28,16652718
1485;1;39;1;9500;1;19;133,1;1;37;37;9;7;116,00;0;0;0;1;18;0;0;7;7;7;14,15;0;0;8;9;8;13,63;0;11,1;0,6;2,02;Graduate;1;1;0;13,88674603;1,759517006;28,1522721
376;2;51;1;8014;0;19;133,1;1;37;37;9;9;104,00;0;0;0;0;19;0;0;7;7;7;13,54;0;0;8;9;8;14,22;0;16,2;0,3;-0,92;Graduate;1;1;0;13,88253968;1,759286946;28,14859113
3258;2;39;1;9003;1;19;133,1;1;37;19;9;4;140,00;0;0;0;1;18;0;0;8;8;8;13,88;0;0;8;8;8;13,88;0;9,4;-0,8;-3,12;Graduate;1;1;0;13,88125;1,759216408;28,14746253
1202;2;39;1;8014;0;19;133,1;1;37;37;4;8;112,50;0;0;0;0;18;0;0;7;8;7;13,55;0;0;8;8;8;14,19;0;13,9;-0,3;0,79;Graduate;1;1;0;13,86875;1,758532737;28,1365238
210;1;39;1;9254;1;19;133,1;1;3;19;2;3;124,50;0;0;0;0;18;0;0;7;7;7;13,70;0;0;8;9;8;13,99;0;11,1;0,6;2,02;Graduate;1;1;0;13,84722222;1,757355304;28,11768487
1208;2;39;1;9003;1;19;133,1;1;19;37;9;10;120,00;0;0;0;0;27;0;0;8;8;8;13,81;0;0;8;8;8;13,81;0;9,4;-0,8;-3,12;Graduate;1;1;0;13,81375;1,755524586;28,08839337
4050;1;53;1;9556;1;42;140;1;1;19;4;5;140,00;0;0;0;0;19;0;0;6;7;6;16,00;0;0;6;8;6;15,88;0;12,4;0,5;1,79;Graduate;1;1;0;15,9375;1,871680252;28,07520379
2238;1;39;1;9254;1;19;133,1;1;38;37;4;5;102,50;0;0;0;1;18;0;0;7;8;7;13,57;0;0;8;8;8;14,03;0;15,5;2,8;-4,06;Graduate;1;1;0;13,7975;1,754635814;28,07417302
690;4;39;2;9147;1;19;133,1;1;37;37;9;7;116,40;0;0;0;1;18;0;0;7;8;7;13,26;0;0;8;8;8;14,29;0;15,5;2,8;-4,06;Graduate;1;1;0;13,773125;1,753302656;28,05284249
1765;1;53;1;9147;1;42;140;1;1;1;6;6;142,20;0;0;0;0;18;0;0;6;8;6;15,38;0;0;6;7;6;16,43;0;16,2;0,3;-0,92;Graduate;1;1;0;15,90178571;1,869726907;28,04590361
256;2;39;1;9556;1;19;133,1;1;38;37;7;7;99,50;1;0;0;1;18;0;0;8;8;8;13,76;0;0;8;8;8;13,76;0;9,4;-0,8;-3,12;Graduate;1;1;1;13,76375;1,752789903;28,04463844
3356;2;39;2;9003;1;19;133,1;1;38;19;4;1;110,00;0;0;0;0;18;0;0;8;8;8;13,76;0;0;8;8;8;13,76;0;9,4;-0,8;-3,12;Graduate;1;1;0;13,76375;1,752789903;28,04463844
1605;1;39;1;9003;1;19;133,1;1;1;19;9;8;120,00;0;0;0;0;18;0;0;8;8;8;13,76;0;0;8;8;8;13,76;0;9,4;-0,8;-3,12;Graduate;1;1;1;13,76125;1,752653169;28,0424507
1184;1;53;1;9085;1;42;140;1;19;38;9;9;138,20;0;0;1;0;51;0;4;7;7;7;15,20;0;6;8;8;8;16,58;0;13,9;-0,3;0,79;Graduate;1;1;0;15,8875;1,868945569;28,03418354
3808;1;39;1;8014;0;19;149;1;34;34;0;0;126,30;0;0;0;0;18;0;0;7;7;7;13,47;0;0;8;9;8;13,94;0;16,2;0,3;-0,92;Graduate;1;1;0;13,70793651;1,749737258;27,99579613
1708;1;1;4;9147;1;1;117;1;1;38;8;9;117,00;1;0;0;0;18;0;0;6;7;6;11,67;0;0;6;10;6;11,83;0;10,8;1,4;1,74;Graduate;1;1;0;11,75;1,642650539;27,92505916
968;1;39;1;9003;1;12;133,1;1;37;19;9;10;120,00;0;0;0;0;18;0;0;7;7;7;13,44;0;0;8;9;8;13,74;0;16,2;0,3;-0,92;Graduate;1;1;0;13,59365079;1,743486554;27,89578486
1807;1;1;3;9119;1;1;117;1;1;1;3;5;111,10;0;0;1;0;48;0;0;5;9;5;12,29;0;0;5;8;5;11,13;0;16,2;0,3;-0,92;Graduate;1;1;0;11,70535714;1,640208858;27,88355058
479;1;1;1;9500;1;1;117;1;3;1;3;3;113,20;0;1;0;1;18;0;0;5;7;5;12,00;0;0;5;10;5;11,40;0;8,9;1,4;3,51;Graduate;1;1;0;11,7;1,639915856;27,87856955
3017;1;53;1;9085;1;42;150;1;1;19;4;8;145,20;1;0;0;1;18;0;0;7;7;7;15,29;0;0;8;8;8;16,08;0;12,4;0,5;1,79;Graduate;1;1;0;15,68035714;1,857616168;27,86424252
3804;1;43;1;8014;0;10;100;1;34;34;0;0;113,00;1;0;0;1;19;0;0;7;7;7;13,37;0;0;8;9;8;13,67;0;16,2;0,3;-0,92;Graduate;1;1;0;13,51904762;1,739406233;27,83049973
547;1;39;1;9119;1;40;120;1;1;1;5;10;146,80;0;0;0;0;19;0;0;6;6;6;15,33;0;0;6;9;6;15,83;0;12,7;3,7;-1,7;Graduate;1;1;0;15,58333333;1,85230958;27,7846437
2257;1;7;1;33;1;40;120;1;38;37;5;6;120,00;1;0;0;0;18;0;0;7;7;7;15,01;0;0;8;8;8;16,09;0;12,4;0,5;1,79;Graduate;1;1;0;15,55089286;1,850535292;27,75802938
83;1;39;1;9003;1;4;160;1;3;3;4;2;180,40;0;0;0;1;18;0;0;8;8;8;13,44;0;0;8;8;8;13,44;0;9,4;-0,8;-3,12;Graduate;1;1;0;13,435;1,734809361;27,75694978
3521;1;43;1;9991;0;4;160;1;3;3;2;1;125,00;0;0;0;0;19;0;0;8;8;8;13,43;0;0;8;8;8;13,43;0;9,4;-0,8;-3,12;Graduate;1;1;0;13,4275;1,734399159;27,75038654
703;1;7;1;9556;1;4;190;1;5;5;2;2;190,00;1;0;0;1;18;0;0;8;8;8;13,42;0;0;8;8;8;13,42;0;9,4;-0,8;-3,12;Graduate;1;1;0;13,42375;1,734194057;27,74710492
2219;1;7;1;9773;1;43;140;1;19;1;4;8;140,00;0;0;1;1;18;0;0;5;6;5;17,33;0;0;5;8;5;18,57;0;12,4;0,5;1,79;Graduate;1;1;0;17,95238095;1,981881472;27,74634061
3086;2;7;1;9147;1;3;110;1;19;1;9;9;110,00;0;0;0;1;18;0;0;8;8;8;13,40;0;0;8;8;8;13,40;0;9,4;-0,8;-3,12;Graduate;1;1;0;13,40375;1,733100184;27,72960295
2444;2;39;1;9003;1;3;110;1;3;19;4;6;150,00;0;0;0;1;18;0;0;8;8;8;13,39;0;0;8;8;8;13,39;0;9,4;-0,8;-3,12;Graduate;1;1;0;13,39125;1,732416513;27,71866421
2958;2;39;1;8014;0;3;110;1;37;37;9;9;160,50;0;0;0;1;19;0;0;7;8;7;13,47;0;0;8;8;8;13,31;0;15,5;2,8;-4,06;Graduate;1;1;1;13,39125;1,732416513;27,71866421
1097;1;17;1;9670;1;3;110;1;12;3;5;8;106,50;1;0;0;1;19;0;0;7;8;7;13,39;0;0;8;8;8;13,39;0;10,8;1,4;1,74;Graduate;1;1;0;13,38660714;1,732162578;27,71460125
2972;1;39;1;9991;0;3;120;1;19;1;9;5;134,00;0;0;0;1;20;0;0;8;8;8;13,38;0;0;8;8;8;13,38;0;9,4;-0,8;-3,12;Graduate;1;1;0;13,38125;1,731869577;27,70991323
1162;4;7;1;9500;1;40;130;1;37;37;3;3;130,00;1;0;0;1;18;0;0;6;7;6;15,67;0;0;6;8;6;15,29;0;8,9;1,4;3,51;Graduate;1;1;0;15,47619048;1,846449545;27,69674317
2235;1;17;2;9254;1;1;118;1;19;19;5;7;121,20;0;0;0;0;20;0;0;6;7;6;11,67;0;0;6;10;6;11,33;0;7,6;2,6;0,32;Graduate;1;1;0;11,5;1,628977123;27,6926111
3900;2;7;1;9147;1;3;120;1;37;37;9;9;120,00;0;0;0;0;19;0;0;6;7;6;13,00;0;0;6;9;6;13,71;0;7,6;2,6;0,32;Graduate;1;1;0;13,35714286;1,730551069;27,6888171
2987;1;43;2;9853;1;1;118;1;19;1;5;4;110,00;1;0;1;0;19;0;0;6;10;6;11,13;0;0;6;7;6;11,86;0;7,6;2,6;0,32;Graduate;1;1;0;11,49107143;1,628488787;27,68430938
596;1;39;1;9991;0;3;120;1;37;37;9;9;141,00;0;0;1;1;18;0;0;7;8;7;12,51;0;0;8;8;8;14,19;0;13,9;-0,3;0,79;Graduate;1;1;0;13,35;1,7301604;27,68256639
3539;1;17;5;9254;1;1;118;1;19;37;5;5;120,50;1;0;0;0;19;0;0;6;10;6;10,83;0;0;6;7;6;12,14;0;11,1;0,6;2,02;Graduate;1;1;0;11,48809524;1,628326008;27,68154214
4098;1;43;1;9991;0;3;120;1;37;37;9;9;120,00;0;0;0;0;19;0;0;8;8;8;13,35;0;0;8;8;8;13,35;0;9,4;-0,8;-3,12;Graduate;1;1;0;13,3475;1,730023666;27,68037865
3307;2;43;1;9254;1;3;120;1;38;37;9;3;120,00;1;0;0;0;19;0;0;8;8;8;13,34;0;0;8;8;8;13,34;0;9,4;-0,8;-3,12;Graduate;1;1;0;13,3425;1,729750197;27,67600316
3371;1;7;1;9147;1;3;130;1;37;37;9;9;130,00;0;0;0;0;18;0;0;7;7;7;13,29;0;0;8;9;8;13,33;0;16,2;0,3;-0,92;Graduate;1;1;0;13,30952381;1,727946609;27,64714574
2685;1;7;1;9003;1;3;130;1;1;19;5;9;130,00;0;0;1;0;49;0;0;6;8;6;12,17;0;0;6;8;6;14,43;0;12,4;0,5;1,79;Graduate;1;1;0;13,29761905;1,727295494;27,6367279
1194;1;7;1;9254;1;40;130;1;1;1;3;6;130,00;0;0;0;0;26;0;0;6;7;6;16,50;0;0;6;8;6;14,29;0;8,9;1,4;3,51;Graduate;1;1;0;15,39285714;1,84189174;27,62837609
4095;2;7;1;9238;1;3;130;1;37;19;4;5;130,00;0;0;0;0;18;0;0;8;8;8;13,28;0;0;8;8;8;13,28;0;9,4;-0,8;-3,12;Graduate;1;1;0;13,27625;1,726126742;27,61802787
2976;5;43;1;9991;0;3;130;1;3;3;1;1;130,00;0;0;0;1;21;0;0;8;8;8;13,26;0;0;8;8;8;13,26;0;9,4;-0,8;-3,12;Graduate;1;1;0;13,2575;1,725101236;27,60161977
3762;1;7;1;9238;1;3;130;1;1;1;4;10;125,10;0;0;0;1;20;0;0;7;8;7;12,73;0;0;8;8;8;13,71;0;13,9;-0,3;0,79;Graduate;1;1;1;13,21875;1,722981856;27,5677097
3569;1;17;5;9119;1;1;118;1;1;19;9;9;120,50;1;0;0;1;41;0;0;6;8;6;11,33;0;0;6;9;6;11,33;0;10,8;1,4;1,74;Graduate;1;1;1;11,33333333;1,619861513;27,53764572
1156;1;1;1;9147;1;1;118;1;1;2;10;10;117,30;1;0;0;0;29;0;0;6;10;6;11,67;0;0;6;7;6;11,00;0;7,6;2,6;0,32;Graduate;1;1;0;11,33333333;1,619861513;27,53764572
1958;1;7;1;9500;1;3;140;1;37;37;4;4;140,00;0;0;0;1;20;0;0;6;9;6;11,88;0;0;6;7;6;14,43;0;16,2;0,3;-0,92;Graduate;1;1;0;13,15178571;1,719319334;27,50910935
3885;1;7;1;9500;1;3;140;1;1;37;9;5;140,00;0;0;0;0;20;0;0;6;7;6;13,57;0;0;6;9;6;12,71;0;12,4;0,5;1,79;Graduate;1;1;0;13,14285714;1,718830998;27,50129597
1785;1;7;2;9500;1;3;140;1;37;38;9;9;138,00;0;0;0;1;19;0;0;6;8;6;14,00;0;0;6;8;6;12,29;0;16,2;0,3;-0,92;Graduate;1;1;0;13,14285714;1,718830998;27,50129597
2271;2;7;1;9991;0;3;140;1;34;34;99;99;140,00;1;0;0;0;19;0;0;7;8;7;13,20;0;0;8;8;8;13,06;0;11,1;0,6;2,02;Graduate;1;1;0;13,13053571;1,718157094;27,4905135
3607;1;44;1;9070;1;39;100;1;1;1;4;4;106,00;0;0;0;1;18;0;0;7;7;7;15,14;0;0;8;8;8;15,29;0;12,4;0,5;1,79;Graduate;1;1;0;15,21160714;1,831978513;27,4796777
278;2;7;1;9130;1;3;140;1;5;4;2;0;140,00;0;0;0;0;19;0;0;8;8;8;13,12;0;0;8;8;8;13,12;0;9,4;-0,8;-3,12;Graduate;1;1;0;13,11625;1,717375756;27,4780121
3952;1;7;1;9147;1;3;150;1;6;27;1;7;150,00;0;0;1;1;24;0;0;6;9;6;13,56;0;0;6;7;6;12,67;0;13,9;-0,3;0,79;Graduate;1;1;0;13,11111111;1,717094691;27,47351506
198;1;7;1;9119;1;3;150;1;3;2;2;2;150,00;0;0;0;0;18;0;0;8;8;8;13,11;0;0;8;8;8;13,11;0;9,4;-0,8;-3,12;Graduate;1;1;0;13,11;1,717033921;27,47254273
4402;1;7;1;9085;1;3;150;1;19;37;90;90;140,00;0;0;0;1;21;0;0;8;8;8;13,11;0;0;8;8;8;13,11;0;9,4;-0,8;-3,12;Graduate;1;1;0;13,105;1,716760452;27,46816724
3729;1;51;1;8014;0;2;110;1;19;38;9;10;110,00;0;0;1;0;19;0;0;6;8;6;12,83;0;0;6;8;6;13,33;0;15,5;2,8;-4,06;Graduate;1;1;0;13,08333333;1,715575423;27,44920677
3121;2;1;1;9991;0;2;120;1;37;37;6;3;129,20;0;0;0;0;18;0;0;8;8;8;13,07;0;0;8;8;8;13,07;0;9,4;-0,8;-3,12;Graduate;1;1;1;13,07375;1,715051275;27,4408204
2901;2;43;1;9991;0;2;120;1;37;37;9;8;120,00;0;0;0;1;18;0;0;8;8;8;13,06;0;0;8;8;8;13,06;0;9,4;-0,8;-3,12;Graduate;1;1;0;13,05875;1,71423087;27,42769393
3075;2;2;1;9147;1;2;120;1;37;37;9;9;120,00;0;0;0;0;18;0;0;8;8;8;13,05;0;0;8;8;8;13,05;0;9,4;-0,8;-3,12;Graduate;1;1;1;13,045;1,713478833;27,41566132
4389;2;43;1;9147;1;2;120;1;37;37;9;9;122,80;0;0;0;0;18;0;0;7;8;7;13,09;0;0;8;8;8;12,95;0;11,1;0,6;2,02;Graduate;1;1;0;13,01857143;1,712033357;27,39253371
1987;2;42;1;9500;1;2;130;1;37;37;9;9;130,00;0;0;0;1;18;0;0;8;8;8;13,01;0;0;8;8;8;13,01;0;9,4;-0,8;-3,12;Graduate;1;1;0;13,01125;1,711632921;27,38612674
2886;1;39;1;8014;0;2;130;1;37;37;5;7;147,50;0;0;0;0;20;0;0;7;8;7;12,46;0;0;8;8;8;13,56;0;15,5;2,8;-4,06;Graduate;1;1;0;13,00982143;1,711554788;27,3848766
1015;1;18;2;9147;1;1;102;1;37;38;191;143;101,70;1;0;0;0;23;0;0;8;8;8;12,89;0;0;8;8;8;12,89;0;9,4;-0,8;-3,12;Graduate;1;1;0;12,88625;1,704796214;27,27673942
43;1;1;6;9500;1;1;103;1;1;3;2;2;100,60;1;1;1;0;24;0;0;7;8;7;11,98;0;0;8;8;8;13,75;0;13,9;-0,3;0,79;Graduate;1;1;0;12,8625;1,703497239;27,25595582
3913;1;1;4;9254;1;1;105;1;1;19;9;6;106,10;1;0;0;1;20;0;2;6;9;6;12,13;0;2;6;7;6;13,57;0;11,1;0,6;2,02;Graduate;1;1;0;12,84821429;1,702715901;27,24345442
645;1;1;2;9773;1;1;108;1;38;38;7;7;115,00;1;0;0;1;19;0;0;8;8;8;12,83;0;0;8;8;8;12,83;0;9,4;-0,8;-3,12;Graduate;1;1;0;12,82875;1,701651328;27,22642125
2258;1;44;1;9003;1;39;130;1;5;3;2;2;130,00;0;0;0;0;18;0;0;7;7;7;13,97;0;0;8;8;8;15,75;0;13,9;-0,3;0,79;Graduate;1;1;0;14,86071429;1,812786898;27,19180346
2837;2;39;1;9991;0;1;110;1;34;34;0;0;114,60;1;0;1;0;37;0;0;7;8;7;12,83;0;0;8;8;8;12,69;0;13,9;-0,3;0,79;Graduate;1;1;0;12,75803571;1,697783705;27,16453927
4301;1;44;1;9003;1;39;130;1;1;37;6;6;130,00;1;0;1;1;21;0;0;6;8;6;15,17;0;0;6;7;6;14,43;0;8,9;1,4;3,51;Graduate;1;1;0;14,79761905;1,809335988;27,14003982
3504;1;44;1;9003;1;39;130;1;1;3;9;6;130,00;0;0;0;0;40;0;0;7;8;7;15,00;0;0;7;7;7;14,57;0;12,4;0,5;1,79;Graduate;1;1;0;14,78571429;1,808684873;27,13027309
3869;1;44;1;9003;1;39;130;1;1;19;3;10;130,00;1;0;0;0;18;0;0;7;7;7;13,88;0;0;8;8;8;15,66;0;12,4;0,5;1,79;Graduate;1;1;0;14,76982143;1,807815634;27,11723451
1730;2;43;1;9991;0;1;110;1;37;37;9;9;132,50;0;0;0;1;18;0;1;6;8;6;12,71;1;0;6;8;6;12,63;0;13,9;-0,3;0,79;Graduate;1;1;1;12,66964286;1,692949175;27,08718681
49;1;44;1;8014;0;39;130;1;1;19;9;9;133,40;0;0;0;0;19;0;0;6;7;6;14,43;0;0;6;8;6;15,00;2;16,2;0,3;-0,92;Graduate;1;1;1;14,71428571;1,804778183;27,07167274
896;2;44;1;9991;0;39;130;1;1;37;4;9;130,00;0;0;0;0;20;0;0;7;7;7;13,78;0;0;8;8;8;15,60;0;12,4;0,5;1,79;Graduate;1;1;1;14,68785714;1,803332707;27,04999061
1550;5;39;1;9500;1;1;110;1;38;38;9;9;110,00;0;0;0;1;20;0;0;6;8;6;14,25;0;0;6;8;6;11,00;0;12,7;3,7;-1,7;Graduate;1;1;0;12,625;1,690507494;27,04811991
747;1;51;1;9003;1;39;130;1;1;19;4;4;120,00;1;0;0;1;19;0;0;7;7;7;14,01;0;0;8;8;8;15,35;0;13,9;-0,3;0,79;Graduate;1;1;0;14,68214286;1,803020172;27,04530258
3771;1;44;1;9130;1;39;140;1;1;19;4;8;140,00;0;0;0;0;20;0;0;7;7;7;14,31;0;0;8;8;8;15,01;0;12,4;0,5;1,79;Graduate;1;1;1;14,65982143;1,801799331;27,02698997
3633;1;44;1;9238;1;39;140;1;37;19;191;102;136,10;1;0;0;1;18;0;0;7;7;7;14,07;0;0;8;8;8;15,16;0;13,9;-0,3;0,79;Graduate;1;1;0;14,61696429;1,799455317;26,99182976
3967;1;44;1;9003;1;39;140;1;19;19;9;4;140,00;0;0;1;0;21;0;0;6;6;6;15,17;0;0;6;9;6;14,00;0;10,8;1,4;1,74;Graduate;1;1;0;14,58333333;1,797615917;26,96423876
3881;1;17;5;9773;1;1;111;1;19;12;7;3;115,90;1;0;0;1;24;0;0;5;7;5;12,29;0;0;5;9;5;12,75;1;16,2;0,3;-0,92;Graduate;1;1;1;12,51785714;1,684647459;26,95435934
4164;1;17;2;9238;1;1;111;1;19;38;9;9;110,70;1;0;1;0;23;0;0;8;8;8;12,51;0;0;8;8;8;12,51;0;9,4;-0,8;-3,12;Graduate;1;1;0;12,5075;1,684080989;26,94529582
1536;2;44;1;9991;0;39;140;1;37;37;9;9;140,00;0;0;0;0;18;0;0;7;7;7;13,69;0;0;8;8;8;15,39;0;13,9;-0,3;0,79;Graduate;1;1;0;14,53660714;1,795060291;26,92590436
812;1;17;2;9853;1;1;112;1;19;38;5;7;107,10;1;0;0;0;20;0;0;8;8;8;12,48;0;0;8;8;8;12,48;0;9,4;-0,8;-3,12;Graduate;1;1;0;12,48375;1,682782014;26,92451223
2550;1;17;2;9254;1;1;113;1;1;2;5;3;106,70;1;0;0;0;23;0;1;6;8;6;13,00;1;0;6;8;6;11,88;0;13,9;-0,3;0,79;Graduate;1;1;0;12,4375;1,680252432;26,88403892
2060;1;44;1;9085;1;39;140;1;38;37;4;10;140,00;0;0;1;0;19;0;2;6;7;6;14,43;0;1;7;8;7;14,38;0;11,1;0,6;2,02;Graduate;1;1;0;14,40178571;1,787686413;26,81529619
2947;1;44;1;9853;1;39;150;1;3;37;2;7;150,00;0;0;0;0;29;0;0;6;7;6;13,17;0;0;6;8;6;15,63;0;12,4;0,5;1,79;Graduate;1;1;0;14,39583333;1,787360855;26,81041283
3328;1;39;1;9130;1;39;150;1;1;3;4;1;150,00;0;0;0;1;18;0;0;7;7;7;13,86;0;0;8;8;8;14,90;0;13,9;-0,3;0,79;Graduate;1;1;0;14,37857143;1,786416739;26,79625108
223;1;1;3;9254;1;1;115;1;1;1;3;3;117,50;1;0;0;1;18;0;0;8;8;8;12,32;0;0;8;8;8;12,32;0;9,4;-0,8;-3,12;Graduate;1;1;0;12,32;1,673825927;26,78121483
14;1;53;1;9254;1;42;110;1;1;1;4;7;111,80;1;0;0;0;22;0;0;6;7;6;17,00;0;0;6;7;6;16,29;0;11,1;0,6;2,02;Graduate;1;1;0;16,64285714;1,910258818;26,74362346
2058;1;44;1;9085;1;39;150;1;37;37;9;9;150,00;0;0;0;1;19;0;0;6;8;6;14,00;0;0;6;7;6;14,57;0;16,2;0,3;-0,92;Graduate;1;1;1;14,28571429;1,781338041;26,72007062
3228;1;44;1;9085;1;39;150;1;19;38;194;193;150,00;1;0;0;0;19;0;0;7;7;7;13,80;0;0;8;8;8;14,76;0;11,1;0,6;2,02;Graduate;1;1;0;14,27741071;1,780883889;26,71325833
2501;1;44;1;9085;1;39;150;6;5;4;1;1;150,00;0;0;0;0;19;0;0;7;7;7;14,13;0;0;8;8;8;14,37;0;11,1;0,6;2,02;Graduate;1;1;0;14,24723214;1,779233312;26,68849968
1462;1;44;1;9003;1;39;150;1;38;38;9;8;150,00;1;0;1;0;20;0;0;6;7;6;13,71;0;0;6;8;6;14,71;0;16,2;0,3;-0,92;Graduate;1;1;0;14,21428571;1,777431351;26,66147027
765;2;44;1;8014;0;39;150;1;1;1;5;5;154,00;0;0;0;1;18;0;0;7;7;7;13,30;0;0;8;8;8;15,13;0;15,5;2,8;-4,06;Graduate;1;1;0;14,2125;1,777333684;26,66000526
2768;6;17;3;8014;0;1;115;1;19;1;5;90;115,00;0;0;0;1;19;0;0;6;8;6;12,25;0;0;6;8;6;12,00;0;16,2;0,3;-0,92;Graduate;1;1;0;12,125;1,663160663;26,6105706
2698;1;17;1;9670;1;1;115;1;19;19;191;171;109,10;0;0;1;0;22;0;0;5;9;5;12,43;1;0;5;7;5;11,80;0;7,6;2,6;0,32;Graduate;1;1;0;12,11428571;1,662574659;26,60119455
4308;1;39;1;171;1;1;116;1;34;34;0;0;127,00;1;0;0;1;21;0;1;6;8;6;12,57;1;0;6;8;6;11,63;0;13,9;-0,3;0,79;Graduate;1;1;0;12,09821429;1,661695654;26,58713046
2532;1;44;1;9003;1;39;160;1;37;38;9;6;160,00;0;0;1;0;19;0;0;7;7;7;13,73;0;0;8;8;8;14,50;0;11,1;0,6;2,02;Graduate;1;1;0;14,11285714;1,771883851;26,57825777
865;1;44;1;9085;1;39;160;1;1;1;5;4;160,00;1;1;0;1;22;0;0;6;9;6;13,88;0;0;6;6;6;14,33;0;9,4;-0,8;-3,12;Graduate;1;1;0;14,10416667;1,771408537;26,57112806
2662;2;39;1;9773;1;38;100;1;37;37;9;7;154,00;1;0;0;1;18;0;0;7;7;7;13,43;0;0;8;8;8;14,75;0;15,5;2,8;-4,06;Graduate;1;1;0;14,08928571;1,770594643;26,55891965
2988;2;39;1;8014;0;19;100;1;34;34;0;0;100,00;0;0;1;0;19;0;0;6;8;6;14,25;0;0;6;7;6;13,86;0;11,1;0,6;2,02;Graduate;1;1;0;14,05357143;1,768641298;26,52961947
679;2;39;1;9773;1;19;100;1;37;37;0;0;163,50;0;0;0;1;18;0;0;7;7;7;14,44;0;0;8;8;8;13,66;0;11,1;0,6;2,02;Graduate;1;1;0;14,04883929;1,76838248;26,5257372
3942;1;39;1;9853;1;19;133,1;1;19;4;9;4;116,00;1;0;0;1;20;0;0;7;7;7;13,00;0;0;8;8;8;15,06;0;12,4;0,5;1,79;Graduate;1;1;0;14,03125;1,767420458;26,51130686
142;1;1;6;9773;1;1;116;1;19;1;4;4;110,10;1;0;0;0;20;0;0;6;6;6;12,83;0;0;6;10;6;11,17;0;12,4;0,5;1,79;Graduate;1;1;0;12;1,656323955;26,50118328
1877;1;39;1;9556;1;19;133,1;1;42;1;3;7;110,50;0;0;0;1;21;1;0;6;8;6;13,88;0;0;6;7;6;14,14;0;16,2;0,3;-0,92;Graduate;1;1;0;14,00892857;1,766199617;26,49299425
2563;2;39;1;9500;1;19;133,1;1;38;38;2;10;120,00;0;0;0;0;18;0;0;7;7;7;13,46;0;0;8;8;8;14,51;0;13,9;-0,3;0,79;Graduate;1;1;0;13,98482143;1,764881109;26,47321663
3843;1;39;1;9003;1;19;133,1;1;3;1;2;8;100,00;1;0;1;0;18;0;0;6;8;6;13,63;0;0;6;7;6;14,29;0;11,1;0,6;2,02;Graduate;1;1;0;13,95535714;1,763269599;26,44904399
2682;2;39;1;9500;1;19;133,1;1;38;38;7;8;170,00;0;0;0;0;20;0;0;7;7;7;13,79;0;0;8;8;8;14,10;0;12,4;0,5;1,79;Graduate;1;1;0;13,94285714;1,762585928;26,43878893
2466;1;39;1;9130;1;19;133,1;1;37;37;9;10;156,40;1;0;0;0;18;0;0;6;9;6;13,71;0;0;6;6;6;14,17;0;13,9;-0,3;0,79;Graduate;1;1;0;13,94047619;1,762455705;26,43683558
2669;2;39;1;9500;1;19;133,1;1;37;38;9;7;100,50;1;0;0;0;20;0;0;7;7;7;14,11;0;0;8;8;8;13,66;0;11,1;0,6;2,02;Graduate;1;1;0;13,88410714;1,759372676;26,39059014
4076;1;17;3;9085;1;1;117;1;19;38;5;7;111,10;0;0;0;0;18;0;0;7;9;7;11,86;0;0;7;7;7;11,86;0;16,2;0,3;-0,92;Graduate;1;1;0;11,85714286;1,648510574;26,37616919
3552;1;39;1;9238;1;19;133,1;1;37;37;9;9;139,00;0;0;0;1;35;0;2;8;8;8;13,63;0;1;7;7;7;14,00;0;8,9;1,4;3,51;Graduate;1;1;0;13,8125;1,755456219;26,33184328
1061;1;53;1;9238;1;42;130;1;1;19;5;5;128,30;0;0;1;0;18;0;0;5;6;5;16,20;0;0;5;8;5;16,00;0;8,9;1,4;3,51;Graduate;1;1;0;16,1;1,880567973;26,32795162
1632;2;39;1;9773;1;19;133,1;1;19;19;9;4;131,00;0;0;1;0;32;0;0;7;7;7;13,63;0;0;8;8;8;13,91;0;13,9;-0,3;0,79;Graduate;1;1;0;13,77053571;1,753161038;26,29741557
3774;1;39;1;9085;1;19;133,1;1;37;37;9;9;100,00;1;0;0;0;18;0;0;6;7;6;14,29;0;0;6;8;6;13,25;0;8,9;1,4;3,51;Graduate;1;1;0;13,76785714;1,753014537;26,29521806
662;1;1;1;9500;1;1;117;1;19;19;194;193;117,40;1;0;1;1;20;0;0;6;8;6;12,00;0;0;6;8;6;11,50;0;13,9;-0,3;0,79;Graduate;1;1;0;11,75;1,642650539;26,28240862
979;1;39;1;9991;0;19;133,1;1;19;37;7;5;155,50;1;0;0;0;20;0;0;7;7;7;12,98;0;0;8;8;8;14,46;0;12,4;0,5;1,79;Graduate;1;1;0;13,72267857;1,750543556;26,25815334
705;1;39;1;9238;1;12;100;1;37;37;9;9;124,30;0;0;1;1;18;0;0;7;7;7;13,46;0;0;8;8;8;13,91;0;11,1;0,6;2,02;Graduate;1;1;0;13,68455357;1,74845836;26,2268754
2935;2;39;1;8014;0;12;133,1;1;34;34;0;0;135,00;0;0;1;1;19;0;0;6;7;6;13,14;0;0;6;8;6;14,17;0;15,5;2,8;-4,06;Graduate;1;1;0;13,6547619;1,746828945;26,20243417
2649;1;43;1;8014;0;12;133,1;1;37;1;9;10;112,50;0;0;0;1;18;0;0;6;6;6;13,50;0;0;6;9;6;13,67;0;10,8;1,4;1,74;Graduate;1;1;0;13,58333333;1,742922254;26,14383382
3557;1;39;1;9254;1;12;133,1;1;37;37;5;7;119,30;1;0;0;1;20;0;0;6;6;6;14,17;0;0;6;9;6;13,00;0;8,9;1,4;3,51;Graduate;1;1;0;13,58333333;1,742922254;26,14383382
1633;2;39;1;9991;0;12;133,1;1;37;37;9;9;133,80;1;0;0;1;18;0;0;6;8;6;14,00;0;0;6;7;6;13,14;0;11,1;0,6;2,02;Graduate;1;1;0;13,57142857;1,742271139;26,13406709
2240;1;39;1;9085;1;12;133,1;1;38;19;9;8;138,30;1;0;0;0;19;0;2;6;8;6;14,14;0;1;6;7;6;13,00;0;13,9;-0,3;0,79;Graduate;1;1;1;13,57142857;1,742271139;26,13406709
2787;1;39;1;9773;1;9;133,1;1;38;1;5;4;102,00;1;0;0;1;19;0;0;6;8;6;13,33;0;0;6;7;6;13,67;0;8,9;1,4;3,51;Graduate;1;1;0;13,5;1,738364449;26,07546674
1307;1;53;1;9003;1;42;150;1;1;38;8;8;150,00;0;0;0;0;21;0;0;6;6;6;15,83;0;0;6;8;6;15,50;0;15,5;2,8;-4,06;Graduate;1;1;0;15,66666667;1,856867385;25,9961434
4107;1;17;4;9773;1;1;118;1;1;38;5;7;120,80;1;0;0;0;19;0;0;6;7;6;11,17;0;0;6;9;6;11,67;0;9,4;-0,8;-3,12;Graduate;1;1;0;11,41666667;1,624419318;25,99070909
2259;1;7;1;9070;1;3;120;1;4;4;2;2;120,00;0;0;1;1;20;0;0;6;7;6;13,57;0;0;6;8;6;13,17;0;8,9;1,4;3,51;Graduate;1;1;1;13,36904762;1,731202184;25,96803276
337;1;7;1;9853;1;40;110;1;41;3;2;1;110,00;0;0;0;0;33;0;3;6;7;6;15,71;0;2;6;7;6;15,50;0;13,9;-0,3;0,79;Graduate;1;1;0;15,60714286;1,85361181;25,95056534
1695;1;39;1;9119;1;3;130;1;3;3;3;10;147,60;0;0;0;0;21;0;0;6;7;6;13,43;0;0;6;8;6;13,14;0;7,6;2,6;0,32;Graduate;1;1;0;13,28571429;1,726644378;25,89966568
4030;4;7;1;9500;1;3;130;1;3;19;2;3;130,00;0;0;0;1;20;0;0;6;8;6;12,13;0;0;6;7;6;14,43;0;16,2;0,3;-0,92;Graduate;1;1;0;13,27678571;1,726156042;25,89234063
3494;1;7;1;9119;1;3;130;1;37;37;9;9;130,00;0;0;1;1;49;0;0;6;8;6;12,29;0;0;6;7;6;14,17;0;10,8;1,4;1,74;Graduate;1;1;0;13,22619048;1,723388803;25,85083205
4134;1;1;1;9254;1;1;118;1;37;37;7;7;114,20;0;0;1;0;20;0;0;6;8;6;11,50;0;0;6;8;6;11,00;0;16,2;0,3;-0,92;Graduate;1;1;0;11,25;1,615303708;25,84485932
1375;1;7;1;9556;1;3;130;1;1;37;4;8;130,00;0;0;0;1;20;0;0;7;7;7;13,86;0;0;7;8;7;12,57;0;8,9;1,4;3,51;Graduate;1;1;1;13,21428571;1,722737688;25,84106532
4249;2;39;1;9500;1;3;130;1;1;1;4;6;140,00;0;0;0;1;19;0;0;7;7;7;11,97;0;0;8;8;8;14,44;0;15,5;2,8;-4,06;Graduate;1;1;0;13,20446429;1,722200518;25,83300778
4142;1;7;1;9070;1;3;133,1;1;3;5;2;2;120,00;1;0;0;0;18;0;0;7;7;7;13,78;0;0;8;8;8;12,61;0;12,4;0,5;1,79;Graduate;1;1;0;13,19625;1,721751249;25,82626874
4122;1;7;1;9085;1;40;130;1;1;1;4;4;130,00;1;0;0;0;27;0;0;6;7;6;16,14;0;0;6;7;6;14,67;0;13,9;-0,3;0,79;Graduate;1;1;0;15,4047619;1,842542855;25,79559996
4240;1;39;1;9085;1;40;130;1;3;2;3;2;160,00;1;0;0;0;18;0;0;7;7;7;15,71;0;0;7;7;7;15,00;0;11,1;0,6;2,02;Graduate;1;1;0;15,35714286;1,839938395;25,75913752
3743;1;17;1;9670;1;1;118;1;19;38;7;9;113,50;1;0;0;1;18;0;0;6;7;6;11,33;0;0;6;9;6;10,83;0;9,4;-0,8;-3,12;Graduate;1;1;0;11,08333333;1,606188097;25,69900955
3382;1;26;1;9147;1;2;133,1;1;34;34;0;0;121,50;1;0;0;0;18;0;0;6;7;6;13,50;0;0;6;8;6;12,50;0;9,4;-0,8;-3,12;Graduate;1;1;0;13;1,711017618;25,66526427
2376;1;1;1;9670;1;1;95;1;37;37;5;8;95,00;0;0;1;1;18;0;0;6;7;6;13,50;0;0;6;8;6;12,50;0;12,4;0,5;1,79;Graduate;1;1;0;13;1,711017618;25,66526427
143;1;51;1;9147;1;1;99;1;3;1;3;3;99,70;1;0;0;0;18;0;0;6;6;6;13,67;0;0;6;9;6;12,33;0;7,6;2,6;0,32;Graduate;1;1;0;13;1,711017618;25,66526427
2270;2;39;1;9991;0;1;100;1;37;37;1;1;161,90;0;0;0;0;19;0;0;7;7;7;13,14;0;0;7;8;7;12,86;0;8,9;1,4;3,51;Graduate;1;1;0;13;1,711017618;25,66526427
3150;4;39;1;9670;1;1;100;1;37;37;4;10;120,00;0;0;1;1;20;0;0;7;7;7;13,31;0;0;8;8;8;12,58;0;12,4;0,5;1,79;Graduate;1;1;0;12,94464286;1,707989933;25,61984899
3093;1;1;1;8014;0;1;100;1;38;19;6;10;112,80;0;0;0;1;18;0;0;6;6;6;12,17;0;0;6;9;6;13,67;0;9,4;-0,8;-3,12;Graduate;1;1;0;12,91666667;1,706459812;25,59689719
593;1;44;1;9670;1;39;110;1;37;1;9;4;110,00;0;0;0;0;18;0;0;6;7;6;15,57;0;0;6;7;6;14,71;0;11,1;0,6;2,02;Graduate;1;1;0;15,14285714;1,828218324;25,59505653
494;1;1;1;9085;1;1;101;1;37;37;9;4;101,00;1;0;0;1;19;0;0;6;8;6;13,63;0;0;6;7;6;12,17;0;12,7;3,7;-1,7;Graduate;1;1;0;12,89583333;1,705320361;25,57980542
2163;1;17;1;9238;1;1;103;1;19;37;7;9;104,10;0;0;0;1;18;0;0;6;9;6;13,57;0;0;6;6;6;12,17;0;8,9;1,4;3,51;Graduate;1;1;0;12,86904762;1,703855352;25,55783028
2016;1;1;1;9238;1;1;105;1;19;19;6;6;106,10;1;0;0;0;33;0;0;6;7;6;12,83;0;0;6;8;6;12,86;0;12,4;0,5;1,79;Graduate;1;1;0;12,8452381;1,702553122;25,53829683
3631;1;1;3;9500;1;1;108;1;19;1;9;3;107,80;1;0;0;1;19;0;0;6;8;6;13,38;0;0;6;7;6;12,29;0;11,1;0,6;2,02;Graduate;1;1;0;12,83035714;1,701739228;25,52608843
841;1;1;1;9147;1;1;108;41;3;3;9;9;107,00;0;0;1;0;20;0;0;6;8;6;13,14;0;0;6;7;6;12,50;0;8,9;1,4;3,51;Graduate;1;1;0;12,82142857;1,701250892;25,51876338
2705;1;17;1;9670;1;1;109;1;1;1;4;4;108,00;0;0;0;0;20;0;0;7;7;7;12,50;0;0;8;8;8;13,14;0;12,4;0,5;1,79;Graduate;1;1;0;12,81875;1,701104391;25,51656587
2121;1;17;1;9085;1;1;109;1;19;19;4;9;104,10;1;0;0;1;19;0;0;6;8;6;13,75;0;0;6;7;6;11,86;0;16,2;0,3;-0,92;Graduate;1;1;0;12,80357143;1,70027422;25,50411329
3273;4;42;1;9147;1;1;110;1;37;37;9;9;128,20;0;0;0;0;21;0;0;6;8;6;12,17;0;0;6;7;6;13,29;0;11,1;0,6;2,02;Graduate;1;1;0;12,72619048;1,696041972;25,44062958
2012;2;39;1;9991;0;1;110;1;37;37;9;4;160,00;0;0;0;0;19;0;0;6;8;6;12,67;0;0;6;7;6;12,71;0;9,4;-0,8;-3,12;Graduate;1;1;0;12,69047619;1,694088627;25,4113294
2306;1;1;3;9070;1;1;110;1;37;37;9;9;107,60;1;0;0;1;19;1;0;6;8;6;12,67;0;0;6;7;6;12,67;0;8,9;1,4;3,51;Graduate;1;1;0;12,66666667;1,692786397;25,39179595
883;1;39;1;9003;1;1;110;1;19;37;9;6;120,00;0;0;0;1;19;0;0;5;7;5;12,50;0;0;5;8;5;12,71;0;10,8;1,4;1,74;Graduate;1;1;0;12,60714286;1,689530822;25,34296232
2328;2;39;1;9991;0;1;110;1;37;37;1;4;120,00;1;0;0;0;46;0;0;6;9;6;13,33;0;0;6;6;6;11,83;0;7,6;2,6;0,32;Graduate;1;1;1;12,58333333;1,688228591;25,32342887
899;1;1;1;9254;1;1;112;1;38;19;9;5;113,80;1;0;1;0;23;0;0;6;8;6;12,57;0;0;6;7;6;12,43;0;8,9;1,4;3,51;Graduate;1;1;0;12,5;1,683670786;25,25506179
3577;1;17;3;9147;1;1;112;1;1;1;3;3;106,40;1;0;0;1;19;0;0;6;7;6;11,86;0;0;6;8;6;13,14;0;12,4;0,5;1,79;Graduate;1;1;0;12,5;1,683670786;25,25506179
108;1;1;1;9085;1;1;113;1;1;1;4;4;106,70;1;0;0;1;19;0;0;6;8;6;12,13;0;0;6;7;6;12,71;0;16,2;0,3;-0,92;Graduate;1;1;0;12,41964286;1,67927576;25,1891364
4235;1;1;2;9147;1;1;113;1;38;38;9;5;107,40;1;0;0;0;24;0;0;6;7;6;12,83;0;0;6;8;6;12,00;0;7,6;2,6;0,32;Graduate;1;1;0;12,41666667;1,679112981;25,18669471
1921;1;44;1;9085;1;39;140;1;1;1;3;7;140,00;1;0;0;1;21;0;0;6;6;6;14,50;0;0;6;8;6;14,67;0;8,9;1,4;3,51;Graduate;1;1;0;14,58333333;1,797615917;25,16662284
3526;1;44;1;9003;1;39;140;1;19;38;6;7;140,00;1;0;0;1;20;0;0;6;7;6;15,43;0;0;6;7;6;13,50;0;13,9;-0,3;0,79;Graduate;1;1;0;14,46428571;1,791104767;25,07546674
539;1;44;1;9003;1;39;140;1;19;38;3;9;140,00;1;0;0;0;18;0;0;6;7;6;14,71;0;0;6;7;6;14,17;0;12,7;3,7;-1,7;Graduate;1;1;0;14,44047619;1,789802537;25,05723552
682;1;44;1;9238;1;39;140;41;1;1;4;6;137,50;0;0;0;0;18;0;0;6;8;6;13,86;0;0;6;6;6;15,00;0;13,9;-0,3;0,79;Graduate;1;1;0;14,42857143;1,789151422;25,04811991
953;1;44;1;9003;1;39;140;1;1;19;4;8;140,00;0;0;0;0;18;0;0;6;7;6;14,86;0;0;6;7;6;14,00;0;11,1;0,6;2,02;Graduate;1;1;0;14,42857143;1,789151422;25,04811991
2386;1;44;1;9070;1;39;140;1;19;38;4;0;140,00;1;0;0;0;22;0;0;6;7;6;13,57;0;0;6;7;6;15,29;0;13,9;-0,3;0,79;Graduate;1;1;0;14,42857143;1,789151422;25,04811991
999;1;17;1;9254;1;1;115;1;1;19;3;3;109,40;1;0;0;0;18;0;0;7;7;7;11,71;0;0;8;8;8;12,75;0;12,4;0,5;1,79;Graduate;1;1;0;12,23214286;1,669020698;25,03531047
3386;1;1;1;9238;1;1;115;1;19;38;7;7;108,70;0;0;0;0;18;0;0;6;7;6;12,57;0;0;6;8;6;11,86;0;13,9;-0,3;0,79;Graduate;1;1;0;12,21428571;1,668044025;25,02066038
100;1;1;4;9500;1;1;115;1;3;3;2;2;111,50;1;0;1;1;18;0;0;5;8;5;12,75;0;0;5;7;5;11,50;0;13,9;-0,3;0,79;Graduate;1;1;0;12,125;1,663160663;24,94740994
2791;1;17;1;9147;1;1;115;1;19;37;5;7;112,90;1;0;1;0;19;0;0;5;5;5;12,80;0;0;5;10;5;11,44;0;10,8;1,4;1,74;Graduate;1;1;0;12,12222222;1,663008736;24,94513104
1983;1;43;1;9085;1;39;150;1;38;37;6;6;150,00;1;0;0;1;19;0;0;7;7;7;14,43;0;0;7;7;7;14,14;0;16,2;0,3;-0,92;Graduate;1;1;0;14,28571429;1,781338041;24,93873258
3788;1;1;1;9238;1;1;116;1;38;38;9;8;108,70;1;0;0;1;18;0;0;6;8;6;12,25;0;0;6;7;6;11,86;0;12,7;3,7;-1,7;Graduate;1;1;0;12,05357143;1,659253972;24,88880959
4398;1;5;4;9853;1;1;116;1;3;38;3;8;110,40;1;0;1;1;20;0;0;5;8;5;12,38;0;0;5;7;5;11,67;0;13,9;-0,3;0,79;Graduate;1;1;0;12,02083333;1,657463406;24,86195109
1370;1;53;1;9670;1;42;110;1;1;19;9;9;114,20;0;0;0;0;25;0;1;6;7;6;16,86;0;1;6;6;6;16,50;0;13,9;-0,3;0,79;Graduate;1;1;0;16,67857143;1,912212163;24,85875812
3080;1;44;1;9085;1;39;160;1;12;38;4;8;160,00;1;0;0;0;19;0;0;6;6;6;14,67;0;0;6;8;6;13,67;0;12,4;0,5;1,79;Graduate;1;1;0;14,16666667;1,774826891;24,84757647
127;1;44;1;9085;1;39;160;1;37;37;9;9;160,00;1;0;0;1;19;0;0;7;7;7;13,43;0;0;7;7;7;14,86;0;11,1;0,6;2,02;Graduate;1;1;0;14,14285714;1,773524661;24,82934525
1373;1;1;1;9238;1;1;116;1;1;19;5;9;111,10;0;0;0;0;32;0;0;5;7;5;11,60;0;0;5;8;5;12,33;0;12,4;0,5;1,79;Graduate;1;1;1;11,96666667;1,654500833;24,81751249
390;1;44;1;8014;0;39;160;1;37;37;7;7;156,10;0;0;0;1;20;0;0;6;7;6;13,67;0;0;6;7;6;14,57;0;11,1;0,6;2,02;Graduate;1;1;0;14,11904762;1,772222431;24,81111403
2308;4;43;2;9991;0;38;133,1;1;3;1;2;9;125,40;0;0;0;1;18;0;0;6;6;6;14,50;0;0;6;8;6;13,67;0;12,7;3,7;-1,7;Graduate;1;1;0;14,08333333;1,770269086;24,7837672
2904;1;17;1;9238;1;1;116;1;1;1;3;3;119,20;1;0;0;1;19;0;0;6;8;6;11,50;0;0;6;7;6;12,33;0;12,4;0,5;1,79;Graduate;1;1;0;11,91666667;1,65176615;24,77649224
258;1;17;3;9070;1;1;116;1;37;37;9;9;110,80;0;0;0;1;43;0;0;6;7;6;12,33;0;0;6;8;6;11,50;0;8,9;1,4;3,51;Graduate;1;1;0;11,91666667;1,65176615;24,77649224
497;1;39;1;9556;1;19;100;1;37;38;9;9;120,00;0;0;0;0;19;0;0;7;7;7;13,86;0;0;7;7;7;14,29;0;11,1;0,6;2,02;Graduate;1;1;0;14,07142857;1,769617971;24,77465159
4284;1;39;1;9147;1;19;100;1;38;19;7;9;132,00;0;0;0;0;25;0;1;6;7;6;14,43;0;0;6;7;6;13,67;0;10,8;1,4;1,74;Graduate;1;0;0;14,04761905;1,768315741;24,75642037
842;1;17;1;9147;1;1;116;1;3;1;3;4;115,70;0;0;0;0;18;0;0;5;8;5;12,33;2;0;5;7;5;11,40;0;15,5;2,8;-4,06;Graduate;1;1;0;11,86666667;1,649031466;24,735472
1474;1;17;1;9773;1;1;117;1;37;37;0;4;120,50;1;0;1;0;18;0;0;6;8;6;12,00;0;0;6;7;6;11,71;0;15,5;2,8;-4,06;Graduate;1;1;0;11,85714286;1,648510574;24,72765862
1248;1;1;3;9238;1;1;117;1;19;19;9;9;117,00;1;0;0;1;18;0;0;6;7;6;12,29;0;0;6;8;6;11,43;0;12,4;0,5;1,79;Graduate;1;1;0;11,85714286;1,648510574;24,72765862
2422;2;39;1;9991;0;19;133,1;1;37;37;5;5;111,90;1;0;0;0;18;0;0;6;7;6;14,00;0;0;6;7;6;14,00;0;10,8;1,4;1,74;Graduate;1;1;0;14;1,765711281;24,71995793
3817;1;1;1;9238;1;1;117;1;19;19;9;9;111,80;1;0;0;1;20;0;0;6;9;6;11,33;0;0;6;6;6;12,33;0;10,8;1,4;1,74;Graduate;1;1;1;11,83333333;1,647208344;24,70812516
440;2;39;1;9500;1;19;133,1;1;37;37;9;9;129,00;1;0;1;0;22;0;0;6;6;6;14,17;0;0;6;8;6;13,63;0;10,8;1,4;1,74;Graduate;1;1;0;13,89583333;1,760014024;24,64019634
1606;1;53;1;9003;1;42;130;1;38;38;9;9;130,00;1;0;0;0;20;0;0;6;7;6;15,57;0;0;6;6;6;17,17;0;16,2;0,3;-0,92;Graduate;1;1;0;16,36904762;1,895283172;24,63868124
3666;1;39;1;9003;1;19;133,1;1;37;37;9;4;140,00;0;0;0;1;19;0;0;7;7;7;13,29;0;0;7;7;7;14,43;0;11,1;0,6;2,02;Graduate;1;1;0;13,85714286;1,7578979;24,6105706
2923;2;39;1;9238;1;19;133,1;1;37;37;4;4;98,50;0;0;0;0;19;0;0;6;6;6;13,83;0;0;6;8;6;13,88;0;10,8;1,4;1,74;Graduate;1;1;0;13,85416667;1,757735121;24,6082917
6;2;39;1;9991;0;19;133,1;1;37;37;9;7;114,80;0;0;1;1;25;0;0;6;8;6;14,14;0;0;6;6;6;13,50;0;15,5;2,8;-4,06;Graduate;1;1;0;13,82142857;1,755944555;24,58322377
4073;2;39;1;9238;1;19;133,1;1;1;2;4;6;130,00;0;0;0;1;18;0;0;6;6;6;14,00;0;0;6;8;6;13,63;0;10,8;1,4;1,74;Graduate;1;1;0;13,8125;1,755456219;24,57638706
754;2;39;1;9991;0;19;133,1;1;19;37;7;9;137,20;0;0;0;0;18;0;0;6;7;6;13,43;0;0;6;7;6;14,14;0;13,9;-0,3;0,79;Graduate;1;1;0;13,78571429;1,75399121;24,55587694
1572;1;39;1;9003;1;19;133,1;1;37;37;9;10;120,00;0;0;0;0;18;0;0;6;7;6;13,83;0;0;6;7;6;13,71;0;11,1;0,6;2,02;Graduate;1;1;0;13,77380952;1,753340095;24,54676133
4405;2;39;1;9130;1;19;133,1;1;2;1;8;8;120,00;1;0;0;1;19;0;0;6;7;6;13,50;0;0;6;7;6;14,00;0;15,5;2,8;-4,06;Graduate;1;1;0;13,75;1,752037865;24,52853011
1799;1;39;1;9003;1;19;133,1;1;37;38;4;9;110,00;0;0;0;1;20;0;0;5;7;5;14,20;0;0;5;7;5;13,29;0;11,1;0,6;2,02;Graduate;1;1;0;13,74285714;1,751647196;24,52306074
2057;1;53;1;9003;1;42;130;1;1;19;9;7;133,80;0;0;0;0;18;0;0;6;7;6;16,57;0;0;6;6;6;15,67;0;13,9;-0,3;0,79;Graduate;1;1;0;16,11904762;1,881609757;24,46092684
1542;2;39;1;9853;1;12;133,1;1;37;37;7;8;103,00;0;0;1;0;18;0;0;5;8;5;14,00;0;0;5;6;5;13,20;0;8,9;1,4;3,51;Graduate;1;1;0;13,6;1,743833815;24,41367342
862;1;39;2;9147;1;12;133,1;1;19;38;9;9;120,00;1;0;0;0;20;0;0;7;7;7;13,86;0;0;7;7;7;13,29;0;11,1;0,6;2,02;Graduate;1;1;0;13,57142857;1,742271139;24,39179595
3846;1;39;1;9085;1;12;133,1;1;34;34;99;99;128,20;0;0;0;1;19;0;0;6;6;6;14,00;0;0;6;8;6;13,13;0;10,8;1,4;1,74;Graduate;1;1;0;13,5625;1,741782803;24,38495924
1520;1;39;1;9147;1;12;133,1;1;1;1;9;4;140,00;1;0;0;1;23;0;0;6;6;6;14,67;0;0;6;8;6;12,43;0;8,9;1,4;3,51;Graduate;1;1;0;13,54761905;1,740968909;24,37356473
2752;1;39;1;9670;1;12;170;1;1;37;3;5;110,00;0;0;0;0;19;0;0;6;6;6;12,67;0;0;6;8;6;14,38;0;12,4;0,5;1,79;Graduate;1;1;0;13,52083333;1,7395039;24,35305461
576;2;39;1;9085;1;9;133,1;1;1;1;4;4;120,00;1;0;0;1;20;0;0;6;6;6;14,83;0;0;6;8;6;12,14;0;8,9;1,4;3,51;Graduate;1;1;0;13,48809524;1,737713334;24,32798668
2623;1;51;1;8014;0;42;140;1;19;37;134;193;138,00;1;0;0;1;20;0;0;6;7;6;15,86;0;0;6;6;6;16,00;0;13,9;-0,3;0,79;Graduate;1;1;0;15,92857143;1,871191916;24,32549491
3879;1;43;4;9500;1;6;118,9;1;38;37;5;9;118,90;1;0;1;0;19;0;0;6;6;6;13,83;0;0;6;8;6;13,13;0;10,8;1,4;1,74;Graduate;1;1;0;13,47916667;1,737224998;24,32114997
3636;1;42;1;9500;1;6;141;1;37;1;9;4;145,00;0;0;0;0;19;0;0;6;7;6;14,57;0;0;6;7;6;12,33;0;12,4;0,5;1,79;Graduate;1;1;0;13,45238095;1,735759989;24,30063985
1008;1;53;1;9238;1;42;140;1;37;37;9;10;136,90;1;0;1;0;36;0;0;6;7;6;15,29;0;0;6;6;6;16,50;0;10,8;1,4;1,74;Graduate;1;1;0;15,89285714;1,869238571;24,30010142
3530;1;1;1;9500;1;1;118;1;12;1;4;10;115,70;0;0;0;0;19;0;0;6;8;6;11,50;0;0;6;7;6;11,17;0;7,6;2,6;0,32;Graduate;1;1;0;11,33333333;1,619861513;24,29792269
617;1;17;2;9238;1;3;105;1;37;37;7;8;129,70;1;0;0;1;21;0;0;6;7;6;13,33;0;0;6;7;6;13,50;0;12,4;0,5;1,79;Graduate;1;1;0;13,41666667;1,733806644;24,27329301
933;2;7;1;9670;1;3;110;1;37;37;7;7;110,00;0;0;0;0;23;0;0;6;8;6;12,63;0;0;6;6;6;14,17;0;12,7;3,7;-1,7;Graduate;1;1;0;13,39583333;1,732667193;24,2573407
2917;2;7;1;8014;0;3;110;1;37;37;9;9;110,00;0;0;0;0;18;0;0;6;6;6;12,67;0;0;6;8;6;14,13;0;10,8;1,4;1,74;Graduate;1;1;1;13,39583333;1,732667193;24,2573407
1233;1;7;1;9500;1;3;130;1;19;38;4;10;130,00;1;0;0;1;19;0;0;6;6;6;14,17;0;0;6;8;6;12,38;0;10,8;1,4;1,74;Graduate;1;1;0;13,27083333;1,725830485;24,16162679
4392;2;7;1;9500;1;3;130;1;37;37;9;5;130,00;0;0;0;0;19;0;0;6;7;6;12,86;0;0;6;7;6;13,67;0;13,9;-0,3;0,79;Graduate;1;1;0;13,26190476;1,725342148;24,15479008
4250;2;43;1;9991;0;3;130;1;37;37;9;9;130,00;0;0;1;1;18;1;0;6;7;6;13,50;0;0;6;7;6;13,00;0;16,2;0,3;-0,92;Graduate;1;1;0;13,25;1,724691033;24,14567447
2593;1;7;1;9147;1;3;130;1;37;19;9;8;130,00;0;0;0;1;21;0;0;6;6;6;13,33;0;0;6;8;6;13,17;0;9,4;-0,8;-3,12;Graduate;1;1;0;13,25;1,724691033;24,14567447
1661;1;53;1;9085;1;42;160;1;1;19;4;6;155,70;1;0;0;1;20;0;0;6;7;6;15,00;0;0;6;6;6;16,33;0;13,9;-0,3;0,79;Graduate;1;1;0;15,66666667;1,856867385;24,13927601
725;1;7;3;9130;1;3;130;1;37;26;90;10;130,00;0;0;1;1;21;0;0;6;6;6;13,17;0;0;6;8;6;13,29;0;8,9;1,4;3,51;Graduate;1;1;0;13,22619048;1,723388803;24,12744325
232;1;39;1;9254;1;3;133,1;1;19;19;4;6;130,50;0;0;0;0;19;0;0;5;8;5;11,00;0;0;5;6;5;15,40;0;12,4;0,5;1,79;Graduate;1;1;0;13,2;1,72195635;24,1073889
2764;1;43;1;8014;0;3;133,1;1;9;9;90;90;130,00;0;0;0;1;18;0;0;6;8;6;11,71;0;0;6;6;6;14,67;0;12,7;3,7;-1,7;Graduate;1;1;0;13,19047619;1,721435458;24,10009642
1275;1;7;1;9991;0;40;120;1;37;37;9;7;120,00;0;0;1;0;18;0;0;6;7;6;16,00;0;0;6;6;6;15,17;0;12,4;0,5;1,79;Graduate;1;1;0;15,58333333;1,85230958;24,08002454
180;1;7;1;9500;1;3;140;1;1;1;9;5;140,00;0;0;1;0;26;0;0;5;7;5;12,60;0;0;5;7;5;13,71;0;13,9;-0,3;0,79;Graduate;1;1;0;13,15714286;1,719612336;24,07457271
3056;5;7;1;9130;1;3;160;1;19;38;9;6;160,00;0;0;1;1;18;0;0;6;8;6;12,67;0;0;6;6;6;13,50;0;12,7;3,7;-1,7;Graduate;1;1;0;13,08333333;1,715575423;24,01805592
2755;1;7;1;9991;0;40;130;1;38;38;9;7;130,00;0;0;0;1;18;0;0;6;7;6;15,14;0;0;6;6;6;15,83;0;12,7;3,7;-1,7;Graduate;1;1;0;15,48809524;1,84710066;24,01230858
1992;1;43;1;171;1;2;140;1;37;37;9;9;140,00;1;0;0;0;19;0;0;5;9;5;13,60;1;0;5;5;5;12,40;0;12,7;3,7;-1,7;Graduate;1;1;1;13;1,711017618;23,95424665
350;1;1;2;8014;0;1;96;1;3;1;3;9;100,00;0;0;1;0;19;0;0;6;6;6;13,00;0;0;6;8;6;13,00;0;13,9;-0,3;0,79;Graduate;1;0;0;13;1,711017618;23,95424665
262;1;39;1;8014;0;1;100;1;37;37;99;99;100,00;0;0;1;0;18;0;0;6;8;6;12,33;0;0;6;6;6;13,67;0;11,1;0,6;2,02;Graduate;1;1;0;13;1,711017618;23,95424665
1543;4;17;5;8014;0;1;100;1;19;19;90;90;107,00;0;0;0;1;32;0;0;6;7;6;12,67;0;0;6;7;6;13,33;0;12,7;3,7;-1,7;Graduate;1;1;1;13;1,711017618;23,95424665
2337;1;43;1;9991;0;1;100;1;37;19;9;4;130,00;0;0;0;1;18;0;0;6;8;6;13,14;0;0;6;6;6;12,83;0;15,5;2,8;-4,06;Graduate;1;1;0;12,98809524;1,710366503;23,94513104
322;1;42;1;9500;1;1;100;1;37;37;7;9;100,00;1;0;0;1;18;0;0;5;8;5;13,75;0;0;5;6;5;12,17;0;13,9;-0,3;0,79;Graduate;1;1;0;12,95833333;1,708738715;23,92234201
4257;1;39;1;9500;1;1;100;1;1;19;4;8;122,00;0;0;0;0;18;0;0;6;6;6;12,67;0;0;6;8;6;13,25;0;10,8;1,4;1,74;Graduate;1;1;0;12,95833333;1,708738715;23,92234201
5;2;39;1;8014;0;1;100;1;37;38;9;9;141,50;0;0;0;1;20;0;0;6;7;6;12,57;0;0;6;7;6;13,29;0;12,4;0,5;1,79;Graduate;1;1;0;12,92857143;1,707110927;23,89955298
686;2;43;1;9991;0;1;100;1;37;37;9;9;128,20;0;0;1;0;21;0;0;6;6;6;14,50;0;0;6;8;6;11,33;0;12,4;0,5;1,79;Graduate;1;1;0;12,91666667;1,706459812;23,89043737
2903;2;39;1;9556;1;1;100;6;38;38;9;9;130,00;0;0;1;0;20;0;0;6;7;6;13,67;0;0;6;7;6;12,17;1;16,2;0,3;-0,92;Graduate;1;1;0;12,91666667;1,706459812;23,89043737
712;1;39;1;9119;1;1;100;1;37;37;9;8;160,00;0;0;1;0;18;0;0;6;7;6;13,17;0;0;6;7;6;12,67;0;16,2;0,3;-0,92;Graduate;1;1;0;12,91666667;1,706459812;23,89043737
4375;5;7;1;9500;1;40;150;1;37;37;4;9;150,00;0;0;0;0;18;0;0;6;7;6;15,67;0;0;6;6;6;14,83;0;8,9;1,4;3,51;Graduate;1;1;0;15,25;1,834078359;23,84301867
3531;1;1;3;9670;1;1;106;1;3;1;2;3;105,70;1;0;1;0;18;0;0;6;6;6;12,83;0;0;6;8;6;12,83;0;12,4;0,5;1,79;Graduate;1;1;0;12,83333333;1,701902007;23,8266281
628;1;1;3;9500;1;1;106;1;19;37;9;7;109,50;1;0;0;0;19;0;0;6;8;6;12,17;0;0;6;6;6;13,50;0;11,1;0,6;2,02;Graduate;1;1;0;12,83333333;1,701902007;23,8266281
4347;1;17;2;9254;1;1;107;1;12;19;5;5;102,80;1;0;0;1;20;0;0;6;6;6;12,67;0;0;6;8;6;13,00;0;10,8;1,4;1,74;Graduate;1;1;0;12,83333333;1,701902007;23,8266281
333;1;1;1;9238;1;1;107;1;38;38;7;7;103,50;1;0;0;0;18;0;0;6;8;6;12,17;0;0;6;6;6;13,50;0;11,1;0,6;2,02;Graduate;1;1;0;12,83333333;1,701902007;23,8266281
1355;1;1;1;9238;1;1;108;1;1;38;5;8;105,90;0;0;0;1;18;0;0;6;8;6;12,67;0;0;6;6;6;13,00;0;13,9;-0,3;0,79;Graduate;1;1;0;12,83333333;1,701902007;23,8266281
603;1;7;1;9500;1;40;170;1;1;1;9;4;170,00;0;0;1;0;21;0;0;6;7;6;15,29;0;0;6;6;6;15,17;0;12,4;0,5;1,79;Graduate;1;1;0;15,22619048;1,832776129;23,82608968
2851;1;18;2;9773;1;1;109;1;1;1;4;4;109,00;1;0;1;1;18;0;0;6;7;6;12,29;0;0;6;7;6;13,33;1;16,2;0,3;-0,92;Graduate;1;1;0;12,80952381;1,700599777;23,80839688
3537;1;39;1;9991;0;1;110;1;37;37;9;9;139,00;0;0;0;1;18;0;0;6;6;6;13,17;0;0;6;8;6;12,43;0;8,9;1,4;3,51;Graduate;1;1;0;12,79761905;1,699948662;23,79928127
2872;2;39;1;9500;1;1;110;1;37;37;9;6;114,30;0;0;1;0;19;0;0;6;6;6;13,17;0;0;6;8;6;12,43;0;16,2;0,3;-0,92;Graduate;1;1;0;12,79761905;1,699948662;23,79928127
2758;1;44;1;9085;1;39;110;1;3;5;2;2;110,00;0;0;0;0;18;0;0;6;6;6;16,00;0;0;6;7;6;14,33;0;12,4;0,5;1,79;Graduate;1;1;1;15,16666667;1,829520554;23,7837672
2326;2;39;1;9119;1;1;110;1;37;37;9;9;106,80;0;0;0;1;19;0;0;6;6;6;13,00;0;0;6;8;6;12,50;0;10,8;1,4;1,74;Graduate;1;1;0;12,75;1,697344202;23,76281883
3063;1;17;3;9670;1;1;110;1;19;1;4;4;107,50;1;0;1;1;20;0;0;6;6;6;12,83;0;0;6;8;6;12,67;2;16,2;0,3;-0,92;Graduate;1;1;0;12,75;1,697344202;23,76281883
888;1;43;2;9238;1;1;110;1;37;37;9;7;112,50;1;0;1;0;18;0;0;6;7;6;12,83;0;0;6;7;6;12,57;0;8,9;1,4;3,51;Graduate;1;1;0;12,70238095;1,694739742;23,72635639
4380;1;39;1;9991;0;1;110;1;37;37;7;7;133,90;0;0;1;1;25;0;0;6;8;6;12,29;0;0;6;6;6;13,00;0;15,5;2,8;-4,06;Graduate;1;1;0;12,64285714;1,691484167;23,68077833
966;1;44;1;9003;1;39;120;1;4;1;2;8;120,00;0;0;0;0;26;0;0;6;6;6;14,83;0;0;6;7;6;15,14;0;11,1;0,6;2,02;Graduate;1;1;0;14,98809524;1,819753828;23,65679977
3332;1;43;1;9254;1;1;110;1;12;19;9;9;125,00;0;0;0;1;19;0;0;6;8;6;13,00;0;0;6;6;6;12,17;0;8,9;1,4;3,51;Graduate;1;1;0;12,58333333;1,688228591;23,63520028
4161;1;44;1;9991;0;39;120;1;37;37;7;7;120,00;1;0;0;1;19;0;0;6;7;6;14,71;0;0;6;6;6;15,17;0;13,9;-0,3;0,79;Graduate;1;1;0;14,94047619;1,817149368;23,62294179
3119;1;17;1;9254;1;1;111;1;19;19;3;10;117,70;0;0;0;0;19;0;0;6;7;6;12,29;0;0;6;7;6;12,83;0;12,4;0,5;1,79;Graduate;1;1;1;12,55952381;1,686926361;23,61696906
560;1;42;1;9500;1;1;111;1;1;3;9;10;128,20;1;0;1;0;19;0;0;5;8;5;13,25;0;0;5;6;5;11,83;0;13,9;-0,3;0,79;Graduate;1;1;0;12,54166667;1,685949689;23,60329564
534;1;44;1;9070;1;39;120;1;1;19;4;7;120,00;0;0;0;0;19;0;0;6;6;6;14,67;0;0;6;7;6;15,14;0;8,9;1,4;3,51;Graduate;1;1;0;14,9047619;1,815196023;23,5975483
4252;1;1;1;9147;1;1;112;1;9;22;4;3;106,10;0;0;0;0;19;0;0;6;7;6;12,50;0;0;6;7;6;12,50;0;10,8;1,4;1,74;Graduate;1;1;0;12,5;1,683670786;23,57139101
2159;1;1;2;9853;1;1;112;1;3;1;3;5;111,00;0;0;0;0;20;0;0;6;7;6;12,00;0;0;6;7;6;13,00;0;12,4;0,5;1,79;Graduate;1;1;0;12,5;1,683670786;23,57139101
1909;1;17;1;9853;1;1;112;1;2;19;3;9;106,10;1;0;0;1;20;0;0;7;7;7;12,14;0;0;7;7;7;12,86;0;11,1;0,6;2,02;Graduate;1;1;0;12,5;1,683670786;23,57139101
2168;1;1;6;9147;1;1;112;1;38;38;9;9;117,30;1;0;0;1;18;0;0;6;8;6;12,83;0;0;6;6;6;12,17;0;8,9;1,4;3,51;Graduate;1;1;0;12,5;1,683670786;23,57139101
3697;1;43;1;9254;1;1;112;1;37;37;9;9;108,50;0;0;0;1;18;0;0;7;7;7;12,71;0;0;7;7;7;12,29;0;16,2;0,3;-0,92;Graduate;1;1;0;12,5;1,683670786;23,57139101
559;1;44;1;9254;1;39;130;1;39;39;194;193;130,00;1;0;0;1;19;0;0;6;7;6;14,71;0;0;6;6;6;15,00;0;13,9;-0,3;0,79;Graduate;1;1;0;14,85714286;1,812591563;23,56369032
3792;1;44;1;9130;1;39;130;1;3;1;3;6;130,00;1;0;1;1;20;0;0;6;7;6;14,83;0;0;6;6;6;14,83;0;12,7;3,7;-1,7;Graduate;1;1;0;14,83333333;1,811289333;23,54676133
3377;1;17;1;9085;1;1;113;1;19;37;9;9;118,60;1;0;0;1;18;0;0;6;6;6;12,17;0;0;6;8;6;12,67;0;12,4;0,5;1,79;Graduate;1;1;0;12,41666667;1,679112981;23,50758173
627;1;44;1;8014;0;39;130;1;37;38;6;6;130,00;1;0;0;0;18;0;0;6;7;6;14,86;0;0;6;6;6;14,67;0;13,9;-0,3;0,79;Graduate;1;1;0;14,76190476;1,807382643;23,49597436
68;1;44;1;9003;1;39;130;1;19;37;9;9;130,00;1;0;0;0;18;0;0;6;6;6;15,17;0;0;6;7;6;14,29;0;12,4;0,5;1,79;Graduate;1;1;0;14,72619048;1,805429298;23,47058087
1089;1;17;2;9853;1;1;114;1;1;1;4;0;108,80;1;0;0;1;19;0;0;5;8;5;12,88;0;0;5;6;5;11,83;0;13,9;-0,3;0,79;Graduate;1;1;0;12,35416667;1,675694627;23,45972478
1420;1;39;1;9130;1;1;114;1;38;38;9;10;120,00;0;0;0;0;22;1;0;6;8;6;11,67;0;0;6;6;6;13,00;0;12,7;3,7;-1,7;Graduate;1;1;0;12,33333333;1,674555176;23,44377246
1447;1;1;1;171;1;1;114;1;3;29;3;5;111,90;0;0;1;0;19;0;0;6;6;6;12,83;0;0;6;8;6;11,83;0;10,8;1,4;1,74;Graduate;1;1;0;12,33333333;1,674555176;23,44377246
701;1;44;1;9085;1;39;130;1;2;2;6;6;130,00;0;0;1;0;20;0;0;6;6;6;14,33;0;0;6;7;6;15,00;0;15,5;2,8;-4,06;Graduate;1;1;0;14,66666667;1,802173722;23,42825839
2364;1;44;1;9119;1;39;140;1;1;19;4;5;140,00;1;0;0;1;18;0;0;6;6;6;15,17;0;0;6;7;6;14,14;0;11,1;0,6;2,02;Graduate;1;1;1;14,6547619;1,801522607;23,4197939
3717;1;44;1;9130;1;39;140;1;4;4;2;10;140,00;1;0;0;1;20;0;0;6;6;6;14,67;0;0;6;7;6;14,57;0;8,9;1,4;3,51;Graduate;1;1;0;14,61904762;1,799569262;23,39440041
1449;1;44;1;9003;1;39;140;1;37;37;9;4;140,00;0;0;1;0;31;0;1;5;6;5;13,83;0;0;5;7;5;15,40;0;9,4;-0,8;-3,12;Graduate;1;1;0;14,61666667;1,799439039;23,39270751
2865;1;17;2;9773;1;1;115;1;1;1;5;5;119,60;1;0;0;0;50;0;0;6;8;6;12,67;0;0;6;6;6;11,83;0;10,8;1,4;1,74;Graduate;1;1;0;12,25;1,66999737;23,37996319
1950;1;18;1;9500;1;1;115;1;38;37;5;5;115,00;0;0;0;0;19;0;0;6;7;6;12,83;0;0;6;7;6;11,67;0;11,1;0,6;2,02;Graduate;1;1;0;12,25;1,66999737;23,37996319
4133;1;44;1;9085;1;39;140;1;3;38;2;9;140,00;1;0;0;1;19;0;0;6;7;6;14,14;0;0;6;6;6;15,00;0;13,9;-0,3;0,79;Graduate;1;1;1;14,57142857;1,796964802;23,36054243
1244;1;42;1;9085;1;39;140;1;19;3;9;1;159,90;1;0;0;1;19;0;3;6;6;6;15,50;0;2;6;7;6;13,57;0;13,9;-0,3;0,79;Graduate;1;1;0;14,53571429;1,795011457;23,33514894
2045;1;44;1;9085;1;39;140;1;1;19;3;3;140,00;1;0;0;1;19;0;0;6;7;6;14,00;0;0;6;6;6;15,00;0;15,5;2,8;-4,06;Graduate;1;1;1;14,5;1,793058112;23,30975546
606;1;1;3;171;1;1;115;1;9;1;6;6;108,70;1;0;0;0;19;0;0;6;7;6;12,29;0;0;6;7;6;12,00;0;12,4;0,5;1,79;Graduate;1;1;0;12,14285714;1,664137335;23,29792269
3716;1;1;2;9147;1;1;116;1;37;1;5;3;124,80;1;0;1;0;18;0;0;5;6;5;12,00;0;0;5;8;5;12,14;0;10,8;1,4;1,74;Graduate;1;1;0;12,07142857;1,660230645;23,24322903
1563;1;1;4;9147;1;1;116;1;1;1;3;4;113,60;1;0;0;1;21;0;3;6;7;6;12,00;0;2;6;7;6;12,00;0;13,9;-0,3;0,79;Graduate;1;1;0;12;1,656323955;23,18853537
613;1;1;1;9070;1;1;116;1;1;1;1;1;110,80;1;0;0;0;19;0;0;6;8;6;11,67;0;0;6;6;6;12,33;0;10,8;1,4;1,74;Graduate;1;1;0;12;1,656323955;23,18853537
2110;1;44;1;9085;1;39;150;1;3;3;2;2;150,00;1;0;0;1;18;0;0;6;6;6;14,33;0;0;6;7;6;14,14;0;15,5;2,8;-4,06;Graduate;1;1;0;14,23809524;1,778733581;23,12353656
2140;1;1;1;9147;1;1;116;1;19;19;5;8;127,90;0;0;1;0;19;0;0;6;6;6;11,50;0;0;6;8;6;12,29;0;8,9;1,4;3,51;Graduate;1;1;0;11,89285714;1,650463919;23,10649487
1239;1;44;1;9003;1;39;150;1;38;37;9;9;150,00;1;0;0;0;20;0;3;6;6;6;13,83;0;2;6;7;6;14,57;0;12,4;0,5;1,79;Graduate;1;1;0;14,20238095;1,776780236;23,09814307
4149;1;1;1;9147;1;1;117;1;37;37;9;9;120,20;1;0;1;0;33;0;0;6;8;6;12,00;0;0;6;6;6;11,67;0;10,8;1,4;1,74;Graduate;1;1;1;11,83333333;1,647208344;23,06091682
2834;1;1;2;9670;1;1;117;1;37;37;9;9;111,80;0;0;0;1;21;0;3;6;6;6;12,33;0;2;6;8;6;11,33;0;13,9;-0,3;0,79;Graduate;1;1;0;11,83333333;1,647208344;23,06091682
2846;1;44;1;9003;1;39;160;1;38;38;9;6;160,00;1;0;0;1;19;0;0;6;6;6;13,83;0;0;6;7;6;14,43;0;15,5;2,8;-4,06;Graduate;1;1;0;14,13095238;1,772873546;23,0473561
2215;1;44;1;9003;1;39;170;1;19;19;9;7;170,00;1;0;0;0;19;0;0;6;7;6;14,86;0;0;6;6;6;13,33;0;12,4;0,5;1,79;Graduate;1;1;0;14,0952381;1,770920201;23,02196261
1224;2;39;1;8014;0;19;100;1;1;19;1;5;130,00;0;0;0;1;19;0;0;6;6;6;13,83;0;0;6;7;6;14,29;0;8,9;1,4;3,51;Graduate;1;0;0;14,05952381;1,768966856;22,99656912
3287;1;7;1;9556;1;43;160;1;38;19;9;9;160,00;0;0;1;0;20;0;0;6;6;6;16,83;0;0;6;6;6;16,67;0;8,9;1,4;3,51;Graduate;1;1;0;16,75;1,916118854;22,99342624
2230;1;1;1;9070;1;1;117;1;1;1;3;9;118,40;0;0;0;0;18;0;0;5;6;5;11,80;1;0;5;8;5;11,60;0;9,4;-0,8;-3,12;Graduate;1;1;0;11,7;1,639915856;22,95882198
3514;4;39;1;9670;1;19;133,1;1;37;37;9;7;130,00;0;0;0;0;20;0;0;6;6;6;14,50;0;0;6;7;6;13,50;0;11,1;0,6;2,02;Graduate;1;1;0;14;1,765711281;22,95424665
1907;1;1;6;9500;1;1;117;1;4;12;5;9;119,80;1;0;0;0;18;0;0;6;8;6;12,14;0;0;6;6;6;11,17;0;8,9;1,4;3,51;Graduate;1;1;0;11,6547619;1,637441619;22,92418266
3243;1;39;1;8014;0;19;133,1;1;37;37;9;9;100,00;0;0;1;1;18;0;0;6;7;6;13,57;0;0;6;6;6;14,33;0;12,4;0,5;1,79;Graduate;1;1;0;13,95238095;1,76310682;22,92038867
3561;2;39;1;9500;1;19;133,1;1;19;19;4;4;100,00;0;0;1;0;43;0;0;5;8;5;13,50;2;0;5;5;5;14,40;0;9,4;-0,8;-3,12;Graduate;1;1;0;13,95;1,762976597;22,91869577
721;1;43;1;33;1;19;133,1;1;38;38;4;4;140,00;0;0;1;0;18;0;0;6;6;6;14,00;0;0;6;7;6;13,86;0;8,9;1,4;3,51;Graduate;1;1;0;13,92857143;1,76180459;22,90345967
1709;1;39;1;9556;1;19;133,1;1;19;1;7;10;105,00;0;0;0;0;21;0;0;6;7;6;13,33;0;0;6;6;6;14,50;0;10,8;1,4;1,74;Graduate;1;1;0;13,91666667;1,761153475;22,89499518
695;2;39;1;9130;1;19;133,1;1;2;1;2;9;157,00;1;0;0;0;19;0;0;6;6;6;14,17;0;0;6;7;6;13,67;0;7,6;2,6;0,32;Graduate;1;1;0;13,91666667;1,761153475;22,89499518
2868;1;39;1;9003;1;19;133,1;1;37;37;9;9;100,00;0;0;1;1;20;0;0;5;6;5;14,00;0;0;5;7;5;13,80;0;8,9;1,4;3,51;Graduate;1;1;0;13,9;1,760241914;22,88314489
3775;1;1;1;9238;1;1;117;1;1;19;4;7;113,50;1;0;0;0;18;0;0;5;8;5;12,40;0;0;5;6;5;10,80;0;8,9;1,4;3,51;Graduate;1;1;0;11,6;1,63444649;22,88225085
3290;1;39;1;9003;1;19;133,1;1;37;37;9;7;100,00;0;0;1;1;20;0;0;6;6;6;15,50;0;0;6;7;6;12,17;0;12,4;0,5;1,79;Graduate;1;1;0;13,83333333;1,75659567;22,83574371
1805;1;51;1;9147;1;19;133,1;1;19;19;9;5;112,10;0;0;0;1;18;0;0;6;7;6;13,29;0;0;6;6;6;14,33;0;12,4;0,5;1,79;Graduate;1;1;0;13,80952381;1,75529344;22,81881472
3534;2;39;1;9254;1;19;133,1;1;34;34;0;0;120,00;0;0;0;0;19;0;0;5;7;5;14,40;0;0;5;6;5;13,20;0;7,6;2,6;0,32;Graduate;1;1;0;13,8;1,754772548;22,81204312
1300;1;18;1;9254;1;1;118;1;38;38;5;5;123,30;1;0;0;0;18;0;0;6;8;6;11,33;0;0;6;6;6;11,67;0;7,6;2,6;0,32;Graduate;1;1;0;11,5;1,628977123;22,80567973
240;1;39;1;9085;1;19;133,1;1;19;19;9;7;140,00;0;0;1;1;19;0;0;6;7;6;13,67;0;0;6;6;6;13,83;0;12,7;3,7;-1,7;Graduate;1;1;0;13,75;1,752037865;22,77649224
3064;1;39;1;9773;1;19;133,1;1;19;19;171;163;104,00;0;0;0;1;19;0;3;6;7;6;13,14;0;2;6;6;6;14,33;0;12,4;0,5;1,79;Graduate;1;1;0;13,73809524;1,75138675;22,76802775
1390;1;1;2;9085;1;1;118;1;1;19;3;3;112,40;1;0;0;1;20;0;0;6;6;6;11,67;0;0;6;8;6;11,17;0;15,5;2,8;-4,06;Graduate;1;1;0;11,41666667;1,624419318;22,74187045
520;1;17;2;9853;1;1;118;1;37;37;9;9;112,10;1;0;0;0;41;0;0;5;8;5;11,00;0;0;5;6;5;11,80;1;7,6;2,6;0,32;Graduate;1;1;0;11,4;1,623507757;22,7291086
2483;1;39;1;9991;0;12;120;1;37;38;5;5;155,70;0;0;0;1;20;0;0;6;6;6;13,33;0;0;6;7;6;14,00;0;15,5;2,8;-4,06;Graduate;1;1;0;13,66666667;1,74748006;22,71724077
2875;2;39;1;9991;0;12;133,1;1;37;34;90;90;110,70;1;0;0;1;18;0;0;6;6;6;13,17;0;0;6;7;6;14,14;0;11,1;0,6;2,02;Graduate;1;1;0;13,6547619;1,746828945;22,70877628
2363;1;1;5;9147;1;1;118;1;19;19;9;9;114,20;1;0;0;1;18;0;0;6;6;6;11,33;0;0;6;8;6;11,33;0;15,5;2,8;-4,06;Graduate;1;1;0;11,33333333;1,619861513;22,67806118
3348;1;39;1;9147;1;12;133,1;1;37;37;9;9;140,00;0;0;1;1;20;0;0;6;7;6;14,71;0;0;6;6;6;12,50;0;8,9;1,4;3,51;Graduate;1;1;0;13,60714286;1,744224484;22,6749183
3460;4;43;4;9991;0;12;133,1;1;37;37;9;9;153,00;0;0;0;1;23;1;3;6;7;6;13,14;0;2;6;6;6;14,00;0;12,4;0,5;1,79;Graduate;1;1;0;13,57142857;1,742271139;22,64952481
1548;2;39;1;9991;0;9;133,1;1;34;34;0;0;118,40;0;0;1;0;18;0;0;6;7;6;14,17;0;0;6;6;6;12,83;0;9,4;-0,8;-3,12;Graduate;1;1;0;13,5;1,738364449;22,59873784
719;2;42;1;9991;0;6;123;1;37;37;9;9;123,00;0;0;0;1;18;0;0;5;7;5;13,33;0;0;5;6;5;13,60;0;12,7;3,7;-1,7;Graduate;1;1;0;13,46666667;1,736541327;22,57503725
2985;1;42;4;9500;1;6;133;1;1;19;2;9;127,80;1;0;0;1;19;0;0;6;6;6;13,50;0;0;6;7;6;13,43;0;11,1;0,6;2,02;Graduate;1;1;0;13,46428571;1,736411104;22,57334435
2178;1;43;1;8014;0;6;133,1;1;34;34;0;0;100,00;0;0;1;0;19;0;0;6;7;6;14,43;0;0;6;6;6;12,50;0;8,9;1,4;3,51;Graduate;1;1;0;13,46428571;1,736411104;22,57334435
327;1;43;1;9500;1;6;134;1;1;37;9;9;120,40;1;0;0;0;19;0;0;6;6;6;13,50;0;0;6;7;6;13,43;0;8,9;1,4;3,51;Graduate;1;1;0;13,46428571;1,736411104;22,57334435
1517;1;7;1;9500;1;5;140;1;19;1;4;1;140,00;1;0;0;0;20;0;0;6;7;6;13,57;0;0;6;6;6;13,33;0;13,9;-0,3;0,79;Graduate;1;1;0;13,45238095;1,735759989;22,56487986
987;1;7;1;9003;1;4;150;1;1;1;4;6;150,00;0;0;0;0;19;0;0;6;7;6;13,71;0;0;6;6;6;13,17;0;12,7;3,7;-1,7;Graduate;1;1;0;13,44047619;1,735108874;22,55641536
3199;1;7;1;9254;1;3;110;1;19;19;3;3;110,00;0;0;1;0;28;0;0;6;7;6;13,17;0;0;6;6;6;13,67;0;7,6;2,6;0,32;Graduate;1;1;0;13,41666667;1,733806644;22,53948637
1960;1;53;1;9085;1;42;130;1;19;1;9;9;130,00;1;0;0;0;20;1;0;5;6;5;16,17;0;0;5;6;5;15,83;0;12,7;3,7;-1,7;Graduate;1;1;0;16;1,875098606;22,50118328
1383;1;7;1;9003;1;3;120;1;1;19;4;1;120,00;1;0;0;0;18;0;0;6;7;6;13,00;0;0;6;6;6;13,67;0;12,4;0,5;1,79;Graduate;1;1;0;13,33333333;1,729248839;22,4802349
1540;2;39;1;9119;1;3;120;1;37;37;4;7;122,50;0;0;0;0;18;0;0;6;6;6;13,67;0;0;6;7;6;13,00;0;15,5;2,8;-4,06;Graduate;1;1;1;13,33333333;1,729248839;22,4802349
2957;1;7;1;9500;1;3;130;1;37;37;9;5;130,00;0;0;0;0;20;0;0;6;7;6;13,83;0;0;6;6;6;12,83;0;11,1;0,6;2,02;Graduate;1;1;0;13,33333333;1,729248839;22,4802349
457;1;7;1;9003;1;3;130;1;38;37;5;6;130,00;0;0;1;1;19;0;0;6;6;6;13,33;0;0;6;7;6;13,29;0;8,9;1,4;3,51;Graduate;1;1;0;13,30952381;1,727946609;22,46330591
2779;1;7;0;9003;1;3;130;1;1;37;4;9;130,00;1;0;0;0;20;0;0;6;7;6;13,50;0;0;6;6;6;13,00;0;10,8;1,4;1,74;Graduate;1;1;0;13,25;1,724691033;22,42098343
2439;1;7;1;9003;1;3;130;1;1;38;9;7;130,00;1;0;0;1;20;0;4;7;8;7;13,00;0;2;5;5;5;13,40;0;11,1;0,6;2,02;Graduate;1;1;0;13,2;1,72195635;22,38543255
2087;1;7;1;8014;0;3;140;1;1;1;4;4;140,00;0;0;1;1;20;0;0;6;6;6;12,33;0;0;6;7;6;14,00;0;12,4;0,5;1,79;Graduate;1;1;0;13,16666667;1,720133228;22,36173197
794;1;17;3;9238;1;1;118;1;3;1;2;5;110,00;1;0;0;0;40;0;0;6;7;6;11,33;0;0;6;7;6;10,50;0;10,8;1,4;1,74;Graduate;1;1;0;10,91666667;1,597072487;22,35901481
2652;1;7;1;9003;1;3;140;1;3;19;2;10;140,00;0;0;1;0;20;0;0;6;7;6;13,57;0;0;6;6;6;12,67;0;12,4;0,5;1,79;Graduate;1;1;0;13,11904762;1,717528768;22,32787398
2984;1;7;1;9853;1;3;150;1;19;19;4;5;150,00;0;0;0;0;18;0;0;6;7;6;12,86;0;0;6;6;6;13,33;0;13,9;-0,3;0,79;Graduate;1;1;0;13,0952381;1,716226538;22,31094499
4262;2;43;1;9991;0;2;120;1;37;37;9;9;120,00;0;0;0;0;21;0;3;6;7;6;12,57;0;2;6;6;6;13,50;0;12,4;0,5;1,79;Graduate;1;1;0;13,03571429;1,712970963;22,26862252
3809;4;27;1;9070;1;2;130;1;34;34;0;0;130,00;0;0;1;0;21;0;0;6;7;6;12,86;0;0;6;6;6;13,17;0;12,4;0,5;1,79;Graduate;1;1;0;13,01190476;1,711668733;22,25169353
1544;1;7;1;9130;1;2;133,1;6;42;1;4;9;100,00;0;0;0;1;18;0;0;6;7;6;13,00;0;0;6;6;6;13,00;0;12,4;0,5;1,79;Graduate;1;1;0;13;1,711017618;22,24322903
3567;2;43;1;9070;1;2;140;1;37;37;6;6;140,00;1;0;0;1;19;0;0;6;6;6;13,00;0;0;6;7;6;13,00;0;10,8;1,4;1,74;Graduate;1;1;0;13;1,711017618;22,24322903
400;1;17;1;9147;1;1;96;1;38;37;6;4;96,00;1;0;0;0;18;0;0;5;6;5;14,20;0;0;5;7;5;11,80;0;7,6;2,6;0,32;Graduate;1;1;0;13;1,711017618;22,24322903
2222;1;1;2;9500;1;1;99;1;1;3;5;10;100,00;1;0;1;0;21;0;0;6;6;6;12,33;0;0;6;7;6;13,67;0;8,9;1,4;3,51;Graduate;1;1;0;13;1,711017618;22,24322903
3427;1;18;1;9147;1;1;100;1;38;38;5;5;101,80;1;0;0;1;19;0;0;5;8;5;13,17;2;0;5;5;5;12,80;0;9,4;-0,8;-3,12;Graduate;1;1;0;12,98333333;1,710106057;22,23137874
3744;1;51;1;9085;1;40;120;1;3;3;4;2;125,00;0;0;0;1;18;0;0;6;6;6;15,83;0;0;6;6;6;15,33;0;11,1;0,6;2,02;Graduate;1;1;0;15,58333333;1,85230958;22,22771496
3543;1;39;1;9991;0;1;100;1;37;38;9;4;140,00;0;0;0;1;18;0;0;6;7;6;13,43;0;0;6;6;6;12,50;0;13,9;-0,3;0,79;Graduate;1;1;0;12,96428571;1,709064273;22,21783554
1653;1;7;1;9991;0;40;120;1;43;3;3;3;120,00;0;0;0;0;33;0;2;6;7;6;15,33;0;0;5;5;5;15,80;0;11,1;0,6;2,02;Graduate;1;1;0;15,56666667;1,851398019;22,21677623
935;1;39;1;9500;1;1;100;1;3;1;2;5;121,30;1;0;0;1;18;0;0;6;6;6;13,33;0;0;6;7;6;12,57;0;12,7;3,7;-1,7;Graduate;1;1;0;12,95238095;1,708413158;22,20937105
1327;1;1;1;9085;1;1;101;1;1;37;4;9;98,90;1;0;0;0;19;0;0;5;7;5;13,60;0;0;5;6;5;12,20;0;8,9;1,4;3,51;Graduate;1;1;1;12,9;1,705548251;22,17212727
3148;1;1;5;9500;1;1;101;1;1;1;3;4;102,40;0;0;0;1;18;0;0;6;7;6;12,29;0;0;6;6;6;13,50;0;8,9;1,4;3,51;Graduate;1;1;0;12,89285714;1,705157582;22,16704857
585;1;17;1;9254;1;1;102;1;37;37;7;7;102,00;0;0;0;0;22;0;3;6;6;6;12,50;0;2;6;7;6;13,29;0;12,4;0,5;1,79;Graduate;1;1;0;12,89285714;1,705157582;22,16704857
860;1;1;1;9773;1;1;108;1;34;38;0;3;105,90;0;0;0;1;18;0;0;6;7;6;13,17;0;0;6;6;6;12,50;0;12,4;0,5;1,79;Graduate;1;1;0;12,83333333;1,701902007;22,12472609
2487;4;39;1;9670;1;1;110;1;19;19;90;99;107,20;0;0;0;1;19;0;0;6;6;6;12,50;0;0;6;7;6;13,00;0;15,5;2,8;-4,06;Graduate;1;1;0;12,75;1,697344202;22,06547463
1726;2;39;1;9991;0;1;110;1;37;37;5;1;120,00;1;0;0;0;18;0;0;6;6;6;12,67;0;0;6;7;6;12,83;0;12,7;3,7;-1,7;Graduate;1;1;0;12,75;1,697344202;22,06547463
2265;1;1;1;9853;1;1;110;1;37;37;9;4;114,30;1;0;0;1;20;0;0;6;7;6;12,67;0;0;6;6;6;12,83;0;10,8;1,4;1,74;Graduate;1;1;0;12,75;1,697344202;22,06547463
2253;1;7;1;9085;1;40;140;1;5;3;2;2;140,00;0;0;0;0;19;0;0;5;7;5;14,71;0;0;5;5;5;15,80;0;7,6;2,6;0,32;Graduate;1;1;0;15,25714286;1,834469028;22,01362834
408;1;39;1;9991;0;40;140;1;1;19;9;9;139,00;0;0;0;1;18;0;0;6;6;6;15,00;0;0;6;6;6;15,50;0;8,9;1,4;3,51;Graduate;1;1;0;15,25;1,834078359;22,00894031
2014;2;39;1;9853;1;1;110;1;37;37;9;9;95,50;0;0;0;0;18;0;0;6;6;6;12,67;0;0;6;7;6;12,57;0;10,8;1,4;1,74;Graduate;1;1;0;12,61904762;1,690181937;21,97236518
3865;1;43;1;9085;1;1;110;1;3;19;4;6;105,00;0;0;0;1;18;0;0;6;6;6;12,83;0;0;6;7;6;12,33;0;13,9;-0,3;0,79;Graduate;1;1;0;12,58333333;1,688228591;21,94697169
759;1;1;1;9254;1;1;111;1;1;1;3;3;112,40;1;0;0;1;18;0;0;6;6;6;12,83;0;0;6;7;6;12,29;0;15,5;2,8;-4,06;Graduate;1;1;0;12,55952381;1,686926361;21,9300427
880;1;44;1;9070;1;39;120;1;19;1;9;3;120,00;1;0;1;0;18;0;0;6;6;6;15,17;0;0;6;6;6;14,83;0;9,4;-0,8;-3,12;Graduate;1;1;0;15;1,820404943;21,84485932
2360;1;17;5;9254;1;1;113;1;1;1;2;3;110,20;1;0;0;1;20;0;0;6;6;6;12,00;0;0;6;7;6;12,86;0;11,1;0,6;2,02;Graduate;1;1;0;12,42857143;1,679764096;21,83693325
997;1;1;3;9500;1;1;113;1;3;1;134;135;107,80;1;0;0;0;19;0;0;6;6;6;11,83;0;0;6;7;6;13,00;0;9,4;-0,8;-3,12;Graduate;1;1;0;12,41666667;1,679112981;21,82846875
3378;1;1;1;9853;1;1;113;1;38;38;3;7;112,30;0;0;1;0;22;0;0;6;7;6;12,67;0;0;6;6;6;12,17;0;7,6;2,6;0,32;Graduate;1;1;1;12,41666667;1,679112981;21,82846875
901;1;17;1;9147;1;1;114;1;19;19;9;7;107,70;0;0;0;1;21;0;3;6;6;6;11,50;0;2;6;7;6;13,29;0;12,4;0,5;1,79;Graduate;1;1;0;12,39285714;1,677810751;21,81153976
3992;1;1;1;9853;1;1;114;1;19;37;5;5;109,50;1;0;0;0;20;0;0;6;6;6;11,50;0;0;6;7;6;13,29;0;11,1;0,6;2,02;Graduate;1;1;0;12,39285714;1,677810751;21,81153976
1604;1;44;1;9003;1;39;120;1;19;38;6;6;120,00;1;0;0;0;18;0;0;6;6;6;15,00;0;0;6;6;6;14,83;0;8,9;1,4;3,51;Graduate;1;1;1;14,91666667;1,815847138;21,79016566
2284;1;43;1;9238;1;39;120;1;2;1;1;2;118,60;0;0;0;0;20;0;0;6;6;6;14,33;0;0;6;6;6;15,50;0;12,4;0,5;1,79;Graduate;1;1;0;14,91666667;1,815847138;21,79016566
1218;1;44;1;8014;0;39;120;1;19;37;7;6;121,80;1;0;0;1;18;0;0;6;6;6;14,67;0;0;6;6;6;15,17;0;9,4;-0,8;-3,12;Graduate;1;1;0;14,91666667;1,815847138;21,79016566
3498;2;43;1;9991;0;1;114;1;37;37;7;8;116,70;0;0;0;0;20;0;0;6;6;6;11,83;0;0;6;7;6;12,86;0;15,5;2,8;-4,06;Graduate;1;1;0;12,3452381;1,675206291;21,77768178
825;1;18;4;9773;1;1;114;1;1;1;9;9;111,60;1;0;0;0;19;0;0;6;6;6;13,00;0;0;6;7;6;11,67;0;8,9;1,4;3,51;Graduate;1;1;0;12,33333333;1,674555176;21,76921728
3847;1;43;1;9773;1;1;114;1;37;38;9;5;107,40;1;0;0;0;35;0;0;6;7;6;12,50;0;0;6;6;6;12,17;0;15,5;2,8;-4,06;Graduate;1;1;0;12,33333333;1,674555176;21,76921728
2595;1;17;1;9147;1;1;115;1;19;19;7;7;115,00;1;0;0;0;18;0;0;6;7;6;12,50;0;0;6;6;6;12,17;0;10,8;1,4;1,74;Graduate;1;0;0;12,33333333;1,674555176;21,76921728
998;1;44;1;9085;1;39;130;6;19;1;6;4;130,00;1;0;1;0;22;0;0;6;6;6;14,67;0;0;6;6;6;15,00;0;9,4;-0,8;-3,12;Graduate;1;1;0;14,83333333;1,811289333;21,735472
1628;1;44;1;9991;0;39;130;1;37;37;5;5;130,00;1;0;1;0;18;0;0;6;6;6;16,00;0;0;6;6;6;13,67;0;12,4;0,5;1,79;Graduate;1;1;0;14,83333333;1,811289333;21,735472
3726;1;44;1;9003;1;39;130;1;1;1;3;10;130,00;0;0;0;1;18;0;0;6;6;6;14,83;0;0;6;6;6;14,83;0;8,9;1,4;3,51;Graduate;1;1;1;14,83333333;1,811289333;21,735472
2152;1;44;1;9085;1;39;130;1;3;1;2;9;130,00;1;0;0;0;18;0;0;6;6;6;14,50;0;0;6;6;6;15,17;0;10,8;1,4;1,74;Graduate;1;0;0;14,83333333;1,811289333;21,735472
553;1;43;1;9070;1;1;115;1;12;12;1;10;115,00;0;0;0;0;19;0;0;6;7;6;12,71;0;0;6;6;6;11,83;0;8,9;1,4;3,51;Graduate;1;1;0;12,27380952;1,671299601;21,72689481
3192;1;1;1;9670;1;1;115;1;19;37;9;9;114,30;0;0;0;1;21;0;0;6;7;6;12,00;0;0;6;6;6;12,50;0;13,9;-0,3;0,79;Graduate;1;1;0;12,25;1,66999737;21,70996582
654;1;44;1;9238;1;39;130;1;38;38;6;9;126,30;1;0;0;0;18;0;0;6;6;6;15,50;0;0;6;6;6;14,00;0;11,1;0,6;2,02;Graduate;1;1;0;14,75;1,806731528;21,68077833
3789;1;44;1;9003;1;39;130;1;3;1;4;6;130,00;0;0;0;1;20;0;0;6;6;6;15,00;0;0;6;6;6;14,50;0;11,1;0,6;2,02;Graduate;1;1;1;14,75;1,806731528;21,68077833
3510;1;44;1;9070;1;39;130;1;1;1;9;9;131,80;0;0;0;1;19;0;0;6;6;6;14,83;0;0;6;6;6;14,67;0;12,7;3,7;-1,7;Graduate;1;1;0;14,75;1,806731528;21,68077833
898;1;43;1;9070;1;39;130;1;19;37;5;9;124,00;1;0;0;1;18;0;0;6;6;6;15,67;0;0;6;6;6;13,83;0;8,9;1,4;3,51;Graduate;1;1;0;14,75;1,806731528;21,68077833
3259;1;44;1;9147;1;39;130;1;19;1;9;3;130,00;0;0;0;1;23;0;0;6;6;6;15,33;0;0;6;6;6;14,17;0;11,1;0,6;2,02;Graduate;1;1;0;14,75;1,806731528;21,68077833
2824;1;17;1;9670;1;1;115;1;1;1;4;4;109,10;1;0;0;1;19;0;0;5;5;5;12,80;0;0;5;8;5;11,60;0;9,4;-0,8;-3,12;Graduate;1;1;0;12,2;1,667262687;21,67441494
3262;1;1;3;9147;1;1;115;1;1;38;3;8;109,80;1;0;1;0;19;0;0;6;7;6;12,17;0;0;6;6;6;12,17;0;12,4;0,5;1,79;Graduate;1;1;0;12,16666667;1,665439565;21,65071435
846;1;1;1;171;1;1;115;1;37;37;9;8;129,00;1;0;0;1;18;0;0;6;7;6;12,29;0;0;6;6;6;12,00;0;8,9;1,4;3,51;Graduate;1;1;0;12,14285714;1,664137335;21,63378536
2648;1;44;1;9003;1;39;130;1;38;38;9;5;130,00;0;0;0;1;39;0;0;6;6;6;13,83;0;0;6;6;6;15,50;0;11,1;0,6;2,02;Graduate;1;1;0;14,66666667;1,802173722;21,62608467
2300;1;39;1;9254;1;39;137;1;1;1;5;10;124,50;0;0;0;0;18;0;0;6;6;6;15,17;0;0;6;6;6;14,17;0;15,5;2,8;-4,06;Graduate;1;1;0;14,66666667;1,802173722;21,62608467
3186;1;17;2;9119;1;1;116;1;19;1;9;7;112,20;0;0;0;1;20;0;0;6;6;6;12,33;0;0;6;7;6;11,83;0;13,9;-0,3;0,79;Graduate;1;1;0;12,08333333;1,66088176;21,59146288
2704;1;44;1;9003;1;39;140;1;1;38;1;9;140,00;0;0;0;1;18;0;0;6;6;6;14,50;0;0;6;6;6;14,67;0;16,2;0,3;-0,92;Graduate;1;1;0;14,58333333;1,797615917;21,57139101
484;1;44;1;9085;1;39;140;1;38;38;9;7;140,00;0;0;0;1;18;0;0;6;6;6;13,17;0;0;6;6;6;16,00;0;10,8;1,4;1,74;Graduate;1;1;0;14,58333333;1,797615917;21,57139101
1989;1;1;2;9500;1;1;116;1;19;37;3;3;109,00;1;0;1;1;19;0;0;6;6;6;12,83;0;0;6;7;6;11,17;0;11,1;0,6;2,02;Graduate;1;1;0;12;1,656323955;21,53221141
699;1;44;1;9003;1;39;140;1;1;38;9;1;140,00;1;0;0;0;44;0;0;6;6;6;14,83;0;0;6;6;6;14,17;0;10,8;1,4;1,74;Graduate;1;1;0;14,5;1,793058112;21,51669734
675;1;1;1;9254;1;1;116;1;38;38;5;8;110,80;1;0;0;0;21;0;3;6;6;6;12,17;0;2;6;7;6;11,71;0;13,9;-0,3;0,79;Graduate;1;1;0;11,94047619;1,65306838;21,48988893
1945;1;1;2;9773;1;1;116;1;1;19;4;7;127,60;1;0;0;0;20;0;0;6;6;6;12,17;0;0;6;7;6;11,67;0;9,4;-0,8;-3,12;Graduate;1;1;0;11,91666667;1,65176615;21,47295994
3768;1;17;1;9773;1;1;116;1;37;1;9;8;115,70;1;0;0;0;19;0;0;6;6;6;12,17;0;0;6;7;6;11,67;0;10,8;1,4;1,74;Graduate;1;1;0;11,91666667;1,65176615;21,47295994
4302;1;43;1;171;1;39;140;1;38;37;9;7;140,00;0;0;0;1;20;0;0;6;6;6;13,83;0;0;6;6;6;15,00;0;11,1;0,6;2,02;Graduate;1;1;0;14,41666667;1,788500307;21,46200368
3337;1;44;1;9003;1;39;140;1;19;19;4;4;140,00;1;0;0;1;21;0;3;6;6;6;14,67;0;2;6;6;6;14,17;0;13,9;-0,3;0,79;Graduate;1;1;0;14,41666667;1,788500307;21,46200368
1364;1;44;1;171;1;39;150;1;19;1;9;9;154,80;1;0;0;0;20;0;0;5;6;5;14,80;1;0;5;6;5;14,00;0;12,7;3,7;-1,7;Graduate;1;1;0;14,4;1,787588746;21,45106495
535;1;44;1;171;1;39;150;1;4;4;2;2;150,00;0;0;1;0;20;0;0;5;7;5;14,60;1;0;5;5;5;14,20;0;12,7;3,7;-1,7;Graduate;1;1;0;14,4;1,787588746;21,45106495
1682;1;1;1;9773;1;1;117;1;1;19;4;4;109,30;0;0;1;1;19;0;0;6;6;6;12,00;0;0;6;7;6;11,67;0;16,2;0,3;-0,92;Graduate;1;1;0;11,83333333;1,647208344;21,41370848
3321;1;1;1;9773;1;1;117;1;1;37;5;9;118,40;0;0;0;1;18;0;0;6;6;6;11,33;0;0;6;7;6;12,29;0;15,5;2,8;-4,06;Graduate;1;1;0;11,80952381;1,645906114;21,39677948
4265;1;44;1;9003;1;39;150;1;37;19;9;9;150,00;0;0;0;1;18;0;0;6;6;6;14,83;0;0;6;6;6;13,50;0;11,1;0,6;2,02;Graduate;1;1;0;14,16666667;1,774826891;21,29792269
938;1;44;1;9991;0;39;150;1;37;37;6;6;150,00;0;0;1;0;19;0;0;6;6;6;13,83;0;0;6;6;6;14,50;0;8,9;1,4;3,51;Graduate;1;1;0;14,16666667;1,774826891;21,29792269
1758;1;44;1;9130;1;39;150;1;1;37;4;8;150,00;1;0;0;1;19;0;0;6;6;6;15,00;0;0;6;6;6;13,33;0;8,9;1,4;3,51;Graduate;1;1;0;14,16666667;1,774826891;21,29792269
3712;1;44;1;171;1;39;160;1;19;38;9;9;160,00;1;0;0;1;18;0;0;6;6;6;13,67;0;0;6;6;6;14,67;0;16,2;0,3;-0,92;Graduate;1;1;0;14,16666667;1,774826891;21,29792269
2456;1;44;1;9003;1;39;170;1;19;19;5;5;170,00;1;0;0;0;21;0;0;5;7;5;14,40;0;0;5;5;5;13,80;0;7,6;2,6;0,32;Graduate;1;1;0;14,1;1,771180647;21,25416776
3980;4;39;1;9773;1;38;133,1;1;19;19;7;9;133,00;0;0;1;0;18;0;0;6;6;6;13,67;0;0;6;6;6;14,50;0;12,7;3,7;-1,7;Graduate;1;1;0;14,08333333;1,770269086;21,24322903
1371;1;39;1;8014;0;38;133,1;1;38;37;4;8;95,50;0;0;1;0;25;0;0;6;6;6;14,67;0;0;6;6;6;13,50;0;11,1;0,6;2,02;Graduate;1;1;0;14,08333333;1,770269086;21,24322903
2796;2;39;1;9500;1;38;133,1;1;37;37;9;3;146,60;0;0;1;0;19;0;0;6;6;6;14,17;0;0;6;6;6;14,00;0;13,9;-0,3;0,79;Graduate;1;1;0;14,08333333;1,770269086;21,24322903
3072;1;39;1;8014;0;38;133,1;1;1;1;4;4;107,50;0;0;0;0;19;0;0;6;6;6;13,17;0;0;6;6;6;15,00;0;16,2;0,3;-0,92;Graduate;1;1;0;14,08333333;1,770269086;21,24322903
802;1;1;2;9238;1;1;117;1;19;1;9;8;110,00;1;0;0;0;20;0;0;6;7;6;11,50;0;0;6;6;6;11,67;0;7,6;2,6;0,32;Graduate;1;1;0;11,58333333;1,633534929;21,23595407
691;4;39;1;9130;1;19;133,1;1;37;38;9;4;100,90;0;0;1;0;55;0;0;6;6;6;14,50;0;0;6;6;6;13,50;0;11,1;0,6;2,02;Graduate;1;1;0;14;1,765711281;21,18853537
2867;2;39;1;8014;0;19;133,1;1;3;19;90;90;123,50;0;0;0;0;18;0;0;5;7;5;14,40;1;0;5;5;5;13,60;0;12,7;3,7;-1,7;Graduate;1;1;0;14;1,765711281;21,18853537
3755;1;39;1;9085;1;19;133,1;1;19;37;7;90;104,00;0;0;0;0;19;0;0;6;6;6;13,33;0;0;6;6;6;14,67;0;12,4;0,5;1,79;Graduate;1;1;0;14;1,765711281;21,18853537
3493;2;39;1;9991;0;19;133,1;1;38;38;7;8;120,00;0;0;0;1;18;0;0;6;6;6;13,83;0;0;6;6;6;14,17;0;16,2;0,3;-0,92;Graduate;1;1;0;14;1,765711281;21,18853537
4357;1;39;1;9085;1;19;133,1;1;37;37;4;8;140,00;0;0;1;0;23;0;0;5;5;5;13,80;0;0;5;7;5;14,14;0;11,1;0,6;2,02;Graduate;1;1;0;13,97142857;1,764148604;21,16978325
3827;1;39;1;9254;1;19;133,1;1;37;37;9;4;100,00;0;0;0;1;19;0;0;6;6;6;13,33;0;0;6;6;6;14,50;0;10,8;1,4;1,74;Graduate;1;1;0;13,91666667;1,761153475;21,1338417
685;4;39;1;9003;1;19;133,1;1;37;37;9;9;110,00;0;0;0;0;19;1;0;6;6;6;13,50;0;0;6;6;6;14,33;0;12,4;0,5;1,79;Graduate;1;1;0;13,91666667;1,761153475;21,1338417
381;4;39;1;9500;1;19;133,1;1;38;19;5;7;140,00;0;0;0;0;19;0;0;6;6;6;14,33;0;0;6;6;6;13,50;0;12,7;3,7;-1,7;Graduate;1;1;0;13,91666667;1,761153475;21,1338417
1494;1;39;1;9670;1;19;133,1;1;19;1;5;8;97,20;1;0;0;0;19;0;0;6;6;6;14,33;0;0;6;6;6;13,50;0;9,4;-0,8;-3,12;Graduate;1;1;0;13,91666667;1,761153475;21,1338417
1577;2;39;2;9670;1;19;133,1;1;37;37;9;9;135,60;0;0;0;0;19;0;0;6;6;6;14,67;0;0;6;6;6;13,17;0;9,4;-0,8;-3,12;Graduate;1;1;0;13,91666667;1,761153475;21,1338417
2273;2;39;1;9991;0;19;133,1;1;37;1;5;5;138,30;0;0;0;1;24;0;0;6;6;6;13,67;0;0;6;6;6;14,17;0;12,4;0,5;1,79;Graduate;1;1;0;13,91666667;1,761153475;21,1338417
848;1;17;1;9147;1;1;118;1;19;19;9;9;122,20;0;0;0;1;19;0;0;6;7;6;11,33;0;0;6;6;6;11,50;0;12,4;0,5;1,79;Graduate;1;1;0;11,41666667;1,624419318;21,11745114
4097;4;39;1;8014;0;19;133,1;1;37;37;9;9;113,50;0;0;1;1;21;0;0;6;6;6;13,50;0;0;6;6;6;14,17;0;12,7;3,7;-1,7;Graduate;1;1;0;13,83333333;1,75659567;21,07914804
1161;1;39;1;9991;0;19;133,1;1;37;37;9;9;117,20;0;0;0;1;19;1;0;6;6;6;14,17;0;0;6;6;6;13,50;0;11,1;0,6;2,02;Graduate;1;1;0;13,83333333;1,75659567;21,07914804
2277;2;39;1;8014;0;19;133,1;1;37;37;6;6;139,00;0;0;0;0;19;0;3;6;6;6;14,17;0;2;6;6;6;13,50;0;12,4;0,5;1,79;Graduate;1;1;0;13,83333333;1,75659567;21,07914804
3858;1;39;1;9991;0;19;133,1;1;38;19;9;10;142,70;0;0;0;1;18;0;0;6;6;6;13,67;0;0;6;6;6;14,00;0;8,9;1,4;3,51;Graduate;1;1;0;13,83333333;1,75659567;21,07914804
4087;1;39;1;8014;0;19;133,1;1;37;37;9;7;106,50;0;0;1;0;19;0;0;6;6;6;14,00;0;0;6;6;6;13,67;0;13,9;-0,3;0,79;Graduate;1;0;0;13,83333333;1,75659567;21,07914804
3696;1;39;1;9991;0;19;133,1;1;19;37;9;9;149,40;0;0;0;1;18;0;0;6;6;6;14,00;0;0;6;6;6;13,50;0;8,9;1,4;3,51;Graduate;1;1;0;13,75;1,752037865;21,02445438
2668;2;39;1;9991;0;19;133,1;1;19;19;4;4;150,00;0;0;0;0;21;1;0;6;6;6;14,00;0;0;6;6;6;13,50;0;8,9;1,4;3,51;Graduate;1;0;0;13,75;1,752037865;21,02445438
924;1;39;1;9500;1;19;133,1;1;37;37;9;6;120,00;0;0;1;1;19;0;0;6;6;6;15,17;0;0;6;6;6;12,33;0;12,4;0,5;1,79;Graduate;1;1;1;13,75;1,752037865;21,02445438
3334;1;39;2;9670;1;19;133,1;1;34;34;0;0;100,00;1;0;1;0;19;0;0;6;6;6;13,83;0;0;6;6;6;13,67;0;11,1;0,6;2,02;Graduate;1;1;0;13,75;1,752037865;21,02445438
2317;1;39;1;9119;1;19;133,1;1;1;1;4;3;134,40;0;0;0;1;20;0;3;6;6;6;13,33;0;2;6;6;6;14,17;0;13,9;-0,3;0,79;Graduate;1;1;0;13,75;1,752037865;21,02445438
4251;4;39;1;9500;1;19;133,1;1;37;37;5;7;100,00;0;0;1;0;18;0;0;6;6;6;13,83;0;0;6;6;6;13,67;0;12,7;3,7;-1,7;Graduate;1;1;0;13,75;1,752037865;21,02445438
2407;2;39;1;171;1;12;110;1;37;37;7;7;106,00;1;0;0;0;18;0;0;6;6;6;14,50;0;0;6;6;6;12,83;0;12,4;0,5;1,79;Graduate;1;1;0;13,66666667;1,74748006;20,96976072
3852;4;39;1;9773;1;12;120;1;37;37;4;9;130,00;0;0;0;0;19;0;0;6;6;6;14,00;0;0;6;6;6;13,33;0;8,9;1,4;3,51;Graduate;1;1;0;13,66666667;1,74748006;20,96976072
3723;1;39;1;9003;1;12;133,1;1;19;1;9;1;130,00;0;0;0;1;20;0;0;6;6;6;13,83;0;0;6;6;6;13,50;0;16,2;0,3;-0,92;Graduate;1;1;0;13,66666667;1,74748006;20,96976072
4264;2;39;1;9991;0;12;133,1;1;37;1;9;4;138,40;0;0;0;1;19;0;0;6;6;6;13,00;0;0;6;6;6;14,17;0;12,4;0,5;1,79;Graduate;1;1;0;13,58333333;1,742922254;20,91506705
3545;1;39;1;9991;0;12;133,1;1;37;37;9;9;121,50;0;0;1;0;18;1;0;6;6;6;13,67;0;0;6;6;6;13,50;0;7,6;2,6;0,32;Graduate;1;1;0;13,58333333;1,742922254;20,91506705
3225;1;39;1;9147;1;12;133,1;1;19;37;7;9;118,20;0;0;0;0;18;0;0;6;6;6;13,00;0;0;6;6;6;14,17;0;12,4;0,5;1,79;Graduate;1;1;1;13,58333333;1,742922254;20,91506705
2502;2;39;1;8014;0;12;133,1;1;37;37;9;1;113,00;0;0;0;0;18;0;0;6;6;6;14,00;0;0;6;6;6;13,17;0;10,8;1,4;1,74;Graduate;1;1;0;13,58333333;1,742922254;20,91506705
2978;1;42;1;9853;1;12;133,1;1;1;3;3;2;133,70;0;0;0;0;20;0;0;6;6;6;14,50;0;0;6;6;6;12,67;0;12,4;0,5;1,79;Graduate;1;1;0;13,58333333;1,742922254;20,91506705
614;1;17;3;9147;1;1;118;1;1;19;5;7;118,00;0;0;1;0;19;0;0;5;5;5;10,60;0;0;5;8;5;11,60;0;12,4;0,5;1,79;Graduate;1;1;0;11,1;1,607099658;20,89229556
37;1;39;1;9119;1;10;133,1;1;34;37;0;0;128,80;1;0;0;1;19;0;0;6;6;6;13,00;0;0;6;6;6;14,00;0;13,9;-0,3;0,79;Graduate;1;1;0;13,5;1,738364449;20,86037339
3187;1;39;1;9130;1;10;133,1;1;12;36;90;90;128,20;0;0;0;0;19;0;0;5;7;5;12,40;0;0;5;5;5;14,60;0;8,9;1,4;3,51;Graduate;1;1;0;13,5;1,738364449;20,86037339
1639;1;39;1;9670;1;9;133,1;1;37;37;5;3;110,00;0;0;0;1;19;0;0;6;6;6;13,17;0;0;6;6;6;13,83;0;11,1;0,6;2,02;Graduate;1;1;0;13,5;1,738364449;20,86037339
832;1;39;1;9238;1;9;133,1;1;34;34;0;0;118,00;0;0;0;0;20;0;0;6;6;6;13,67;0;0;6;6;6;13,33;0;9,4;-0,8;-3,12;Graduate;1;1;0;13,5;1,738364449;20,86037339
2931;1;39;1;9991;0;9;133,1;1;37;34;90;90;118,10;1;0;0;0;18;0;0;6;6;6;13,67;0;0;6;6;6;13,33;0;8,9;1,4;3,51;Graduate;1;1;0;13,5;1,738364449;20,86037339
1187;2;7;1;9500;1;3;120;1;37;19;9;7;120,00;1;0;0;0;20;0;3;6;6;6;12,83;0;2;6;6;6;13,83;0;12,4;0,5;1,79;Graduate;1;1;1;13,33333333;1,729248839;20,75098606
4068;2;7;1;8014;0;3;120;1;38;1;9;9;120,00;0;0;0;1;18;0;0;6;6;6;13,33;0;0;6;6;6;13,33;0;9,4;-0,8;-3,12;Graduate;1;1;0;13,33333333;1,729248839;20,75098606
1851;1;7;1;9500;1;3;120;1;1;1;7;10;120,00;1;0;0;0;22;1;0;6;6;6;13,00;0;0;6;6;6;13,67;0;12,4;0,5;1,79;Graduate;1;1;0;13,33333333;1,729248839;20,75098606
3317;1;7;1;9119;1;3;120;1;19;19;1;1;120,00;0;0;1;1;19;0;0;6;6;6;12,67;0;0;6;6;6;14,00;0;16,2;0,3;-0,92;Graduate;1;1;0;13,33333333;1,729248839;20,75098606
412;1;39;1;9500;1;3;122;1;19;1;4;8;135,80;0;0;0;0;55;0;0;6;6;6;13,83;0;1;6;6;6;12,83;0;7,6;2,6;0,32;Graduate;1;1;0;13,33333333;1,729248839;20,75098606
2819;2;7;1;8014;0;3;124,4;1;37;34;0;0;130,00;0;0;0;1;18;0;0;6;6;6;13,67;0;0;6;6;6;13,00;0;10,8;1,4;1,74;Graduate;1;1;0;13,33333333;1,729248839;20,75098606
867;1;39;1;9119;1;3;130;1;1;38;90;90;143,40;0;0;0;1;23;0;0;6;6;6;14,17;0;0;6;6;6;12,50;0;12,7;3,7;-1,7;Graduate;1;1;0;13,33333333;1,729248839;20,75098606
3211;1;7;1;9003;1;3;130;1;3;3;6;2;130,00;1;0;0;1;24;0;0;6;6;6;13,50;0;0;6;6;6;13,00;0;11,1;0,6;2,02;Graduate;1;0;0;13,25;1,724691033;20,6962924
4293;2;39;1;9500;1;3;130;1;1;1;4;6;126,00;0;0;0;0;18;0;0;6;6;6;13,83;0;0;6;6;6;12,67;0;10,8;1,4;1,74;Graduate;1;1;0;13,25;1,724691033;20,6962924
2097;1;7;1;9500;1;3;140;1;3;1;4;4;140,00;0;0;0;0;20;0;0;6;6;6;13,83;0;0;6;6;6;12,50;0;12,7;3,7;-1,7;Graduate;1;1;0;13,16666667;1,720133228;20,64159874
927;1;7;1;9085;1;3;140;1;19;20;4;90;140,00;1;0;0;1;19;0;0;6;6;6;12,83;0;0;6;6;6;13,50;0;16,2;0,3;-0,92;Graduate;1;1;0;13,16666667;1,720133228;20,64159874
2267;1;7;1;9003;1;3;140;1;39;39;9;4;140,00;0;0;0;0;18;0;0;6;6;6;12,50;0;0;6;6;6;13,83;0;8,9;1,4;3,51;Graduate;1;1;0;13,16666667;1,720133228;20,64159874
1549;2;7;1;9254;1;2;100;1;37;37;9;9;100,00;0;0;1;1;19;0;0;6;6;6;13,00;0;0;6;6;6;13,17;0;12,4;0,5;1,79;Graduate;1;1;1;13,08333333;1,715575423;20,58690507
4036;2;7;1;9130;1;2;110;1;19;19;4;8;110,00;1;0;0;0;21;0;0;6;6;6;13,17;0;0;6;6;6;13,00;0;7,6;2,6;0,32;Graduate;1;1;0;13,08333333;1,715575423;20,58690507
2919;1;43;1;9991;0;2;110;1;37;37;9;9;112,90;0;0;0;0;18;0;0;6;6;6;12,83;0;0;6;6;6;13,33;0;9,4;-0,8;-3,12;Graduate;1;1;0;13,08333333;1,715575423;20,58690507
1487;1;53;1;9085;1;42;140;1;1;3;4;2;142,80;1;0;0;1;18;0;0;5;6;5;16,33;0;0;5;5;5;15,40;0;15,5;2,8;-4,06;Graduate;1;1;0;15,86666667;1,867806118;20,5458673
3833;1;43;1;9070;1;1;100;1;37;37;9;9;108,00;1;0;0;0;24;0;0;6;6;6;12,17;0;0;6;6;6;13,83;0;7,6;2,6;0,32;Graduate;1;1;0;13;1,711017618;20,53221141
982;2;39;1;9991;0;1;100;1;19;19;4;4;113,00;0;0;1;1;19;0;0;5;6;5;13,20;0;0;5;6;5;12,67;0;16,2;0,3;-0,92;Graduate;1;1;0;12,93333333;1,707371373;20,48845648
2098;1;1;2;9238;1;1;100;1;38;1;7;7;99,30;1;0;0;0;18;0;0;6;6;6;13,00;0;0;6;6;6;12,83;0;10,8;1,4;1,74;Graduate;1;1;0;12,91666667;1,706459812;20,47751775
2428;2;39;2;9670;1;1;100;1;37;37;9;9;110,00;0;0;0;0;18;0;0;6;6;6;13,17;0;0;6;6;6;12,67;0;11,1;0,6;2,02;Graduate;1;1;0;12,91666667;1,706459812;20,47751775
2537;1;43;1;9130;1;1;100;41;3;4;3;2;100,00;0;0;0;0;19;0;0;6;6;6;13,17;0;0;6;6;6;12,67;0;15,5;2,8;-4,06;Graduate;1;1;0;12,91666667;1,706459812;20,47751775
3820;1;39;1;9254;1;1;100;1;3;19;3;5;115,00;0;0;0;1;20;0;0;6;6;6;13,17;0;0;6;6;6;12,67;0;11,1;0,6;2,02;Graduate;1;1;0;12,91666667;1,706459812;20,47751775
2452;1;39;1;9003;1;1;100;1;1;3;9;10;120,00;0;0;0;0;19;0;0;5;6;5;12,40;0;0;5;6;5;13,40;0;7,6;2,6;0,32;Graduate;1;1;1;12,9;1,705548251;20,46657902
2346;1;53;1;9085;1;42;150;1;1;19;3;8;150,30;1;0;0;1;19;1;0;5;6;5;15,40;0;0;5;5;5;16,00;0;10,8;1,4;1,74;Graduate;1;1;0;15,7;1,858690507;20,44559558
1565;1;17;4;9085;1;1;106;1;37;1;3;9;106,00;0;0;0;0;20;0;0;6;6;6;13,83;0;0;6;6;6;11,83;0;10,8;1,4;1,74;Graduate;1;1;0;12,83333333;1,701902007;20,42282409
2747;1;1;1;9500;1;1;106;1;37;38;191;163;102,20;1;0;1;1;18;0;0;6;6;6;13,67;0;0;6;6;6;12,00;0;12,4;0,5;1,79;Graduate;1;1;0;12,83333333;1,701902007;20,42282409
1146;1;1;2;8014;0;1;107;1;19;11;0;0;103,50;1;0;0;1;20;0;3;6;6;6;12,83;0;2;6;6;6;12,83;0;13,9;-0,3;0,79;Graduate;1;1;0;12,83333333;1,701902007;20,42282409
2268;1;1;4;9147;1;1;108;1;3;1;3;4;109,10;1;0;0;1;19;0;0;6;6;6;12,83;0;0;6;6;6;12,83;0;9,4;-0,8;-3,12;Graduate;1;1;0;12,83333333;1,701902007;20,42282409
1986;1;17;2;9254;1;1;108;1;37;37;9;7;108,00;1;0;0;0;25;0;0;6;6;6;12,83;0;0;6;6;6;12,83;0;7,6;2,6;0,32;Graduate;1;1;0;12,83333333;1,701902007;20,42282409
3888;1;1;1;9238;1;1;108;1;19;38;9;9;107,30;0;1;0;0;18;0;0;6;6;6;13,50;0;0;6;6;6;12,17;0;10,8;1,4;1,74;Graduate;1;1;1;12,83333333;1,701902007;20,42282409
2390;1;39;2;9238;1;1;110;1;19;1;5;5;136,50;0;0;0;1;17;0;0;6;6;6;13,00;0;0;6;6;6;12,50;0;15,5;2,8;-4,06;Graduate;1;1;0;12,75;1,697344202;20,36813042
2626;1;39;1;9991;0;1;110;1;37;37;9;9;134,30;0;0;0;0;43;0;0;6;6;6;13,00;0;0;6;6;6;12,50;0;9,4;-0,8;-3,12;Graduate;1;1;0;12,75;1,697344202;20,36813042
2226;1;43;3;9254;1;1;110;1;37;37;9;9;107,20;1;0;0;1;19;0;0;6;6;6;12,83;0;0;6;6;6;12,67;0;9,4;-0,8;-3,12;Graduate;1;1;0;12,75;1,697344202;20,36813042
347;1;43;1;9238;1;1;110;1;37;37;9;9;110,00;0;0;0;1;18;0;0;6;6;6;12,67;0;0;6;6;6;12,83;0;11,1;0,6;2,02;Graduate;1;1;0;12,75;1,697344202;20,36813042
3330;1;17;1;9147;1;1;110;1;1;1;4;4;99,00;0;0;0;0;19;0;0;6;6;6;12,83;0;0;6;6;6;12,67;0;16,2;0,3;-0,92;Graduate;1;1;0;12,75;1,697344202;20,36813042
2622;1;1;1;9070;1;1;110;1;1;37;9;9;105,10;1;0;0;0;18;0;0;5;6;5;12,80;1;0;5;6;5;12,60;0;9,4;-0,8;-3,12;Graduate;1;1;0;12,7;1,694609519;20,33531423
2457;1;39;1;9070;1;1;110;1;37;37;7;7;110,20;0;0;0;0;18;0;0;6;6;6;12,33;0;0;6;6;6;13,00;0;7,6;2,6;0,32;Graduate;1;1;0;12,66666667;1,692786397;20,31343676
3410;1;1;5;9773;1;1;110;1;19;38;3;5;117,40;1;0;0;0;20;0;0;6;6;6;12,50;0;0;6;6;6;12,83;0;7,6;2,6;0,32;Graduate;1;1;0;12,66666667;1,692786397;20,31343676
2498;2;1;2;8014;0;1;110;1;37;1;9;10;108,70;1;0;0;1;19;0;0;6;6;6;12,50;0;0;6;6;6;12,83;0;12,7;3,7;-1,7;Graduate;1;1;1;12,66666667;1,692786397;20,31343676
2324;1;39;1;9500;1;1;110;1;1;37;9;9;126,00;1;0;0;1;18;0;0;6;6;6;13,17;0;0;6;6;6;12,17;0;12,4;0,5;1,79;Graduate;1;1;0;12,66666667;1,692786397;20,31343676
3345;1;39;1;9085;1;1;110;1;40;1;5;6;142,50;0;0;0;1;18;0;0;6;6;6;12,67;0;0;6;6;6;12,50;0;12,4;0,5;1,79;Graduate;1;1;0;12,58333333;1,688228591;20,2587431
3043;1;17;4;9670;1;1;110;1;1;37;7;7;111,10;1;0;0;1;19;0;0;6;6;6;12,33;0;0;6;6;6;12,83;0;12,4;0,5;1,79;Graduate;1;1;0;12,58333333;1,688228591;20,2587431
2438;1;1;4;9119;1;1;111;1;37;37;9;5;107,50;1;0;0;0;20;0;0;6;6;6;12,50;0;0;6;6;6;12,67;0;7,6;2,6;0,32;Graduate;1;1;0;12,58333333;1,688228591;20,2587431
4189;1;1;1;9670;1;1;112;1;37;1;7;0;110,60;0;0;1;0;18;0;0;6;6;6;11,83;0;0;6;6;6;13,17;0;7,6;2,6;0,32;Graduate;1;1;0;12,5;1,683670786;20,20404943
148;1;17;1;9254;1;1;113;1;1;37;9;10;117,20;1;0;0;0;27;0;0;6;6;6;12,50;0;1;6;6;6;12,33;0;15,5;2,8;-4,06;Graduate;1;1;0;12,41666667;1,679112981;20,14935577
1113;1;1;2;9500;1;1;113;1;38;19;9;7;106,70;1;0;0;0;18;0;0;6;6;6;12,83;0;0;6;6;6;12,00;0;12,4;0,5;1,79;Graduate;1;1;0;12,41666667;1,679112981;20,14935577
1395;1;17;5;9773;1;1;113;1;38;38;191;175;110,20;1;0;0;1;18;0;0;6;6;6;12,67;0;0;6;6;6;12,17;0;16,2;0,3;-0,92;Graduate;1;1;0;12,41666667;1,679112981;20,14935577
2510;1;43;1;9070;1;1;114;1;19;38;9;7;135,90;0;0;0;1;18;0;0;6;6;6;12,67;0;0;6;6;6;12,00;0;9,4;-0,8;-3,12;Graduate;1;1;0;12,33333333;1,674555176;20,09466211
1800;1;17;3;9254;1;1;114;26;38;3;9;3;127,30;1;0;0;0;19;0;0;6;6;6;12,50;0;0;6;6;6;12,17;0;12,4;0,5;1,79;Graduate;1;1;0;12,33333333;1,674555176;20,09466211
3066;1;17;2;9254;1;1;115;1;19;19;9;7;113,30;1;0;0;0;20;0;0;6;6;6;12,33;0;0;6;6;6;12,33;0;12,4;0,5;1,79;Graduate;1;1;0;12,33333333;1,674555176;20,09466211
859;1;5;4;9119;1;1;115;1;19;37;4;6;113,30;1;0;0;0;18;0;0;6;6;6;12,67;0;0;6;6;6;12,00;0;7,6;2,6;0,32;Graduate;1;1;0;12,33333333;1,674555176;20,09466211
3839;1;1;1;9147;1;1;115;1;38;1;9;8;118,50;0;0;1;1;21;0;0;6;6;6;13,50;0;0;6;6;6;11,17;0;11,1;0,6;2,02;Graduate;1;1;0;12,33333333;1,674555176;20,09466211
4258;1;17;5;9670;1;1;115;1;1;19;5;5;117,10;0;0;1;0;18;0;0;6;6;6;12,00;0;0;6;6;6;12,50;0;12,7;3,7;-1,7;Graduate;1;1;0;12,25;1,66999737;20,03996845
1963;1;1;1;9670;1;1;115;1;1;1;5;4;108,00;1;0;0;0;18;0;0;6;6;6;12,17;0;0;6;6;6;12,33;0;10,8;1,4;1,74;Graduate;1;1;0;12,25;1,66999737;20,03996845
932;1;1;1;9853;1;1;115;1;19;38;9;9;108,00;0;0;1;0;20;0;0;5;7;5;11,60;0;0;5;5;5;12,80;0;12,4;0,5;1,79;Graduate;1;1;0;12,2;1,667262687;20,00715225
425;1;17;6;9556;1;1;115;1;19;2;5;3;112,20;1;0;0;0;20;0;0;5;6;5;12,00;0;0;5;6;5;12,33;0;16,2;0,3;-0,92;Graduate;1;1;0;12,16666667;1,665439565;19,98527478
491;1;1;1;9070;1;1;115;1;19;1;3;8;123,40;0;0;0;0;20;1;0;6;6;6;12,33;0;0;6;6;6;12,00;0;12,7;3,7;-1,7;Graduate;1;1;0;12,16666667;1,665439565;19,98527478
65;1;43;1;9070;1;1;116;1;1;1;3;3;120,90;0;0;1;0;44;0;0;6;6;6;12,67;0;0;6;6;6;11,50;0;12,4;0,5;1,79;Graduate;1;1;0;12,08333333;1,66088176;19,93058112
1789;1;1;1;9070;1;1;116;1;3;3;0;1;108,70;1;0;0;1;18;0;0;6;6;6;12,50;0;0;6;6;6;11,67;0;10,8;1,4;1,74;Graduate;1;1;0;12,08333333;1,66088176;19,93058112
1770;1;51;1;9147;1;1;116;1;3;3;2;2;115,20;0;0;1;1;18;0;0;6;6;6;12,67;0;0;6;6;6;11,50;0;16,2;0,3;-0,92;Graduate;1;1;1;12,08333333;1,66088176;19,93058112
2227;1;1;1;9670;1;1;116;1;3;3;3;3;110,10;1;0;0;0;19;0;0;6;6;6;12,50;0;0;6;6;6;11,50;0;12,7;3,7;-1,7;Graduate;1;1;0;12;1,656323955;19,87588746
1466;1;43;4;8014;0;1;116;1;34;34;0;0;116,20;0;0;0;1;21;0;0;6;6;6;12,50;0;0;6;6;6;11,50;0;11,1;0,6;2,02;Graduate;1;1;1;12;1,656323955;19,87588746
2344;1;17;2;9991;0;1;116;1;37;19;9;4;118,50;0;0;0;0;18;0;0;6;6;6;11,67;0;0;6;6;6;12,33;0;16,2;0,3;-0,92;Graduate;1;1;1;12;1,656323955;19,87588746
4289;1;44;1;9003;1;39;130;1;1;3;9;2;130,00;1;0;0;0;18;0;0;5;5;5;14,00;0;0;5;6;5;15,40;0;7,6;2,6;0,32;Graduate;1;1;0;14,7;1,803996845;19,84396529
1024;1;17;1;9070;1;1;116;1;38;38;9;9;123,70;0;0;0;1;20;0;0;6;6;6;12,00;0;0;6;6;6;11,83;0;12,4;0,5;1,79;Graduate;1;1;1;11,91666667;1,65176615;19,82119379
3828;1;44;1;9003;1;39;140;1;37;37;9;6;140,00;1;0;0;0;21;0;0;5;6;5;14,20;0;0;5;5;5;14,80;0;10,8;1,4;1,74;Graduate;1;1;0;14,5;1,793058112;19,72363923
650;1;1;1;9670;1;1;117;1;1;38;5;1;113,50;1;0;0;0;19;0;0;6;6;6;12,17;0;0;6;6;6;11,33;0;12,7;3,7;-1,7;Graduate;1;1;0;11,75;1,642650539;19,71180647
2166;1;44;1;9238;1;39;140;1;1;1;9;3;135,70;1;0;1;0;38;0;0;5;5;5;14,60;0;0;5;6;5;14,33;0;13,9;-0,3;0,79;Graduate;1;1;0;14,46666667;1,79123499;19,70358489
2826;1;17;1;9130;1;1;117;1;19;19;4;4;113,50;1;0;0;0;26;0;0;5;5;5;12,00;0;0;5;7;5;11,40;0;12,7;3,7;-1,7;Graduate;1;1;0;11,7;1,639915856;19,67899027
1956;1;18;1;9853;1;1;117;1;19;38;4;0;113,50;1;0;0;1;20;0;0;5;6;5;11,80;0;0;5;6;5;11,60;0;8,9;1,4;3,51;Graduate;1;1;0;11,7;1,639915856;19,67899027
2336;1;17;4;9070;1;1;117;1;1;1;3;3;125,40;1;0;0;0;20;0;0;6;6;6;11,17;0;0;6;6;6;12,17;0;7,6;2,6;0,32;Graduate;1;1;0;11,66666667;1,638092734;19,65711281
2734;1;17;2;9238;1;1;118;1;1;19;4;10;110,70;1;1;1;1;36;0;0;5;5;5;11,40;0;0;5;7;5;11,60;0;9,4;-0,8;-3,12;Graduate;1;1;0;11,5;1,628977123;19,54772548
806;1;17;2;9147;1;1;118;1;19;1;9;3;113,50;1;0;0;1;20;0;0;6;6;6;12,33;0;0;6;6;6;10,67;0;9,4;-0,8;-3,12;Graduate;1;1;0;11,5;1,628977123;19,54772548
543;1;44;1;9003;1;39;150;1;1;19;4;10;150,00;0;0;0;1;19;0;0;5;6;5;14,60;0;0;5;5;5;13,80;0;10,8;1,4;1,74;Graduate;1;1;0;14,2;1,776650013;19,54315014
2681;4;43;1;9500;1;19;100;1;34;34;0;0;110,00;0;0;0;0;33;0;0;5;5;5;12,80;0;0;5;6;5;15,33;0;10,8;1,4;1,74;Graduate;1;1;0;14,06666667;1,769357525;19,46293277
1720;1;39;1;9991;0;19;133,1;1;2;1;2;4;100,00;0;0;1;0;33;0;0;5;5;5;13,20;0;0;5;6;5;14,83;0;10,8;1,4;1,74;Graduate;1;1;0;14,01666667;1,766622842;19,43285126
4379;2;39;1;9853;1;19;133,1;1;37;37;9;9;131,00;0;0;1;0;34;0;0;5;5;5;13,80;0;0;5;6;5;13,83;0;9,4;-0,8;-3,12;Graduate;1;1;0;13,81666667;1,755684109;19,3125252
2697;1;39;1;9254;1;19;133,1;1;19;19;3;1;101,50;0;0;0;1;18;0;0;5;5;5;14,00;0;0;5;6;5;13,60;0;12,4;0,5;1,79;Graduate;1;1;0;13,8;1,754772548;19,30249803
2090;1;39;1;9670;1;19;133,1;1;1;1;4;7;100,00;0;0;1;0;43;0;0;5;5;5;13,80;0;0;5;6;5;13,67;0;10,8;1,4;1,74;Graduate;1;1;0;13,73333333;1,751126304;19,26238934
717;1;39;1;9130;1;9;133,1;1;34;36;0;90;107,50;0;0;0;0;18;0;0;5;6;5;13,00;0;0;5;5;5;14,00;0;7,6;2,6;0,32;Graduate;1;1;0;13,5;1,738364449;19,12200894
101;1;53;1;9085;1;42;130;1;38;38;9;9;128,80;0;0;0;0;43;0;0;5;5;5;16,40;0;0;5;5;5;16,60;0;7,6;2,6;0,32;Graduate;1;1;0;16,5;1,902445438;19,02445438
3430;2;7;1;9147;1;3;140;1;37;37;9;9;140,00;0;0;1;0;18;0;0;5;5;5;13,00;0;0;5;6;5;13,33;0;16,2;0,3;-0,92;Graduate;1;1;0;13,16666667;1,720133228;18,92146551
995;2;7;1;9238;1;3;150;1;37;37;191;192;150,00;0;0;0;0;19;0;0;5;6;5;13,40;0;0;5;5;5;12,80;0;10,8;1,4;1,74;Graduate;1;1;0;13,1;1,716486984;18,88135682
2853;1;53;1;9003;1;42;130;1;1;1;144;144;125,80;0;0;1;0;20;1;0;5;5;5;14,80;0;0;5;5;5;17,60;0;8,9;1,4;3,51;Graduate;1;1;0;16,2;1,886037339;18,86037339
1868;1;39;1;9991;0;1;100;1;37;37;9;6;153,50;0;0;0;1;20;0;0;5;5;5;13,80;0;0;5;6;5;12,00;0;9,4;-0,8;-3,12;Graduate;1;1;0;12,9;1,705548251;18,76103077
3263;1;39;1;8014;0;1;100;1;12;5;9;4;116,50;0;0;0;1;19;0;0;5;6;5;13,40;0;0;5;5;5;12,40;0;12,4;0,5;1,79;Graduate;1;1;0;12,9;1,705548251;18,76103077
3684;1;18;1;171;1;1;110;1;19;2;5;5;117,70;1;0;0;1;18;0;0;5;5;5;13,40;0;0;5;6;5;12,20;0;12,7;3,7;-1,7;Graduate;1;1;0;12,8;1,700078885;18,70086774
2027;1;1;1;171;1;1;110;1;3;2;3;3;117,00;1;0;1;0;18;0;0;5;5;5;13,40;0;0;5;6;5;12,20;0;11,1;0,6;2,02;Graduate;1;1;0;12,8;1,700078885;18,70086774
1019;1;17;4;9670;1;1;110;1;19;37;9;99;106,10;1;1;0;1;20;0;0;5;5;5;12,40;0;0;5;6;5;12,83;0;10,8;1,4;1,74;Graduate;1;1;0;12,61666667;1,690051714;18,59056885
1165;1;39;1;9500;1;1;110;1;37;37;9;9;130,00;0;0;0;0;19;0;0;5;6;5;12,40;0;0;5;5;5;12,80;0;7,6;2,6;0,32;Graduate;1;1;1;12,6;1,689140153;18,58054168
3527;2;39;1;9003;1;1;111;1;1;3;4;2;162,40;0;0;0;0;24;0;0;5;6;5;12,00;0;0;5;5;5;13,00;0;10,8;1,4;1,74;Graduate;1;1;0;12,5;1,683670786;18,52037865
196;1;39;1;9991;0;40;130;1;19;1;3;4;152,00;1;0;0;0;20;0;0;5;5;5;16,40;0;0;5;5;5;14,60;0;12,7;3,7;-1,7;Graduate;1;1;0;15,5;1,847751775;18,47751775
1066;1;7;1;8014;0;40;130;1;19;1;5;10;130,00;1;0;0;0;27;0;0;5;5;5;15,80;0;0;5;5;5;14,80;0;8,9;1,4;3,51;Graduate;1;1;0;15,3;1,836813042;18,36813042
1669;1;44;1;9070;1;39;100;1;1;38;4;6;104,80;0;0;1;0;29;0;0;5;5;5;15,20;0;0;5;5;5;15,20;0;11,1;0,6;2,02;Graduate;1;1;0;15,2;1,831343676;18,31343676
1591;1;44;1;9003;1;39;120;1;1;19;4;7;120,00;0;0;0;1;18;0;0;5;5;5;15,00;0;0;5;5;5;15,20;0;12,7;3,7;-1,7;Graduate;1;1;0;15,1;1,82587431;18,2587431
40;1;44;1;9130;1;39;120;6;4;4;3;6;120,00;0;0;0;0;18;0;0;5;5;5;14,40;0;0;5;5;5;15,40;0;7,6;2,6;0,32;Graduate;1;1;0;14,9;1,814935577;18,14935577
1083;1;51;1;9070;1;1;117;1;5;1;2;10;120,00;1;0;0;0;28;0;0;5;5;5;12,00;0;0;5;6;5;11,60;0;7,6;2,6;0,32;Graduate;1;1;0;11,8;1,645385222;18,09923744
2545;1;44;1;9003;1;39;140;1;38;38;6;3;140,00;0;0;0;0;47;0;0;5;5;5;14,80;0;0;5;5;5;14,40;0;7,6;2,6;0,32;Graduate;1;1;0;14,6;1,798527478;17,98527478
3772;1;44;1;9003;1;39;140;1;1;1;4;3;140,00;1;0;1;0;32;0;0;5;5;5;14,80;0;0;5;5;5;14,20;0;7,6;2,6;0,32;Graduate;1;1;0;14,5;1,793058112;17,93058112
1977;1;1;4;9500;1;1;118;1;19;19;3;3;110,00;1;0;0;0;35;0;0;5;5;5;11,60;0;0;5;6;5;11,17;0;15,5;2,8;-4,06;Graduate;1;1;0;11,38333333;1,622596196;17,84855816
895;1;42;1;9085;1;39;150;1;1;1;4;7;150,00;1;0;1;0;18;0;0;5;5;5;13,40;0;0;5;5;5;15,00;0;8,9;1,4;3,51;Graduate;1;1;0;14,2;1,776650013;17,76650013
1906;1;44;1;9238;1;39;150;1;1;37;4;8;145,60;1;0;0;0;19;0;0;5;5;5;14,20;0;0;5;5;5;14,20;0;7,6;2,6;0,32;Graduate;1;1;0;14,2;1,776650013;17,76650013
1482;4;39;1;9773;1;19;133,1;1;37;37;9;1;117,50;0;0;0;0;31;0;1;5;5;5;14,00;0;0;5;5;5;13,80;0;8,9;1,4;3,51;Graduate;1;1;0;13,9;1,760241914;17,60241914
2013;5;39;1;9853;1;19;133,1;1;38;1;5;3;105,50;0;0;1;0;52;0;0;5;5;5;13,60;0;0;5;5;5;14,20;0;7,6;2,6;0,32;Graduate;1;1;0;13,9;1,760241914;17,60241914
4090;2;43;1;8014;0;14;133,1;1;34;34;0;0;100,00;0;0;0;0;19;0;0;5;5;5;13,40;0;0;5;5;5;14,00;0;9,4;-0,8;-3,12;Graduate;1;1;0;13,7;1,749303182;17,49303182
3070;1;39;1;9085;1;12;133,1;1;37;37;10;9;144,00;0;0;1;1;18;0;0;5;5;5;13,00;0;0;5;5;5;14,20;0;8,9;1,4;3,51;Graduate;1;1;0;13,6;1,743833815;17,43833815
94;2;39;1;9853;1;10;133,1;1;37;34;0;0;115,50;0;0;0;1;19;0;0;5;5;5;12,80;0;0;5;5;5;14,20;0;9,4;-0,8;-3,12;Graduate;1;1;0;13,5;1,738364449;17,38364449
2411;1;7;1;9119;1;3;130;1;34;34;90;90;130,00;0;0;0;0;18;0;0;5;5;5;12,60;0;0;5;5;5;14,00;0;11,1;0,6;2,02;Graduate;1;1;0;13,3;1,727425717;17,27425717
3138;1;39;1;9085;1;3;150;1;2;3;4;7;173,30;1;0;0;0;19;0;0;5;5;5;13,00;0;0;5;5;5;13,20;0;9,4;-0,8;-3,12;Graduate;1;1;0;13,1;1,716486984;17,16486984
2421;1;39;1;9085;1;2;140;1;38;38;9;10;150,00;0;0;0;1;19;0;0;5;5;5;13,40;0;0;5;5;5;12,60;0;8,9;1,4;3,51;Graduate;1;1;0;13;1,711017618;17,11017618
694;1;39;1;33;1;1;100;41;38;37;9;8;100,00;0;0;0;1;18;0;0;5;5;5;12,80;0;0;5;5;5;13,00;0;11,1;0,6;2,02;Graduate;1;1;0;12,9;1,705548251;17,05548251
2653;1;1;1;9670;1;1;110;1;3;19;4;5;109,00;0;0;0;0;18;0;0;5;5;5;13,00;0;0;5;5;5;12,40;0;7,6;2,6;0,32;Graduate;1;1;0;12,7;1,694609519;16,94609519
2409;1;18;1;9991;0;1;112;1;43;40;2;2;106,40;0;0;0;0;19;0;0;5;5;5;11,80;0;0;5;5;5;13,20;0;10,8;1,4;1,74;Graduate;1;1;0;12,5;1,683670786;16,83670786
2509;1;17;1;171;1;1;114;1;19;38;9;7;129,10;0;0;1;0;26;0;0;5;5;5;12,40;0;0;5;5;5;12,40;0;15,5;2,8;-4,06;Graduate;1;1;0;12,4;1,67820142;16,7820142
4010;1;17;5;9254;1;1;114;1;38;1;5;9;109,50;0;0;1;0;18;0;0;5;5;5;11,60;0;0;5;5;5;13,20;0;12,4;0,5;1,79;Graduate;1;1;0;12,4;1,67820142;16,7820142
1079;1;43;1;171;1;1;116;1;3;1;2;3;117,30;1;0;0;0;44;0;0;5;5;5;11,80;0;0;5;5;5;12,40;0;15,5;2,8;-4,06;Graduate;1;1;1;12,1;1,661793321;16,61793321
136;1;1;1;9670;1;1;117;1;1;38;3;9;109,30;0;0;0;1;18;0;0;5;5;5;11,20;0;0;5;5;5;11,80;0;11,1;0,6;2,02;Graduate;1;1;0;11,5;1,628977123;16,28977123
3096;1;1;4;9238;1;1;118;1;19;38;9;9;110,00;0;0;1;0;26;0;2;8;14;8;15,13;0;1;6;12;6;13,67;0;11,1;0,6;2,02;Enrolled;1;0;0;14,39583333;1,787360855;46,47138224
4112;1;1;3;9500;1;1;119;1;19;37;9;9;119,40;1;0;1;0;54;0;9;13;14;13;13,31;0;7;11;12;11;12,82;0;12,7;3,7;-1,7;Enrolled;1;1;0;13,06293706;1,714459876;44,57595678
1386;1;1;1;9130;1;1;120;1;19;37;1;9;116,10;1;0;0;0;18;0;1;6;10;6;11,71;1;0;6;15;6;10,38;0;13,9;-0,3;0,79;Enrolled;1;1;0;11,04464286;1,604071973;40,10179933
2481;1;43;1;171;1;1;120;1;3;3;2;2;120,00;1;0;0;0;45;0;7;11;11;11;12,70;0;6;10;12;10;12,97;0;13,9;-0,3;0,79;Enrolled;1;1;1;12,83409091;1,701943442;39,14469916
1460;1;18;1;9147;1;1;119;1;37;37;7;7;112,00;1;0;0;0;37;0;0;6;10;6;12,88;0;0;6;12;6;12,90;0;16,2;0,3;-0,92;Enrolled;1;1;0;12,8875;1,704864581;37,50702077
1584;1;17;1;9853;1;1;119;1;37;38;9;9;125,00;1;0;0;0;20;0;0;6;11;6;13,33;0;0;6;10;6;13,00;0;16,2;0,3;-0,92;Enrolled;1;1;0;13,16666667;1,720133228;36,12279779
3347;1;39;1;9500;1;1;120;1;37;37;9;8;108,50;0;0;0;0;18;0;0;6;10;6;12,57;0;0;6;11;6;12,57;0;10,8;1,4;1,74;Enrolled;1;1;0;12,57142857;1,687577476;35,439127
306;1;1;1;9670;1;1;119;1;1;19;4;10;115,50;1;0;0;0;34;0;1;6;10;6;14,33;0;0;6;9;6;12,83;0;11,1;0,6;2,02;Enrolled;1;0;0;13,58333333;1,742922254;33,11552283
877;1;17;1;9070;1;1;119;1;38;19;9;9;115,20;0;0;1;0;19;0;0;5;9;5;11,83;0;0;5;9;5;14,71;0;12,4;0,5;1,79;Enrolled;1;1;0;13,27380952;1,725993263;31,06787874
4067;1;1;1;9556;1;1;118;1;19;38;9;9;116,30;1;0;0;0;19;1;0;5;10;5;14,86;2;0;5;7;5;15,14;0;9,4;-0,8;-3,12;Enrolled;1;1;0;15;1,820404943;30,94688404
1456;1;1;2;9147;1;1;120;1;1;37;4;9;113,40;1;0;0;0;18;0;0;5;11;5;14,00;3;0;5;7;5;11,60;0;9,4;-0,8;-3,12;Enrolled;1;1;0;12,8;1,700078885;30,60141993
2945;1;1;4;9500;1;1;118;1;4;3;2;3;110,70;1;0;0;0;18;0;0;6;8;6;14,63;0;0;6;9;6;14,14;0;11,1;0,6;2,02;Enrolled;1;1;1;14,38392857;1,78670974;30,37406559
3248;1;17;5;9085;1;1;118;1;1;38;4;7;122,20;1;0;1;0;37;0;0;5;10;5;15,80;0;0;5;5;5;17,60;0;9,4;-0,8;-3,12;Enrolled;1;1;0;16,7;1,91338417;28,70076256
2338;1;39;1;9130;1;1;120;1;1;38;9;9;150,00;0;0;0;0;20;0;1;7;9;7;12,33;0;0;8;8;8;12,63;0;12,7;3,7;-1,7;Enrolled;1;1;0;12,47916667;1,682531335;28,60303269
3492;2;43;3;9991;0;1;120;1;37;37;9;9;128,20;1;0;0;0;28;1;0;7;9;7;12,43;0;0;8;8;8;12,30;0;12,4;0,5;1,79;Enrolled;1;1;0;12,36428571;1,676248075;28,49621727
4246;1;18;4;9853;1;1;118;1;19;37;9;6;111,40;1;0;0;0;18;0;0;8;8;8;14,27;0;0;8;8;8;14,27;0;9,4;-0,8;-3,12;Enrolled;1;1;0;14,26875;1,780410202;28,48656324
2470;2;39;2;9147;1;1;120;1;37;37;9;9;104,70;1;0;0;0;24;0;0;5;9;5;12,29;0;0;5;8;5;12,13;0;16,2;0,3;-0,92;Enrolled;1;1;0;12,20535714;1,667555689;28,34844671
1630;1;39;1;9119;1;1;120;1;37;38;9;8;100,00;0;0;0;0;31;0;2;6;8;6;12,00;0;2;7;8;7;13,43;0;9,4;-0,8;-3,12;Enrolled;1;1;0;12,71428571;1,695390857;27,12625371
4294;1;1;6;9254;1;1;119;1;19;19;9;9;118,70;1;0;0;0;18;0;0;6;7;6;14,83;0;0;6;8;6;12,50;0;8,9;1,4;3,51;Enrolled;1;0;0;13,66666667;1,74748006;26,21220089
1964;1;1;2;9500;1;1;119;1;1;1;4;4;115,20;1;0;0;1;18;0;0;6;7;6;12,83;1;0;6;8;6;13,00;0;8,9;1,4;3,51;Enrolled;1;1;0;12,91666667;1,706459812;25,59689719
2425;1;39;2;9119;1;1;120;1;37;37;5;5;128,00;0;0;1;0;19;0;0;6;7;6;12,67;0;0;6;8;6;12,14;0;9,4;-0,8;-3,12;Enrolled;1;1;0;12,4047619;1,678461866;25,17692799
1872;1;1;6;9500;1;1;119;1;1;1;4;4;115,00;1;0;1;0;27;0;0;7;7;7;14,09;0;0;7;7;7;14,09;0;7,6;2,6;0,32;Enrolled;1;1;0;14,08571429;1,770399309;24,78559032
1589;1;17;1;9254;1;1;119;1;37;37;5;4;118,00;1;0;0;0;19;0;0;6;6;6;14,83;0;0;6;8;6;13,29;0;8,9;1,4;3,51;Enrolled;1;1;0;14,05952381;1,768966856;24,76553598
1521;1;39;1;9991;0;1;120;1;19;19;9;9;115,00;1;0;0;1;38;0;0;5;8;5;11,00;0;0;5;7;5;11,40;0;9,4;-0,8;-3,12;Enrolled;1;1;1;11,2;1,612569024;24,18853537
595;1;17;1;9003;1;1;119;1;37;37;4;6;113,20;0;0;0;0;31;0;0;6;6;6;13,17;0;0;6;8;6;13,00;0;9,4;-0,8;-3,12;Enrolled;1;1;0;13,08333333;1,715575423;24,01805592
3986;1;17;1;9070;1;1;119;1;37;38;9;8;124,60;1;0;0;1;26;0;2;6;7;6;12,67;0;2;6;7;6;13,17;1;9,4;-0,8;-3,12;Enrolled;1;1;0;12,91666667;1,706459812;23,89043737
8;1;18;4;9254;1;1;119;1;37;37;9;9;113,10;1;0;1;1;18;0;0;5;6;5;13,20;0;0;5;8;5;12,60;0;8,9;1,4;3,51;Enrolled;1;1;0;12,9;1,705548251;23,87767552
3329;5;39;1;9119;1;1;120;1;37;37;9;9;116,00;0;0;1;0;20;0;0;5;8;5;10,20;0;0;5;7;5;11,20;0;12,4;0,5;1,79;Enrolled;1;1;0;10,7;1,585222193;23,7783329
4099;1;17;2;9556;1;1;120;1;37;37;5;5;111,30;1;0;1;0;19;0;0;7;7;7;12,20;0;0;7;7;7;12,20;0;7,6;2,6;0,32;Enrolled;1;1;0;12,2;1,667262687;23,34167762
2044;1;1;3;9254;1;1;118;1;1;19;9;9;111,70;1;0;0;0;19;0;0;6;6;6;15,00;0;0;6;7;6;14,00;0;15,5;2,8;-4,06;Enrolled;1;1;0;14,5;1,793058112;23,30975546
3721;1;44;1;9003;1;1;120;1;1;3;144;123;120,00;0;0;0;0;20;0;0;6;6;6;12,50;0;0;6;8;6;11,50;0;10,8;1,4;1,74;Enrolled;1;1;0;12;1,656323955;23,18853537
2228;1;43;1;9003;1;1;119;1;37;37;9;6;119,00;0;0;0;1;18;0;0;6;6;6;14,33;0;0;6;7;6;14,00;0;11,1;0,6;2,02;Enrolled;1;1;0;14,16666667;1,774826891;23,07274958
4300;1;17;1;9147;1;1;120;1;38;38;9;8;118,30;0;0;1;0;26;0;0;5;9;5;12,00;0;0;5;5;5;10,20;0;11,1;0,6;2,02;Enrolled;1;1;0;11,1;1,607099658;22,49939521
3108;1;1;1;9500;1;1;118;1;1;19;9;10;113,10;1;0;1;1;18;0;0;5;6;5;15,00;0;0;5;6;5;14,20;0;8,9;1,4;3,51;Enrolled;1;0;1;14,6;1,798527478;21,58232974
3627;1;17;1;8014;0;1;119;1;34;34;0;0;112,40;1;0;0;0;18;0;0;6;6;6;13,50;0;0;6;6;6;13,33;0;12,4;0,5;1,79;Enrolled;1;1;0;13,41666667;1,733806644;20,80567973
1646;1;1;2;171;1;1;120;1;3;19;4;7;119,70;1;0;0;0;18;0;0;6;6;6;13,17;0;0;6;6;6;12,50;0;15,5;2,8;-4,06;Enrolled;1;1;0;12,83333333;1,701902007;20,42282409
1467;1;17;2;9119;1;1;120;1;10;12;9;9;120,40;1;0;0;1;28;0;0;5;7;5;10,60;0;0;5;6;5;10,20;0;9,4;-0,8;-3,12;Enrolled;1;1;0;10,4;1,568814094;20,39458322
3234;1;17;3;9085;1;1;120;1;37;38;9;9;111,30;0;0;0;0;19;0;0;6;6;6;12,17;0;0;6;6;6;12,50;0;16,2;0,3;-0,92;Enrolled;1;1;0;12,33333333;1,674555176;20,09466211
3176;2;39;1;33;1;1;120;1;38;1;9;5;153,80;0;0;0;0;18;0;0;6;6;6;11,83;0;0;6;6;6;12,50;0;7,6;2,6;0,32;Enrolled;1;1;0;12,16666667;1,665439565;19,98527478
2702;2;42;1;9003;1;1;120;1;3;1;2;2;113,30;0;0;1;1;22;0;0;6;6;6;11,67;0;0;6;6;6;12,17;0;7,6;2,6;0,32;Enrolled;1;1;0;11,91666667;1,65176615;19,82119379
3940;1;1;5;9500;1;1;118;1;3;1;5;10;113,50;1;0;0;0;27;0;0;5;5;5;15,20;0;0;5;6;5;14,00;0;11,1;0,6;2,02;Enrolled;1;1;0;14,6;1,798527478;19,78380226
2280;2;43;1;8014;0;1;120;1;37;37;5;5;161,10;0;0;1;0;28;0;5;11;14;11;15,09;0;5;10;11;10;15,00;0;11,1;0,6;2,02;Dropout;1;0;0;15,04545455;1,822891019;45,57227548
2878;1;39;1;8014;0;1;120;1;37;37;9;7;106,80;0;0;0;0;42;0;13;13;13;13;11,92;0;12;12;12;12;12,50;0;15,5;2,8;-4,06;Dropout;1;0;0;12,21153846;1,667893768;41,6973442
925;4;39;1;9991;0;1;120;1;37;37;9;9;110,00;0;0;0;0;18;0;0;6;8;6;16,00;0;0;6;10;6;14,63;0;11,1;0,6;2,02;Dropout;1;1;0;15,3125;1,837496713;33,07494084
3194;1;42;1;9070;1;1;120;1;3;2;3;1;116,90;0;0;0;0;28;0;11;11;11;11;11,73;0;8;8;8;8;12,00;0;15,5;2,8;-4,06;Dropout;1;0;0;11,86363636;1,648865728;31,32844883
4394;1;39;1;9991;0;1;120;1;38;38;5;7;146,20;0;0;0;0;18;0;0;7;8;7;13,69;0;0;8;9;8;15,62;0;13,9;-0,3;0,79;Dropout;1;1;0;14,65486111;1,801528033;30,62597657
3515;1;39;1;9670;1;1;120;1;11;11;90;4;114,00;1;0;1;1;18;0;0;7;7;7;12,72;0;0;8;11;8;12,81;0;11,1;0,6;2,02;Dropout;1;1;0;12,76206349;1,698003999;30,56407197
3553;1;43;1;9147;1;1;120;1;37;37;5;3;113,40;0;0;1;0;19;0;2;6;6;6;14,00;0;1;6;11;6;13,50;0;12,4;0,5;1,79;Dropout;1;0;0;13,75;1,752037865;29,7846437
2430;1;42;1;9119;1;1;120;1;34;34;0;0;128,20;1;0;1;1;19;0;0;5;8;5;12,60;0;0;5;9;5;13,60;0;8,9;1,4;3,51;Dropout;1;1;0;13,1;1,716486984;29,18027873
2269;1;43;1;9500;1;1;120;1;3;4;2;4;120,60;0;0;0;0;18;0;0;7;8;7;14,85;0;0;8;8;8;15,20;0;13,9;-0,3;0,79;Dropout;1;1;0;15,025;1,821772285;29,14835656
1330;1;1;1;9085;1;1;120;1;4;1;2;9;113,40;0;0;1;0;28;0;0;7;7;7;14,11;0;0;8;9;8;15,91;0;16,2;0,3;-0,92;Dropout;1;1;0;15,01269841;1,821099466;29,13759146
3941;2;39;1;9147;1;1;120;1;37;37;5;5;124,60;0;0;0;0;18;0;0;7;8;7;12,65;0;0;8;9;8;13,41;0;16,2;0,3;-0,92;Dropout;1;1;0;13,03055556;1,712688813;29,11570982
1967;1;1;1;9085;1;1;120;1;1;19;3;4;116,70;0;0;0;0;18;0;0;7;7;7;13,88;0;0;8;9;8;14,75;0;11,1;0,6;2,02;Dropout;1;1;1;14,31714286;1,783056985;28,52891176
2861;4;43;1;9238;1;1;120;1;37;37;9;9;110,00;0;0;0;0;18;0;0;7;8;7;12,93;0;0;8;8;8;14,06;0;15,5;2,8;-4,06;Dropout;1;1;0;13,495625;1,738125164;27,81000263
587;1;17;1;9085;1;1;120;1;38;19;90;90;127,00;0;0;1;0;25;0;0;6;8;6;11,57;0;0;6;9;6;11,57;0;15,5;2,8;-4,06;Dropout;1;1;0;11,57142857;1,632883814;27,75902483
833;1;43;1;9130;1;1;120;6;1;3;9;2;120,00;0;0;0;1;19;0;1;6;8;6;13,29;1;0;6;8;6;12,50;0;13,9;-0,3;0,79;Dropout;1;1;0;12,89285714;1,705157582;27,28252132
955;1;42;1;9119;1;1;120;1;3;1;2;9;108,20;1;0;0;0;30;0;0;6;7;6;16,43;0;0;6;7;6;16,67;0;13,9;-0,3;0,79;Dropout;1;1;0;16,54761905;1,905049898;26,67069857
1461;1;39;1;9670;1;1;120;1;38;37;7;7;140,00;0;0;0;0;19;0;0;6;8;6;13,17;0;0;6;7;6;13,17;0;10,8;1,4;1,74;Dropout;1;1;0;13,16666667;1,720133228;25,80199842
4341;1;17;1;9085;1;1;120;1;2;3;2;2;116,10;0;0;1;0;18;0;0;5;8;5;12,50;0;0;5;7;5;13,57;0;12,4;0,5;1,79;Dropout;1;0;1;13,03571429;1,712970963;25,69456444
1023;1;43;2;9500;1;1;120;1;41;3;2;2;112,70;0;0;0;1;21;0;0;6;7;6;13,43;0;0;6;8;6;11,33;0;8,9;1,4;3,51;Dropout;1;0;1;12,38095238;1,677159636;25,15739454
3836;2;39;1;9003;1;1;120;1;2;2;1;4;100,00;0;0;0;0;18;0;0;6;6;6;16,50;0;0;6;7;6;17,43;0;11,1;0,6;2,02;Dropout;1;1;0;16,96428571;1,927838924;25,06190601
3520;1;43;1;9991;0;1;120;1;37;37;9;9;120,00;1;0;1;0;31;0;9;9;9;9;14,22;0;5;5;5;5;12,80;0;12,7;3,7;-1,7;Dropout;1;1;0;13,51111111;1,738972156;24,34561019
3296;1;17;2;8014;0;1;120;1;19;1;5;10;114,80;1;0;0;1;19;0;0;6;7;6;13,86;0;0;6;7;6;13,14;0;13,9;-0,3;0,79;Dropout;1;1;0;13,5;1,738364449;24,33710229
137;1;17;1;9670;1;1;120;1;19;19;5;5;113,00;1;0;0;0;18;0;0;6;8;6;11,43;0;0;6;7;6;11,00;0;11,1;0,6;2,02;Dropout;1;1;0;11,21428571;1,613350362;24,20025544
2845;2;39;1;9991;0;1;120;1;37;37;9;9;119,90;0;0;0;0;19;0;0;6;7;6;15,71;0;0;6;6;6;14,67;0;13,9;-0,3;0,79;Dropout;1;1;0;15,19047619;1,830822784;23,80069619
1593;1;1;4;9147;1;1;120;1;19;38;5;5;122,80;1;0;0;1;20;0;0;6;6;6;14,00;0;0;6;7;6;13,86;0;15,5;2,8;-4,06;Dropout;1;1;0;13,92857143;1,76180459;22,90345967
3438;1;43;1;9991;0;1;120;1;37;37;9;8;122,50;1;0;0;1;20;0;0;6;6;6;13,00;0;0;6;7;6;13,14;0;12,4;0,5;1,79;Dropout;1;1;1;13,07142857;1,714924308;22,294016
2696;1;39;1;9500;1;1;120;1;1;2;144;123;125,30;0;0;1;0;39;0;0;5;6;5;10,60;0;0;5;7;5;14,67;0;10,8;1,4;1,74;Dropout;1;0;0;12,63333333;1,690963275;21,98252257
1625;1;42;1;9853;1;1;120;1;1;19;4;7;111,30;0;0;1;1;18;0;0;6;6;6;12,50;0;0;6;7;6;12,67;0;10,8;1,4;1,74;Dropout;1;1;0;12,58333333;1,688228591;21,94697169
3906;4;39;1;9254;1;1;120;1;37;37;9;8;95,00;0;0;0;0;30;0;0;5;7;5;11,40;0;0;5;6;5;13,67;0;10,8;1,4;1,74;Dropout;1;1;0;12,53333333;1,685493908;21,91142081
488;1;39;1;9670;1;1;120;1;1;19;5;4;140,40;0;0;0;0;19;0;0;6;7;6;11,67;0;0;6;6;6;12,33;0;13,9;-0,3;0,79;Dropout;1;1;0;12;1,656323955;21,53221141
118;1;17;1;9147;1;1;120;1;19;19;3;3;113,40;0;0;0;1;18;0;0;6;6;6;13,83;0;0;6;6;6;14,00;0;11,1;0,6;2,02;Dropout;1;1;0;13,91666667;1,761153475;21,1338417
3713;1;39;1;9147;1;1;120;1;1;19;4;7;110,00;0;0;0;1;18;0;0;6;6;6;15,00;0;0;6;6;6;12,83;0;8,9;1,4;3,51;Dropout;1;1;0;13,91666667;1,761153475;21,1338417
3256;1;17;6;9670;1;1;120;1;1;14;4;5;113,70;1;0;1;0;35;0;0;5;6;5;10,80;0;0;5;7;5;12,00;2;9,4;-0,8;-3,12;Dropout;1;1;0;11,4;1,623507757;21,10560084
4343;1;39;1;9670;1;1;120;1;34;34;0;0;104,00;1;0;0;0;18;0;0;6;6;6;14,00;0;0;6;6;6;13,50;0;11,1;0,6;2,02;Dropout;1;1;0;13,75;1,752037865;21,02445438
3895;1;1;6;9500;1;1;120;41;1;1;9;6;114,80;1;0;0;1;18;0;0;6;6;6;14,50;0;0;6;6;6;12,83;0;12,4;0,5;1,79;Dropout;1;1;0;13,66666667;1,74748006;20,96976072
3442;1;1;1;9670;1;1;120;1;38;19;4;8;115,10;0;0;1;0;22;0;0;6;6;6;12,67;0;0;6;6;6;13,83;0;10,8;1,4;1,74;Dropout;1;1;0;13,25;1,724691033;20,6962924
2788;1;1;3;9670;1;1;120;1;37;37;7;7;111,30;1;0;1;1;18;0;0;6;6;6;13,00;0;0;6;6;6;13,00;0;13,9;-0,3;0,79;Dropout;1;1;0;13;1,711017618;20,53221141
2446;1;39;1;9500;1;1;120;1;37;37;9;9;100,00;0;0;0;0;18;0;0;6;6;6;12,50;0;0;6;6;6;13,00;0;7,6;2,6;0,32;Dropout;1;1;0;12,75;1,697344202;20,36813042
1990;1;1;5;9670;1;1;120;1;4;1;4;10;112,00;1;0;0;1;18;0;0;6;6;6;12,67;0;0;6;6;6;11,83;0;12,7;3,7;-1,7;Dropout;1;1;0;12,25;1,66999737;20,03996845
403;1;1;1;9773;1;1;120;1;38;37;9;9;114,80;1;1;1;0;19;0;0;5;6;5;14,60;0;0;5;5;5;15,20;0;8,9;1,4;3,51;Dropout;1;1;0;14,9;1,814935577;19,96429135
2589;1;17;1;9853;1;1;120;1;37;37;9;10;122,60;0;0;1;0;18;0;0;5;5;5;15,40;0;0;5;5;5;15,60;0;12,7;3,7;-1,7;Dropout;1;1;0;15,5;1,847751775;18,47751775
1528;1;39;1;9119;1;1;120;1;37;37;9;9;98,70;0;0;0;1;18;0;0;5;5;5;14,40;0;0;5;5;5;14,00;0;7,6;2,6;0,32;Dropout;1;1;0;14,2;1,776650013;17,76650013
3810;2;39;1;8014;0;1;120;1;34;34;0;0;104,00;0;0;0;0;25;0;0;5;5;5;11,20;0;0;5;5;5;12,60;0;9,4;-0,8;-3,12;Dropout;1;0;0;11,9;1,650854588;16,50854588
277;1;42;1;9853;1;1;120;1;37;38;3;3;113,70;0;0;1;0;43;0;4;4;4;4;13,88;0;1;1;1;1;12,50;0;11,1;0,6;2,02;Dropout;1;1;0;13,1875;1,721272679;8,606363397
3528;1;43;1;9500;1;1;120;1;2;4;4;5;136,60;0;0;1;0;41;0;3;3;3;3;12,33;0;2;2;2;2;11,00;0;12,4;0,5;1,79;Dropout;1;0;1;11,66666667;1,638092734;8,190463669
2998;1;17;1;9147;1;1;120;1;3;3;2;2;112,00;0;0;0;0;34;1;2;2;2;2;10,50;0;1;1;1;1;11,00;0;10,8;1,4;1,74;Dropout;1;1;0;10,75;1,587956876;4,763870628
84;1;17;1;9254;1;1;120;1;19;19;4;4;125,50;0;0;0;0;26;0;14;21;23;20;13,18;0;10;14;18;14;11,64;0;8,9;1,4;3,51;Graduate;0,971428571;1;0;12,41233766;1,650304783;67,66249612
2629;1;1;1;9147;1;1;120;1;1;19;7;7;111,30;0;0;1;0;32;0;12;18;25;18;13,74;0;10;13;15;12;13,75;1;15,5;2,8;-4,06;Graduate;0,967741935;1;0;13,74342105;1,719419974;68,77679894
3702;1;1;1;9147;1;1;120;1;34;34;99;99;111,60;0;0;1;0;35;0;16;18;22;18;11,67;0;12;13;13;12;11,50;1;15,5;2,8;-4,06;Graduate;0,967741935;1;0;11,58333333;1,601276864;56,04469024
3270;1;43;2;9773;1;1;120;1;34;34;0;0;103,60;1;0;1;0;28;0;9;18;36;17;13,06;1;6;12;15;12;12,31;0;15,5;2,8;-4,06;Graduate;0,966666667;1;0;12,68325792;1,6603605;84,67838549
2661;2;39;1;9991;0;1;120;1;19;37;3;9;132,90;0;0;0;0;30;0;9;16;19;15;12,27;0;11;13;14;13;12,07;0;9,4;-0,8;-3,12;Graduate;0,965517241;1;0;12,16904762;1,63108703;53,82587198
1082;1;1;2;9254;1;1;120;1;19;19;9;9;116,50;1;0;0;0;32;0;14;15;17;14;10,21;0;13;13;13;13;11,38;0;16,2;0,3;-0,92;Graduate;0,964285714;0;0;10,79945055;1,554947222;46,64841666
1911;1;1;2;9670;1;1;120;1;3;19;4;5;115,50;1;0;0;0;52;0;11;15;26;14;10,47;0;9;12;16;12;10,92;0;13,9;-0,3;0,79;Graduate;0,962962963;1;0;10,69487179;1,547904676;65,01199638
1231;1;1;1;9238;1;1;120;1;19;38;5;6;112,30;0;0;1;0;37;0;12;16;17;16;14,13;0;6;11;14;10;13,00;0;12,4;0,5;1,79;Graduate;0,962962963;1;0;13,5625;1,704745766;52,84711875
160;1;39;1;8014;0;1;120;1;1;19;6;8;122,00;0;0;0;0;23;1;11;16;17;16;14,63;0;6;10;12;9;14,89;0;8,9;1,4;3,51;Graduate;0,961538462;1;0;14,75694444;1,768649806;51,29084439
3917;1;17;1;8014;0;1;120;1;38;37;6;6;113,00;0;0;0;0;36;0;10;14;21;13;13,07;0;4;11;16;11;13,00;0;16,2;0,3;-0,92;Graduate;0,96;1;0;13,03571429;1,672970963;61,89992562
470;1;17;1;9238;1;1;120;1;37;37;4;9;117,10;1;0;1;0;19;0;8;12;17;11;12,00;2;4;12;21;12;12,31;0;15,5;2,8;-4,06;Graduate;0,958333333;1;0;12,15384615;1,623071698;61,67672452
570;1;39;1;9003;1;1;120;1;3;4;2;2;120,00;0;0;0;1;20;0;5;12;12;12;13,25;0;5;12;12;11;12,73;0;15,5;2,8;-4,06;Graduate;0,958333333;1;0;12,98863636;1,668729432;40,04950637
307;1;17;4;9670;1;1;120;1;1;19;5;5;117,20;1;0;0;1;21;0;4;12;12;12;13,33;0;5;12;12;11;12,55;0;15,5;2,8;-4,06;Graduate;0,958333333;1;0;12,93939394;1,666036184;39,98486841
2064;1;1;1;9085;1;1;120;1;38;38;4;7;111,60;1;0;0;0;36;0;8;12;21;11;11,50;0;7;12;22;12;11,44;0;9,4;-0,8;-3,12;Enrolled;0,958333333;1;0;11,46875;1,58560128;68,18085503
1993;1;39;1;8014;0;1;120;100;1;1;4;7;119,50;0;0;0;0;39;0;9;13;19;12;13,42;0;4;10;10;10;14,50;0;16,2;0,3;-0,92;Graduate;0,956521739;1;0;13,95833333;1,719954117;49,8786694
1618;1;39;1;8014;0;1;120;1;37;1;7;4;95,00;1;0;1;1;19;0;6;12;12;12;13,33;0;4;11;15;10;12,82;0;8,9;1,4;3,51;Enrolled;0,956521739;1;0;13,07575758;1,671682816;45,13543604
1149;1;18;2;9853;1;1;120;1;1;1;9;0;115,80;0;0;0;0;19;0;6;12;13;12;12,33;0;4;11;12;10;12,73;0;8,9;1,4;3,51;Dropout;0,956521739;1;0;12,53030303;1,641849909;41,04624773
3274;1;43;1;9500;1;1;120;1;37;37;9;6;120,00;1;0;1;0;21;0;9;11;14;10;12,40;0;6;10;13;10;11,80;0;13,9;-0,3;0,79;Graduate;0,952380952;1;0;12,1;1,614174273;43,58270538
4159;1;1;2;9500;1;1;120;1;3;37;4;7;115,10;1;0;0;0;21;0;3;10;10;10;13,00;0;5;11;11;10;11,40;0;11,1;0,6;2,02;Dropout;0,952380952;1;0;12,2;1,61964364;34,01251643
230;1;43;1;9500;1;1;120;1;1;1;5;8;112,00;1;0;0;0;21;0;6;11;17;11;11,55;0;3;9;13;8;12,89;0;8,9;1,4;3,51;Graduate;0,95;1;0;12,21717172;1,618201871;48,54605614
1132;1;42;1;9500;1;1;120;1;1;2;9;3;130,00;1;0;1;0;46;0;6;10;13;9;12,20;0;4;10;12;10;12,80;0;7,6;2,6;0,32;Graduate;0,95;1;0;12,5;1,633670786;40,84176966
2762;1;43;1;8014;0;1;120;1;37;37;9;5;100,00;0;0;1;0;21;0;5;11;12;10;12,10;0;2;8;9;8;13,33;0;11,1;0,6;2,02;Graduate;0,947368421;1;1;12,71666667;1,642889501;34,50067952
672;1;42;1;8014;0;1;120;1;37;38;90;7;120,00;1;0;0;0;26;0;8;11;16;10;11,80;0;3;7;7;7;13,29;0;7,6;2,6;0,32;Graduate;0,944444444;1;0;12,54285714;1,630459245;37,50056263
3854;2;1;1;9003;1;1;120;1;37;37;9;9;120,50;1;0;0;0;30;0;8;10;11;9;12,67;0;3;7;7;7;12,43;1;7,6;2,6;0,32;Graduate;0,941176471;1;0;12,54761905;1,627451717;29,29413091
1665;1;1;1;9085;1;1;120;1;37;37;9;1;123,20;0;0;0;0;21;0;2;9;14;8;13,56;0;2;7;10;7;13,57;0;7,6;2,6;0,32;Graduate;0,9375;1;0;13,56349206;1,679337063;40,3040895
1471;1;17;1;9147;1;1;120;1;3;38;3;7;124,20;1;0;1;0;37;0;3;9;13;8;12,00;0;2;7;8;7;11,57;0;12,7;3,7;-1,7;Graduate;0,9375;1;0;11,78571429;1,582103884;33,22418157
1291;1;17;2;9119;1;1;120;1;1;19;9;8;117,20;0;0;0;0;29;0;2;8;10;7;11,14;0;2;8;11;8;11,38;0;12,7;3,7;-1,7;Graduate;0,9375;1;0;11,25892857;1,553292044;32,61913292
2897;1;39;1;9991;0;1;120;1;37;37;6;6;147,80;0;0;1;0;19;0;0;7;8;7;12,12;0;0;9;12;8;11,51;0;12,4;0,5;1,79;Graduate;0,9375;1;0;11,81383929;1,583642143;31,67284287
2630;1;39;9;9991;0;1;120;1;38;38;9;5;144,80;0;0;1;0;41;0;5;9;11;9;12,00;0;3;7;8;6;12,00;0;9,4;-0,8;-3,12;Graduate;0,9375;1;0;12;1,593823955;30,28265514
122;1;1;2;9147;1;1;120;1;19;19;9;7;118,60;1;0;1;0;25;0;2;7;9;6;12,57;0;5;9;9;9;12,56;0;16,2;0,3;-0,92;Graduate;0,9375;1;0;12,56349206;1,6246434;29,2435812
87;1;39;1;9670;1;1;120;1;1;19;4;5;100,00;0;0;1;1;22;0;2;7;7;7;12,29;0;5;9;10;8;12,38;0;12,4;0,5;1,79;Graduate;0,9375;1;0;12,33035714;1,611892397;27,40217075
2955;4;39;1;9238;1;1;120;1;37;37;9;9;125,50;1;0;1;0;20;0;4;9;12;9;13,45;0;2;7;9;6;13,88;0;11,1;0,6;2,02;Dropout;0,9375;1;0;13,66477273;1,684876473;35,38240594
3314;1;1;1;9254;1;1;120;1;1;1;9;10;118,30;0;0;0;0;18;0;0;7;11;7;13,37;0;0;8;13;7;12,83;0;15,5;2,8;-4,06;Graduate;0,933333333;1;0;13,10166667;1,649911473;39,59787536
649;1;43;2;9556;1;1;120;1;1;19;4;3;110,20;0;0;0;0;18;0;0;7;11;6;11,98;0;0;8;12;8;12,28;0;16,2;0,3;-0,92;Graduate;0,933333333;1;0;12,13229167;1,596892804;36,72853449
343;2;39;1;8014;0;1;120;1;37;37;9;9;117,00;1;0;0;1;18;0;0;7;9;7;12,86;0;0;8;12;7;12,76;0;15,5;2,8;-4,06;Graduate;0,933333333;1;0;12,80833333;1,633867999;34,31122798
4037;1;39;1;9670;1;1;120;1;1;19;4;10;142,30;1;0;0;1;19;0;0;7;9;6;14,25;0;0;8;11;8;13,06;0;16,2;0,3;-0,92;Graduate;0,933333333;1;0;13,65681818;1,680274743;33,60549486
1430;1;17;1;9773;1;1;120;1;19;38;9;7;117,90;1;0;0;0;19;0;0;7;9;7;13,76;0;0;8;11;7;12,82;0;15,5;2,8;-4,06;Graduate;0,933333333;1;0;13,29243056;1,660345049;33,20690098
2175;1;43;1;9238;1;1;120;1;1;38;4;3;118,30;0;0;0;0;19;0;0;7;9;7;13,42;0;0;8;11;7;12,19;0;15,5;2,8;-4,06;Graduate;0,933333333;1;0;12,80555556;1,633716072;32,67432144
517;2;39;1;9003;1;1;120;1;37;19;9;4;148,80;0;0;0;1;20;0;0;7;8;7;14,00;0;0;8;11;7;13,81;0;15,5;2,8;-4,06;Graduate;0,933333333;1;0;13,90830357;1,6940294;32,18655861
2350;4;39;1;9254;1;1;120;1;37;19;9;9;131,00;1;0;1;0;19;0;0;7;10;6;13,49;0;0;8;9;8;12,69;0;12,4;0,5;1,79;Graduate;0,933333333;1;0;13,09087302;1,649321129;31,33710145
916;1;15;1;9773;1;1;120;26;19;19;4;5;120,00;1;0;0;0;19;0;0;7;10;6;11,61;0;0;8;8;8;14,04;0;13,9;-0,3;0,79;Graduate;0,933333333;1;0;12,82589286;1,634828394;29,42691109
1696;1;17;1;9670;1;1;120;1;38;37;9;8;113,40;1;0;0;1;19;0;0;7;8;7;12,14;0;0;8;10;7;13,33;0;12,4;0,5;1,79;Graduate;0,933333333;1;1;12,73214286;1,629700863;29,33461553
1932;1;17;1;9670;1;1;120;1;38;38;5;7;115,10;1;0;1;0;19;0;0;7;9;7;11,98;0;0;8;9;7;13,13;0;13,9;-0,3;0,79;Graduate;0,933333333;1;0;12,55178571;1,61983647;29,15705646
3818;1;17;1;9003;1;1;120;1;38;37;5;9;131,40;1;0;1;0;18;0;0;7;7;7;12,44;0;0;8;11;7;11,35;0;12,4;0,5;1,79;Graduate;0,933333333;1;0;11,89571429;1,58395352;28,51116337
4330;1;17;1;9238;1;1;120;1;37;1;9;5;113,40;1;0;0;1;19;0;0;7;8;7;13,88;0;0;8;9;7;13,09;0;11,1;0,6;2,02;Graduate;0,933333333;1;0;13,48071429;1,670642976;28,40093059
4066;1;43;1;8014;0;1;120;1;38;19;5;4;118,30;0;0;0;1;19;0;0;7;9;6;12,43;0;0;8;8;8;14,00;0;13,9;-0,3;0,79;Graduate;0,933333333;1;0;13,21428571;1,656071022;28,15320737
2754;1;43;1;9991;0;1;120;1;38;38;9;7;141,00;0;0;0;1;23;0;0;7;8;6;12,99;0;0;8;9;8;12,67;0;11,1;0,6;2,02;Graduate;0,933333333;1;0;12,83104167;1,635110001;27,79687001
80;2;39;1;8014;0;1;120;1;37;37;9;6;117,00;0;0;0;0;20;0;0;7;8;7;11,59;0;0;8;9;7;14,07;0;13,9;-0,3;0,79;Graduate;0,933333333;1;0;12,82946429;1,635023728;27,79540338
1341;1;44;1;9238;1;1;120;1;37;37;6;9;121,00;0;0;0;0;18;0;0;7;8;7;12,50;0;0;8;9;7;13,04;0;13,9;-0,3;0,79;Graduate;0,933333333;1;1;12,77142857;1,631849542;27,74144222
897;1;17;1;9773;1;1;120;1;37;37;5;5;125,30;0;0;0;0;18;0;0;7;8;7;12,54;0;0;8;9;7;12,61;0;13,9;-0,3;0,79;Graduate;0,933333333;1;0;12,57589286;1,621154978;27,55963462
2423;1;39;1;9003;1;1;120;1;37;37;9;9;150,10;1;0;0;0;18;0;0;7;8;6;13,96;0;0;8;8;8;14,72;0;11,1;0,6;2,02;Graduate;0,933333333;1;0;14,33854167;1,717560698;27,48097116
3316;2;1;1;9991;0;1;120;1;37;19;9;9;135,00;1;0;0;1;19;0;0;7;8;6;12,65;0;0;8;9;8;12,21;0;11,1;0,6;2,02;Graduate;0,933333333;1;0;12,42694444;1,613008444;27,42114354
2672;2;39;1;9991;0;1;120;1;38;38;1;4;138,70;0;0;1;0;18;0;0;7;7;7;11,83;0;0;8;10;7;12,91;0;13,9;-0,3;0,79;Graduate;0,933333333;1;0;12,37053571;1,609923244;27,36869514
2586;1;17;2;8014;0;1;120;1;37;34;0;0;117,60;1;0;0;1;19;0;0;7;7;7;13,70;0;0;8;9;7;14,67;0;12,4;0,5;1,79;Graduate;0,933333333;1;0;14,18571429;1,709202008;27,34723214
604;1;39;1;8014;0;1;120;1;1;1;4;4;150,50;0;0;1;0;18;0;0;7;7;6;13,39;0;0;8;8;8;12,49;0;12,4;0,5;1,79;Graduate;0,933333333;1;1;12,93958333;1,641046542;24,61569813
766;1;1;4;9147;1;1;120;1;38;38;5;10;111,30;0;0;0;0;22;0;0;7;14;6;10,74;1;0;8;10;8;11,84;0;12,7;3,7;-1,7;Enrolled;0,933333333;1;0;11,29097222;1,550877962;37,22107108
319;1;1;1;9238;1;1;120;1;19;38;5;9;130,20;0;0;0;0;32;0;0;7;9;7;13,76;0;1;8;11;7;12,06;0;15,5;2,8;-4,06;Enrolled;0,933333333;1;0;12,91243056;1,639561457;32,79122915
715;2;39;1;9085;1;1;120;1;37;37;6;6;150,00;0;0;1;0;26;0;5;7;8;7;13,29;0;3;8;11;7;12,14;0;12,4;0,5;1,79;Enrolled;0,933333333;1;0;12,71428571;1,62872419;30,94575961
3465;1;17;3;9070;1;1;120;1;3;1;4;4;116,90;1;0;0;0;18;0;0;7;9;7;12,39;0;0;8;9;7;12,73;0;13,9;-0,3;0,79;Enrolled;0,933333333;1;0;12,55714286;1,620129472;29,16233049
1491;2;39;1;9003;1;1;120;1;37;37;9;9;155,80;0;0;0;1;20;0;0;7;7;7;13,46;0;0;8;10;7;13,16;0;11,1;0,6;2,02;Enrolled;0,933333333;0;0;13,31357143;1,661501321;28,24552246
1825;1;1;1;9238;1;1;120;1;3;3;3;3;111,60;0;0;0;0;21;0;0;7;8;6;13,25;0;0;8;8;8;13,84;0;13,9;-0,3;0,79;Enrolled;0,933333333;1;0;13,54375;1,67409063;26,78545008
1656;1;1;2;9085;1;1;120;1;38;1;9;3;118,30;1;0;0;0;20;0;0;7;8;6;13,25;0;0;8;8;8;13,75;0;13,9;-0,3;0,79;Enrolled;0,933333333;1;0;13,5;1,671697782;26,74716452
244;1;39;1;9147;1;1;120;1;37;1;9;1;122,70;0;0;0;1;18;0;0;7;9;7;13,24;0;0;8;9;7;13,74;0;13,9;-0,3;0,79;Dropout;0,933333333;1;0;13,49017857;1,671160613;30,08089103
3851;1;43;1;9991;0;1;120;1;37;19;9;9;107,00;0;0;0;0;19;0;0;7;7;7;13,44;0;0;8;8;7;13,77;0;13,9;-0,3;0,79;Dropout;0,933333333;1;0;13,60714286;1,677557818;25,16336727
2378;1;39;1;9147;1;1;120;1;37;37;9;9;110,00;0;0;0;0;29;0;13;15;19;13;11,77;0;12;14;17;14;11,93;0;9,4;-0,8;-3,12;Graduate;0,931034483;1;0;11,8489011;1,579094285;56,84739427
1302;1;1;5;9254;1;1;120;1;3;19;3;9;114,80;1;0;0;0;24;0;14;15;17;14;11,36;0;13;14;15;13;12,85;0;7,6;2,6;0,32;Dropout;0,931034483;1;0;12,10164835;1,592917958;50,97337466
1387;1;43;1;9130;1;1;120;1;2;3;3;2;120,00;1;0;0;0;31;0;7;14;19;13;11,36;0;9;14;14;13;12,00;1;9,4;-0,8;-3,12;Graduate;0,928571429;1;0;11,67857143;1,567315277;51,72140415
2757;1;39;2;9147;1;1;120;1;37;37;9;9;104,00;0;0;0;1;53;0;4;7;16;6;11,00;0;2;7;9;7;11,00;0;9,4;-0,8;-3,12;Graduate;0,928571429;1;0;11;1,53020172;38,25504301
2664;1;39;1;9991;0;1;120;1;1;1;5;5;96,00;1;0;0;1;19;0;0;7;10;6;13,00;0;0;7;7;7;13,29;0;12,4;0,5;1,79;Graduate;0,928571429;1;0;13,14285714;1,647402427;28,00584125
3196;1;17;2;9773;1;1;120;1;1;1;2;5;127,00;1;0;0;1;18;0;0;7;8;7;12,14;0;0;7;9;6;13,67;0;11,1;0,6;2,02;Graduate;0,928571429;1;0;12,9047619;1,634380126;27,78446214
3224;1;17;1;9991;0;1;120;1;38;3;9;3;116,90;1;0;0;0;19;0;4;8;8;8;13,88;0;1;6;8;5;14,00;0;11,1;0,6;2,02;Graduate;0,928571429;1;0;13,9375;1,690864355;27,05382968
4369;1;39;1;9991;0;1;120;1;37;37;9;9;120,00;1;0;0;1;19;0;0;7;8;7;13,86;0;0;7;8;6;13,67;0;8,9;1,4;3,51;Graduate;0,928571429;1;0;13,76190476;1,681260408;26,90016654
1241;1;43;1;9991;0;1;120;1;37;37;9;9;128,20;0;0;1;1;24;0;0;7;13;6;10,86;0;0;7;7;7;11,86;0;12,7;3,7;-1,7;Enrolled;0,928571429;1;1;11,35714286;1,549735171;30,99470343
2800;1;42;1;9119;1;1;120;1;1;1;5;7;108,60;0;0;0;0;20;0;0;7;11;6;11,62;0;0;7;7;7;13,00;0;13,9;-0,3;0,79;Enrolled;0,928571429;1;0;12,30833333;1,601759263;28,83166673
1210;2;39;1;9003;1;1;120;1;37;37;9;9;125,70;0;0;0;0;19;0;0;7;10;6;12,47;0;0;7;8;7;11,46;0;12,4;0,5;1,79;Enrolled;0,928571429;1;1;11,96696429;1,583088539;28,4955937
2255;1;39;1;9991;0;1;120;1;19;37;5;5;128,20;0;0;0;0;20;0;0;6;9;5;14,33;0;4;8;8;8;12,63;0;15,5;2,8;-4,06;Enrolled;0,928571429;1;0;13,47916667;1,665796426;28,31853925
3965;1;17;1;9238;1;1;120;1;19;19;4;5;114,80;1;0;0;0;18;0;0;7;9;6;11,50;0;0;7;8;7;12,71;0;13,9;-0,3;0,79;Enrolled;0,928571429;1;0;12,10714286;1,590755419;27,04284212
976;1;17;3;9119;1;1;120;1;1;19;9;3;116,90;1;0;0;0;19;0;0;7;10;6;11,15;0;0;7;7;7;12,81;0;12,7;3,7;-1,7;Enrolled;0,928571429;1;0;11,98214286;1,583918711;26,92661808
2637;1;1;2;9254;1;1;120;1;37;37;9;9;115,10;1;0;0;1;18;0;0;7;9;6;13,53;0;0;7;7;7;12,23;0;12,4;0,5;1,79;Enrolled;0,928571429;1;0;12,88095238;1,633077896;26,12924633
961;1;39;1;9670;1;1;120;1;34;34;0;0;106,00;1;0;1;0;24;1;2;8;8;7;13,14;0;1;6;8;6;11,83;0;8,9;1,4;3,51;Enrolled;0,928571429;1;0;12,48809524;1,6115911;25,7854576
3319;1;43;1;9991;0;1;120;1;37;37;9;9;115,80;0;0;0;1;18;0;0;7;7;7;12,29;0;0;7;8;6;13,33;0;8,9;1,4;3,51;Enrolled;0,928571429;0;0;12,80952381;1,629171206;24,43756809
394;1;17;2;9085;1;1;120;1;1;1;9;10;115,00;0;0;0;0;21;0;0;7;7;7;13,00;0;0;7;8;6;12,50;0;8,9;1,4;3,51;Enrolled;0,928571429;1;0;12,75;1,625915631;24,38873446
44;1;17;1;9773;1;1;120;1;1;38;5;5;121,40;0;0;0;0;18;0;0;7;8;7;11,57;0;0;7;9;6;13,17;0;11,1;0,6;2,02;Dropout;0,928571429;1;0;12,36904762;1,605079949;27,28635914
3584;1;17;6;9147;1;1;120;1;37;38;9;9;115,50;1;0;0;1;30;0;0;7;7;6;14,67;1;0;6;7;6;14,33;0;10,8;1,4;1,74;Graduate;0,923076923;1;0;14,5;1,716135035;24,02589049
1077;1;2;1;9853;1;1;120;1;19;38;9;9;122,50;0;0;1;1;20;0;1;7;9;6;12,00;0;2;6;6;6;11,17;0;10,8;1,4;1,74;Graduate;0,923076923;1;0;11,58333333;1,556611852;23,34917777
2822;1;18;5;9085;1;1;121;1;5;3;2;3;111,90;1;0;1;0;24;1;0;7;7;7;13,57;0;0;6;9;5;13,40;0;8,9;1,4;3,51;Enrolled;0,923076923;1;0;13,48571429;1,660660034;26,57056055
3091;1;1;1;9238;1;1;123;1;37;37;9;9;115,00;1;0;0;0;21;0;7;13;21;11;11,91;0;5;11;14;11;10,73;0;8,9;1,4;3,51;Graduate;0,916666667;1;0;11,31818182;1,535699488;53,74948207
1506;1;17;5;9773;1;1;122;1;38;38;7;7;123,10;1;0;1;0;21;0;7;12;18;11;12,09;0;5;12;14;11;12,00;0;8,9;1,4;3,51;Graduate;0,916666667;1;0;12,04545455;1,575476697;50,4152543
905;1;1;2;9147;1;1;121;1;19;19;9;9;126,30;1;0;0;0;20;0;7;12;12;10;14,70;0;8;12;12;12;14,58;0;15,5;2,8;-4,06;Graduate;0,916666667;1;0;14,64166667;1,717473048;41,21935314
220;1;17;1;9085;1;1;121;1;19;37;1;3;131,50;0;0;1;0;20;0;5;12;12;11;14,27;0;5;12;12;11;14,82;0;16,2;0,3;-0,92;Graduate;0,916666667;1;1;14,54545455;1,712210854;41,0930605
1463;1;1;3;9670;1;1;121;1;3;19;2;8;122,40;1;0;0;1;18;0;0;6;7;6;15,71;0;0;6;17;5;12,78;0;12,4;0,5;1,79;Graduate;0,916666667;1;0;14,24603175;1,695834325;40,70002379
574;1;1;6;9147;1;1;121;1;3;19;4;5;116,80;0;0;0;0;20;0;1;6;7;6;14,17;0;1;6;17;5;13,78;0;12,4;0,5;1,79;Graduate;0,916666667;1;0;13,97222222;1,680858679;40,34060829
1271;1;17;1;9773;1;1;121;1;37;19;9;10;113,70;0;0;0;1;18;0;0;6;10;6;13,25;0;0;6;13;5;14,14;0;11,1;0,6;2,02;Graduate;0,916666667;1;0;13,69642857;1,665774514;38,31281382
795;1;1;3;9773;1;1;121;1;19;19;3;3;116,10;0;0;0;0;20;1;2;6;7;6;13,33;0;1;6;16;5;13,38;0;12,4;0,5;1,79;Graduate;0,916666667;1;0;13,35416667;1,647054957;37,882264
3501;1;1;1;9147;1;1;122;1;1;19;9;9;120,30;1;0;1;0;22;0;0;6;12;5;12,60;0;0;6;11;6;11,71;0;12,4;0,5;1,79;Graduate;0,916666667;1;0;12,15714286;1,58158534;36,37646282
4255;1;1;1;9670;1;1;121;1;37;37;5;9;116,50;1;0;0;0;19;0;0;6;12;5;15,00;0;0;6;9;6;13,43;0;16,2;0,3;-0,92;Graduate;0,916666667;1;0;14,21428571;1,694098018;35,57605837
445;1;17;1;9670;1;1;123;1;19;19;1;1;114,60;0;0;0;1;19;0;0;6;12;5;11,71;0;0;6;11;6;11,00;0;12,7;3,7;-1,7;Graduate;0,916666667;1;0;11,35714286;1,53783041;35,37009942
2123;1;1;1;9147;1;1;122;1;37;37;9;7;120,60;1;0;0;0;50;0;0;6;7;6;12,50;0;0;6;15;5;12,40;0;8,9;1,4;3,51;Graduate;0,916666667;1;0;12,45;1,59760277;35,14726093
965;1;1;1;9773;1;1;121;1;1;3;3;7;113,00;1;0;1;0;31;0;0;6;10;6;15,00;0;0;6;11;5;12,50;0;13,9;-0,3;0,79;Graduate;0,916666667;1;0;13,75;1,668704532;35,04279516
2827;1;1;2;9670;1;1;121;1;1;19;4;7;135,40;1;0;1;1;19;0;0;6;9;6;13,83;0;0;6;12;5;13,67;0;11,1;0,6;2,02;Graduate;0,916666667;1;0;13,75;1,668704532;35,04279516
1905;1;1;1;9773;1;1;121;1;19;1;7;9;117,90;1;0;0;0;20;0;0;6;11;6;14,13;0;0;6;10;5;12,60;0;13,9;-0,3;0,79;Graduate;0,916666667;1;0;13,3625;1,647510737;34,59772548
3130;1;1;1;9773;1;1;121;1;1;38;4;9;114,40;0;0;1;0;43;0;0;6;9;6;14,78;0;0;6;11;5;12,20;0;13,9;-0,3;0,79;Graduate;0,916666667;1;0;13,48888889;1,654423408;33,08846817
498;1;17;1;9254;1;1;122;1;1;19;4;3;130,40;1;0;0;1;18;0;0;6;9;6;11,50;0;0;6;11;5;14,00;0;11,1;0,6;2,02;Graduate;0,916666667;1;0;12,75;1,614010869;32,28021737
2262;1;43;1;9147;1;1;123;1;1;1;4;4;114,40;0;0;0;1;18;0;0;6;9;6;11,17;0;0;6;11;5;12,40;0;10,8;1,4;1,74;Graduate;0,916666667;1;0;11,78333333;1,561140328;31,22280656
1263;1;1;2;9773;1;1;121;1;19;19;9;9;122,80;0;0;0;0;18;1;0;6;8;6;15,00;0;0;6;10;5;14,33;0;11,1;0,6;2,02;Graduate;0,916666667;1;0;14,66666667;1,718840389;30,939127
1104;1;43;1;9147;1;1;123;1;3;19;9;9;113,20;0;0;1;0;30;0;0;6;10;6;11,38;0;0;6;10;5;11,60;0;13,9;-0,3;0,79;Graduate;0,916666667;1;0;11,4875;1,544960119;30,89920238
589;1;1;3;9254;1;1;122;1;37;37;9;3;124,50;1;0;1;0;19;0;0;6;8;6;12,14;0;0;6;11;5;13,60;0;12,4;0,5;1,79;Graduate;0,916666667;1;0;12,87142857;1,620652242;30,7923926
2526;1;1;2;9085;1;1;122;1;3;1;4;7;116,10;1;0;0;0;18;0;0;6;8;6;13,57;0;0;6;11;5;12,17;0;9,4;-0,8;-3,12;Graduate;0,916666667;1;0;12,86904762;1,620522019;30,78991836
1253;1;17;3;9670;1;1;123;1;38;38;7;8;118,80;1;1;1;1;20;0;0;6;11;5;11,14;0;0;6;9;6;11,57;0;16,2;0,3;-0,92;Graduate;0,916666667;1;0;11,35714286;1,53783041;30,75660819
1103;1;1;2;9853;1;1;121;1;38;38;7;5;120,00;1;0;0;0;22;0;0;6;8;6;14,83;0;0;6;10;5;13,83;0;11,1;0,6;2,02;Graduate;0,916666667;1;0;14,33333333;1,700609168;30,61096503
2612;1;17;2;9773;1;1;121;1;1;1;5;5;123,10;1;0;0;0;19;0;0;6;8;6;14,13;0;0;6;10;5;14,50;0;11,1;0,6;2,02;Graduate;0,916666667;1;0;14,3125;1,699469717;30,5904549
369;1;1;1;9853;1;1;122;1;38;37;191;195;112,90;1;0;1;0;20;0;0;6;8;5;12,86;0;0;6;11;6;12,30;0;16,2;0,3;-0,92;Graduate;0,916666667;1;0;12,57857143;1,604634812;30,48806143
1301;1;17;1;9147;1;1;123;1;1;19;3;4;122,00;0;0;0;1;18;0;0;6;11;5;11,14;0;0;6;8;6;12,29;0;16,2;0,3;-0,92;Graduate;0,916666667;1;0;11,71428571;1,557363861;29,58991335
3732;1;51;1;9070;1;1;122;1;38;38;9;9;128,80;1;0;1;1;20;0;0;6;9;6;13,44;0;0;6;9;5;12,60;0;13,9;-0,3;0,79;Graduate;0,916666667;1;0;13,02222222;1,628899699;29,32019458
1212;1;17;1;9238;1;1;123;1;1;1;9;9;113,20;0;0;0;0;18;0;0;6;10;6;11,86;0;0;6;9;5;11,00;0;13,9;-0,3;0,79;Graduate;0,916666667;1;0;11,42857143;1,5417371;29,2930049
1822;1;1;3;9500;1;1;122;1;3;1;4;3;114,80;1;0;0;0;20;0;0;6;8;6;13,43;0;0;6;10;5;12,40;0;9,4;-0,8;-3,12;Graduate;0,916666667;1;0;12,91428571;1,622996256;29,21393261
2252;1;16;1;171;1;1;122;1;19;37;9;7;133,90;1;0;0;1;20;0;1;6;9;5;13,40;1;0;6;9;6;12,38;0;13,9;-0,3;0,79;Graduate;0,916666667;1;0;12,8875;1,621531247;29,18756245
2069;1;18;4;9853;1;1;123;1;19;38;4;10;123,70;1;0;0;1;19;0;0;6;8;6;11,43;0;0;6;11;5;11,20;0;10,8;1,4;1,74;Graduate;0,916666667;1;0;11,31428571;1,535486395;29,17424151
3516;1;43;1;9773;1;1;121;1;1;1;4;5;121,00;1;0;1;0;21;0;0;6;8;6;14,75;0;0;6;9;5;14,33;0;11,1;0,6;2,02;Graduate;0,916666667;1;0;14,54166667;1,712003681;29,10406258
1412;1;16;2;9238;1;1;122;1;19;37;9;7;127,30;1;0;1;1;19;0;0;6;8;5;12,67;0;0;6;10;6;12,86;0;16,2;0,3;-0,92;Graduate;0,916666667;1;0;12,76190476;1,614661984;29,06391571
3658;1;1;5;9500;1;1;122;1;37;3;9;2;116,80;1;0;0;0;18;0;0;6;11;5;12,40;0;0;6;7;6;13,00;0;9,4;-0,8;-3,12;Graduate;0,916666667;1;0;12,7;1,611276185;29,00297134
4;1;17;2;9773;1;1;122;1;38;37;5;3;119,60;1;0;0;0;41;0;0;6;8;6;12,29;0;0;6;10;5;13,00;0;8,9;1,4;3,51;Graduate;0,916666667;1;0;12,64285714;1,608150833;28,946715
339;1;17;1;9238;1;1;122;1;3;1;9;10;114,70;0;0;1;0;28;0;0;6;10;6;13,00;0;0;6;8;5;12,20;0;13,9;-0,3;0,79;Graduate;0,916666667;1;0;12,6;1,605806819;28,90452275
2798;1;1;2;9670;1;1;123;1;1;38;7;7;120,60;1;0;1;1;18;0;0;6;7;6;11,67;0;0;6;12;5;10,20;0;12,4;0,5;1,79;Graduate;0,916666667;1;0;10,93333333;1,514650714;28,77836357
3006;1;1;4;9500;1;1;122;1;19;38;7;7;117,10;1;0;0;1;19;0;0;6;8;6;12,67;0;0;6;10;5;12,00;0;12,4;0,5;1,79;Graduate;0,916666667;1;0;12,33333333;1,591221842;28,64199316
2356;1;17;4;9670;1;1;122;1;3;1;2;3;119,60;1;0;0;0;21;0;0;6;8;5;12,80;0;0;6;10;6;11,86;0;7,6;2,6;0,32;Graduate;0,916666667;1;0;12,32857143;1,590961396;28,63730514
3252;1;17;4;9147;1;1;121;1;38;37;6;7;113,00;1;0;0;0;18;0;0;6;8;6;14,00;0;0;6;9;5;14,00;0;8,9;1,4;3,51;Graduate;0,916666667;1;0;14;1,682377947;28,6004251
3517;1;17;1;171;1;1;123;1;3;12;2;9;116,40;1;0;1;0;21;0;0;6;10;6;11,88;0;0;6;8;5;12,00;0;11,1;0,6;2,02;Graduate;0,916666667;1;0;11,9375;1,569572268;28,25230082
3167;1;17;2;9853;1;1;123;1;3;1;2;3;124,10;1;0;0;1;20;0;0;6;10;5;11,86;0;0;6;8;6;11,67;0;12,7;3,7;-1,7;Graduate;0,916666667;1;0;11,76190476;1,559968321;28,07942977
1895;1;18;1;171;1;1;121;1;1;1;4;3;116,80;1;0;1;0;36;0;0;6;8;6;13,57;0;0;6;9;5;13,20;0;12,7;3,7;-1,7;Graduate;0,916666667;1;0;13,38571429;1,648780411;28,02926699
4336;1;1;1;9147;1;1;123;1;1;1;4;6;118,80;1;0;1;0;19;0;0;6;11;5;11,20;0;0;6;7;6;12,00;0;9,4;-0,8;-3,12;Graduate;0,916666667;1;0;11,6;1,551113156;27,92003681
1742;1;17;4;9254;1;1;122;1;1;1;4;2;116,10;1;0;0;1;30;0;1;6;8;6;13,00;1;0;6;9;5;12,86;0;13,9;-0,3;0,79;Graduate;0,916666667;1;0;12,92857143;1,623777594;27,6042191
1004;1;17;2;9147;1;1;122;1;19;19;7;7;116,10;1;0;1;0;19;0;0;6;7;6;12,33;0;0;6;10;5;13,20;0;16,2;0,3;-0,92;Graduate;0,916666667;1;0;12,76666667;1,61492243;27,4536813
437;1;17;1;9254;1;1;122;1;19;19;5;5;118,20;0;0;0;1;21;0;0;6;9;6;12,67;0;0;6;8;5;12,80;0;13,9;-0,3;0,79;Graduate;0,916666667;1;0;12,73333333;1,613099308;27,42268823
4123;1;17;3;9238;1;1;122;1;19;19;7;7;117,50;1;0;0;0;29;0;0;6;11;5;12,60;0;0;6;6;6;12,67;0;11,1;0,6;2,02;Graduate;0,916666667;1;0;12,63333333;1,607629941;27,329709
326;1;1;1;9254;1;1;121;1;19;19;5;8;117,50;1;0;0;1;47;0;0;6;9;5;14,17;0;0;6;7;6;14,17;0;16,2;0,3;-0,92;Graduate;0,916666667;1;0;14,16666667;1,691493558;27,06389692
1654;1;1;3;9556;1;1;122;1;19;19;3;10;113,30;1;0;0;0;19;0;0;6;9;5;12,17;0;0;6;8;6;12,43;0;13,9;-0,3;0,79;Graduate;0,916666667;1;0;12,29761905;1,589268497;27,01756445
658;1;51;1;8014;0;1;121;1;1;38;5;7;112,30;0;0;0;1;26;0;0;6;6;6;13,33;0;0;6;10;5;14,50;0;10,8;1,4;1,74;Graduate;0,916666667;1;0;13,91666667;1,677820142;26,84512227
449;1;1;2;9773;1;1;121;1;1;19;9;7;118,90;1;0;0;1;18;0;0;6;7;6;13,50;0;0;6;9;5;14,00;0;8,9;1,4;3,51;Graduate;0,916666667;1;0;13,75;1,668704532;26,6992725
1722;1;1;2;9254;1;1;121;1;37;37;9;9;124,20;1;0;0;0;22;0;2;6;7;6;14,43;0;1;6;9;5;13,00;0;13,9;-0,3;0,79;Graduate;0,916666667;1;0;13,71428571;1,666751186;26,66801898
3850;1;1;3;9773;1;1;121;1;19;38;9;7;113,00;1;0;1;1;19;0;0;6;8;5;14,00;0;0;6;8;6;13,00;0;10,8;1,4;1,74;Graduate;0,916666667;1;0;13,5;1,655031116;26,48049785
1160;1;1;1;9147;1;1;121;1;19;19;3;9;112,60;1;0;1;0;19;0;0;6;8;6;13,86;0;0;6;8;5;13,00;0;15,5;2,8;-4,06;Graduate;0,916666667;1;0;13,42857143;1,651124426;26,41799081
4274;1;17;2;9085;1;1;123;1;3;19;2;9;118,90;0;0;0;0;20;0;0;6;11;5;11,20;0;0;6;6;6;12,00;0;9,4;-0,8;-3,12;Graduate;0,916666667;1;0;11,6;1,551113156;26,36892366
786;1;1;1;9238;1;1;121;1;1;1;1;1;115,10;1;0;0;1;19;0;0;6;6;6;13,33;0;0;6;10;5;13,40;0;8,9;1,4;3,51;Graduate;0,916666667;1;1;13,36666667;1,647738627;26,36381804
21;1;1;3;171;1;1;122;1;1;1;9;8;120,30;0;0;0;0;20;1;0;6;9;5;13,00;0;0;6;7;6;13,50;0;13,9;-0,3;0,79;Graduate;0,916666667;0;0;13,25;1,6413577;26,2617232
107;1;1;2;9238;1;1;122;1;37;38;4;7;118,20;1;0;0;1;33;0;0;6;9;5;13,83;0;0;6;7;6;12,50;0;9,4;-0,8;-3,12;Graduate;0,916666667;1;0;13,16666667;1,636799895;26,18879832
4386;1;1;1;9238;1;1;122;1;19;19;193;194;112,60;0;0;0;0;20;0;0;6;6;6;13,33;0;0;6;10;5;12,80;0;11,1;0,6;2,02;Graduate;0,916666667;1;0;13,06666667;1,631330529;26,10128846
4259;1;1;2;9500;1;1;123;1;19;19;7;7;120,80;1;0;0;0;33;0;0;6;10;5;11,40;0;1;6;7;6;11,17;0;7,6;2,6;0,32;Graduate;0,916666667;1;0;11,28333333;1,533793496;26,07448944
126;1;17;6;9556;1;1;122;1;1;1;4;5;117,10;1;0;0;0;19;0;0;6;8;6;12,67;0;0;6;8;5;13,40;0;11,1;0,6;2,02;Graduate;0,916666667;1;0;13,03333333;1,629507406;26,0721185
1971;1;51;1;9238;1;1;122;1;19;3;5;2;112,60;0;0;1;1;20;0;1;6;7;6;13,50;0;1;6;9;5;12,50;0;10,8;1,4;1,74;Graduate;0,916666667;1;0;13;1,627684284;26,04294855
1980;1;1;1;9670;1;1;123;1;12;1;9;9;119,20;1;0;0;1;18;0;0;6;8;6;10,57;0;0;6;9;5;11,40;0;16,2;0,3;-0,92;Graduate;0,916666667;1;0;10,98571429;1,517515621;25,79776555
1329;1;1;4;9500;1;1;123;1;1;1;3;3;113,60;1;0;0;1;19;0;0;6;9;5;10,80;0;0;6;8;6;10,71;0;15,5;2,8;-4,06;Graduate;0,916666667;1;0;10,75714286;1,505014212;25,5852416
3793;1;18;1;9119;1;1;122;1;19;1;90;3;116,10;1;0;0;1;23;0;2;6;8;5;11,80;0;2;6;8;6;12,33;0;9,4;-0,8;-3,12;Graduate;0,916666667;1;0;12,06666667;1,576636866;25,22618985
314;1;17;4;9853;1;1;121;1;38;38;5;7;113,70;1;0;0;1;18;0;0;6;6;6;14,00;0;0;6;9;5;13,80;0;8,9;1,4;3,51;Graduate;0,916666667;1;0;13,9;1,676908581;25,15362871
4126;1;43;1;9500;1;1;121;1;38;19;5;5;115,40;1;0;0;1;19;0;0;6;9;5;13,50;0;0;6;6;6;14,00;0;12,4;0,5;1,79;Graduate;0,916666667;1;0;13,75;1,668704532;25,03056797
588;1;17;1;9773;1;1;121;1;38;38;9;8;120,40;1;0;1;0;19;0;0;6;6;6;13,33;0;0;6;9;5;13,80;0;8,9;1,4;3,51;Graduate;0,916666667;1;0;13,56666667;1,65867736;24,8801604
1480;1;1;1;9085;1;1;123;1;1;1;4;9;116,70;1;0;0;0;20;0;0;6;9;5;11,80;0;0;6;7;6;11,50;0;7,6;2,6;0,32;Graduate;0,916666667;1;1;11,65;1,553847839;24,86156543
1998;1;17;1;9773;1;1;121;1;37;37;9;9;122,40;0;0;1;0;18;0;0;6;6;6;13,50;0;0;6;9;5;13,20;0;8,9;1,4;3,51;Graduate;0,916666667;1;0;13,35;1,646827066;24,702406
1317;1;17;2;9085;1;1;123;1;1;19;4;9;113,60;1;0;0;1;20;0;0;6;7;5;11,40;0;0;6;9;6;11,50;0;8,9;1,4;3,51;Graduate;0,916666667;1;0;11,45;1,542909107;24,68654571
272;1;1;2;9147;1;1;121;1;1;19;9;9;113,70;1;0;0;1;18;0;0;6;8;5;13,40;0;0;6;7;6;13,17;0;9,4;-0,8;-3,12;Graduate;0,916666667;1;1;13,28333333;1,643180822;24,64771233
3989;1;1;1;9085;1;1;123;1;19;37;9;9;124,10;1;0;1;0;18;0;0;6;10;5;11,60;0;0;6;6;6;11,17;0;10,8;1,4;1,74;Graduate;0,916666667;1;0;11,38333333;1,539262863;24,6282058
1898;1;1;1;9773;1;1;121;1;3;3;2;2;112,30;1;0;0;0;20;1;0;6;6;6;13,50;0;0;6;9;5;13,00;0;8,9;1,4;3,51;Graduate;0,916666667;1;0;13,25;1,6413577;24,6203655
2992;1;18;1;9500;1;1;123;1;37;37;3;3;118,00;1;0;0;0;21;0;4;7;10;6;11,33;0;1;5;6;5;11,20;0;11,1;0,6;2,02;Graduate;0,916666667;1;0;11,26666667;1,532881935;24,52611097
3719;1;43;1;9147;1;1;122;1;1;38;1;7;118,90;0;0;0;0;18;0;0;6;7;6;13,50;0;0;6;8;5;12,60;0;7,6;2,6;0,32;Graduate;0,916666667;1;0;13,05;1,630418967;24,45628451
3367;1;1;1;9991;0;1;122;1;37;37;9;3;113,60;0;0;0;1;18;0;0;6;8;5;13,00;0;0;6;7;6;13,00;0;15,5;2,8;-4,06;Graduate;0,916666667;1;0;13;1,627684284;24,41526427
1414;1;1;2;9773;1;1;122;1;37;37;9;9;126,90;1;0;0;0;32;0;0;6;8;5;13,80;0;0;6;7;6;12,17;0;9,4;-0,8;-3,12;Graduate;0,916666667;1;0;12,98333333;1,626772723;24,40159085
2882;1;43;1;9238;1;1;122;1;19;19;5;5;114,30;1;0;1;1;19;0;0;6;9;5;12,40;0;0;6;6;6;13,17;0;12,7;3,7;-1,7;Graduate;0,916666667;1;0;12,78333333;1,615833991;24,23750986
849;1;1;1;9085;1;1;122;1;1;1;2;5;113,30;1;0;0;0;45;0;0;6;9;5;12,33;0;0;6;6;6;13,00;0;13,9;-0,3;0,79;Graduate;0,916666667;1;0;12,66666667;1,609453063;24,14179595
2895;1;17;4;9853;1;1;122;1;38;37;9;9;118,90;1;0;1;1;18;0;0;6;8;6;12,17;0;0;6;7;5;13,00;0;13,9;-0,3;0,79;Graduate;0,916666667;1;0;12,58333333;1,604895258;24,07342887
2325;1;18;1;9238;1;1;122;1;1;3;9;2;112,60;1;0;0;0;18;0;0;6;8;5;13,00;0;0;6;7;6;11,83;0;10,8;1,4;1,74;Graduate;0,916666667;1;0;12,41666667;1,595779648;23,93669471
3082;1;1;6;9500;1;1;122;1;19;37;3;5;116,60;1;0;0;1;20;1;0;6;7;6;12,86;0;0;6;8;5;11,80;0;8,9;1,4;3,51;Graduate;0,916666667;1;0;12,32857143;1,590961396;23,86442095
3265;1;1;1;9853;1;1;121;1;19;19;7;7;113,00;1;0;0;1;39;0;0;6;7;6;14,00;0;0;6;7;5;14,80;0;12,7;3,7;-1,7;Graduate;0,916666667;1;0;14,4;1,704255412;23,85957577
4155;1;1;1;9853;1;1;121;1;37;19;6;7;116,80;1;0;0;0;19;0;0;6;7;5;14,20;0;0;6;7;6;14,57;0;15,5;2,8;-4,06;Graduate;0,916666667;1;1;14,38571429;1,703474074;23,84863704
946;1;17;2;9254;1;1;123;1;37;37;7;7;113,90;1;0;0;0;19;0;0;6;7;5;10,80;0;0;6;9;6;10,17;0;8,9;1,4;3,51;Graduate;0,916666667;1;0;10,48333333;1,490038566;23,84061706
590;1;1;4;9556;1;1;122;1;37;1;5;4;123,90;0;0;1;1;18;0;0;6;7;6;12,71;0;0;6;8;5;11,83;0;13,9;-0,3;0,79;Graduate;0,916666667;1;0;12,27380952;1,587966267;23,81949401
1135;1;17;1;9254;1;1;122;1;37;37;5;6;114,30;0;0;0;0;19;0;0;6;8;5;12,20;0;0;6;7;6;12,00;0;7,6;2,6;0,32;Graduate;0,916666667;1;0;12,1;1,578459988;23,67689982
1617;1;1;1;9085;1;1;121;1;37;38;6;9;121,00;0;0;0;1;18;0;0;6;8;5;13,50;0;0;6;6;6;14,50;0;12,4;0,5;1,79;Graduate;0,916666667;1;0;14;1,682377947;23,55329126
2911;1;17;2;9773;1;1;123;1;1;1;3;3;120,90;1;0;0;1;19;0;0;6;8;5;12,20;0;0;6;7;6;11,50;0;9,4;-0,8;-3,12;Graduate;0,916666667;1;0;11,85;1,564786572;23,47179858
1743;1;1;1;9130;1;1;121;1;3;19;2;9;115,40;1;0;1;0;19;0;0;6;6;6;13,33;0;0;6;8;5;14,00;0;8,9;1,4;3,51;Graduate;0,916666667;1;0;13,66666667;1,664146726;23,29805417
2503;1;51;1;33;1;1;121;1;19;37;5;7;118,60;0;0;0;0;18;0;0;6;6;6;13,67;0;0;6;8;5;13,60;0;8,9;1,4;3,51;Graduate;0,916666667;1;0;13,63333333;1,662323604;23,27253046
3976;1;17;4;9500;1;1;121;1;37;37;5;5;118,90;1;0;1;0;18;0;0;6;6;6;14,17;0;0;6;8;5;13,00;0;10,8;1,4;1,74;Graduate;0,916666667;1;0;13,58333333;1,659588921;23,23424489
3705;1;18;2;9670;1;1;121;1;37;38;4;1;111,90;1;0;0;0;18;1;0;6;6;6;12,67;0;0;6;8;5;14,40;0;7,6;2,6;0,32;Graduate;0,916666667;1;0;13,53333333;1,656854238;23,19595933
2604;1;1;5;9085;1;1;121;1;38;37;9;8;114,00;1;0;1;0;20;0;0;6;7;6;13,86;0;0;6;7;5;12,80;0;16,2;0,3;-0,92;Graduate;0,916666667;1;0;13,32857143;1,645655059;23,03917083
1;1;17;5;171;1;1;122;1;19;12;5;9;127,30;1;0;0;0;19;0;0;6;6;6;13,00;0;0;6;8;5;13,40;0;8,9;1,4;3,51;Graduate;0,916666667;1;0;13,2;1,638623017;22,94072224
1457;1;1;1;9147;1;1;123;1;1;19;4;5;117,80;0;0;0;0;27;0;0;6;8;5;11,00;0;0;6;7;6;11,17;0;11,1;0,6;2,02;Graduate;0,916666667;1;0;11,08333333;1,522854764;22,84282146
2602;1;17;1;9254;1;1;122;1;1;1;4;9;112,90;1;0;0;0;18;0;0;6;6;6;12,33;0;0;6;8;5;13,60;0;8,9;1,4;3,51;Graduate;0,916666667;0;0;12,96666667;1,625861162;22,76205627
3028;1;1;4;9773;1;1;122;1;41;1;4;3;119,60;1;0;1;1;23;0;0;6;7;5;13,00;0;0;6;7;6;12,86;0;8,9;1,4;3,51;Graduate;0,916666667;1;0;12,92857143;1,623777594;22,73288632
3555;1;17;1;9670;1;1;123;1;37;38;3;3;122,00;0;0;1;0;20;0;0;6;9;6;10,67;1;0;6;6;5;11,20;0;7,6;2,6;0,32;Graduate;0,916666667;1;0;10,93333333;1,514650714;22,71976072
4057;1;1;2;9085;1;1;122;1;1;1;193;101;126,20;0;0;0;0;20;0;0;6;7;6;12,67;0;0;6;7;5;13,00;0;7,6;2,6;0,32;Graduate;0,916666667;1;0;12,83333333;1,618568674;22,65996143
2100;1;17;2;9254;1;1;123;1;19;19;5;5;113,20;1;0;0;1;21;0;0;6;7;6;10,57;0;0;6;8;5;11,00;0;8,9;1,4;3,51;Graduate;0,916666667;1;0;10,78571429;1,506576888;22,59865332
450;1;1;3;9254;1;1;122;1;19;38;3;10;114,30;1;0;0;0;19;0;0;6;6;6;13,00;0;0;6;8;5;12,40;0;12,4;0,5;1,79;Graduate;0,916666667;1;0;12,7;1,611276185;22,5578666
4040;1;1;1;9853;1;1;122;1;3;19;2;3;112,90;0;0;0;0;18;0;0;6;6;6;11,67;0;0;6;8;5;13,20;0;11,1;0,6;2,02;Graduate;0,916666667;1;0;12,43333333;1,596691209;22,35367692
755;1;1;3;9070;1;1;122;1;37;37;9;9;125,90;1;0;0;0;28;0;0;6;8;5;11,83;0;0;6;6;6;13,00;0;16,2;0,3;-0,92;Graduate;0,916666667;1;0;12,41666667;1,595779648;22,34091507
636;1;17;5;9238;1;1;122;1;37;37;7;5;112,90;1;0;0;0;18;0;0;6;6;5;12,60;0;0;6;8;6;12,00;0;11,1;0,6;2,02;Graduate;0,916666667;1;0;12,3;1,58939872;22,25158208
3045;1;5;5;9254;1;1;122;1;1;37;9;7;119,60;1;0;0;0;18;0;0;6;8;5;13,20;0;0;6;6;6;11,33;0;9,4;-0,8;-3,12;Graduate;0,916666667;1;0;12,26666667;1,587575598;22,22605837
2139;1;17;2;9556;1;1;122;1;19;38;4;8;118,30;1;0;0;0;21;0;0;6;8;5;12,40;0;0;6;6;6;12,00;0;12,4;0,5;1,79;Graduate;0,916666667;1;0;12,2;1,583929354;22,17501096
2808;1;1;1;9670;1;1;122;1;12;12;5;7;126,60;1;0;0;1;32;0;0;6;6;6;11,33;0;0;6;8;5;13,00;0;15,5;2,8;-4,06;Graduate;0,916666667;1;0;12,16666667;1,582106232;22,14948725
4053;1;1;1;9254;1;1;122;1;37;37;9;9;114,30;1;0;0;0;19;0;0;6;6;6;12,67;0;0;6;8;5;11,40;0;12,4;0,5;1,79;Graduate;0,916666667;1;1;12,03333333;1,574813744;22,04739241
2203;1;17;2;9254;1;1;121;1;19;38;6;6;116,10;1;0;1;0;57;0;0;6;7;5;14,20;0;0;6;6;6;14,17;0;9,4;-0,8;-3,12;Graduate;0,916666667;1;0;14,18333333;1,692405119;22,00126654
607;1;17;1;9130;1;1;123;1;19;3;3;2;121,60;1;0;0;0;20;0;0;6;8;5;12,20;0;0;6;6;6;11,50;0;16,2;0,3;-0,92;Graduate;0,916666667;1;0;11,85;1,564786572;21,90701201
112;1;17;2;9147;1;1;123;1;1;38;4;7;115,30;1;0;0;0;42;0;0;6;8;5;11,20;0;0;6;6;6;12,00;0;8,9;1,4;3,51;Graduate;0,916666667;1;0;11,6;1,551113156;21,71558419
397;1;51;1;9238;1;1;121;1;3;19;3;10;111,90;1;0;0;0;18;0;0;6;6;6;12,67;0;0;6;7;5;14,60;0;11,1;0,6;2,02;Graduate;0,916666667;1;0;13,63333333;1,662323604;21,61020685
1283;1;17;5;9254;1;1;121;1;1;19;4;7;116,50;1;0;0;1;21;0;0;6;7;5;13,80;0;0;6;6;6;12,83;0;16,2;0,3;-0,92;Graduate;0,916666667;1;0;13,31666667;1,645003944;21,38505128
3837;1;43;1;9773;1;1;121;1;1;3;9;3;123,80;0;0;0;0;18;0;0;6;6;6;12,33;0;0;6;7;5;14,20;0;13,9;-0,3;0,79;Graduate;0,916666667;1;0;13,26666667;1,642269261;21,34950039
3193;1;1;2;9147;1;1;122;1;1;38;4;5;116,40;0;0;0;1;21;0;0;6;6;5;13,00;0;0;6;7;6;12,83;0;8,9;1,4;3,51;Graduate;0,916666667;1;0;12,91666667;1,623126479;21,10064423
3769;1;1;3;9853;1;1;122;1;3;3;2;2;112,60;1;0;1;0;19;0;0;6;6;6;12,50;0;0;6;7;5;13,00;0;12,4;0,5;1,79;Graduate;0,916666667;1;0;12,75;1,614010869;20,98214129
3134;1;1;6;9500;1;1;122;1;1;1;4;4;119,60;1;0;0;1;20;0;0;6;7;5;12,80;0;0;6;6;6;12,33;0;12,4;0,5;1,79;Graduate;0,916666667;1;0;12,56666667;1,603983697;20,85178806
805;1;1;3;9853;1;1;122;1;1;3;5;3;113,60;0;0;0;1;38;0;0;6;6;5;12,40;0;0;6;7;6;12,67;0;9,4;-0,8;-3,12;Graduate;0,916666667;1;0;12,53333333;1,602160575;20,82808747
273;1;17;1;9147;1;1;122;1;12;19;4;8;117,80;1;0;0;1;43;0;0;6;7;5;12,20;0;0;6;6;6;12,33;0;9,4;-0,8;-3,12;Graduate;0,916666667;1;0;12,26666667;1,587575598;20,63848278
3118;1;1;4;9773;1;1;122;1;19;19;9;7;121,00;1;0;0;0;18;0;0;6;7;5;11,80;0;0;6;6;6;12,67;0;16,2;0,3;-0,92;Graduate;0,916666667;1;0;12,23333333;1,585752476;20,61478219
602;1;17;5;9070;1;1;122;1;19;38;5;7;119,60;0;0;1;0;21;0;0;6;6;6;12,67;0;0;6;7;5;11,40;0;9,4;-0,8;-3,12;Graduate;0,916666667;1;0;12,03333333;1,574813744;20,47257867
105;1;18;1;9853;1;1;123;1;19;19;9;7;117,40;1;0;0;1;19;0;3;6;7;5;12,20;0;2;6;6;6;11,50;0;13,9;-0,3;0,79;Graduate;0,916666667;1;0;11,85;1,564786572;20,34222544
639;1;17;3;9238;1;1;121;1;1;1;4;5;117,20;0;0;0;0;18;0;0;6;6;6;13,67;0;0;6;6;5;14,00;0;12,7;3,7;-1,7;Graduate;0,916666667;1;0;13,83333333;1,673262337;20,07914804
3670;1;42;1;9500;1;1;122;1;3;3;2;2;122,00;1;0;0;1;22;0;0;6;6;5;12,60;0;0;6;6;6;13,00;0;10,8;1,4;1,74;Graduate;0,916666667;1;0;12,8;1,616745552;19,40094662
852;1;5;2;9853;1;1;122;1;19;19;4;5;112,60;1;0;0;0;18;0;0;6;6;6;12,00;0;0;6;6;5;13,60;0;8,9;1,4;3,51;Graduate;0,916666667;1;0;12,8;1,616745552;19,40094662
1232;1;1;1;9238;1;1;122;1;1;19;4;4;127,30;1;0;1;1;22;0;1;6;6;6;12,67;0;1;6;6;5;12,40;0;12,4;0,5;1,79;Graduate;0,916666667;1;0;12,53333333;1,602160575;19,2259269
2531;1;17;1;9773;1;1;122;1;1;1;4;7;116,80;1;0;1;1;18;0;0;6;6;5;12,00;0;0;6;6;6;12,83;0;12,7;3,7;-1,7;Graduate;0,916666667;1;0;12,41666667;1,595779648;19,14935577
1102;1;17;1;9130;1;1;122;1;19;19;9;9;121,70;1;0;0;0;19;0;0;6;6;5;11,60;0;0;6;6;6;12,50;0;8,9;1,4;3,51;Graduate;0,916666667;1;0;12,05;1,575725305;18,90870366
1951;1;1;1;9254;1;1;123;1;38;38;4;7;114,30;0;0;0;0;18;0;0;6;6;6;11,67;0;0;6;6;5;12,20;0;12,7;3,7;-1,7;Graduate;0,916666667;1;0;11,93333333;1,569344377;18,83213253
1645;1;17;4;9254;1;1;124;1;3;3;3;3;126,10;1;0;1;0;20;0;0;6;11;6;11,29;0;0;6;12;5;11,78;0;16,2;0,3;-0,92;Enrolled;0,916666667;1;0;11,53174603;1,547380097;35,58974223
3630;1;1;1;9670;1;1;123;1;19;19;9;8;125,50;0;0;1;0;43;0;0;6;8;6;12,88;0;0;6;14;5;12,14;0;16,2;0,3;-0,92;Enrolled;0,916666667;1;0;12,50892857;1,600825789;35,21816736
2232;1;1;1;171;1;1;124;1;3;3;2;2;119,10;1;0;0;0;24;0;0;6;10;6;11,43;0;0;6;12;5;13,00;0;12,4;0,5;1,79;Enrolled;0,916666667;1;0;12,21428571;1,584710692;34,86363523
741;1;1;1;9070;1;1;124;1;19;19;9;7;113,90;1;0;1;0;28;0;0;6;12;5;12,00;0;0;6;10;6;12,33;0;11,1;0,6;2,02;Enrolled;0,916666667;1;0;12,16666667;1,582106232;34,8063371
1027;1;1;1;9085;1;1;123;1;30;19;4;90;122,30;0;0;0;0;20;0;0;6;10;6;13,43;0;0;6;11;5;12,67;0;13,9;-0,3;0,79;Enrolled;0,916666667;1;0;13,04761905;1,630288744;34,23606363
3363;1;1;4;9147;1;1;123;1;1;1;9;7;117,40;1;0;0;0;20;0;0;6;9;6;13,57;0;0;6;10;5;13,60;0;15,5;2,8;-4,06;Enrolled;0,916666667;1;0;13,58571429;1,659719144;31,53466374
2491;1;17;2;9773;1;1;124;1;1;1;4;4;127,90;1;0;1;0;19;0;0;6;8;5;11,50;0;0;6;11;6;11,33;0;12,4;0,5;1,79;Enrolled;0,916666667;1;0;11,41666667;1,541085985;29,28063371
1929;1;1;1;9070;1;1;123;1;38;38;9;5;124,80;0;0;0;0;18;0;0;6;8;5;12,60;0;0;6;10;6;12,43;0;15,5;2,8;-4,06;Enrolled;0,916666667;1;0;12,51428571;1,601118791;28,82013824
2975;1;1;1;171;1;1;124;1;1;19;123;103;113,90;1;1;1;0;23;0;0;6;8;6;12,67;0;0;6;10;5;12,20;0;7,6;2,6;0,32;Enrolled;0,916666667;1;0;12,43333333;1,596691209;28,74044176
2770;1;1;1;9500;1;1;124;1;1;19;9;8;116,70;1;0;0;1;25;0;0;6;8;6;11,29;0;0;6;10;5;12,20;0;15,5;2,8;-4,06;Enrolled;0,916666667;1;0;11,74285714;1,558926537;28,06067766
1914;2;17;3;8014;0;1;123;1;19;37;3;3;113,20;0;0;1;0;20;0;0;6;8;6;12,86;0;0;6;9;5;12,40;0;8,9;1,4;3,51;Enrolled;0,916666667;1;0;12,62857143;1,607369495;27,32528142
1470;1;1;3;9254;1;1;123;1;1;1;4;3;123,40;1;0;0;1;19;0;0;6;7;6;13,29;0;0;6;9;5;14,60;0;12,4;0,5;1,79;Enrolled;0,916666667;1;0;13,94285714;1,679252595;26,86804152
1918;1;1;4;9500;1;1;123;1;19;38;9;10;116,70;1;0;0;0;20;0;0;6;8;6;13,33;0;0;6;8;5;14,00;0;11,1;0,6;2,02;Enrolled;0,916666667;1;0;13,66666667;1,664146726;26,62634762
3346;1;1;1;9254;1;1;124;1;37;38;9;8;114,60;1;0;0;0;20;0;0;6;9;6;11,67;0;0;6;8;5;11,60;0;7,6;2,6;0,32;Enrolled;0,916666667;1;0;11,63333333;1,552936278;26,39991673
1896;1;1;1;9070;1;1;124;1;19;19;7;9;132,10;1;0;1;0;18;0;0;6;7;6;12,33;0;0;6;10;5;10,80;4;16,2;0,3;-0,92;Enrolled;0,916666667;1;0;11,56666667;1,549290034;26,33793058
753;1;42;1;9500;1;1;123;1;37;37;3;3;123,00;1;0;1;0;19;0;0;6;7;6;13,17;0;0;6;9;5;13,20;0;8,9;1,4;3,51;Enrolled;0,916666667;1;0;13,18333333;1,637711456;26,20338329
3267;1;17;2;9670;1;1;123;1;3;1;3;1;116,70;0;0;0;0;26;0;0;6;8;6;15,43;0;0;6;7;5;14,50;0;11,1;0,6;2,02;Enrolled;0,916666667;0;0;14,96428571;1,735118265;26,02677398
1755;1;17;5;9119;1;1;123;1;3;1;2;9;116,00;1;0;1;0;25;0;0;6;8;6;13,17;0;0;6;8;5;12,60;0;7,6;2,6;0,32;Enrolled;0,916666667;1;0;12,88333333;1,621303357;25,94085371
1217;1;17;4;9238;1;1;124;1;19;19;5;8;117,70;1;0;1;0;20;0;0;6;8;6;11,83;0;0;6;9;5;10,40;0;7,6;2,6;0,32;Enrolled;0,916666667;1;0;11,11666667;1,524677886;25,91952406
2051;1;1;1;9238;1;1;124;1;37;38;9;3;114,20;0;0;0;1;18;0;0;6;9;6;10,83;0;0;6;8;5;11,00;0;7,6;2,6;0,32;Enrolled;0,916666667;1;0;10,91666667;1,513739153;25,73356561
3467;1;1;1;9147;1;1;124;1;38;19;3;10;128,60;1;0;0;1;48;0;0;6;7;6;10,67;0;0;6;9;5;11,80;0;10,8;1,4;1,74;Enrolled;0,916666667;1;0;11,23333333;1,531058813;24,49694101
1157;1;17;1;9254;1;1;123;1;38;37;9;7;120,60;1;0;1;1;20;0;0;6;9;6;11,38;0;0;6;6;5;13,80;0;7,6;2,6;0,32;Enrolled;0,916666667;1;0;12,5875;1,605123148;24,07684723
3034;1;5;2;9238;1;1;123;1;40;38;2;9;118,10;1;0;0;0;19;0;0;6;7;6;14,00;0;0;6;7;5;15,00;0;11,1;0,6;2,02;Enrolled;0,916666667;1;0;14,5;1,709724779;23,9361469
2773;1;1;1;9500;1;1;124;1;19;37;3;8;117,50;1;0;1;0;26;0;0;6;7;6;12,00;0;0;6;8;5;10,80;0;12,7;3,7;-1,7;Enrolled;0,916666667;1;0;11,4;1,540174424;23,10261636
820;1;1;1;8014;0;1;123;1;34;37;9;90;121,30;1;0;0;1;18;0;0;6;8;6;13,57;0;0;6;6;5;12,80;0;12,4;0,5;1,79;Enrolled;0,916666667;1;1;13,18571429;1,637841679;22,9297835
2276;1;1;2;9991;0;1;123;1;1;3;4;2;113,20;0;0;0;0;19;0;1;6;6;5;12,40;0;0;6;8;6;12,75;0;10,8;1,4;1,74;Enrolled;0,916666667;1;0;12,575;1,604439478;22,46215269
2809;1;1;1;9773;1;1;123;1;1;38;9;9;116,70;0;0;0;1;20;0;0;6;6;6;14,50;0;0;6;7;5;15,00;0;12,4;0,5;1,79;Enrolled;0,916666667;1;0;14,75;1,723398194;22,40417653
3661;1;1;3;9238;1;1;124;1;19;1;7;10;116,00;1;0;1;0;18;0;0;6;6;6;12,83;0;0;6;8;5;11,40;0;15,5;2,8;-4,06;Enrolled;0,916666667;1;0;12,11666667;1,579371549;22,11120168
2077;1;1;4;9238;1;1;123;1;38;1;4;10;129,00;1;0;1;0;18;0;0;6;6;6;12,67;0;0;6;7;5;13,60;0;12,4;0,5;1,79;Enrolled;0,916666667;1;0;13,13333333;1,634976773;21,25469805
2143;1;17;1;9238;1;1;123;1;1;1;9;9;115,70;1;0;0;0;20;0;2;6;6;6;12,17;0;0;6;7;5;14,00;0;12,7;3,7;-1,7;Enrolled;0,916666667;1;0;13,08333333;1,63224209;21,21914716
4261;1;39;1;9003;1;1;123;1;37;37;9;9;110,00;0;0;0;0;20;0;0;6;7;5;13,20;0;0;6;6;6;12,67;0;10,8;1,4;1,74;Enrolled;0,916666667;1;0;12,93333333;1,62403804;21,11249452
1343;1;17;1;9085;1;1;124;1;19;38;7;7;113,90;1;0;0;0;53;0;15;18;18;17;13,18;0;13;18;18;16;13,00;0;7,6;2,6;0,32;Dropout;0,916666667;1;0;13,08823529;1,632510196;58,77036705
3864;1;1;2;9238;1;1;124;1;38;19;9;7;129,60;1;0;0;0;48;0;0;6;14;6;11,33;0;0;6;11;5;12,40;0;15,5;2,8;-4,06;Dropout;0,916666667;1;1;11,86666667;1,565698133;39,14245333
2299;1;1;1;9238;1;1;124;1;1;1;4;4;118,80;0;0;1;0;54;0;0;6;9;6;13,71;0;0;6;13;5;14,33;0;16,2;0,3;-0,92;Dropout;0,916666667;1;0;14,02380952;1,683680177;37,0409639
4411;1;1;1;9070;1;1;124;1;37;19;9;4;121,20;0;0;0;0;23;0;0;6;11;6;11,88;0;0;6;9;5;12,83;0;11,1;0,6;2,02;Dropout;0,916666667;1;0;12,35416667;1,592361294;31,84722587
386;1;1;1;9238;1;1;124;1;34;34;0;0;129,30;0;0;0;1;19;0;0;6;8;6;12,71;0;0;6;12;5;11,00;0;13,9;-0,3;0,79;Dropout;0,916666667;1;0;11,85714286;1,565177241;31,30354482
1085;1;1;2;9070;1;1;124;1;19;1;9;3;123,70;1;0;0;0;20;0;0;6;12;5;12,00;0;0;6;8;6;11,57;0;15,5;2,8;-4,06;Dropout;0,916666667;1;0;11,78571429;1,561270551;31,22541102
3085;1;1;1;9070;1;1;124;1;37;19;9;3;116,30;1;0;0;0;24;0;0;6;9;6;12,57;0;0;6;10;5;12,83;0;11,1;0,6;2,02;Dropout;0,916666667;1;0;12,70238095;1,611406408;30,61672176
399;1;17;1;9670;1;1;124;1;37;19;5;8;114,20;1;0;0;0;29;0;0;6;9;6;16,33;0;0;6;8;5;15,60;0;12,7;3,7;-1,7;Dropout;0,916666667;0;0;15,96666667;1,789942151;30,42901657
1116;1;18;1;9500;1;1;124;1;38;37;9;7;119,30;1;0;1;0;18;0;0;6;9;6;12,00;0;0;6;10;5;12,17;0;11,1;0,6;2,02;Dropout;0,916666667;1;0;12,08333333;1,577548427;29,97342011
3392;1;42;1;9500;1;1;124;1;19;19;4;9;124,00;0;0;0;0;19;0;0;6;10;6;12,17;0;0;6;8;5;11,67;0;16,2;0,3;-0,92;Dropout;0,916666667;1;0;11,91666667;1,568432816;28,23179069
1285;1;1;1;9670;1;1;124;1;19;37;5;7;119,10;0;0;0;0;18;0;0;6;8;6;15,00;0;0;6;8;5;15,17;0;13,9;-0,3;0,79;Dropout;0,916666667;1;0;15,08333333;1,741629415;27,86607065
3856;1;1;4;9773;1;1;124;1;3;12;2;9;137,00;1;0;1;0;47;0;0;6;8;5;11,40;0;0;6;10;6;11,67;0;12,7;3,7;-1,7;Dropout;0,916666667;1;0;11,53333333;1,547466912;27,85440442
3872;1;1;1;9147;1;1;124;1;38;38;9;9;115,60;0;0;0;1;19;0;0;6;8;6;12,17;0;0;6;8;5;12,40;0;9,4;-0,8;-3,12;Dropout;0,916666667;1;0;12,28333333;1,588487159;25,41579455
4102;1;1;5;9070;1;1;124;1;37;37;9;9;113,90;1;0;1;0;18;0;0;6;10;5;11,60;0;0;6;6;6;12,00;0;9,4;-0,8;-3,12;Dropout;0,916666667;1;0;11,8;1,562051889;24,99283022
2655;1;17;5;9500;1;1;124;1;3;38;2;1;119,80;0;0;1;0;18;0;0;6;8;6;13,71;0;0;6;7;5;13,33;0;15,5;2,8;-4,06;Dropout;0,916666667;1;0;13,52380952;1,656333346;24,84500019
88;1;17;1;9070;1;1;124;1;19;38;4;0;117,60;1;0;0;1;19;0;0;6;8;6;12,33;0;0;6;7;5;12,40;0;10,8;1,4;1,74;Dropout;0,916666667;1;0;12,36666667;1,593044965;23,89567447
1040;1;1;1;9853;1;1;124;1;3;1;2;5;121,60;0;0;0;0;18;0;0;6;6;6;13,17;0;0;6;8;5;14,20;0;10,8;1,4;1,74;Dropout;0,916666667;1;0;13,68333333;1,665058287;23,31081602
1683;1;1;2;9670;1;1;124;1;19;1;9;4;117,70;1;0;0;0;19;0;0;6;6;6;13,33;0;0;6;8;5;12,80;0;8,9;1,4;3,51;Dropout;0,916666667;1;0;13,06666667;1,631330529;22,8386274
1294;1;17;5;9119;1;1;124;11;4;12;2;9;119,50;1;0;1;0;19;0;0;6;6;6;12,67;0;0;6;8;5;11,80;0;11,1;0,6;2,02;Dropout;0,916666667;0;0;12,23333333;1,585752476;22,20053467
1490;1;17;6;9119;1;1;124;1;19;19;4;0;126,10;1;0;0;1;36;0;0;6;7;6;13,71;0;0;6;6;5;12,80;0;16,2;0,3;-0,92;Dropout;0,916666667;1;0;13,25714286;1,641748369;21,3427288
3261;1;1;1;9085;1;1;124;1;2;1;4;10;117,40;1;0;0;1;18;0;0;6;6;6;13,17;0;0;6;7;5;13,20;0;12,4;0,5;1,79;Dropout;0,916666667;1;0;13,18333333;1,637711456;21,29024893
4156;1;1;5;9085;1;1;124;1;3;19;2;3;113,90;1;0;1;0;18;0;0;6;6;6;13,00;0;0;6;7;5;11,80;0;12,7;3,7;-1,7;Dropout;0,916666667;1;0;12,4;1,594868087;20,73328513
165;1;17;2;9670;1;1;124;1;1;19;5;4;124,40;0;0;1;1;19;0;0;6;7;6;11,00;0;0;6;6;5;12,20;0;11,1;0,6;2,02;Dropout;0,916666667;1;0;11,6;1,551113156;20,16447103
2965;1;1;1;9070;1;1;124;1;19;19;9;9;138,40;1;0;0;0;33;0;9;12;22;10;13,30;0;9;11;11;11;13,73;0;9,4;-0,8;-3,12;Graduate;0,913043478;1;0;13,51363636;1,65215375;54,52107375
2086;1;1;4;9773;1;1;124;1;19;37;99;90;124,00;0;0;0;0;20;0;5;12;13;12;11,23;0;3;11;18;9;12,78;0;11,1;0,6;2,02;Graduate;0,913043478;1;0;12,0042735;1,569601167;48,65763617
3113;1;17;4;9254;1;1;124;1;1;1;4;4;122,30;1;0;1;0;42;0;8;12;12;11;14,45;0;7;11;11;10;14,20;0;11,1;0,6;2,02;Graduate;0,913043478;1;0;14,32727273;1,696654503;39,02305357
2403;1;1;1;9147;1;1;124;1;19;19;9;3;115,60;1;0;0;0;42;0;5;11;14;10;11,90;0;5;11;14;10;12,80;0;11,1;0,6;2,02;Enrolled;0,909090909;1;0;12,35;1,584557646;44,36761408
260;1;43;1;9238;1;1;124;1;1;1;3;1;118,80;1;0;1;1;18;0;0;5;8;4;13,50;0;0;6;10;6;13,63;0;11,1;0,6;2,02;Enrolled;0,909090909;1;0;13,5625;1,650873712;29,71572682
3708;1;17;3;171;1;1;125;1;37;37;5;10;120,50;1;0;0;0;29;0;9;10;15;9;11,56;0;7;11;17;10;11,90;0;9,4;-0,8;-3,12;Enrolled;0,904761905;1;0;11,72777778;1,546197029;49,47830493
241;1;1;3;9500;1;1;125;1;3;1;4;4;119,40;1;0;1;0;23;0;5;10;19;8;11,63;1;4;10;16;10;11,18;3;7,6;2,6;0,32;Graduate;0,9;1;0;11,40340909;1,523694213;53,32929744
1196;1;17;1;9853;1;1;125;1;19;19;4;7;128,50;1;0;1;0;24;0;0;5;10;4;11,50;0;0;5;11;5;11,29;0;13,9;-0,3;0,79;Graduate;0,9;1;0;11,39285714;1,523117088;31,98545885
818;1;16;1;9070;1;1;125;1;1;1;4;4;120,80;1;0;1;1;22;0;0;5;8;5;11,20;0;0;5;13;4;11,25;0;12,7;3,7;-1,7;Graduate;0,9;1;0;11,225;1,513936366;31,79266369
401;1;17;4;9070;1;1;125;1;1;3;3;3;128,90;0;0;1;0;19;0;0;5;11;4;12,00;1;0;5;9;5;12,60;0;9,4;-0,8;-3,12;Graduate;0,9;1;0;12,3;1,572732054;31,45464107
1325;1;17;3;9147;1;1;125;1;3;38;2;10;118,70;1;0;0;0;20;0;0;5;9;4;12,00;0;0;5;10;5;13,43;1;10,8;1,4;1,74;Graduate;0,9;1;0;12,71428571;1,595390857;30,31242628
3925;1;1;1;171;1;1;125;1;19;19;5;4;136,20;1;0;0;0;20;0;0;5;10;4;11,75;0;0;5;8;5;11,80;0;11,1;0,6;2,02;Graduate;0,9;1;0;11,775;1,544017881;27,79232185
170;1;43;1;9238;1;1;125;1;19;19;4;8;117,00;1;0;0;0;18;0;0;5;9;4;13,00;0;0;5;8;5;13,14;0;10,8;1,4;1,74;Graduate;0,9;1;0;13,07142857;1,614924308;27,45371323
433;1;17;2;9147;1;1;125;1;38;38;6;8;114,50;1;0;1;0;19;0;0;5;8;5;11,60;1;0;5;10;4;10,75;0;9,4;-0,8;-3,12;Graduate;0,9;1;0;11,175;1,511201683;27,20163029
3522;1;17;1;171;1;1;125;1;37;37;7;9;134,10;1;0;0;1;18;1;0;5;9;4;12,00;0;0;5;8;5;13,00;0;10,8;1,4;1,74;Graduate;0,9;1;0;12,5;1,583670786;26,92240337
3841;1;1;1;9254;1;1;125;1;37;37;9;9;122,90;0;0;1;0;19;0;0;5;9;5;12,60;1;0;5;8;4;12,00;0;12,7;3,7;-1,7;Graduate;0,9;1;0;12,3;1,572732054;26,73644491
2355;1;1;2;9085;1;1;125;1;37;19;90;90;137,30;0;0;1;0;20;0;0;5;7;4;13,00;0;0;5;9;5;14,83;3;7,6;2,6;0,32;Graduate;0,9;1;0;13,91666667;1,661153475;26,57845561
159;1;1;3;9238;1;1;125;1;19;1;9;10;123,60;1;0;0;1;18;0;0;5;5;5;11,60;0;0;5;12;4;12,63;0;10,8;1,4;1,74;Graduate;0,9;1;0;12,1125;1,562476992;26,56210886
251;1;1;3;9070;1;1;125;1;19;38;9;9;125,40;1;0;0;0;19;0;0;5;8;5;12,60;0;0;5;9;4;11,60;0;8,9;1,4;3,51;Graduate;0,9;1;0;12,1;1,561793321;26,55048646
2855;1;1;1;9500;1;1;125;1;19;19;9;10;122,00;1;0;0;1;20;0;0;5;8;5;12,00;1;0;5;8;4;15,00;1;12,7;3,7;-1,7;Graduate;0,9;1;0;13,5;1,638364449;26,21383119
3637;1;1;1;9773;1;1;125;1;3;19;2;3;125,70;1;0;0;0;19;0;0;5;8;5;10,80;0;0;5;9;4;11,25;2;16,2;0,3;-0,92;Graduate;0,9;1;0;11,025;1,502997633;25,55095977
3811;1;43;1;9500;1;1;125;1;37;37;9;7;123,60;1;0;0;0;20;0;0;5;7;4;12,40;0;0;5;9;5;12,67;0;7,6;2,6;0,32;Graduate;0,9;1;0;12,53333333;1,585493908;25,36790253
3161;1;1;2;171;1;1;125;1;38;19;9;9;117,30;1;0;0;1;18;0;0;5;7;4;13,25;0;0;5;8;5;15,57;0;10,8;1,4;1,74;Graduate;0,9;1;0;14,41071429;1,688174749;25,32262124
1933;1;17;2;9238;1;1;125;1;19;19;3;3;118,00;1;0;1;1;20;0;0;5;11;4;12,00;0;0;5;5;5;12,80;0;11,1;0,6;2,02;Graduate;0,9;1;0;12,4;1,57820142;25,25122272
4104;1;1;2;9147;1;1;125;1;1;19;4;9;124,00;1;0;0;0;19;1;0;5;10;4;12,00;0;0;5;6;5;11,40;0;11,1;0,6;2,02;Graduate;0,9;1;0;11,7;1,539915856;24,63865369
3149;1;17;3;9147;1;1;125;1;38;19;7;7;125,70;0;0;0;0;21;0;0;5;10;4;11,75;0;0;5;6;5;11,60;0;12,4;0,5;1,79;Graduate;0,9;1;0;11,675;1,538548514;24,61677623
4241;1;51;1;9085;1;1;125;1;1;1;9;4;120,00;0;0;0;0;20;0;0;5;8;4;12,00;0;0;5;8;5;11,20;0;11,1;0,6;2,02;Graduate;0,9;1;0;11,6;1,53444649;24,55114383
931;1;1;5;9147;1;1;125;1;37;38;7;7;122,20;1;0;0;0;24;0;0;5;6;5;13,00;1;0;5;9;4;13,25;0;12,7;3,7;-1,7;Graduate;0,9;1;0;13,125;1,617854326;24,26781488
2650;1;1;1;9500;1;1;125;1;19;38;9;8;118,30;0;0;0;0;20;0;0;5;9;4;12,00;1;0;5;6;5;13,40;0;9,4;-0,8;-3,12;Graduate;0,9;1;0;12,7;1,594609519;23,91914278
4203;1;17;1;171;1;1;125;1;1;1;7;3;143,90;1;0;0;0;18;0;0;5;6;4;13,75;0;0;5;8;5;14,86;0;7,6;2,6;0,32;Graduate;0,9;1;1;14,30357143;1,682314714;23,552406
2048;1;17;2;9556;1;1;125;1;38;19;7;7;121,50;1;0;0;0;20;0;0;5;8;5;14,17;2;0;5;6;4;11,75;2;9,4;-0,8;-3,12;Graduate;0,9;1;0;12,95833333;1,608738715;22,52234201
656;1;1;4;9238;1;1;125;1;19;38;9;6;114,90;1;0;0;1;19;0;0;5;6;4;12,00;0;0;5;8;5;13,33;1;10,8;1,4;1,74;Graduate;0,9;1;0;12,66666667;1,592786397;22,29900955
2354;1;17;1;9670;1;1;125;1;37;37;9;9;121,50;1;0;0;0;20;0;0;5;6;5;12,60;0;0;5;8;4;12,33;0;7,6;2,6;0,32;Graduate;0,9;1;0;12,46666667;1,581847664;22,1458673
2609;1;17;4;9254;1;1;125;1;38;38;5;5;115,60;1;0;0;0;21;0;0;5;7;5;12,00;0;0;5;7;4;12,50;0;7,6;2,6;0,32;Graduate;0,9;1;0;12,25;1,56999737;21,97996319
4420;1;1;6;9773;1;1;125;1;1;1;5;4;122,20;0;0;1;0;21;0;0;5;7;4;12,25;0;0;5;7;5;12,00;0;7,6;2,6;0,32;Graduate;0,9;1;0;12,125;1,563160663;21,88424928
60;1;1;3;171;1;1;125;1;38;37;4;9;115,20;1;0;0;0;18;0;0;5;6;5;13,33;0;0;5;7;4;14,80;0;7,6;2,6;0,32;Graduate;0,9;1;1;14,06666667;1,669357525;21,70164782
3644;1;17;1;9085;1;1;125;1;1;37;4;9;117,00;1;0;0;0;20;0;0;5;7;4;11,75;0;0;5;7;5;11,80;1;7,6;2,6;0,32;Graduate;0,9;1;0;11,775;1,544017881;21,61625033
4338;1;1;1;9085;1;1;125;1;1;19;4;9;114,50;1;0;1;1;20;0;0;5;6;5;11,80;0;0;5;8;4;11,60;0;8,9;1,4;3,51;Graduate;0,9;1;0;11,7;1,539915856;21,55882198
1931;1;1;4;9500;1;1;125;1;19;1;1;1;117,80;1;0;0;0;23;0;0;5;5;5;10,80;0;0;5;9;4;11,50;0;9,4;-0,8;-3,12;Graduate;0,9;1;0;11,15;1,509834341;21,13768078
3747;1;1;1;9500;1;1;125;1;1;1;4;4;119,80;1;0;0;1;25;0;0;5;7;4;10,50;0;0;5;7;5;11,60;0;9,4;-0,8;-3,12;Graduate;0,9;1;0;11,05;1,504364975;21,06110965
3123;1;17;5;9670;1;1;125;1;19;30;7;7;118,40;1;0;1;0;33;0;0;5;7;4;13,50;0;0;5;6;5;11,60;0;7,6;2,6;0,32;Graduate;0,9;1;0;12,55;1,586405469;20,6232711
487;1;43;2;9670;1;1;125;1;38;19;4;3;106,60;1;0;0;1;21;0;0;5;6;5;12,80;1;0;5;7;4;11,25;0;9,4;-0,8;-3,12;Graduate;0,9;1;0;12,025;1,557691296;20,24998685
2736;1;1;1;9500;1;1;125;1;37;37;9;9;126,00;1;0;0;0;18;0;0;5;7;4;12,00;0;0;5;6;5;12,00;0;7,6;2,6;0,32;Graduate;0,9;1;0;12;1,556323955;20,23221141
61;1;1;2;9500;1;1;125;1;19;19;9;9;114,90;0;0;0;1;18;0;0;5;8;4;10,75;0;0;5;5;5;13,00;0;12,4;0,5;1,79;Graduate;0,9;1;0;11,875;1,549487247;20,14333421
2373;1;17;3;171;1;1;125;1;3;39;2;5;117,00;1;1;1;0;18;0;0;5;7;4;14,00;0;0;5;5;5;14,20;0;7,6;2,6;0,32;Graduate;0,9;1;0;14,1;1,671180647;20,05416776
3703;1;1;1;9147;1;1;125;1;1;1;4;2;134,10;1;0;0;1;19;0;0;5;7;4;14,50;0;0;5;5;5;13,60;0;10,8;1,4;1,74;Graduate;0,9;1;0;14,05;1,668445964;20,02135156
1037;1;17;1;9238;1;1;125;1;1;38;9;7;119,80;0;0;1;0;23;0;0;5;6;4;14,25;0;0;5;6;5;13,40;0;7,6;2,6;0,32;Graduate;0,9;1;0;13,825;1,65613989;19,87367867
4316;1;1;1;9254;1;1;125;1;1;3;4;1;121,90;1;0;0;0;20;0;0;5;7;4;12,75;0;0;5;5;5;13,40;0;10,8;1,4;1,74;Graduate;0,9;1;0;13,075;1,615119642;19,38143571
4202;1;17;1;8014;0;1;125;1;37;37;5;6;122,20;1;0;0;1;39;0;0;5;6;5;10,60;0;0;5;7;4;10,75;0;9,4;-0,8;-3,12;Graduate;0,9;1;0;10,675;1,483854851;19,29011307
1603;1;1;2;9254;1;1;125;1;1;19;4;1;121,50;1;0;0;1;18;0;0;5;7;4;13,25;0;0;5;5;5;12,00;0;10,8;1,4;1,74;Graduate;0,9;1;0;12,625;1,590507494;19,08608993
3266;1;17;1;9238;1;1;125;1;1;38;144;181;123,30;0;0;1;0;19;0;0;5;7;5;10,20;0;0;5;6;4;10,50;0;12,4;0,5;1,79;Graduate;0,9;1;0;10,35;1,466079411;19,05903234
3728;1;17;6;9670;1;1;125;1;38;1;9;7;125,00;1;0;0;0;19;0;0;5;7;4;12,75;0;0;5;5;5;12,00;0;10,8;1,4;1,74;Graduate;0,9;1;0;12,375;1,576834078;18,92200894
2131;1;1;1;9085;1;1;125;1;19;37;3;7;126,80;0;0;0;1;21;0;0;5;7;4;12,00;0;0;5;5;5;12,20;0;10,8;1,4;1,74;Graduate;0,9;1;0;12,1;1,561793321;18,74151985
3155;1;1;5;9500;1;1;125;1;1;1;3;8;115,60;1;0;0;1;18;0;0;5;7;4;11,50;0;0;5;5;5;12,40;0;10,8;1,4;1,74;Graduate;0,9;1;0;11,95;1,553589272;18,64307126
2381;1;17;1;9254;1;1;125;1;1;19;4;7;116,60;0;0;0;0;20;1;0;5;6;5;11,60;0;0;5;6;4;11,50;0;9,4;-0,8;-3,12;Graduate;0,9;1;0;11,55;1,531711806;18,38054168
1613;1;17;2;9500;1;1;125;1;19;19;5;5;114,50;1;0;1;0;25;0;0;5;6;4;10,50;0;0;5;6;5;12,00;0;9,4;-0,8;-3,12;Graduate;0,9;1;0;11,25;1,515303708;18,18364449
510;1;1;2;9147;1;1;125;1;1;19;4;6;115,20;0;1;1;0;20;0;0;5;5;5;12,60;0;0;5;6;4;14,50;1;7,6;2,6;0,32;Graduate;0,9;1;0;13,55;1,641099132;18,05209045
1842;1;17;1;9130;1;1;125;1;19;19;3;10;131,00;1;0;1;0;18;0;0;5;5;5;13,60;0;0;5;6;4;13,25;1;10,8;1,4;1,74;Graduate;0,9;1;0;13,425;1,634262424;17,97688667
1828;1;17;1;9085;1;1;125;1;1;38;4;9;118,40;1;0;1;0;23;0;0;5;6;4;13,00;0;0;5;5;5;13,00;0;7,6;2,6;0,32;Graduate;0,9;1;0;13;1,611017618;17,72119379
3842;1;1;1;9238;1;1;125;1;19;38;7;7;118,70;0;0;0;0;18;0;0;5;5;5;13,20;0;0;5;6;4;12,50;0;9,4;-0,8;-3,12;Graduate;0,9;1;0;12,85;1,602813568;17,63094925
3748;1;43;1;9130;1;1;125;1;39;3;3;2;125,00;1;0;0;1;21;0;0;5;5;5;13,20;0;0;5;5;4;13,00;0;9,4;-0,8;-3,12;Graduate;0,9;1;0;13,1;1,616486984;16,16486984
826;1;17;3;9670;1;1;125;1;1;3;4;3;117,30;1;0;1;1;20;0;0;5;5;5;12,40;0;0;5;5;4;10,75;0;9,4;-0,8;-3,12;Graduate;0,9;1;0;11,575;1,533079148;15,33079148
2660;1;1;1;9254;1;1;125;1;37;37;3;3;124,00;0;0;1;0;19;0;0;5;5;5;10,80;0;0;5;5;4;12,25;0;9,4;-0,8;-3,12;Graduate;0,9;1;0;11,525;1,530344465;15,30344465
24;1;1;4;9670;1;1;125;1;1;38;4;7;114,90;1;0;0;0;30;0;6;11;20;9;12,22;0;3;9;16;9;11,60;0;8,9;1,4;3,51;Enrolled;0,9;1;0;11,91111111;1,551462296;55,85264265
2288;1;17;1;9254;1;1;125;1;1;1;3;3;114,50;0;0;1;0;18;0;0;5;13;5;12,00;0;0;5;9;4;11,40;0;13,9;-0,3;0,79;Enrolled;0,9;1;0;11,7;1,539915856;33,87814883
1128;1;1;1;9238;1;1;125;1;37;38;9;9;125,00;1;0;0;0;29;0;0;5;11;5;11,40;0;0;5;10;4;10,25;0;15,5;2,8;-4,06;Enrolled;0,9;1;0;10,825;1,492058901;31,33323692
1686;1;1;5;9070;1;1;125;1;3;3;2;2;140,80;1;0;1;0;18;0;0;5;9;4;12,50;0;0;5;11;5;11,29;0;12,4;0,5;1,79;Enrolled;0,9;1;0;11,89285714;1,550463919;31,00927839
1759;1;1;4;9670;1;1;125;1;4;19;2;5;118,00;1;0;1;0;20;0;0;5;9;5;12,00;0;0;5;9;4;13,00;0;8,9;1,4;3,51;Enrolled;0,9;1;0;12,5;1,583670786;28,50607415
3783;1;17;2;9853;1;1;125;1;1;19;5;5;119,40;1;0;0;0;20;0;0;5;11;4;11,00;0;0;5;7;5;13,20;0;12,4;0,5;1,79;Enrolled;0,9;1;0;12,1;1,561793321;28,11227978
3010;1;1;4;9500;1;1;125;1;1;12;3;6;115,20;1;0;0;0;18;0;0;5;9;4;14,25;0;0;5;8;5;12,71;0;10,8;1,4;1,74;Enrolled;0,9;1;0;13,48214286;1,637387777;27,8355922
1636;1;17;1;9670;1;1;125;1;38;37;7;5;126,40;0;0;1;0;19;0;0;5;8;4;12,50;0;0;5;9;5;10,50;0;8,9;1,4;3,51;Enrolled;0,9;0;0;11,5;1,528977123;25,9926111
2786;1;1;1;8014;0;1;125;1;37;37;9;7;114,90;0;0;0;0;18;0;0;5;9;5;12,67;2;0;5;7;4;13,00;0;9,4;-0,8;-3,12;Enrolled;0,9;1;0;12,83333333;1,601902007;25,63043211
191;1;1;1;9254;1;1;125;1;19;38;9;8;121,50;0;0;0;0;18;0;0;5;10;4;13,50;1;0;5;5;5;13,40;0;12,7;3,7;-1,7;Enrolled;0,9;1;0;13,45;1,635629766;24,53444649
298;1;1;1;9238;1;1;125;1;1;1;3;3;125,70;1;0;0;0;21;0;0;5;8;4;11,00;0;0;5;8;5;12,00;0;7,6;2,6;0,32;Enrolled;0,9;1;0;11,5;1,528977123;24,46363397
2642;1;1;1;9773;1;1;125;1;38;38;9;9;133,40;1;0;0;0;19;0;0;5;5;5;11,20;0;0;5;11;4;11,75;0;10,8;1,4;1,74;Enrolled;0,9;1;1;11,475;1,527609782;24,44175651
3040;1;1;1;9853;1;1;125;1;38;38;9;9;125,40;0;0;0;0;20;0;0;5;7;5;11,17;0;0;5;9;4;10,75;0;15,5;2,8;-4,06;Enrolled;0,9;1;0;10,95833333;1,499351389;23,98962223
629;1;17;2;9773;1;1;125;1;1;38;5;6;115,90;1;0;1;0;19;0;0;5;7;5;11,80;0;0;5;8;4;12,40;2;16,2;0,3;-0,92;Enrolled;0,9;1;0;12,1;1,561793321;23,42689982
1913;1;1;2;9556;1;1;125;1;38;1;9;3;116,30;1;0;0;0;40;0;0;5;9;4;11,25;0;0;5;6;5;12,00;0;13,9;-0,3;0,79;Enrolled;0,9;1;0;11,625;1,535813831;23,03720747
3421;1;1;1;9500;1;1;125;1;1;1;9;4;117,00;0;0;1;0;28;0;0;5;7;4;12,75;0;0;5;7;5;14,33;0;10,8;1,4;1,74;Enrolled;0,9;1;0;13,54166667;1,640643352;22,96900692
1036;1;1;3;9070;1;1;125;1;1;38;9;7;118,00;0;0;1;1;41;0;0;5;9;4;11,00;0;0;5;6;5;11,40;0;8,9;1,4;3,51;Enrolled;0,9;1;0;11,2;1,512569024;22,68853537
4213;1;17;2;9773;1;1;125;1;1;1;4;8;115,60;1;0;1;1;18;0;0;5;6;5;12,20;0;0;5;8;4;12,00;0;8,9;1,4;3,51;Enrolled;0,9;0;0;12,1;1,561793321;21,86510649
1547;1;18;1;9773;1;1;125;1;19;37;9;5;122,20;0;0;0;0;32;0;1;5;5;5;10,20;0;0;5;9;4;11,25;0;9,4;-0,8;-3,12;Enrolled;0,9;1;0;10,725;1,486589535;20,81225348
492;1;1;1;9670;1;1;125;1;37;37;5;5;124,00;0;0;1;0;18;0;0;5;6;5;12,00;0;0;5;7;4;12,50;0;15,5;2,8;-4,06;Enrolled;0,9;1;0;12,25;1,56999737;20,40996582
871;1;1;1;9254;1;1;125;1;1;1;191;193;114,50;0;0;0;0;19;0;0;5;5;5;11,80;0;0;5;8;4;11,25;0;9,4;-0,8;-3,12;Enrolled;0,9;1;0;11,525;1,530344465;19,89447804
3603;1;1;4;9773;1;1;125;1;19;19;9;7;129,60;1;0;1;0;23;0;0;5;6;4;14,00;0;0;5;5;5;13,80;0;11,1;0,6;2,02;Enrolled;0,9;1;0;13,9;1,660241914;18,26266106
803;1;17;4;9147;1;1;125;1;19;19;5;5;118,00;1;0;1;0;24;0;0;5;5;4;12,00;0;0;5;6;5;12,67;0;12,4;0,5;1,79;Enrolled;0,9;1;0;12,33333333;1,574555176;17,32010693
2366;1;18;1;9773;1;1;125;1;1;1;4;7;121,50;1;0;0;1;19;0;0;5;5;5;12,80;0;0;5;5;4;12,00;0;11,1;0,6;2,02;Enrolled;0,9;0;1;12,4;1,57820142;15,7820142
1780;1;1;1;9500;1;1;125;1;37;19;9;9;122,40;1;0;0;0;18;0;0;5;5;5;12,60;0;0;5;5;4;11,00;0;11,1;0,6;2,02;Enrolled;0,9;1;0;11,8;1,545385222;15,45385222
1502;1;1;1;9670;1;1;126;1;1;1;90;90;119,00;1;0;1;0;18;0;0;5;14;4;11,00;0;0;5;9;5;10,50;0;13,9;-0,3;0,79;Dropout;0,9;1;0;10,75;1,487956876;34,22300815
175;1;17;2;9254;1;1;125;1;37;37;9;8;122,60;1;0;0;0;18;0;0;5;12;4;13,00;2;0;5;6;5;14,00;0;9,4;-0,8;-3,12;Dropout;0,9;1;0;13,5;1,638364449;29,49056008
2334;1;1;6;171;1;1;126;1;10;10;4;4;130,20;1;0;0;0;35;0;0;5;8;4;12,50;1;0;5;8;5;11,80;0;9,4;-0,8;-3,12;Dropout;0,9;0;0;12,15;1,564528004;25,03244807
379;1;17;1;9853;1;1;125;1;3;3;3;3;116,60;1;0;1;0;30;0;0;5;7;5;13,40;0;0;5;7;4;13,25;0;8,9;1,4;3,51;Dropout;0,9;1;0;13,325;1,628793058;22,80310281
3579;1;17;4;9085;1;1;126;1;1;3;5;5;123,90;1;0;0;0;29;0;0;5;6;4;12,25;0;0;5;6;5;10,17;0;10,8;1,4;1,74;Dropout;0,9;0;0;11,20833333;1,513024805;18,15629766
3058;1;1;1;8014;0;1;126;1;34;34;0;0;142,40;0;0;1;0;20;0;0;5;5;4;12,00;0;0;5;6;5;11,60;0;9,4;-0,8;-3,12;Dropout;0,9;1;0;11,8;1,545385222;16,99923744
772;1;17;6;9773;1;1;126;1;1;19;5;5;119,00;1;0;0;0;25;0;0;5;5;5;11,20;0;0;5;5;4;11,25;0;9,4;-0,8;-3,12;Dropout;0,9;0;0;11,225;1,513936366;15,13936366
3934;1;1;1;9147;1;1;126;1;19;19;9;9;115,20;0;0;0;0;20;0;10;17;29;14;12,56;4;7;12;24;12;12,86;1;15,5;2,8;-4,06;Graduate;0,896551724;1;1;12,70982143;1,591698413;84,36001588
41;1;1;5;9773;1;1;126;1;3;3;2;2;121,10;0;0;0;0;38;0;14;15;16;14;10,93;0;12;14;16;12;11,83;0;9,4;-0,8;-3,12;Dropout;0,896551724;1;1;11,38095238;1,519017697;48,60856631
3780;1;43;1;9556;1;1;126;1;2;3;3;2;100,00;0;0;0;0;28;0;14;15;15;14;11,07;0;12;14;16;12;11,33;1;9,4;-0,8;-3,12;Dropout;0,896551724;1;0;11,20238095;1,509250972;46,78678012
4012;1;5;1;9147;1;1;126;1;19;38;5;6;117,30;1;0;1;0;35;0;14;17;17;14;10,64;1;12;12;12;12;10,67;0;15,5;2,8;-4,06;Dropout;0,896551724;1;0;10,6547619;1,47929968;42,89969072
531;1;17;1;9147;1;1;126;1;37;37;4;7;116,90;0;0;1;0;24;0;4;9;13;8;13,33;0;5;10;12;9;13,11;0;16,2;0,3;-0,92;Enrolled;0,894736842;1;0;13,22222222;1,617908607;40,44771518
551;1;1;5;9119;1;1;126;1;12;19;4;5;122,50;1;0;1;0;25;0;18;21;26;21;12,36;0;12;16;21;12;12,25;1;11,1;0,6;2,02;Dropout;0,891891892;0;0;12,30681818;1,564996857;73,55485227
2339;1;17;5;9119;1;1;126;1;38;38;5;9;116,90;1;0;0;0;30;0;9;11;19;9;13,44;1;5;7;7;7;14,71;0;7,6;2,6;0,32;Dropout;0,888888889;1;1;14,07936508;1,658940936;43,13246435
775;1;1;1;9085;1;1;126;1;3;1;2;8;123,90;1;0;0;0;37;0;7;14;21;12;11,83;0;11;12;15;11;11,36;0;12,7;3,7;-1,7;Graduate;0,884615385;1;0;11,59848485;1,518979005;54,68324418
664;1;1;3;9670;1;1;126;1;37;37;0;0;136,50;1;0;1;0;30;0;11;15;15;13;11,46;0;6;11;15;10;11,58;1;16,2;0,3;-0,92;Graduate;0,884615385;1;0;11,5224359;1,514819609;45,44458828
2217;1;18;2;9556;1;1;126;1;3;3;2;2;115,50;0;0;0;0;23;0;5;9;10;9;10,89;0;3;8;10;6;11,33;0;11,1;0,6;2,02;Graduate;0,882352941;1;0;11,11111111;1,490060307;29,80120613
885;1;16;2;9500;1;1;127;1;2;38;4;9;119,00;1;0;0;0;41;0;8;14;24;11;12,25;3;5;10;12;10;13,40;0;9,4;-0,8;-3,12;Graduate;0,875;1;0;12,825;1,576446227;56,75206416
2746;1;1;2;9853;1;1;127;1;37;19;9;8;137,50;1;0;1;0;21;0;7;12;20;10;12,70;0;5;12;14;11;12,18;0;8,9;1,4;3,51;Graduate;0,875;1;0;12,44090909;1,555438888;52,88492219
205;1;17;2;9238;1;1;128;1;19;37;9;8;116,50;0;0;0;1;19;0;0;8;15;7;11,57;0;0;8;15;7;11,57;0;12,7;3,7;-1,7;Graduate;0,875;1;0;11,57142857;1,507883814;45,23651441
1286;1;17;2;9853;1;1;127;1;19;38;3;3;121,10;1;0;0;0;18;0;0;8;12;7;12,86;0;0;8;12;7;12,86;0;12,7;3,7;-1,7;Graduate;0,875;1;0;12,85714286;1,578204237;37,87690169
827;1;17;1;9853;1;1;127;1;1;1;5;7;121,40;1;0;0;1;21;0;13;13;13;11;12,73;0;9;11;11;10;12,60;0;8,9;1,4;3,51;Graduate;0,875;1;0;12,66363636;1,567620658;37,6228958
3773;1;1;4;9238;1;1;127;1;1;38;9;7;120,40;1;0;0;1;18;0;0;8;12;7;12,63;0;0;8;12;7;12,63;0;12,7;3,7;-1,7;Graduate;0,875;1;0;12,62857143;1,565702829;37,57686789
283;2;51;1;9991;0;1;127;1;37;37;8;4;100,10;0;0;0;1;19;0;0;8;12;7;12,60;0;0;8;12;7;12,60;0;10,8;1,4;1,74;Graduate;0,875;1;0;12,6;1,564140153;37,53936366
4349;1;1;1;9500;1;1;127;1;3;1;2;9;119,30;1;0;0;0;20;0;0;8;12;7;12,47;0;0;8;12;7;12,47;0;12,7;3,7;-1,7;Graduate;0,875;1;0;12,47142857;1,55710811;37,37059464
1105;1;1;1;9238;1;1;128;1;19;19;0;5;120,30;1;0;0;0;18;0;0;8;12;7;11,97;0;0;8;12;7;11,97;0;12,7;3,7;-1,7;Graduate;0,875;1;0;11,97142857;1,529761279;36,71427069
2492;1;1;2;9147;1;1;128;1;1;1;9;6;120,30;0;0;0;1;18;0;0;8;12;7;11,72;0;0;8;12;7;11,72;0;12,7;3,7;-1,7;Graduate;0,875;1;0;11,72142857;1,516087863;36,38610871
1081;1;1;1;9070;1;1;126;1;1;19;4;0;120,10;0;1;1;0;19;0;0;8;11;7;13,87;0;0;8;11;7;13,87;0;10,8;1,4;1,74;Graduate;0,875;1;0;13,86714286;1,633444837;35,93578641
239;1;1;1;9130;1;1;126;1;19;1;9;9;122,50;1;0;0;0;29;0;1;8;11;7;13,74;0;1;8;11;7;13,74;0;12,7;3,7;-1,7;Graduate;0,875;1;0;13,74285714;1,626647196;35,78623831
3158;1;1;1;9147;1;1;127;1;19;19;5;5;129,80;1;0;0;0;19;0;0;8;11;7;13,26;0;0;8;11;7;13,26;0;10,8;1,4;1,74;Graduate;0,875;1;0;13,25857143;1,600159836;35,2035164
4238;1;1;4;9500;1;1;127;1;19;37;7;7;121,50;1;0;0;1;18;0;0;8;11;7;12,91;0;0;8;11;7;12,91;0;10,8;1,4;1,74;Graduate;0,875;1;0;12,90857143;1,581017054;34,78237519
30;1;17;2;9500;1;1;127;1;3;3;1;10;118,80;1;0;0;1;19;0;0;8;11;7;12,86;0;0;8;11;7;12,86;0;10,8;1,4;1,74;Graduate;0,875;1;0;12,86;1,578360505;34,72393111
444;1;1;5;9500;1;1;127;1;19;19;7;8;120,30;1;0;0;0;18;0;0;8;11;7;12,77;0;0;8;11;7;12,77;0;12,7;3,7;-1,7;Graduate;0,875;1;0;12,77142857;1,573516209;34,6173566
2639;1;17;1;9147;1;1;127;1;37;38;9;7;115,80;1;0;0;0;19;0;0;8;11;7;12,55;0;0;8;11;7;12,55;0;10,8;1,4;1,74;Graduate;0,875;1;0;12,54571429;1,561171068;34,34576349
3109;1;1;5;9773;1;1;127;1;38;1;4;5;121,10;1;0;0;0;19;0;2;7;11;6;12,00;0;5;9;9;8;12,75;0;16,2;0,3;-0,92;Graduate;0,875;1;0;12,375;1,551834078;31,03668157
1268;1;17;2;9500;1;1;127;1;19;37;9;7;121,30;1;0;1;0;19;0;0;8;9;7;12,83;0;0;8;9;7;12,83;0;12,7;3,7;-1,7;Graduate;0,875;1;0;12,82857143;1,576641561;28,3795481
2810;1;1;3;9500;1;1;126;1;1;19;131;181;120,10;1;0;0;1;20;0;0;8;8;7;15,80;0;0;8;8;7;15,80;0;10,8;1,4;1,74;Graduate;0,875;1;0;15,79857143;1,73908174;27,82530784
610;1;43;3;9500;1;1;126;1;38;37;6;5;124,30;1;0;0;0;18;0;0;8;8;7;15,70;0;0;8;8;7;15,70;0;12,7;3,7;-1,7;Graduate;0,875;1;0;15,7;1,733690507;27,73904812
2533;1;16;2;9238;1;1;126;1;38;37;3;5;127,10;1;0;0;0;30;0;0;8;8;7;15,68;0;0;8;8;7;15,68;0;10,8;1,4;1,74;Graduate;0,875;1;0;15,67571429;1,732362233;27,71779573
3921;1;1;5;9238;1;1;126;1;38;1;9;5;125,70;1;0;0;0;18;0;0;8;8;7;15,66;0;0;8;8;7;15,66;0;12,7;3,7;-1,7;Graduate;0,875;1;0;15,65714286;1,731346493;27,70154389
3127;1;17;1;9238;1;1;126;1;37;19;9;8;116,90;1;0;0;1;19;0;0;8;8;7;15,11;0;0;8;8;7;15,11;0;12,7;3,7;-1,7;Graduate;0,875;1;0;15,11428571;1,701655648;27,22649036
3297;1;17;2;9500;1;1;126;1;37;37;7;7;126,20;1;0;1;0;20;0;0;8;8;7;15,03;0;0;8;8;7;15,03;0;12,7;3,7;-1,7;Graduate;0,875;1;0;15,02857143;1,69696762;27,15148191
1622;1;1;1;9085;1;1;126;1;38;37;9;9;123,60;1;0;0;0;19;0;0;8;8;7;15,00;0;0;8;8;7;15,00;0;12,7;3,7;-1,7;Graduate;0,875;1;0;15;1,695404943;27,1264791
2806;1;1;4;9500;1;1;126;1;19;19;9;9;125,00;1;0;0;0;19;0;0;8;8;7;14,99;0;0;8;8;7;14,99;0;10,8;1,4;1,74;Graduate;0,875;1;0;14,99285714;1,695014274;27,12022839
1468;2;17;5;9119;1;1;126;1;37;38;4;4;122,90;1;0;0;1;18;0;0;8;8;7;14,96;0;0;8;8;7;14,96;0;10,8;1,4;1,74;Graduate;0,875;1;0;14,96285714;1,693373465;27,09397543
2686;1;1;2;9119;1;1;126;1;1;38;141;192;122,50;1;0;1;1;19;0;0;8;8;7;14,94;0;0;8;8;7;14,94;0;10,8;1,4;1,74;Graduate;0,875;1;0;14,93571429;1,691888922;27,07022276
2213;1;1;1;9119;1;1;126;1;38;19;5;5;130,20;0;0;0;0;25;0;0;8;8;7;14,81;0;0;8;8;7;14,81;0;10,8;1,4;1,74;Graduate;0,875;1;0;14,80571429;1,684778746;26,95645994
2615;1;1;4;9119;1;1;126;1;3;19;2;9;123,60;1;0;0;0;19;0;0;8;8;7;14,73;0;0;8;8;7;14,73;0;10,8;1,4;1,74;Graduate;0,875;1;0;14,73142857;1,680715788;26,89145261
1484;1;17;1;9254;1;1;126;1;1;1;9;9;124,30;0;0;0;0;18;0;0;8;8;7;14,70;0;0;8;8;7;14,70;0;10,8;1,4;1,74;Graduate;0,875;1;0;14,7;1,678996845;26,86394951
1041;1;17;4;9070;1;1;126;1;1;19;4;5;120,40;1;0;0;1;18;0;0;8;8;7;14,65;0;0;8;8;7;14,65;0;10,8;1,4;1,74;Graduate;0,875;1;0;14,65428571;1,676496563;26,82394501
1254;1;1;1;9238;1;1;126;1;38;38;7;8;126,70;1;0;0;0;18;0;0;8;8;7;14,65;0;0;8;8;7;14,65;0;10,8;1,4;1,74;Graduate;0,875;1;0;14,65285714;1,676418429;26,82269486
2775;1;1;4;9500;1;1;126;1;12;1;5;10;120,20;0;0;0;1;20;0;0;8;8;7;14,57;0;0;8;8;7;14,57;0;10,8;1,4;1,74;Graduate;0,875;1;0;14,56571429;1,671652267;26,74643627
495;1;1;1;9853;1;1;126;1;3;1;2;5;116,90;1;1;1;0;21;0;0;8;8;7;14,54;0;0;8;8;7;14,54;0;10,8;1,4;1,74;Graduate;0,875;1;0;14,54;1,670245859;26,72393374
25;1;1;1;9500;1;1;126;1;19;19;3;7;123,90;0;0;0;0;18;0;0;8;8;7;14,54;0;0;8;8;7;14,54;0;10,8;1,4;1,74;Graduate;0,875;1;0;14,53714286;1,670089591;26,72143345
3665;1;1;6;9500;1;1;126;1;12;37;5;9;121,80;1;0;0;1;21;0;0;8;8;7;14,43;0;0;8;8;7;14,43;0;12,7;3,7;-1,7;Graduate;0,875;1;0;14,42857143;1,664151422;26,62642275
2890;1;17;4;9670;1;1;126;1;38;19;9;6;119,40;1;0;0;1;18;0;0;8;8;7;14,43;0;0;8;8;7;14,43;0;12,7;3,7;-1,7;Graduate;0,875;1;0;14,42857143;1,664151422;26,62642275
499;1;17;1;9070;1;1;126;1;19;38;9;7;118,70;0;0;0;1;19;0;0;8;8;7;14,40;0;0;8;8;7;14,40;0;12,7;3,7;-1,7;Graduate;0,875;1;0;14,4;1,662588746;26,60141993
284;1;1;1;9070;1;1;126;1;19;37;7;5;119,40;0;0;0;1;19;0;0;8;8;7;14,36;0;0;8;8;7;14,36;0;10,8;1,4;1,74;Graduate;0,875;1;0;14,36;1,660400999;26,56641599
3402;1;1;1;9670;1;1;126;1;37;19;7;7;125,70;0;0;0;0;19;0;0;8;8;7;14,33;0;0;8;8;7;14,33;0;10,8;1,4;1,74;Graduate;0,875;1;0;14,32857143;1,658682056;26,53891289
2515;1;1;1;9670;1;1;126;1;1;3;4;3;122,50;1;0;1;1;18;0;0;8;8;7;14,31;0;0;8;8;7;14,31;0;12,7;3,7;-1,7;Graduate;0,875;1;0;14,31428571;1,657900717;26,52641148
1454;1;18;2;9238;1;1;126;1;19;37;5;7;129,90;1;0;0;1;18;0;0;8;8;7;14,31;0;0;8;8;7;14,31;0;12,7;3,7;-1,7;Graduate;0,875;1;0;14,31428571;1,657900717;26,52641148
1215;1;1;4;9500;1;1;126;1;19;19;7;9;121,30;1;0;0;1;18;0;0;8;8;7;14,31;0;0;8;8;7;14,31;0;10,8;1,4;1,74;Graduate;0,875;1;0;14,31285714;1,657822584;26,52516134
1112;1;1;5;9500;1;1;126;1;1;19;6;7;115,50;1;0;1;0;19;0;0;8;8;7;14,29;0;0;8;8;7;14,29;0;12,7;3,7;-1,7;Graduate;0,875;1;0;14,28571429;1,656338041;26,50140866
1304;1;51;1;9670;1;1;126;1;3;3;1;10;111,00;0;0;0;1;19;0;0;8;8;7;14,21;0;0;8;8;7;14,21;0;12,7;3,7;-1,7;Graduate;0,875;1;0;14,21428571;1,652431351;26,43890162
2061;1;17;6;9500;1;1;126;1;19;37;3;9;119,40;1;0;0;0;18;0;0;8;8;7;14,20;0;0;8;8;7;14,20;0;12,7;3,7;-1,7;Graduate;0,875;1;0;14,2;1,651650013;26,42640021
2603;1;1;3;9238;1;1;126;1;38;19;5;8;120,80;1;0;0;0;18;0;0;8;8;7;14,20;0;0;8;8;7;14,20;0;12,7;3,7;-1,7;Graduate;0,875;1;1;14,2;1,651650013;26,42640021
2521;1;1;6;9254;1;1;126;1;38;37;5;7;123,90;1;0;0;0;18;0;0;8;8;7;14,14;0;0;8;8;7;14,14;0;10,8;1,4;1,74;Graduate;0,875;1;0;14,13714286;1,648212126;26,37139401
2553;1;1;1;8014;0;1;126;1;38;37;5;5;118,70;0;0;0;0;18;0;0;8;8;7;14,12;0;0;8;8;7;14,12;0;10,8;1,4;1,74;Graduate;0,875;1;0;14,11571429;1,647040119;26,3526419
3147;1;1;1;9238;1;1;126;1;3;1;5;5;125,70;0;0;0;0;19;0;0;8;8;7;14,10;0;0;8;8;7;14,10;0;10,8;1,4;1,74;Graduate;0,875;1;0;14,1;1,646180647;26,33889035
1996;1;1;5;9238;1;1;126;1;30;19;0;2;121,50;1;0;0;1;18;0;0;8;8;7;14,00;0;0;8;8;7;14,00;0;12,7;3,7;-1,7;Graduate;0,875;1;0;14;1,640711281;26,25138049
3038;1;1;1;9670;1;1;126;1;1;1;9;10;126,70;1;0;0;1;18;0;0;8;8;7;13,97;0;0;8;8;7;13,97;0;12,7;3,7;-1,7;Graduate;0,875;1;0;13,97142857;1,639148604;26,22637767
2099;1;18;1;9500;1;1;126;1;37;19;5;5;119,30;0;0;0;0;19;0;0;8;8;7;13,94;0;0;8;8;7;13,94;0;10,8;1,4;1,74;Graduate;0,875;1;0;13,93714286;1,637273393;26,19637429
2741;1;1;2;9070;1;1;126;1;19;38;9;9;132,00;1;0;0;0;19;0;0;8;8;7;13,93;0;0;8;8;7;13,93;0;10,8;1,4;1,74;Graduate;0,875;1;0;13,92571429;1,636648323;26,18637316
133;1;1;4;9147;1;1;126;1;1;19;4;8;120,10;1;0;0;0;18;0;0;8;8;7;13,90;0;0;8;8;7;13,90;0;12,7;3,7;-1,7;Graduate;0,875;1;0;13,9;1,635241914;26,16387063
3568;1;1;6;9119;1;1;126;1;19;19;7;3;116,60;1;0;0;1;18;0;0;8;8;7;13,86;0;0;8;8;7;13,86;0;12,7;3,7;-1,7;Graduate;0,875;1;0;13,85714286;1,6328979;26,1263664
3507;1;17;1;9254;1;1;126;1;37;37;5;1;126,00;0;0;1;1;34;0;0;8;8;7;13,84;0;0;8;8;7;13,84;0;12,7;3,7;-1,7;Graduate;0,875;1;0;13,84285714;1,632116562;26,11386499
3333;1;17;1;9119;1;1;126;1;1;1;9;9;116,20;0;0;1;0;19;0;0;8;8;7;13,83;0;0;8;8;7;13,83;0;12,7;3,7;-1,7;Graduate;0,875;1;0;13,82857143;1,631335224;26,10136359
3361;1;17;4;9670;1;1;126;1;1;1;4;7;115,20;0;0;0;1;18;0;0;8;8;7;13,81;0;0;8;8;7;13,81;0;12,7;3,7;-1,7;Graduate;0,875;1;0;13,81428571;1,630553886;26,08886218
667;1;17;2;9773;1;1;126;1;37;38;5;5;129,50;1;0;0;1;18;0;0;8;8;7;13,80;0;0;8;8;7;13,80;0;10,8;1,4;1,74;Graduate;0,875;1;0;13,79857143;1,629694414;26,07511063
2028;1;1;2;171;1;1;127;1;3;39;1;3;133,50;1;0;0;0;19;0;0;8;8;7;13,71;0;0;8;8;7;13,71;0;12,7;3,7;-1,7;Graduate;0,875;1;0;13,71428571;1,62508452;26,00135232
3681;1;1;1;171;1;1;127;1;37;38;9;9;120,70;1;0;0;1;18;0;0;8;8;7;13,67;0;0;8;8;7;13,67;0;12,7;3,7;-1,7;Graduate;0,875;1;0;13,67142857;1,622740506;25,96384809
609;1;17;1;9085;1;1;127;1;19;38;194;193;117,60;0;0;1;0;19;0;0;8;8;7;13,61;0;0;8;8;7;13,61;0;12,7;3,7;-1,7;Graduate;0,875;1;1;13,61428571;1,619615153;25,91384246
1086;1;17;2;9130;1;1;127;1;3;1;2;1;116,50;0;0;0;1;19;0;0;8;8;7;13,60;0;0;8;8;7;13,60;0;12,7;3,7;-1,7;Graduate;0,875;1;0;13,6;1,618833815;25,90134105
3506;1;17;3;9147;1;1;127;1;37;37;5;7;116,20;0;0;0;1;18;0;0;8;8;7;13,59;0;0;8;8;7;13,59;0;12,7;3,7;-1,7;Graduate;0,875;1;0;13,58571429;1,618052477;25,88883964
1808;1;17;1;9670;1;1;127;1;3;3;1;1;121,40;0;0;1;0;18;0;0;8;8;7;13,56;0;0;8;8;7;13,56;0;12,7;3,7;-1,7;Graduate;0,875;1;0;13,55714286;1,616489801;25,86383682
254;1;1;1;9773;1;1;127;1;37;37;9;8;123,20;1;0;0;1;19;0;0;8;8;7;13,54;0;0;8;8;7;13,54;0;12,7;3,7;-1,7;Graduate;0,875;1;0;13,54285714;1,615708463;25,85133541
2820;1;43;1;9773;1;1;127;1;19;1;5;5;117,60;1;0;0;1;21;0;0;8;8;7;13,51;0;0;8;8;7;13,51;0;12,7;3,7;-1,7;Graduate;0,875;1;0;13,51428571;1,614145787;25,82633259
2643;1;17;5;9670;1;1;127;1;3;4;2;2;122,80;0;0;0;1;19;0;0;8;8;7;13,51;0;0;8;8;7;13,51;0;10,8;1,4;1,74;Graduate;0,875;1;0;13,51285714;1,614067653;25,82508245
3279;1;43;3;9147;1;1;127;21;3;37;3;3;117,90;1;0;0;1;18;0;0;8;8;7;13,38;0;0;8;8;7;13,38;0;10,8;1,4;1,74;Graduate;0,875;1;0;13,38142857;1,606879343;25,71006949
2053;1;1;2;9773;1;1;127;1;1;19;4;5;120,40;1;0;1;1;18;0;0;8;8;7;13,33;0;0;8;8;7;13,33;0;10,8;1,4;1,74;Graduate;0,875;1;0;13,33142857;1,60414466;25,66631456
2385;1;17;1;9119;1;1;127;1;19;1;4;5;115,80;0;0;0;0;18;0;0;8;8;7;13,31;0;0;8;8;7;13,31;0;12,7;3,7;-1,7;Graduate;0,875;1;0;13,31428571;1,603207055;25,65131287
16;1;1;1;9773;1;1;127;1;19;37;9;3;120,70;1;0;0;1;19;0;0;8;8;7;13,31;0;0;8;8;7;13,31;0;12,7;3,7;-1,7;Graduate;0,875;1;0;13,31428571;1,603207055;25,65131287
3385;1;1;1;9085;1;1;127;1;37;37;9;9;122,80;1;0;0;0;18;0;0;8;8;7;13,30;0;0;8;8;7;13,30;0;10,8;1,4;1,74;Graduate;0,875;1;0;13,29714286;1,602269449;25,63631118
64;1;17;1;9070;1;1;127;1;1;1;3;4;130,20;1;0;0;0;22;0;4;8;8;7;13,29;0;4;8;8;7;13,29;0;12,7;3,7;-1,7;Graduate;0,875;1;0;13,28571429;1,601644378;25,62631006
3902;1;17;3;9254;1;1;127;1;37;37;9;6;123,50;1;0;0;1;18;0;0;8;8;7;13,21;0;0;8;8;7;13,21;0;12,7;3,7;-1,7;Graduate;0,875;1;0;13,21428571;1,597737688;25,56380301
3008;1;17;5;9147;1;1;127;1;1;38;4;5;124,60;1;0;0;0;18;0;0;8;8;7;13,15;0;0;8;8;7;13,15;0;10,8;1,4;1,74;Graduate;0,875;1;0;13,15428571;1,594456069;25,5112971
2417;1;17;2;9070;1;1;127;1;37;37;9;9;119,30;1;1;0;1;19;0;0;8;8;7;13,15;0;0;8;8;7;13,15;0;10,8;1,4;1,74;Graduate;0,875;1;0;13,15142857;1,594299801;25,50879681
3203;1;1;1;9773;1;1;127;1;5;3;4;4;122,80;1;0;1;0;18;0;0;8;8;7;13,10;0;0;8;8;7;13,10;0;12,7;3,7;-1,7;Graduate;0,875;1;0;13,1;1,591486984;25,46379174
224;1;51;1;9500;1;1;127;1;19;1;5;9;150,00;0;0;1;0;26;0;0;8;8;7;13,08;0;0;8;8;7;13,08;0;10,8;1,4;1,74;Graduate;0,875;1;0;13,07571429;1,590158709;25,44253935
3198;1;1;6;9147;1;1;127;1;1;19;1;6;120,00;1;0;0;1;19;0;0;8;8;7;13,06;0;0;8;8;7;13,06;0;10,8;1,4;1,74;Graduate;0,875;1;0;13,05857143;1,589221104;25,42753766
1422;1;1;3;9147;1;1;127;1;1;38;5;7;123,50;1;0;1;1;20;0;0;8;8;7;13,02;0;0;8;8;7;13,02;0;10,8;1,4;1,74;Graduate;0,875;1;0;13,02428571;1,587345892;25,39753428
1596;1;1;1;9670;1;1;127;1;1;37;4;9;128,10;0;0;1;0;18;0;0;8;8;7;13,00;0;0;8;8;7;13,00;0;12,7;3,7;-1,7;Graduate;0,875;1;0;13;1,586017618;25,37628188
4367;1;1;1;9670;1;1;127;1;3;19;3;9;127,00;1;0;0;0;18;0;0;8;8;7;12,94;0;0;8;8;7;12,94;0;10,8;1,4;1,74;Graduate;0,875;1;0;12,94428571;1,582970399;25,32752639
538;1;17;1;9254;1;1;127;1;3;19;4;4;116,90;0;0;0;0;18;0;0;8;8;7;12,91;0;0;8;8;7;12,91;0;12,7;3,7;-1,7;Graduate;0,875;1;1;12,91428571;1,581329589;25,30127343
2651;1;1;1;9500;1;1;127;1;3;1;2;8;121,40;0;0;1;0;20;0;0;8;8;7;12,84;0;0;8;8;7;12,84;0;10,8;1,4;1,74;Graduate;0,875;1;0;12,84142857;1,577344765;25,23751625
2059;1;1;1;9147;1;1;127;1;1;19;5;7;130,50;1;0;0;0;19;0;0;8;8;7;12,76;0;0;8;8;7;12,76;0;10,8;1,4;1,74;Graduate;0,875;1;0;12,76428571;1,57312554;25,17000864
3050;1;1;2;9085;1;1;127;1;38;37;5;7;123,90;1;0;0;1;20;0;0;8;8;7;12,74;0;0;8;8;7;12,74;0;10,8;1,4;1,74;Graduate;0,875;1;0;12,74428571;1,572031667;25,15250667
3171;1;17;1;9147;1;1;127;1;1;37;4;8;121,10;1;0;0;1;18;0;0;8;8;7;12,69;0;0;8;8;7;12,69;0;10,8;1,4;1,74;Graduate;0,875;1;0;12,69428571;1,569296984;25,10875174
1627;1;1;1;9085;1;1;127;1;37;2;9;4;123,20;1;0;0;0;20;0;0;8;8;7;12,69;0;0;8;8;7;12,69;0;12,7;3,7;-1,7;Graduate;0,875;1;0;12,68571429;1,568828181;25,10125089
3594;1;1;3;9773;1;1;127;1;19;38;8;3;133,70;1;0;1;0;19;0;0;8;8;7;12,67;0;0;8;8;7;12,67;0;10,8;1,4;1,74;Graduate;0,875;1;0;12,66571429;1,567734308;25,08374892
162;1;1;1;9500;1;1;127;1;19;37;9;7;123,90;1;0;0;1;19;0;0;8;8;7;12,66;0;0;8;8;7;12,66;0;12,7;3,7;-1,7;Graduate;0,875;1;0;12,65714286;1,567265505;25,07624807
120;1;1;1;9147;1;1;127;1;2;19;4;5;121,80;0;0;0;1;18;0;0;8;8;7;12,64;0;0;8;8;7;12,64;0;12,7;3,7;-1,7;Graduate;0,875;1;0;12,64285714;1,566484167;25,06374667
2382;1;1;3;9070;1;1;127;1;19;38;5;7;141,00;1;0;0;1;18;0;0;8;8;7;12,61;0;0;8;8;7;12,61;0;10,8;1,4;1,74;Graduate;0,875;1;0;12,61;1,564687089;25,03499343
1864;1;17;1;9070;1;1;127;1;37;38;9;5;131,20;1;0;0;1;19;0;0;8;8;7;12,49;0;0;8;8;7;12,49;0;12,7;3,7;-1,7;Graduate;0,875;1;0;12,48571429;1,557889448;24,92623117
3055;1;17;1;9238;1;1;127;1;38;38;9;6;122,80;0;0;0;1;20;0;0;8;8;7;12,46;0;0;8;8;7;12,46;0;10,8;1,4;1,74;Graduate;0,875;1;0;12,46428571;1,556717441;24,90747906
1943;2;1;1;9070;1;1;127;1;12;19;9;9;123,20;0;0;0;0;21;0;0;8;8;7;12,41;0;0;8;8;7;12,41;0;12,7;3,7;-1,7;Graduate;0,875;1;0;12,41428571;1,553982758;24,86372413
1903;1;1;1;9130;1;1;127;1;1;1;4;4;120,40;1;0;0;0;24;0;0;8;8;7;12,41;0;0;8;8;7;12,41;0;10,8;1,4;1,74;Graduate;0,875;1;0;12,41285714;1,553904624;24,86247399
2294;1;1;1;9773;1;1;127;1;19;37;9;9;126,30;0;0;0;0;24;0;0;8;8;7;12,40;0;0;8;8;7;12,40;0;10,8;1,4;1,74;Graduate;0,875;1;0;12,40142857;1,553279554;24,85247286
545;1;17;2;9119;1;1;127;1;19;1;9;10;121,10;1;0;1;0;18;0;0;8;8;7;12,37;0;0;8;8;7;12,37;0;10,8;1,4;1,74;Graduate;0,875;1;1;12,36571429;1,551326209;24,82121934
857;1;1;1;9238;1;1;127;1;1;19;4;3;141,70;1;0;0;1;19;0;0;8;8;7;12,36;0;0;8;8;7;12,36;0;12,7;3,7;-1,7;Graduate;0,875;1;0;12,35714286;1,550857406;24,81371849
1879;1;1;2;171;1;1;127;1;2;19;5;5;139,60;1;0;0;1;19;0;0;8;8;7;12,36;0;0;8;8;7;12,36;0;10,8;1,4;1,74;Graduate;0,875;1;0;12,35571429;1,550779272;24,81246835
353;1;1;4;171;1;1;127;1;1;1;9;5;124,20;1;0;0;0;18;0;0;8;8;7;12,33;0;0;8;8;7;12,33;0;12,7;3,7;-1,7;Graduate;0,875;1;0;12,32857143;1,54929473;24,78871568
1819;1;17;4;9773;1;1;127;1;2;37;9;9;115,80;1;0;0;0;18;0;0;8;8;7;12,32;0;0;8;8;7;12,32;0;10,8;1,4;1,74;Graduate;0,875;1;0;12,32428571;1,549060328;24,78496525
1962;1;18;1;9500;1;1;128;1;19;1;9;4;125,80;0;0;0;0;18;0;0;8;8;7;12,24;0;0;8;8;7;12,24;0;12,7;3,7;-1,7;Graduate;0,875;1;0;12,24285714;1,544606701;24,71370722
3794;1;17;1;9773;1;1;128;1;19;38;5;7;125,60;1;0;0;1;18;0;0;8;8;7;12,21;0;0;8;8;7;12,21;0;12,7;3,7;-1,7;Graduate;0,875;1;0;12,21428571;1,543044025;24,68870441
985;1;1;1;9147;1;1;128;1;1;1;2;10;116,50;0;0;1;0;19;0;0;8;8;7;12,20;0;0;8;8;7;12,20;0;12,7;3,7;-1,7;Graduate;0,875;1;1;12,2;1,542262687;24,676203
3997;1;1;1;9853;1;1;128;1;1;1;9;9;120,00;1;0;0;1;25;0;0;8;8;7;12,04;0;0;8;8;7;12,04;0;12,7;3,7;-1,7;Graduate;0,875;1;0;12,04285714;1,533667969;24,5386875
2396;1;43;1;9773;1;1;128;1;19;38;9;7;124,20;1;0;0;0;19;0;0;8;8;7;11,99;0;0;8;8;7;11,99;0;10,8;1,4;1,74;Graduate;0,875;1;0;11,98857143;1,530698884;24,49118215
2142;1;17;4;9085;1;1;128;1;38;37;4;9;117,90;1;0;0;1;18;0;0;8;8;7;11,86;0;0;8;8;7;11,86;0;12,7;3,7;-1,7;Graduate;0,875;1;0;11,85714286;1,523510574;24,37616919
2243;1;43;1;9119;1;1;128;1;1;38;4;7;100,00;0;0;0;1;19;0;0;8;8;7;11,82;0;0;8;8;7;11,82;0;10,8;1,4;1,74;Graduate;0,875;1;0;11,82;1,521479095;24,34366553
2431;1;1;1;9773;1;1;128;1;38;38;6;3;116,50;0;0;1;0;18;0;0;8;8;7;11,69;0;0;8;8;7;11,69;0;10,8;1,4;1,74;Graduate;0,875;1;0;11,69;1,514368919;24,22990271
4116;1;1;3;9070;1;1;128;1;19;19;3;3;129,80;1;0;0;1;19;0;0;8;8;7;11,40;0;0;8;8;7;11,40;0;10,8;1,4;1,74;Graduate;0,875;1;0;11,4;1,498507757;23,97612411
3495;1;17;2;9670;1;1;128;1;37;38;5;8;121,70;0;0;0;0;24;0;0;8;12;7;12,71;0;0;8;12;7;12,71;0;12,7;3,7;-1,7;Enrolled;0,875;1;0;12,71428571;1,570390857;37,68938056
1685;1;17;3;9070;1;1;128;1;37;37;5;5;124,50;1;0;0;0;27;0;3;8;12;7;12,46;0;3;8;12;7;12,46;0;12,7;3,7;-1,7;Enrolled;0,875;1;0;12,45714286;1,556326772;37,35184253
1621;1;18;1;9670;1;1;128;1;19;3;9;7;120,00;1;0;0;0;18;0;0;8;12;7;12,29;0;0;8;12;7;12,29;0;12,7;3,7;-1,7;Enrolled;0,875;1;0;12,28571429;1,546950716;37,12681717
540;1;18;3;9773;1;1;128;1;19;1;9;9;122,10;1;0;0;1;25;0;0;8;11;7;13,29;3;0;8;11;7;13,29;3;9,4;-0,8;-3,12;Enrolled;0,875;1;0;13,29;1,60187878;35,24133316
3887;1;1;1;9254;1;1;128;1;19;19;7;8;120,00;1;0;0;0;45;0;5;9;13;8;11,00;0;3;7;10;6;10,83;0;12,7;3,7;-1,7;Enrolled;0,875;1;0;10,91666667;1,472072487;33,85766719
502;1;17;2;9254;1;1;128;1;38;38;9;9;129,10;1;0;0;0;34;0;0;8;11;7;11,71;0;0;8;11;7;11,71;0;10,8;1,4;1,74;Enrolled;0,875;1;0;11,70571429;1,515228391;33,3350246
1143;1;1;1;9670;1;1;128;1;1;1;2;2;130,80;1;0;0;0;19;0;0;8;8;7;14,51;0;0;8;8;7;14,51;0;12,7;3,7;-1,7;Enrolled;0,875;1;0;14,51428571;1,66883945;26,7014312
1189;1;17;1;9254;1;1;128;1;19;1;5;7;120,70;1;0;0;1;19;0;0;8;8;7;14,06;0;0;8;8;7;14,06;0;10,8;1,4;1,74;Enrolled;0,875;1;0;14,06;1,6439929;26,30388641
3923;1;1;1;9238;1;1;128;1;19;19;5;5;124,50;1;0;0;0;20;0;0;8;8;7;14,01;0;0;8;8;7;14,01;0;12,7;3,7;-1,7;Enrolled;0,875;1;0;14,01428571;1,641492619;26,2638819
3092;1;17;1;9853;1;1;128;1;38;38;9;7;128,40;1;0;0;0;18;0;0;8;8;7;13,68;0;0;8;8;7;13,68;0;10,8;1,4;1,74;Enrolled;0,875;1;0;13,68142857;1,623287442;25,97259908
490;1;1;3;9500;1;1;128;1;38;38;5;5;118,60;1;0;0;1;18;0;0;8;8;7;13,24;0;0;8;8;7;13,24;0;12,7;3,7;-1,7;Enrolled;0,875;1;0;13,24285714;1,599300364;25,58880583
2634;1;1;4;9500;1;1;128;1;19;1;4;4;124,30;1;0;1;0;18;0;0;8;8;7;13,15;0;0;8;8;7;13,15;0;10,8;1,4;1,74;Enrolled;0,875;1;0;13,15428571;1,594456069;25,5112971
912;1;1;1;9085;1;1;128;1;19;1;5;4;135,70;1;0;0;1;19;0;0;8;8;7;12,77;1;0;8;8;7;12,77;1;9,4;-0,8;-3,12;Enrolled;0,875;1;0;12,77142857;1,573516209;25,17625934
285;1;1;1;8014;0;1;128;1;38;38;0;0;122,10;0;0;0;1;24;0;0;8;8;7;11,97;0;0;8;8;7;11,97;0;12,7;3,7;-1,7;Enrolled;0,875;1;0;11,97142857;1,529761279;24,47618046
1609;1;17;1;9773;1;1;128;1;38;19;9;10;125,20;1;0;1;0;43;0;0;8;8;7;11,64;0;0;8;8;7;11,64;0;10,8;1,4;1,74;Enrolled;0,875;1;0;11,63571429;1,511399835;24,18239736
4145;1;43;1;9556;1;1;128;1;38;38;7;8;123,50;1;0;0;0;23;1;0;8;11;7;11,33;0;0;8;11;7;11,33;0;12,7;3,7;-1,7;Dropout;0,875;0;0;11,32857143;1,494601067;32,88122347
2479;1;1;1;9500;1;1;128;1;1;19;4;7;125,60;1;0;1;0;27;0;0;8;8;7;15,57;0;0;8;8;7;15,57;0;10,8;1,4;1,74;Dropout;0,875;1;0;15,57;1,726580331;27,6252853
413;1;1;3;9500;1;1;128;1;1;1;4;10;118,90;1;0;0;0;19;0;0;8;8;7;13,33;0;0;8;8;7;13,33;0;10,8;1,4;1,74;Dropout;0,875;0;0;13,32714286;1,603910259;25,66256414
1721;1;17;1;9085;1;1;128;1;38;37;9;9;116,50;1;0;1;1;28;0;18;23;23;20;13,50;3;18;23;23;20;13,50;3;7,6;2,6;0,32;Graduate;0,869565217;1;0;13,5;1,607929667;73,96476466
1641;1;1;4;9500;1;1;128;1;1;37;4;3;117,90;1;0;1;0;21;0;6;12;12;11;11,55;0;4;11;18;9;11,70;1;8,9;1,4;3,51;Enrolled;0,869565217;1;0;11,62272727;1,505254745;45,15764234
1478;1;51;1;171;1;1;128;1;2;1;3;3;131,20;1;0;0;1;20;0;0;7;10;7;14,18;0;0;8;14;6;13,03;0;15,5;2,8;-4,06;Graduate;0,866666667;1;0;13,603125;1,6106714;38,65611359
569;1;17;1;9085;1;1;128;1;38;19;8;8;117,20;0;0;0;1;19;0;0;7;12;6;13,77;0;0;8;10;7;14,05;0;15,5;2,8;-4,06;Graduate;0,866666667;1;0;13,90904762;1,627403428;35,80287542
3336;1;17;4;9773;1;1;129;1;3;1;2;7;132,50;1;0;1;1;19;0;0;7;11;6;12,41;0;0;8;12;7;11,26;0;15,5;2,8;-4,06;Graduate;0,866666667;1;0;11,8375;1,514102901;34,82436673
2116;1;17;2;9670;1;1;129;1;1;19;5;5;119,20;1;0;0;1;18;0;0;7;11;6;11,99;0;0;8;11;7;12,43;0;15,5;2,8;-4,06;Graduate;0,866666667;1;0;12,21293651;1,534636899;33,76201178
2416;1;43;2;9238;1;1;129;1;34;30;0;5;118,90;1;0;0;0;20;0;0;7;13;6;11,77;0;0;8;9;7;12,33;0;15,5;2,8;-4,06;Graduate;0,866666667;1;0;12,05125;1,525793672;33,56746078
2104;1;1;2;9773;1;1;128;1;34;19;3;0;141,00;1;0;0;0;18;0;0;7;10;6;11,98;0;0;8;11;7;13,23;0;16,2;0,3;-0,92;Graduate;0,866666667;1;0;12,6025;1,555943553;32,67481462
3695;1;17;1;171;1;1;129;1;1;1;9;9;124,80;1;0;0;0;19;0;0;7;9;7;12,61;0;0;8;12;6;11,90;0;12,4;0,5;1,79;Graduate;0,866666667;1;0;12,253125;1,536834955;32,27353405
3128;1;18;1;9147;1;1;128;1;19;19;9;5;121,70;1;0;0;1;22;0;1;7;10;6;13,31;0;2;8;10;7;12,88;0;8,9;1,4;3,51;Graduate;0,866666667;1;0;13,09464286;1,582860649;31,65721298
1359;1;17;1;171;1;1;128;1;1;1;4;10;134,70;0;0;0;0;18;0;0;7;8;6;13,13;0;0;8;12;7;12,22;0;16,2;0,3;-0,92;Graduate;0,866666667;1;0;12,67738095;1,560039067;31,20078134
942;1;1;1;9238;1;1;128;1;37;19;9;4;127,30;1;0;0;1;18;0;0;7;8;6;13,27;0;0;8;11;7;12,94;0;12,4;0,5;1,79;Graduate;0,866666667;1;0;13,10770833;1,583575248;30,0879297
2327;1;51;1;9119;1;1;129;1;2;37;2;9;121,60;1;0;0;0;40;0;4;8;8;8;11,63;0;3;7;12;5;11,20;0;9,4;-0,8;-3,12;Graduate;0,866666667;1;0;11,4125;1,490858094;29,81716189
3303;1;17;1;9500;1;1;128;1;37;37;9;8;124,30;1;0;0;1;20;0;0;7;10;6;12,36;0;0;8;9;7;13,00;0;13,9;-0,3;0,79;Graduate;0,866666667;1;0;12,67857143;1,560104178;29,64197939
2811;1;1;1;9853;1;1;128;1;38;37;9;9;124,90;0;0;0;1;19;0;0;7;7;6;12,81;0;0;8;11;7;12,83;0;12,4;0,5;1,79;Graduate;0,866666667;1;0;12,81702381;1,567676646;28,21817963
3141;1;39;1;9085;1;1;128;1;19;1;9;10;157,40;1;0;0;1;19;0;0;7;8;6;13,74;0;0;8;9;7;14,91;0;16,2;0,3;-0,92;Graduate;0,866666667;1;0;14,32708333;1,650267333;28,05454466
3874;1;1;2;9070;1;1;128;1;19;19;3;3;123,50;1;1;0;0;19;0;0;7;9;6;12,97;0;0;8;9;7;12,32;0;11,1;0,6;2,02;Graduate;0,866666667;1;0;12,64654762;1,558352679;28,05034822
1026;1;17;3;9085;1;1;128;1;1;19;4;90;124,20;0;0;0;1;19;0;0;7;10;6;12,58;0;0;8;8;7;12,67;0;13,9;-0,3;0,79;Graduate;0,866666667;1;0;12,62738095;1,557304384;28,03147891
3709;1;17;4;9070;1;1;128;1;1;1;9;10;136,10;1;0;0;1;19;0;0;7;8;6;13,08;0;0;8;10;7;12,05;0;12,4;0,5;1,79;Graduate;0,866666667;1;0;12,5625;1,553755807;27,96760452
446;1;1;1;9238;1;1;128;1;37;19;9;3;116,50;1;0;1;0;22;0;0;7;8;6;14,33;0;0;8;9;7;13,77;0;11,1;0,6;2,02;Graduate;0,866666667;1;0;14,05238095;1,635242853;27,79912851
1972;1;17;1;9085;1;1;128;1;2;19;2;4;123,30;1;0;0;1;20;0;0;7;8;6;13,86;0;0;8;9;7;14,18;0;11,1;0,6;2,02;Graduate;0,866666667;1;0;14,02095238;1,63352391;27,76990646
1247;1;1;1;9238;1;1;128;1;19;19;9;9;120,00;0;0;0;0;19;0;0;7;8;6;13,30;0;0;8;9;7;14,11;0;11,1;0,6;2,02;Graduate;0,866666667;1;0;13,70547619;1,616269361;27,47657914
427;1;1;4;9670;1;1;128;1;38;38;3;7;121,00;1;0;0;1;22;0;0;7;8;6;13,52;0;0;8;9;7;13,77;0;11,1;0,6;2,02;Graduate;0,866666667;1;0;13,64404762;1,612909608;27,41946333
4177;1;1;3;9254;1;1;128;1;19;1;7;9;121,70;1;0;0;0;20;0;0;7;9;6;12,70;0;0;8;8;7;13,57;0;13,9;-0,3;0,79;Graduate;0,866666667;1;0;13,13571429;1,585106996;26,94681893
4005;1;1;2;9070;1;1;128;1;37;37;9;9;123,50;1;0;0;1;19;0;0;7;9;6;11,81;0;0;8;8;7;13,54;0;13,9;-0,3;0,79;Graduate;0,866666667;1;0;12,67857143;1,560104178;26,52177103
4009;1;18;3;9853;1;1;128;1;38;37;5;9;116,80;1;0;0;1;20;0;0;7;8;6;12,40;0;0;8;9;7;12,94;0;11,1;0,6;2,02;Graduate;0,866666667;1;0;12,6697619;1,559622353;26,51358001
3778;1;1;1;9070;1;1;128;1;19;2;7;3;126,30;1;0;0;0;20;0;0;7;8;6;13,27;0;0;8;8;7;14,47;0;13,9;-0,3;0,79;Graduate;0,866666667;1;0;13,87142857;1,625345905;26,00553448
900;1;17;1;9670;1;1;128;1;19;19;7;7;124,40;0;0;0;0;20;0;0;7;7;6;13,76;0;0;8;9;7;13,57;0;12,4;0,5;1,79;Graduate;0,866666667;1;0;13,66321429;1,613957903;25,82332645
1731;1;1;3;9147;1;1;128;1;3;3;5;10;116,50;0;0;0;1;34;0;0;7;7;6;12,51;0;0;8;9;7;13,07;0;12,4;0,5;1,79;Graduate;0,866666667;1;0;12,79238095;1,566328838;25,06126141
3062;1;17;2;9254;1;1;129;1;12;37;9;9;122,00;1;0;0;0;19;0;0;7;9;6;13,41;0;0;8;12;7;13,29;0;15,5;2,8;-4,06;Enrolled;0,866666667;1;0;13,35293651;1,596987675;33,53674117
4337;1;1;2;9773;1;1;129;1;37;37;9;7;117,10;1;0;1;0;20;0;0;7;10;5;13,98;0;0;8;9;8;13,22;0;12,4;0,5;1,79;Enrolled;0,866666667;1;0;13,59944444;1,610470097;30,59893184
341;1;1;1;9085;1;1;129;1;1;2;3;1;125,90;1;0;1;0;18;0;0;7;10;6;12,04;0;0;8;9;7;13,75;0;13,9;-0,3;0,79;Enrolled;0,866666667;1;0;12,89285714;1,571824249;29,86466073
643;1;1;1;9147;1;1;129;1;37;38;4;9;121,00;1;0;0;0;18;0;0;7;8;6;13,39;0;0;8;10;7;12,76;0;11,1;0,6;2,02;Enrolled;0,866666667;1;0;13,07357143;1,581708175;28,47074715
2722;1;17;2;9147;1;1;129;1;2;3;2;2;128,30;1;0;1;0;20;0;0;7;7;7;12,40;0;0;8;10;6;11,81;0;11,1;0,6;2,02;Enrolled;0,866666667;1;0;12,10488095;1,528726945;25,98835806
3140;1;1;1;9853;1;1;129;1;19;38;2;7;126,90;1;0;0;0;19;0;0;7;8;6;13,73;0;0;8;10;7;13,77;0;12,4;0,5;1,79;Dropout;0,866666667;1;0;13,75154762;1,618789176;29,13820518
4108;1;1;6;9500;1;1;129;1;37;19;9;7;127,80;1;0;1;0;21;0;9;11;11;11;12,45;0;3;11;17;8;12,75;0;9,4;-0,8;-3,12;Graduate;0,863636364;1;0;12,60227273;1,55290082;43,48122296
2818;1;1;1;9147;1;1;129;1;37;37;9;7;117,80;0;0;1;0;20;0;7;12;16;11;12,55;0;5;10;12;8;11,63;0;8,9;1,4;3,51;Enrolled;0,863636364;1;0;12,08522727;1,52462171;42,68940788
2218;1;16;2;9147;1;1;129;1;19;19;4;9;127,60;1;0;0;0;23;0;7;12;12;11;14,00;0;4;10;11;8;14,63;0;13,9;-0,3;0,79;Dropout;0,863636364;0;0;14,3125;1,646439414;37,86810652
4211;1;1;1;9254;1;1;129;1;19;1;3;7;121,00;0;0;1;0;25;0;13;15;15;13;10,77;0;11;14;15;12;11,83;0;7,6;2,6;0,32;Dropout;0,862068966;1;0;11,30128205;1,480177476;44,40532429
247;1;17;3;9500;1;1;129;1;19;37;7;6;120,00;1;0;0;0;21;0;12;21;33;18;14,93;12;12;21;33;18;14,93;12;7,6;2,6;0,32;Graduate;0,857142857;1;0;14,93333333;1,673901556;110,4775027
834;2;39;1;9130;1;1;130;1;37;37;9;6;160,00;0;0;1;0;30;0;11;14;26;12;12,53;1;11;14;26;12;12,53;1;7,6;2,6;0,32;Graduate;0,857142857;1;0;12,52608696;1,542240435;80,1965026
1586;1;1;1;171;1;1;130;1;29;38;9;8;122,00;1;0;0;1;20;0;7;12;15;11;13,38;0;4;9;13;7;14,29;0;8,9;1,4;3,51;Graduate;0,857142857;0;0;13,83516484;1,613838699;45,18748357
2728;1;17;2;9500;1;1;129;1;38;19;5;7;124,00;1;0;0;0;27;0;7;12;17;11;14,73;0;4;9;10;7;14,14;0;8,9;1,4;3,51;Graduate;0,857142857;1;0;14,43506494;1,646649433;44,45953468
878;1;39;2;9556;1;1;130;1;19;19;4;5;100,00;0;0;0;0;19;0;0;7;10;6;12,17;0;0;7;9;6;13,17;0;12,4;0,5;1,79;Graduate;0,857142857;1;0;12,66666667;1,549929254;29,44865582
2713;1;1;2;9147;1;1;130;1;37;38;7;9;117,80;0;0;0;1;19;0;0;7;11;6;12,40;0;0;7;8;6;12,80;0;11,1;0,6;2,02;Graduate;0,857142857;1;0;12,6;1,54628301;29,37937718
1034;1;17;1;9085;1;1;129;1;1;37;9;9;118,20;1;0;0;0;23;0;1;7;8;6;14,36;0;1;7;8;6;14,36;0;7,6;2,6;0,32;Graduate;0,857142857;1;0;14,35714286;1,642387589;26,27820142
2208;1;43;1;9147;1;1;130;1;37;19;9;8;130,80;0;0;0;1;18;0;0;7;9;6;12,33;0;0;7;7;6;12,67;0;11,1;0,6;2,02;Graduate;0,857142857;1;0;12,5;1,540813643;24,65301829
2148;1;1;6;9254;1;1;129;1;38;19;9;5;117,80;1;0;0;1;19;0;0;7;7;6;15,43;0;0;7;7;6;15,43;0;7,6;2,6;0,32;Graduate;0,857142857;1;0;15,43333333;1,701248388;23,81747743
1973;1;17;2;9670;1;1;129;1;19;19;5;4;129,40;0;0;0;0;20;0;0;7;7;6;15,40;0;0;7;7;6;15,40;0;7,6;2,6;0,32;Graduate;0,857142857;1;0;15,4;1,699425266;23,79195372
156;1;1;1;9853;1;1;129;1;38;37;6;6;138,10;0;0;0;0;18;0;0;7;7;6;15,25;0;0;7;7;6;15,25;0;7,6;2,6;0,32;Graduate;0,857142857;1;0;15,25;1,691221216;23,67709703
141;1;1;5;9500;1;1;129;1;37;37;9;9;128,80;1;0;0;0;18;0;0;7;7;6;15,20;0;0;7;7;6;15,20;0;7,6;2,6;0,32;Graduate;0,857142857;1;0;15,2;1,688486533;23,63881146
2089;1;1;3;9500;1;1;129;1;19;19;4;8;127,30;1;0;0;0;19;0;0;7;7;6;14,98;0;0;7;7;6;14,98;0;7,6;2,6;0,32;Graduate;0,857142857;1;0;14,98333333;1,67663624;23,47290735
2841;1;39;1;9085;1;1;130;1;37;37;6;6;110,00;0;0;0;1;26;0;0;7;8;6;10,98;0;0;7;8;6;10,98;0;7,6;2,6;0,32;Graduate;0,857142857;1;0;10,98333333;1,457861588;23,32578541
1372;1;1;1;9500;1;1;129;1;1;1;9;9;120,00;0;0;0;0;18;1;0;7;7;6;14,72;0;0;7;7;6;14,72;0;7,6;2,6;0,32;Graduate;0,857142857;1;0;14,71666667;1,662051263;23,26871768
4200;1;1;1;9500;1;1;129;1;38;38;5;5;120,80;1;0;0;0;19;0;0;7;7;6;14,57;0;0;7;7;6;14,57;0;7,6;2,6;0,32;Graduate;0,857142857;1;0;14,56666667;1,653847213;23,15386099
3079;1;1;1;9670;1;1;129;1;1;37;4;9;118,20;0;0;0;1;18;0;0;7;7;6;14,35;0;0;7;7;6;14,35;0;7,6;2,6;0,32;Graduate;0,857142857;1;0;14,35;1,64199692;22,98795688
3691;1;17;6;9147;1;1;129;1;19;1;9;4;122,00;1;0;0;0;19;0;0;7;7;6;14,35;0;0;7;7;6;14,35;0;7,6;2,6;0,32;Graduate;0,857142857;1;0;14,35;1,64199692;22,98795688
1287;1;1;2;9070;1;1;129;1;1;1;4;9;132,90;1;0;0;0;18;0;0;7;7;6;14,33;0;0;7;7;6;14,33;0;7,6;2,6;0,32;Graduate;0,857142857;1;0;14,33333333;1,641085359;22,97519502
1433;1;1;3;9254;1;1;129;1;37;38;7;7;122,00;1;0;0;0;19;0;0;7;7;6;14,27;0;0;7;7;6;14,27;0;7,6;2,6;0,32;Graduate;0,857142857;1;0;14,26666667;1,637439114;22,9241476
280;1;1;1;9500;1;1;129;1;19;19;5;5;119,60;1;0;0;0;18;0;0;7;7;6;14,23;0;0;7;7;6;14,23;0;7,6;2,6;0,32;Graduate;0,857142857;1;0;14,23333333;1,635615992;22,89862389
2246;1;17;4;9238;1;1;129;1;37;37;9;8;117,10;1;0;0;1;18;0;0;7;7;6;14,20;0;0;7;7;6;14,20;0;7,6;2,6;0,32;Graduate;0,857142857;1;0;14,2;1,63379287;22,87310018
2180;1;1;3;9773;1;1;129;1;38;37;5;5;142,00;1;0;0;0;19;0;0;7;7;6;14,15;0;0;7;7;6;14,15;0;7,6;2,6;0,32;Graduate;0,857142857;1;0;14,15;1,631058187;22,83481462
3165;1;1;1;9085;1;1;129;1;19;37;9;9;117,50;1;0;0;1;19;0;0;7;7;6;14,15;0;0;7;7;6;14,15;0;7,6;2,6;0,32;Graduate;0,857142857;1;0;14,15;1,631058187;22,83481462
152;1;1;1;9085;1;1;129;1;1;38;4;7;123,40;0;0;0;1;18;0;0;7;7;6;14,07;0;0;7;7;6;14,07;0;7,6;2,6;0,32;Graduate;0,857142857;1;0;14,06666667;1,626500382;22,77100535
468;1;43;6;9238;1;1;129;1;34;34;0;0;125,20;0;0;0;1;21;0;0;7;7;6;14,03;0;0;7;7;6;14,03;0;7,6;2,6;0,32;Graduate;0,857142857;1;0;14,03333333;1,62467726;22,74548164
3840;1;1;2;171;1;1;129;1;37;37;9;9;122,00;1;0;0;0;18;0;0;7;7;6;13,98;0;0;7;7;6;13,98;0;7,6;2,6;0,32;Graduate;0,857142857;1;0;13,98333333;1,621942577;22,70719607
1594;1;1;3;171;1;1;129;1;38;37;9;3;127,30;1;0;0;0;20;0;0;7;7;6;13,97;0;0;7;7;6;13,97;0;7,6;2,6;0,32;Graduate;0,857142857;1;0;13,96666667;1,621031016;22,69443422
2224;1;17;1;171;1;1;129;1;38;37;4;6;128,00;0;0;0;0;18;0;0;7;7;6;13,97;0;0;7;7;6;13,97;0;7,6;2,6;0,32;Graduate;0,857142857;1;0;13,96666667;1,621031016;22,69443422
3169;1;1;1;9254;1;1;129;1;1;1;4;2;126,20;0;0;0;0;20;0;0;7;7;6;13,92;0;0;7;7;6;13,92;0;7,6;2,6;0,32;Graduate;0,857142857;1;0;13,91666667;1,618296332;22,65614865
2830;1;17;1;171;1;1;130;1;3;1;9;9;126,90;1;0;0;1;19;0;0;7;7;6;13,80;0;0;7;7;6;13,80;0;7,6;2,6;0,32;Graduate;0,857142857;1;0;13,8;1,611915405;22,56681567
3826;1;1;1;171;1;1;130;1;1;38;7;8;135,60;1;0;1;0;19;0;0;7;7;6;13,70;0;0;7;7;6;13,70;0;7,6;2,6;0,32;Graduate;0,857142857;1;0;13,7;1,606446039;22,49024454
2795;4;39;1;9991;0;1;130;1;37;37;9;9;127,60;0;0;0;1;19;0;0;7;7;6;13,55;0;0;7;7;6;13,55;0;7,6;2,6;0,32;Graduate;0,857142857;1;0;13,55;1,598241989;22,37538785
2703;1;17;1;9119;1;1;130;1;38;19;7;3;119,90;1;0;0;0;18;0;0;7;7;6;13,45;0;0;7;7;6;13,45;0;7,6;2,6;0,32;Graduate;0,857142857;1;0;13,45;1,592772623;22,29881672
2614;1;39;1;9991;0;1;130;1;1;38;4;9;115,00;0;0;0;1;19;0;0;7;7;6;13,42;0;0;7;7;6;13,42;0;7,6;2,6;0,32;Graduate;0,857142857;1;0;13,41666667;1,590949501;22,27329301
2933;1;39;1;9991;0;1;130;1;37;37;6;6;111,90;0;0;0;0;20;0;0;7;7;6;13,38;0;0;7;7;6;13,38;0;7,6;2,6;0,32;Graduate;0,857142857;1;0;13,38333333;1,589126379;22,2477693
1274;2;51;1;9853;1;1;130;1;37;37;7;8;120,30;0;0;0;0;19;0;0;7;7;6;13,33;0;0;7;7;6;13,33;0;7,6;2,6;0,32;Graduate;0,857142857;1;0;13,33333333;1,586391696;22,20948374
1557;1;1;1;9119;1;1;130;1;37;19;9;5;140,20;1;0;1;1;18;0;0;7;7;6;13,27;0;0;7;7;6;13,27;0;7,6;2,6;0,32;Graduate;0,857142857;1;0;13,26666667;1,582745452;22,15843632
4373;1;39;1;9003;1;1;130;1;12;12;9;9;126,10;0;0;1;0;19;0;0;7;7;6;13,20;0;0;7;7;6;13,20;0;7,6;2,6;0,32;Graduate;0,857142857;1;0;13,2;1,579099207;22,1073889
103;2;39;1;8014;0;1;130;1;37;37;6;5;113,50;1;0;0;0;18;0;0;7;7;6;13,12;0;0;7;7;6;13,12;0;7,6;2,6;0,32;Graduate;0,857142857;1;0;13,11666667;1,574541402;22,04357963
1698;1;39;1;9085;1;1;130;1;34;1;0;2;128,20;0;0;0;1;18;0;0;7;7;6;13,05;0;0;7;7;6;13,05;0;7,6;2,6;0,32;Graduate;0,857142857;1;1;13,05;1,570895158;21,99253221
3425;1;1;1;9085;1;1;130;1;9;19;4;1;134,20;1;0;0;1;18;0;0;7;7;6;12,95;0;0;7;7;6;12,95;0;7,6;2,6;0,32;Graduate;0,857142857;1;0;12,95;1,565425792;21,91596108
1537;1;39;1;9500;1;1;130;1;37;19;9;8;106,20;1;0;0;0;18;0;0;7;7;6;12,92;0;0;7;7;6;12,92;0;7,6;2,6;0,32;Graduate;0,857142857;1;0;12,91666667;1,56360267;21,89043737
2464;1;17;5;9254;1;1;130;1;37;38;9;9;122,70;1;0;0;1;18;0;0;7;7;6;12,92;0;0;7;7;6;12,92;0;7,6;2,6;0,32;Graduate;0,857142857;1;0;12,91666667;1,56360267;21,89043737
660;1;39;1;9003;1;1;130;1;19;19;9;9;120,00;0;0;0;1;19;0;0;7;7;6;12,90;0;0;7;7;6;12,90;0;7,6;2,6;0,32;Graduate;0,857142857;1;0;12,9;1,562691109;21,87767552
3541;1;17;1;9119;1;1;130;1;1;3;4;2;123,00;0;0;0;0;19;0;0;7;7;6;12,77;0;0;7;7;6;12,77;0;7,6;2,6;0,32;Graduate;0,857142857;1;0;12,76666667;1,55539862;21,77558068
3143;1;1;1;9147;1;1;130;1;38;38;2;9;124,80;0;0;0;0;19;0;0;7;7;6;12,67;0;0;7;7;6;12,67;0;7,6;2,6;0,32;Graduate;0,857142857;1;0;12,66666667;1,549929254;21,69900955
1262;1;42;1;9119;1;1;130;1;19;37;9;3;135,00;0;0;0;1;20;0;0;7;7;6;12,63;0;0;7;7;6;12,63;0;7,6;2,6;0,32;Graduate;0,857142857;1;0;12,63333333;1,548106132;21,67348584
3795;1;17;1;9119;1;1;130;1;19;19;7;9;121,30;1;0;0;0;19;0;0;7;7;6;12,45;0;0;7;7;6;12,45;0;7,6;2,6;0,32;Graduate;0,857142857;1;0;12,45;1,53807896;21,53310544
2631;1;39;1;9991;0;1;130;1;1;1;9;7;152,10;0;0;0;0;19;0;0;7;7;6;12,18;0;0;7;7;6;12,18;0;7,6;2,6;0,32;Graduate;0,857142857;1;0;12,18333333;1,523493983;21,32891577
3806;2;43;1;9991;0;1;130;1;37;37;9;9;110,00;1;0;0;0;19;0;0;7;7;6;11,97;0;0;7;7;6;11,97;0;7,6;2,6;0,32;Graduate;0,857142857;1;0;11,96666667;1,51164369;21,16301166
1523;1;17;1;9085;1;1;130;1;19;1;9;4;101,30;1;0;0;0;19;0;0;7;7;6;11,68;0;0;7;7;6;11,68;0;7,6;2,6;0,32;Graduate;0,857142857;1;0;11,68333333;1,496147152;20,94606013
3690;1;43;1;9130;1;1;130;1;1;1;1;1;130,00;1;0;0;0;36;0;0;7;7;6;11,30;0;0;7;7;6;11,30;0;7,6;2,6;0,32;Graduate;0,857142857;1;0;11,3;1,475181248;20,65253747
295;1;1;1;9070;1;1;130;1;38;37;3;6;135,60;1;0;0;0;20;1;0;7;9;6;14,71;0;1;7;16;6;13,20;0;12,4;0,5;1,79;Enrolled;0,857142857;1;0;13,95714286;1,620510124;40,51275309
4296;1;39;1;9003;1;1;130;1;38;19;9;6;120,00;1;0;0;0;18;0;0;7;12;6;12,00;0;0;7;11;6;12,17;0;13,9;-0,3;0,79;Enrolled;0,857142857;1;0;12,08333333;1,518024617;34,91456619
646;1;1;1;9147;1;1;130;1;19;37;9;9;131,80;1;0;0;0;26;0;0;7;9;7;14,75;0;0;7;12;5;13,80;3;16,2;0,3;-0,92;Enrolled;0,857142857;1;0;14,275;1,637894895;34,3957928
1840;1;39;1;9070;1;1;130;1;1;19;4;4;110,00;1;0;0;0;18;0;0;7;10;6;10,67;0;0;7;12;6;12,83;0;13,9;-0,3;0,79;Enrolled;0,857142857;1;0;11,75;1,499793396;32,99545472
557;1;17;1;9147;1;1;130;1;19;1;7;4;117,80;1;0;0;1;19;0;0;7;9;5;14,06;0;0;7;9;7;11,24;0;12,4;0,5;1,79;Enrolled;0,857142857;1;0;12,65142857;1,549095827;27,88372488
2765;1;39;1;9991;0;1;130;1;37;37;9;9;130,10;0;0;0;0;22;0;0;7;10;6;11,50;0;0;7;8;6;13,17;0;11,1;0,6;2,02;Enrolled;0,857142857;0;0;12,33333333;1,531698033;27,57056459
1385;1;39;1;9070;1;1;130;1;1;1;5;3;112,00;1;0;0;0;18;0;0;7;9;6;12,18;0;0;7;9;6;11,78;0;16,2;0,3;-0,92;Enrolled;0,857142857;1;0;11,98333333;1,512555251;27,22599452
1319;1;43;1;9254;1;1;130;1;1;19;5;7;130,00;0;0;1;0;19;0;0;7;9;6;12,93;0;0;7;7;6;13,72;0;16,2;0,3;-0,92;Enrolled;0,857142857;1;0;13,325;1,585935915;25,37497464
3462;4;43;1;9500;1;1;130;1;37;37;9;9;103,70;0;0;0;0;26;0;0;7;8;6;12,00;0;0;7;8;6;12,00;0;7,6;2,6;0,32;Enrolled;0,857142857;1;0;12;1,513466812;24,21546899
456;2;39;1;8014;0;1;130;1;34;34;99;99;114,80;0;0;1;0;18;0;0;7;8;6;11,83;0;0;7;8;6;11,83;0;7,6;2,6;0,32;Enrolled;0,857142857;1;0;11,83333333;1,504351201;24,06961922
345;1;42;1;9147;1;1;130;1;37;38;9;1;130,00;1;0;0;0;18;0;0;7;7;6;11,67;0;0;7;8;6;13,50;0;16,2;0,3;-0,92;Enrolled;0,857142857;1;0;12,58333333;1,545371449;23,18057173
1176;1;17;4;9254;1;1;130;1;19;1;5;5;130,00;1;0;1;0;20;0;0;7;7;6;13,02;0;0;7;7;6;13,02;0;7,6;2,6;0,32;Enrolled;0,857142857;1;0;13,01666667;1,569072036;21,9670085
3486;2;39;1;9670;1;1;130;1;19;38;9;9;162,30;0;0;0;0;28;0;14;18;23;14;12,79;2;16;17;18;16;13,88;0;16,2;0,3;-0,92;Dropout;0,857142857;1;0;13,33035714;1,586228917;65,0353856
4072;1;1;2;9254;1;1;130;1;1;38;4;9;122,70;1;0;1;0;19;0;0;7;10;6;13,67;0;0;7;9;6;12,50;0;12,4;0,5;1,79;Dropout;0,857142857;1;0;13,08333333;1,57271828;29,88164732
2392;1;43;1;9003;1;1;130;1;37;1;5;4;130,00;0;0;1;1;20;0;8;14;15;12;10,92;0;7;13;14;11;12,18;0;11,1;0,6;2,02;Graduate;0,851851852;1;0;11,55244755;1,483697524;43,02722819
522;1;17;1;9130;1;1;130;1;3;19;2;9;115,90;0;0;1;0;21;0;5;11;16;9;11,90;0;3;9;14;8;12,25;0;15,5;2,8;-4,06;Graduate;0,85;1;0;12,075;1,510425979;45,31277938
1637;2;39;1;9130;1;1;130;1;1;19;6;6;154,00;1;0;0;0;37;1;5;10;11;7;13,43;0;5;10;11;10;11,60;0;8,9;1,4;3,51;Graduate;0,85;1;0;12,51428571;1,534452124;33,75794673
734;2;39;2;9147;1;1;130;1;19;37;4;7;140,00;0;0;1;0;41;0;3;7;15;5;14,33;0;1;6;16;6;14,64;0;12,4;0,5;1,79;Enrolled;0,846153846;1;0;14,48484848;1,638383266;50,78988126
2242;2;39;1;9991;0;1;130;1;37;37;9;9;127,80;0;0;0;0;31;0;2;6;12;4;12,25;0;3;7;9;7;12,00;0;9,4;-0,8;-3,12;Enrolled;0,846153846;1;0;12,125;1,509314509;31,69560468
2303;1;1;1;9147;1;1;130;1;37;37;9;9;118,80;0;0;0;0;20;0;6;14;22;12;12,15;0;5;12;18;10;12,90;0;10,8;1,4;1,74;Dropout;0,846153846;1;0;12,52692308;1,531297154;61,25188616
3074;1;39;1;9119;1;1;130;1;19;37;9;4;149,00;1;0;0;0;31;0;3;7;8;6;13,67;0;1;6;8;5;13,50;0;9,4;-0,8;-3,12;Dropout;0,846153846;1;1;13,58333333;1,589076101;25,42521761
3595;1;1;1;9130;1;1;130;1;2;3;9;1;117,60;0;0;1;0;20;0;1;7;7;6;13,83;0;1;6;7;5;13,00;0;8,9;1,4;3,51;Dropout;0,846153846;1;0;13,41666667;1,57996049;22,11944686
2944;1;39;1;9003;1;1;130;1;19;19;9;1;140,00;0;0;0;0;32;0;4;11;15;8;13,60;0;2;8;10;8;15,11;0;13,9;-0,3;0,79;Graduate;0,842105263;1;0;14,35555556;1,627263179;40,68157949
1710;1;1;3;9500;1;1;130;1;37;38;9;5;130,50;1;0;1;0;32;0;8;18;27;13;13,71;1;7;12;18;12;12,08;0;15,5;2,8;-4,06;Graduate;0,833333333;1;0;12,89880952;1,538816473;69,24674129
1435;1;1;2;9500;1;1;130;1;1;38;9;9;125,10;1;0;0;0;21;0;10;13;21;11;13,27;0;6;11;13;9;13,00;0;7,6;2,6;0,32;Graduate;0,833333333;1;0;13,13636364;1,551809178;52,76151204
1813;2;51;1;9500;1;1;130;1;37;37;5;5;120,00;0;0;0;0;38;0;0;6;17;4;13,75;0;0;6;15;6;14,50;0;16,2;0,3;-0,92;Graduate;0,833333333;1;0;14,125;1,605881322;51,3882023
2817;1;1;1;9500;1;1;130;1;19;19;9;6;135,00;0;0;1;0;34;0;0;6;15;5;13,33;0;0;6;15;5;12,40;0;12,4;0,5;1,79;Graduate;0,833333333;1;0;12,86666667;1,537058463;46,11175388
116;1;43;1;9500;1;1;130;1;38;38;9;5;100,00;0;0;1;0;20;0;0;6;14;5;11,71;0;0;6;15;5;12,00;0;16,2;0,3;-0,92;Graduate;0,833333333;1;0;11,85714286;1,481843908;42,97347332
615;1;1;1;9500;1;1;130;1;19;37;9;9;117,80;1;0;0;0;19;0;0;6;12;5;14,00;0;0;6;14;5;11,00;0;16,2;0,3;-0,92;Graduate;0,833333333;1;0;12,5;1,51700412;39,44210711
4144;1;39;1;9556;1;1;130;1;19;38;9;8;113,30;0;0;0;0;21;0;2;6;14;5;13,67;0;2;6;10;5;13,00;0;16,2;0,3;-0,92;Graduate;0,833333333;1;0;13,33333333;1,562582172;37,50197213
1177;1;16;2;9238;1;1;130;1;37;37;5;6;126,90;1;0;0;0;58;0;0;6;14;5;12,40;0;0;6;10;5;11,60;0;9,4;-0,8;-3,12;Graduate;0,833333333;1;0;12;1,489657288;35,75177491
3232;2;39;1;9147;1;1;130;1;37;37;9;9;142,50;0;0;0;0;34;0;0;6;10;5;13,83;0;0;6;13;5;12,50;0;16,2;0,3;-0,92;Graduate;0,833333333;1;0;13,16666667;1,553466561;35,72973091
2477;1;43;2;9500;1;1;130;1;38;37;4;4;126,80;1;0;1;0;19;0;0;6;9;6;12,17;0;0;6;14;4;13,00;0;12,4;0,5;1,79;Graduate;0,833333333;1;0;12,58333333;1,521561925;34,99592427
56;1;1;1;9500;1;1;130;1;1;19;5;5;129,10;1;0;0;0;19;0;0;6;11;5;11,20;0;0;6;13;5;11,60;0;15,5;2,8;-4,06;Graduate;0,833333333;1;0;11,4;1,45684109;34,96418617
2384;1;53;1;9003;1;1;130;1;19;1;9;9;130,00;0;0;0;0;31;0;1;6;12;5;12,50;0;0;6;10;5;14,60;0;12,7;3,7;-1,7;Graduate;0,833333333;1;0;13,55;1,574432466;34,63751424
3975;1;43;1;9085;1;1;130;1;19;38;7;7;120,20;1;0;1;0;27;0;0;6;10;5;13,00;0;0;6;13;5;11,50;0;16,2;0,3;-0,92;Graduate;0,833333333;1;0;12,25;1,503330704;34,57660619
2345;1;17;1;9500;1;1;130;1;3;3;2;2;131,10;0;0;1;1;21;0;0;6;15;6;11,71;0;0;6;8;4;11,75;0;13,9;-0,3;0,79;Graduate;0,833333333;1;0;11,73214286;1,4750072;33,9251656
2970;1;39;1;9670;1;1;130;1;19;3;4;2;159,00;0;0;0;0;21;0;2;6;7;6;13,00;0;1;6;15;4;12,80;0;12,4;0,5;1,79;Graduate;0,833333333;1;0;12,9;1,538881585;33,85539486
1416;1;1;2;9085;1;1;130;1;19;19;90;90;122,00;0;0;0;0;18;0;0;6;11;6;12,00;0;0;6;11;4;12,50;0;8,9;1,4;3,51;Graduate;0,833333333;1;0;12,25;1,503330704;33,07327548
3689;5;39;1;9238;1;1;130;1;19;38;9;10;146,00;0;0;1;0;18;0;0;6;9;6;13,57;0;0;6;11;4;14,00;0;12,4;0,5;1,79;Graduate;0,833333333;1;0;13,78571429;1,587324543;31,74649087
1174;1;39;1;9991;0;1;130;1;1;1;4;10;115,20;0;0;0;1;18;0;0;6;10;5;12,00;0;0;6;11;5;12,33;0;11,1;0,6;2,02;Graduate;0,833333333;1;0;12,16666667;1,498772899;31,47423087
991;1;17;1;9500;1;1;130;1;1;3;9;2;128,60;1;0;1;0;19;0;0;6;12;4;12,25;0;0;6;9;6;11,00;0;9,4;-0,8;-3,12;Graduate;0,833333333;1;0;11,625;1,469147165;30,85209045
3374;1;17;1;9147;1;1;130;1;37;37;9;7;119,90;0;0;0;1;18;0;0;6;12;4;11,00;0;0;6;9;6;11,50;0;9,4;-0,8;-3,12;Graduate;0,833333333;1;0;11,25;1,448637041;30,42137786
914;4;39;1;8014;0;1;130;1;37;37;9;7;138,00;0;0;0;0;18;0;0;6;10;5;11,80;0;0;6;10;5;12,20;0;11,1;0,6;2,02;Graduate;0,833333333;1;0;12;1,489657288;29,79314576
1119;1;39;2;9556;1;1;130;1;37;37;9;9;159,00;1;0;0;0;18;0;0;6;8;6;11,88;0;0;6;11;4;14,60;0;11,1;0,6;2,02;Graduate;0,833333333;1;0;13,2375;1,557340696;29,58947322
1141;1;1;6;9500;1;1;130;1;38;19;5;6;125,10;1;0;0;1;24;0;0;6;11;5;11,00;0;0;6;9;5;12,60;0;11,1;0,6;2,02;Graduate;0,833333333;1;0;11,8;1,478718556;29,57437111
132;1;17;2;9070;1;1;130;1;37;37;9;9;123,70;1;0;0;1;22;0;0;6;10;5;10,71;0;0;6;10;5;12,20;0;12,7;3,7;-1,7;Graduate;0,833333333;1;0;11,45714286;1,459966443;29,19932885
4303;1;17;6;9147;1;1;130;1;37;37;9;9;110,40;1;0;1;0;20;0;0;6;10;6;12,33;0;0;6;9;4;13,00;0;12,4;0,5;1,79;Graduate;0,833333333;1;0;12,66666667;1,52611973;28,99627487
3509;1;1;1;9147;1;1;130;1;19;19;9;7;119,50;1;0;1;0;35;0;1;6;7;5;12,80;0;1;6;11;5;13,83;0;15,5;2,8;-4,06;Graduate;0,833333333;1;0;13,31666667;1,561670611;28,110071
3899;2;39;1;9254;1;1;130;1;37;37;4;7;120,00;1;0;1;0;21;0;0;6;9;5;13,40;0;0;6;9;5;12,40;0;8,9;1,4;3,51;Graduate;0,833333333;1;0;12,9;1,538881585;27,69986852
438;1;1;1;9670;1;1;130;1;19;37;4;5;118,80;0;0;0;0;20;0;0;6;10;4;11,00;0;0;6;9;6;11,83;0;9,4;-0,8;-3,12;Graduate;0,833333333;1;0;11,41666667;1,457752651;27,69730038
3087;1;43;1;9991;0;1;130;1;37;37;9;9;119,50;1;0;0;1;19;0;0;6;10;5;12,00;0;0;6;9;5;10,80;0;9,4;-0,8;-3,12;Graduate;0,833333333;1;0;11,4;1,45684109;27,67998072
199;1;1;1;9853;1;1;130;1;19;19;3;8;131,80;0;0;0;1;18;0;0;6;10;5;10,57;1;0;6;9;5;12,20;0;12,7;3,7;-1,7;Graduate;0,833333333;1;1;11,38571429;1,456059752;27,66513529
3399;2;1;5;9500;1;1;130;1;1;19;4;4;122,30;0;0;0;1;39;0;0;6;9;6;11,83;0;0;6;9;4;13,75;0;11,1;0,6;2,02;Graduate;0,833333333;1;0;12,79166667;1,532956438;27,59321588
1060;1;1;1;9500;1;1;130;1;19;19;4;10;116,80;0;0;0;0;18;0;0;6;8;5;12,20;0;0;6;10;5;12,80;0;10,8;1,4;1,74;Graduate;0,833333333;1;0;12,5;1,51700412;27,30607415
1340;1;18;1;9500;1;1;130;1;37;38;7;8;119,30;1;0;0;1;24;0;0;6;11;4;12,00;0;0;6;7;6;13,00;0;10,8;1,4;1,74;Graduate;0,833333333;1;0;12,5;1,51700412;27,30607415
1620;1;42;1;9670;1;1;130;1;1;1;9;10;116,30;1;0;0;1;18;0;0;6;7;6;14,17;0;0;6;10;4;14,00;0;15,5;2,8;-4,06;Graduate;0,833333333;1;0;14,08333333;1,603602419;27,26124113
4088;1;39;1;9500;1;1;130;1;38;37;5;7;120,00;1;0;0;1;18;0;0;6;10;4;12,40;0;0;6;8;6;12,50;0;12,4;0,5;1,79;Graduate;0,833333333;1;0;12,45;1,514269436;27,25684986
1783;1;39;1;9500;1;1;130;1;37;37;3;7;143,80;0;0;0;0;22;0;2;6;9;6;13,33;0;1;6;9;4;11,50;0;13,9;-0,3;0,79;Graduate;0,833333333;1;0;12,41666667;1,512446314;27,22403366
1091;1;17;1;9130;1;1;130;1;1;1;4;5;123,80;0;0;0;1;20;0;0;6;8;4;11,75;0;0;6;10;6;12,67;0;10,8;1,4;1,74;Graduate;0,833333333;1;0;12,20833333;1,501051801;27,01893242
2239;1;39;1;9130;1;1;130;1;19;1;191;144;110,00;0;0;0;0;21;0;0;6;8;5;13,20;0;0;6;9;5;14,33;0;9,4;-0,8;-3,12;Graduate;0,833333333;1;0;13,76666667;1,586282759;26,96680691
47;1;17;2;9238;1;1;130;1;19;19;9;9;127,60;1;0;0;0;19;0;0;6;11;4;12,75;0;0;6;7;6;11,33;0;7,6;2,6;0,32;Graduate;0,833333333;1;0;12,04166667;1,491936191;26,85485143
1418;1;17;1;9670;1;1;130;1;3;19;5;5;121,60;0;0;1;0;22;1;0;6;10;5;11,50;0;0;6;8;5;12,40;0;13,9;-0,3;0,79;Graduate;0,833333333;0;1;11,95;1,486922605;26,76460689
3914;1;1;2;9670;1;1;130;1;26;30;0;5;128,60;1;0;0;1;20;0;0;6;8;5;13,40;0;0;6;9;5;13,67;0;9,4;-0,8;-3,12;Graduate;0,833333333;1;0;13,53333333;1,573520905;26,74985538
2678;1;43;1;9991;0;1;130;1;37;37;9;9;124,00;0;0;1;0;20;0;0;6;9;5;11,00;0;0;6;9;5;12,17;0;11,1;0,6;2,02;Graduate;0,833333333;1;0;11,58333333;1,466868262;26,40362871
1554;1;1;2;9085;1;1;130;1;1;38;5;5;122,30;1;0;0;0;18;0;0;6;8;6;11,67;0;0;6;10;4;11,50;0;13,9;-0,3;0,79;Graduate;0,833333333;1;0;11,58333333;1,466868262;26,40362871
2437;1;39;1;9003;1;1;130;1;1;3;2;6;110,00;0;0;0;1;18;0;0;6;7;6;12,86;0;0;6;10;4;13,00;0;12,7;3,7;-1,7;Graduate;0,833333333;1;0;12,92857143;1,540444261;26,18755243
4329;2;43;2;9853;1;1;130;1;38;31;4;1;124,20;0;0;0;1;51;0;0;6;8;5;11,60;0;0;6;9;5;14,20;0;12,4;0,5;1,79;Graduate;0,833333333;1;1;12,9;1,538881585;26,16098694
3042;1;17;5;9500;1;1;130;1;19;1;9;4;128,80;1;0;1;1;19;0;0;6;7;4;13,75;0;0;6;10;6;11,56;0;10,8;1,4;1,74;Graduate;0,833333333;1;0;12,65277778;1,525360096;25,93112163
4298;1;1;1;9773;1;1;130;1;38;37;9;6;133,90;0;0;0;0;20;0;0;6;10;5;11,67;0;0;6;7;5;12,60;0;12,4;0,5;1,79;Graduate;0,833333333;1;0;12,13333333;1,496949776;25,4481462
785;1;1;2;9773;1;1;130;1;1;34;9;9;124,80;1;0;0;1;19;0;0;6;9;5;13,20;0;0;6;8;5;11,00;0;12,4;0,5;1,79;Graduate;0,833333333;1;0;12,1;1,495126654;25,41715312
3759;1;44;1;9085;1;1;130;1;1;1;4;3;130,00;1;0;0;0;60;0;0;6;10;6;12,75;0;0;6;6;4;14,75;0;13,9;-0,3;0,79;Graduate;0,833333333;1;0;13,75;1,585371198;25,36593917
4138;2;39;1;9254;1;1;130;1;37;37;9;9;125,00;0;0;0;1;43;0;0;6;8;5;11,00;0;0;6;9;5;13,00;0;12,4;0,5;1,79;Graduate;0,833333333;1;0;12;1,489657288;25,3241739
1195;2;39;1;9003;1;1;130;1;38;37;9;9;144,00;0;0;0;0;19;0;0;6;10;4;10,25;0;0;6;8;6;10,71;0;11,1;0,6;2,02;Graduate;0,833333333;1;0;10,48214286;1,406640121;25,31952218
1094;1;18;4;9773;1;1;130;1;19;19;4;4;121,30;1;0;0;0;19;0;0;6;10;5;12,60;0;0;6;7;5;11,20;0;10,8;1,4;1,74;Graduate;0,833333333;1;0;11,9;1,484187922;25,23119467
971;1;43;1;9670;1;1;130;1;34;34;0;0;114,80;0;0;0;0;18;0;0;6;8;5;13,00;0;0;6;8;5;14,00;0;13,9;-0,3;0,79;Graduate;0,833333333;1;0;13,5;1,571697782;25,14716452
2909;1;43;1;9085;1;1;130;1;37;37;90;90;125,10;0;0;0;1;22;0;0;6;10;5;10,80;0;0;6;7;5;12,80;0;12,7;3,7;-1,7;Graduate;0,833333333;1;0;11,8;1,478718556;25,13821544
1804;1;43;2;9670;1;1;130;1;19;1;4;4;127,60;1;0;1;1;20;0;0;6;10;5;12,60;0;0;6;6;5;13,20;0;12,4;0,5;1,79;Graduate;0,833333333;1;0;12,9;1,538881585;24,62210536
265;1;1;1;9238;1;1;130;1;38;19;9;5;121,60;0;0;0;0;20;0;0;6;8;5;11,00;0;0;6;9;5;11,40;0;13,9;-0,3;0,79;Graduate;0,833333333;1;1;11,2;1,445902358;24,58034008
1058;1;1;1;9500;1;1;130;1;1;38;1;7;120,00;0;0;0;0;22;0;0;6;7;5;13,40;0;0;6;9;5;12,20;0;7,6;2,6;0,32;Graduate;0,833333333;1;0;12,8;1,533412218;24,53459549
3954;1;1;1;9085;1;1;130;1;37;11;90;90;122,60;0;0;0;0;18;0;0;6;9;5;11,40;0;0;6;8;5;10,80;0;9,4;-0,8;-3,12;Graduate;0,833333333;1;0;11,1;1,440432991;24,48736086
2415;1;43;2;9147;1;1;130;1;34;37;9;9;118,50;1;0;0;1;18;0;0;6;7;6;11,29;0;0;6;9;4;13,50;0;16,2;0,3;-0,92;Graduate;0,833333333;1;0;12,39285714;1,511144084;24,17830535
1679;1;17;1;9085;1;1;130;1;37;36;4;90;127,60;0;0;0;0;21;1;0;6;6;6;11,50;0;0;6;10;4;13,25;0;13,9;-0,3;0,79;Graduate;0,833333333;0;0;12,375;1,510167412;24,16267859
2557;1;15;1;9147;1;1;130;26;1;1;2;3;130,00;0;0;1;0;19;0;0;6;8;5;12,00;0;0;6;8;5;12,40;0;9,4;-0,8;-3,12;Graduate;0,833333333;1;0;12,2;1,500596021;24,00953633
4360;1;1;4;9238;1;1;130;1;1;19;4;5;124,80;1;0;0;1;22;0;0;6;7;6;12,17;0;0;6;9;4;12,00;0;9,4;-0,8;-3,12;Graduate;0,833333333;1;0;12,08333333;1,494215093;23,90744149
2539;1;15;1;9670;1;1;130;26;42;1;2;7;130,00;0;1;0;1;21;0;0;6;9;5;12,33;0;0;6;7;5;11,80;0;13,9;-0,3;0,79;Graduate;0,833333333;1;0;12,06666667;1,493303532;23,89285652
3233;1;1;2;9773;1;1;130;1;19;38;3;9;126,50;1;0;0;0;18;0;0;6;8;5;15,40;0;0;6;7;5;12,20;0;7,6;2,6;0,32;Graduate;0,833333333;1;0;13,8;1,588105881;23,82158822
2281;1;43;1;9003;1;1;130;1;1;2;4;2;130,00;0;0;0;0;19;0;0;6;8;5;11,80;0;0;6;8;5;11,60;0;10,8;1,4;1,74;Graduate;0,833333333;1;0;11,7;1,473249189;23,57198703
171;1;39;1;9085;1;1;130;1;37;19;9;7;130,00;1;0;0;1;20;0;0;6;9;5;13,00;0;0;6;6;5;13,80;0;12,4;0,5;1,79;Graduate;0,833333333;1;0;13,4;1,566228416;23,49342624
984;2;39;1;9991;0;1;130;1;38;38;9;3;145,60;0;0;1;0;19;0;0;6;9;5;13,33;0;0;6;6;5;13,00;0;12,4;0,5;1,79;Graduate;0,833333333;1;0;13,16666667;1,553466561;23,30199842
2836;2;43;1;9147;1;1;130;1;19;37;7;10;138,00;0;0;1;0;19;0;0;6;7;5;13,60;0;0;6;8;5;12,67;0;15,5;2,8;-4,06;Graduate;0,833333333;1;0;13,13333333;1,551643439;23,27465159
2585;1;1;1;9853;1;1;130;1;19;12;9;4;133,20;1;0;0;0;39;0;0;6;10;4;11,25;0;0;6;6;6;11,33;0;10,8;1,4;1,74;Graduate;0,833333333;1;0;11,29166667;1,450915944;23,2146551
1374;1;1;1;9773;1;1;130;1;1;38;3;5;128,60;1;0;0;1;22;0;0;6;9;6;12,83;0;0;6;6;4;13,25;0;16,2;0,3;-0,92;Graduate;0,833333333;1;0;13,04166667;1,546629854;23,1994478
1738;1;1;5;9500;1;1;130;1;1;3;9;10;118,10;1;0;0;0;34;0;0;6;7;5;12,40;0;0;6;8;5;12,80;0;9,4;-0,8;-3,12;Graduate;0,833333333;1;0;12,6;1,522473486;22,83710229
2074;1;1;3;9085;1;1;130;1;1;19;9;9;121,30;1;0;0;1;19;0;0;6;8;5;10,60;0;0;6;8;5;11,00;0;10,8;1,4;1,74;Graduate;0,833333333;0;0;10,8;1,424024893;22,78439828
4378;2;43;1;9991;0;1;130;1;37;37;9;9;103,80;0;0;0;0;24;0;0;6;8;5;12,60;0;0;6;7;5;12,20;0;9,4;-0,8;-3,12;Graduate;0,833333333;1;0;12,4;1,511534753;22,6730213
1476;1;17;1;9130;1;1;130;1;19;38;4;7;122,50;0;0;0;1;19;0;0;6;8;6;11,17;0;0;6;7;4;13,40;0;16,2;0,3;-0,92;Graduate;0,833333333;1;0;12,28333333;1,505153826;22,57730739
1832;1;1;1;9238;1;1;130;1;1;1;4;4;124,80;0;0;0;1;19;0;0;6;7;5;11,40;0;0;6;8;5;12,80;0;12,7;3,7;-1,7;Graduate;0,833333333;1;0;12,1;1,495126654;22,42689982
3753;1;1;2;9773;1;1;130;1;1;1;9;4;126,20;1;0;0;0;59;1;0;6;8;6;12,17;0;0;6;7;4;11,75;0;11,1;0,6;2,02;Graduate;0,833333333;1;0;11,95833333;1,487378385;22,31067578
1063;1;39;1;8014;0;1;130;1;37;11;9;10;131,50;0;0;0;1;19;0;0;6;8;5;11,67;0;0;6;7;5;12,20;0;8,9;1,4;3,51;Graduate;0,833333333;1;0;11,93333333;1,486011044;22,29016566
2894;2;43;1;8014;0;1;130;1;34;34;0;0;130,00;0;0;0;0;20;0;0;6;6;4;13,50;0;0;6;8;6;13,63;0;10,8;1,4;1,74;Graduate;0,833333333;1;0;13,5625;1,575116136;22,05162591
372;4;39;1;9991;0;1;130;1;38;19;9;7;148,00;0;0;0;1;22;0;0;6;7;5;13,20;0;0;6;7;5;13,60;0;12,4;0,5;1,79;Graduate;0,833333333;1;0;13,4;1,566228416;21,92719783
1763;1;39;1;9773;1;1;130;1;1;19;1;3;161,50;0;0;0;0;18;0;0;6;8;5;11,80;0;0;6;7;5;10,40;1;16,2;0,3;-0,92;Graduate;0,833333333;1;0;11,1;1,440432991;21,60649487
3751;1;17;2;9500;1;1;130;1;38;38;7;7;122,50;1;0;1;1;20;0;0;6;6;6;12,17;0;0;6;8;4;12,75;0;9,4;-0,8;-3,12;Graduate;0,833333333;1;0;12,45833333;1,514725217;21,20615304
1504;2;39;1;9500;1;1;130;1;37;37;191;183;163,70;0;0;1;0;21;1;0;6;7;5;14,60;0;0;6;6;5;14,20;0;16,2;0,3;-0,92;Graduate;0,833333333;1;0;14,4;1,620922079;21,07198703
4285;1;39;2;9556;1;1;130;1;37;19;9;8;110,00;0;0;0;0;20;0;0;6;6;6;11,00;0;0;6;8;4;12,75;0;9,4;-0,8;-3,12;Graduate;0,833333333;1;0;11,875;1,48282058;20,75948812
4295;1;39;1;9003;1;1;130;1;38;37;7;7;120,00;0;0;1;0;21;0;0;6;7;5;11,00;0;0;6;7;5;12,40;0;15,5;2,8;-4,06;Graduate;0,833333333;1;0;11,7;1,473249189;20,62548865
135;1;43;1;9238;1;1;130;1;38;37;9;7;133,20;0;0;0;1;19;0;0;6;8;4;11,25;0;0;6;6;6;12,00;0;10,8;1,4;1,74;Graduate;0,833333333;1;0;11,625;1,469147165;20,5680603
2310;1;17;3;9119;1;1;130;1;1;38;3;3;129,30;0;0;1;0;19;0;0;6;6;6;11,83;0;0;6;8;4;10,75;2;16,2;0,3;-0,92;Graduate;0,833333333;1;0;11,29166667;1,450915944;20,31282321
3990;1;43;1;9238;1;1;130;1;38;19;9;4;118,40;0;0;0;0;19;0;0;6;7;5;13,40;0;0;6;6;5;12,80;0;12,7;3,7;-1,7;Graduate;0,833333333;1;0;13,1;1,549820317;20,14766412
3757;1;39;1;8014;0;1;130;1;37;37;9;9;120,00;0;0;1;0;23;0;0;6;7;6;13,33;0;0;6;6;4;12,75;0;11,1;0,6;2,02;Graduate;0,833333333;1;0;13,04166667;1,546629854;20,1061881
1634;1;43;1;8014;0;1;130;1;38;3;132;122;100,00;0;0;0;0;18;0;0;6;13;6;12,00;0;0;6;16;4;12,75;0;11,1;0,6;2,02;Enrolled;0,833333333;1;1;12,375;1,510167412;43,79485494
2748;1;42;1;9003;1;1;130;1;3;2;2;6;105,30;0;0;1;0;23;0;0;6;14;5;12,00;0;0;6;12;5;12,14;0;15,5;2,8;-4,06;Enrolled;0,833333333;1;0;12,07142857;1,493563978;38,83266344
1312;1;1;1;9085;1;1;130;1;37;37;9;6;126,50;1;0;1;0;18;0;0;6;16;5;13,80;0;0;6;7;5;12,40;0;13,9;-0,3;0,79;Enrolled;0,833333333;1;0;13,1;1,549820317;35,6458673
2633;1;43;1;9500;1;1;130;1;1;1;7;4;136,00;1;0;0;0;22;0;0;6;10;6;12,57;0;0;6;12;4;13,67;0;15,5;2,8;-4,06;Enrolled;0,833333333;1;0;13,11904762;1,550862101;34,11896623
3029;1;39;1;8014;0;1;130;1;37;37;9;6;134,00;0;0;0;1;20;0;0;6;10;5;13,20;0;0;6;12;5;12,83;0;9,4;-0,8;-3,12;Enrolled;0,833333333;1;0;13,01666667;1,545262512;33,99577527
2056;1;1;1;9070;1;1;130;41;37;19;9;8;125,50;1;0;0;0;28;0;0;6;8;6;14,43;0;0;6;12;4;15,60;0;11,1;0,6;2,02;Enrolled;0,833333333;1;0;15,01428571;1,654519615;33,0903923
2220;1;1;1;9070;1;1;130;1;37;1;9;8;120,20;1;0;0;0;18;0;0;6;9;5;12,40;0;0;6;12;5;14,17;0;8,9;1,4;3,51;Enrolled;0,833333333;0;0;13,28333333;1,559847489;32,75679727
2008;1;16;3;9085;1;1;130;1;37;37;9;2;119,50;1;0;1;0;21;0;0;6;10;6;12,29;0;0;6;11;4;14,25;0;15,5;2,8;-4,06;Enrolled;0,833333333;1;0;13,26785714;1,559001039;32,73902182
4115;1;17;2;9773;1;1;130;1;2;1;2;7;126,20;1;0;1;0;20;0;1;6;8;6;13,43;1;0;6;12;4;11,50;0;13,9;-0,3;0,79;Enrolled;0,833333333;1;0;12,46428571;1,515050774;30,30101549
3692;1;17;5;9119;1;1;130;1;19;1;4;5;118,10;1;0;0;0;18;0;0;6;10;5;12,20;0;0;6;10;5;11,60;0;16,2;0,3;-0,92;Enrolled;0,833333333;1;0;11,9;1,484187922;29,68375844
2900;1;17;2;171;1;1;131;1;2;1;3;3;148,90;1;0;0;0;21;0;0;6;10;6;10,83;0;0;6;10;4;11,00;0;7,6;2,6;0,32;Enrolled;0,833333333;1;0;10,91666667;1,43040582;28,6081164
1147;1;1;1;171;1;1;131;1;19;38;4;5;132,80;1;0;0;1;20;0;0;6;11;5;10,60;0;0;6;9;5;11,17;0;11,1;0,6;2,02;Enrolled;0,833333333;1;0;10,88333333;1,428582698;28,57165396
4085;2;39;1;9147;1;1;130;1;1;19;9;9;109,90;0;0;1;0;42;0;0;6;9;5;12,40;0;0;6;10;5;11,80;0;7,6;2,6;0,32;Enrolled;0,833333333;1;0;12,1;1,495126654;28,40740643
377;1;18;4;9147;1;1;130;1;37;37;9;9;119,90;1;0;0;0;20;0;1;6;9;6;12,67;0;1;6;10;4;11,50;0;13,9;-0,3;0,79;Enrolled;0,833333333;1;0;12,08333333;1,494215093;28,39008677
1576;1;1;4;171;1;1;131;1;19;19;4;4;119,80;1;1;0;0;18;0;0;6;9;5;12,33;0;0;6;10;5;10,60;0;15,5;2,8;-4,06;Enrolled;0,833333333;1;0;11,46666667;1,460487335;27,74925936
462;1;51;1;9070;1;1;130;1;19;19;5;7;124,50;0;0;1;0;21;0;0;6;8;6;12,57;0;0;6;10;4;13,00;0;12,7;3,7;-1,7;Enrolled;0,833333333;1;0;12,78571429;1,53263088;27,58735585
106;1;51;1;9070;1;1;130;1;3;1;2;8;122,20;0;0;0;0;22;0;0;6;10;5;13,17;0;0;6;8;5;12,40;0;15,5;2,8;-4,06;Enrolled;0,833333333;1;0;12,78333333;1,532500657;27,58501183
2451;1;1;1;171;1;1;130;1;1;38;5;9;118,10;0;0;1;0;20;0;0;6;8;5;12,80;0;0;6;10;5;11,60;0;13,9;-0,3;0,79;Enrolled;0,833333333;1;0;12,2;1,500596021;27,01072837
957;1;17;1;9773;1;1;130;1;19;37;9;9;140,20;0;0;0;0;20;0;0;6;9;6;13,17;0;0;6;8;4;14,00;0;13,9;-0,3;0,79;Enrolled;0,833333333;1;0;13,58333333;1,576255588;26,79634499
2729;1;39;1;9085;1;1;130;1;4;1;2;9;120,00;0;0;0;1;22;0;0;6;8;6;11,00;0;0;6;10;4;12,00;0;8,9;1,4;3,51;Enrolled;0,833333333;0;1;11,5;1,462310457;26,32158822
2264;1;39;1;9003;1;1;130;1;38;38;9;9;150,00;0;0;1;0;25;0;0;6;7;6;11,17;0;0;6;11;4;11,80;0;9,4;-0,8;-3,12;Enrolled;0,833333333;1;0;11,48333333;1,461398896;26,30518012
1866;1;39;1;9991;0;1;130;1;1;1;3;7;140,00;0;0;0;1;20;0;0;6;8;5;12,80;0;0;6;9;5;12,80;0;12,4;0,5;1,79;Enrolled;0,833333333;1;0;12,8;1,533412218;26,06800771
2999;1;1;1;9130;1;1;130;1;3;19;4;8;133,00;1;0;0;0;19;0;0;6;7;5;12,60;0;0;6;10;5;12,38;0;10,8;1,4;1,74;Enrolled;0,833333333;1;0;12,4875;1,516320449;25,77744763
36;1;39;1;33;1;1;130;1;38;37;9;6;102,50;0;0;0;0;18;0;0;6;9;5;12,60;0;0;6;8;5;11,40;0;9,4;-0,8;-3,12;Enrolled;0,833333333;1;0;12;1,489657288;25,3241739
1497;1;43;1;9556;1;1;130;1;1;37;5;5;128,00;1;0;0;0;23;0;0;6;8;5;13,60;0;0;6;8;5;11,60;0;7,6;2,6;0,32;Enrolled;0,833333333;1;0;12,6;1,522473486;24,35957577
4060;1;1;3;9773;1;1;130;1;19;19;5;5;157,00;1;0;1;1;19;0;0;6;8;4;12,00;0;0;6;8;6;12,29;0;15,5;2,8;-4,06;Enrolled;0,833333333;1;0;12,14285714;1,497470669;23,9595307
3292;1;39;1;9003;1;1;130;1;37;37;9;7;113,00;1;0;0;0;19;0;0;6;8;5;12,20;0;0;6;8;5;11,80;0;10,8;1,4;1,74;Enrolled;0,833333333;1;0;12;1,489657288;23,83451661
641;2;39;1;9670;1;1;130;1;37;37;9;0;158,00;0;0;0;0;19;0;0;6;8;5;12,67;0;0;6;8;5;11,00;0;15,5;2,8;-4,06;Enrolled;0,833333333;1;0;11,83333333;1,480541678;23,68866684
1318;1;1;5;9773;1;1;130;1;34;38;0;8;128,30;1;0;0;0;21;0;0;6;8;5;11,80;0;0;6;8;5;11,83;0;15,5;2,8;-4,06;Enrolled;0,833333333;1;0;11,81666667;1,479630117;23,67408187
263;1;43;1;9119;1;1;130;1;37;38;9;9;120,00;0;0;0;0;19;0;0;6;8;5;12,33;0;0;6;8;5;11,00;0;15,5;2,8;-4,06;Enrolled;0,833333333;1;1;11,66666667;1,471426067;23,54281707
3049;1;1;1;9147;1;1;130;1;1;19;3;3;123,00;0;0;0;0;45;0;0;6;8;5;13,60;0;0;6;7;5;13,00;0;15,5;2,8;-4,06;Enrolled;0,833333333;1;0;13,3;1,56075905;23,41138575
1264;2;39;1;9853;1;1;130;1;37;19;7;3;140,00;0;0;0;1;18;0;0;6;8;5;12,80;0;0;6;7;5;13,40;0;9,4;-0,8;-3,12;Enrolled;0,833333333;1;0;13,1;1,549820317;23,24730476
1068;1;1;1;9147;1;1;130;1;37;38;3;3;123,00;0;0;0;0;40;0;0;6;8;5;13,00;0;0;6;7;5;12,60;0;16,2;0,3;-0,92;Enrolled;0,833333333;1;0;12,8;1,533412218;23,00118328
4314;1;43;1;9853;1;1;130;1;2;39;2;5;124,60;0;0;0;0;18;0;0;6;8;5;13,40;0;0;6;7;5;12,00;0;7,6;2,6;0,32;Enrolled;0,833333333;1;0;12,7;1,527942852;22,91914278
1393;1;1;1;171;1;1;131;1;19;19;9;9;134,90;1;0;0;1;20;0;0;6;10;4;11,25;0;0;6;6;6;10,50;0;12,4;0,5;1,79;Enrolled;0,833333333;1;0;10,875;1,428126917;22,85003068
51;1;39;1;9254;1;1;130;1;19;38;9;7;113,50;0;0;1;0;21;0;0;6;6;5;12,80;0;0;6;9;5;12,25;0;10,8;1,4;1,74;Enrolled;0,833333333;1;0;12,525;1,518371461;22,77557192
3977;1;1;4;9500;1;1;130;1;19;19;9;7;119,90;1;0;0;0;18;0;0;6;7;6;12,67;0;0;6;8;4;12,25;0;7,6;2,6;0,32;Enrolled;0,833333333;1;0;12,45833333;1,514725217;22,72087825
3061;1;1;2;9773;1;1;130;1;19;19;5;6;137,40;0;0;0;1;18;0;0;6;7;5;11,80;0;0;6;7;5;13,00;0;8,9;1,4;3,51;Enrolled;0,833333333;0;0;12,4;1,511534753;21,16148655
3078;1;43;1;9119;1;1;130;1;1;1;9;2;128,00;0;0;0;0;18;0;0;6;7;5;12,20;0;0;6;7;5;12,20;0;10,8;1,4;1,74;Enrolled;0,833333333;1;0;12,2;1,500596021;21,00834429
1306;1;1;3;9773;1;1;130;1;19;19;9;9;123,00;1;0;0;0;19;0;0;6;7;6;13,43;0;0;6;6;4;14,00;0;12,4;0,5;1,79;Enrolled;0,833333333;1;0;13,71428571;1,583417853;20,58443209
1601;1;1;4;171;1;1;131;1;1;1;0;3;149,90;1;0;1;0;27;0;0;6;6;6;10,67;0;0;6;8;4;11,25;0;10,8;1,4;1,74;Enrolled;0,833333333;1;0;10,95833333;1,432684723;20,05758612
3451;1;39;1;9991;0;1;130;1;37;37;9;9;151,60;0;0;0;0;19;0;0;6;7;5;12,40;0;0;6;6;5;12,40;0;9,4;-0,8;-3,12;Enrolled;0,833333333;1;0;12,4;1,511534753;19,64995179
1748;1;39;1;9003;1;1;130;1;19;1;9;6;126,10;1;0;0;0;18;0;0;6;7;5;12,60;0;0;6;6;5;11,80;0;11,1;0,6;2,02;Enrolled;0,833333333;0;0;12,2;1,500596021;19,50774827
758;1;43;1;9991;0;1;130;1;37;2;9;4;126,50;1;0;0;0;19;0;0;6;6;5;12,20;0;0;6;7;5;10,80;0;10,8;1,4;1,74;Enrolled;0,833333333;1;0;11,5;1,462310457;19,01003594
2391;2;39;1;9003;1;1;130;1;1;37;9;1;122,00;0;0;0;0;25;1;2;6;6;6;11,33;0;0;6;6;4;11,75;0;8,9;1,4;3,51;Enrolled;0,833333333;1;0;11,54166667;1,464589359;17,57507231
608;1;1;6;9500;1;1;131;1;38;19;7;7;125,30;1;0;0;0;18;0;0;6;13;6;10,86;0;0;6;10;4;11,00;0;15,5;2,8;-4,06;Dropout;0,833333333;1;0;10,92857143;1,431056935;32,91430951
2082;1;1;1;9500;1;1;131;1;4;4;2;1;120,50;0;0;0;1;22;0;0;6;11;5;12,00;0;0;6;11;5;11,00;0;7,6;2,6;0,32;Dropout;0,833333333;1;0;11,5;1,462310457;32,17083005
1028;1;1;5;9254;1;1;131;1;19;37;9;9;123,70;0;0;0;1;19;0;0;6;10;4;11,50;0;0;6;11;6;11,50;0;9,4;-0,8;-3,12;Dropout;0,833333333;1;0;11,5;1,462310457;30,70851959
4173;1;43;2;9147;1;1;131;1;19;37;5;9;123,70;1;0;0;0;19;0;0;6;8;6;11,33;0;0;6;12;4;13,75;0;8,9;1,4;3,51;Dropout;0,833333333;1;0;12,54166667;1,519283022;30,38566044
4383;1;1;1;9500;1;1;131;1;1;1;9;9;122,00;0;0;0;0;18;0;0;6;8;5;12,40;0;0;6;12;5;10,40;0;9,4;-0,8;-3,12;Dropout;0,833333333;1;0;11,4;1,45684109;29,13682181
4186;1;1;1;9991;0;1;131;1;19;37;9;9;118,40;1;0;1;1;18;0;0;6;8;6;15,50;0;0;6;9;4;15,50;0;11,1;0,6;2,02;Dropout;0,833333333;1;0;15,5;1,681085108;28,57844684
2367;1;1;1;171;1;1;131;1;1;1;7;4;127,20;1;0;0;0;19;0;0;6;8;6;12,00;0;0;6;10;4;11,50;0;7,6;2,6;0,32;Dropout;0,833333333;1;0;11,75;1,475983872;26,5677097
1655;1;1;2;9853;1;1;131;1;1;1;2;9;121,90;1;0;0;1;19;0;0;6;7;5;11,20;0;0;6;10;5;13,13;0;10,8;1,4;1,74;Dropout;0,833333333;1;0;12,1625;1,498545008;25,47526514
1965;1;17;1;9085;1;1;131;1;1;3;4;1;129,30;1;0;1;0;55;0;0;6;8;5;11,40;0;0;6;9;5;12,40;0;10,8;1,4;1,74;Dropout;0,833333333;0;0;11,9;1,484187922;25,23119467
4339;1;1;1;9670;1;1;131;1;37;37;9;6;127,20;0;0;0;1;18;0;0;6;8;6;11,67;0;0;6;9;4;12,00;0;10,8;1,4;1,74;Dropout;0,833333333;1;0;11,83333333;1,480541678;25,16920852
3694;1;17;5;9119;1;1;131;1;19;37;9;7;123,30;1;0;1;0;27;0;3;6;8;5;11,60;0;2;6;9;5;12,00;0;13,9;-0,3;0,79;Dropout;0,833333333;0;0;11,8;1,478718556;25,13821544
1320;1;17;2;9853;1;1;131;1;1;38;4;8;121,90;1;0;0;1;21;0;0;6;9;5;12,00;0;0;6;8;5;11,20;0;10,8;1,4;1,74;Dropout;0,833333333;1;0;11,6;1,467779823;24,95225699
173;1;17;1;9500;1;1;131;1;2;38;4;5;132,30;1;0;1;0;22;0;4;6;6;6;11,83;0;0;6;11;4;11,14;0;10,8;1,4;1,74;Dropout;0,833333333;1;0;11,48809524;1,461659342;24,84820881
4137;5;43;1;9500;1;1;131;1;1;38;5;5;118,80;0;0;0;0;21;0;0;6;8;5;12,00;0;0;6;9;5;10,80;0;12,7;3,7;-1,7;Dropout;0,833333333;1;0;11,4;1,45684109;24,76629854
211;1;1;2;9500;1;1;131;1;38;1;7;4;128,30;1;0;0;0;20;0;4;6;7;6;11,50;0;0;6;10;4;10,57;0;10,8;1,4;1,74;Dropout;0,833333333;1;0;11,03571429;1,43691697;24,4275885
1489;1;43;1;8014;0;1;131;1;19;37;8;5;125,00;0;0;1;0;19;0;0;6;6;6;12,50;0;0;6;10;4;12,60;0;15,5;2,8;-4,06;Dropout;0,833333333;0;0;12,55;1,519738803;24,31582084
3983;1;17;1;9500;1;1;131;1;1;19;4;3;125,40;1;0;0;0;24;0;0;6;8;5;11,40;0;0;6;8;5;11,80;0;15,5;2,8;-4,06;Dropout;0,833333333;1;1;11,6;1,467779823;23,48447717
1475;1;17;1;9119;1;1;131;1;1;3;9;10;123,70;1;0;1;0;19;0;0;6;9;4;12,50;0;0;6;6;6;11,33;0;10,8;1,4;1,74;Dropout;0,833333333;1;0;11,91666667;1,485099483;22,27649224
1703;1;17;6;9773;1;1;131;1;34;34;0;0;129,30;0;0;0;0;18;0;0;6;7;5;13,60;0;0;6;7;5;11,80;0;8,9;1,4;3,51;Dropout;0,833333333;1;0;12,7;1,527942852;21,39119993
1706;1;1;1;9119;1;1;131;1;3;1;4;1;135,90;0;0;0;0;20;0;0;6;8;4;11,75;0;0;6;6;6;13,17;0;11,1;0,6;2,02;Dropout;0,833333333;0;0;12,45833333;1,514725217;21,20615304
176;1;1;1;9670;1;1;131;1;37;37;9;9;123,00;1;0;0;0;33;0;0;6;7;5;13,20;0;0;6;7;5;10,60;0;7,6;2,6;0,32;Dropout;0,833333333;1;0;11,9;1,484187922;20,77863091
3021;1;17;1;9130;1;1;131;1;19;9;5;3;118,40;0;0;0;0;18;0;0;6;7;5;11,80;0;0;6;7;5;11,40;0;10,8;1,4;1,74;Dropout;0,833333333;1;0;11,6;1,467779823;20,54891752
1515;1;17;1;9500;1;1;131;1;19;37;9;9;123,80;1;0;0;0;27;0;0;6;6;4;12,50;0;0;6;6;6;14,33;0;13,9;-0,3;0,79;Dropout;0,833333333;1;0;13,41666667;1,567139977;18,80567973
2733;1;1;1;9500;1;1;131;1;19;19;4;4;122,00;1;0;0;0;28;0;15;16;16;13;12,08;0;13;13;13;11;12,09;0;16,2;0,3;-0,92;Graduate;0,827586207;1;0;12,08391608;1,48849984;43,16649535
4157;1;1;3;9500;1;1;131;1;37;37;9;9;118,00;1;0;0;0;22;0;14;16;16;13;10,92;0;13;13;13;11;11,45;0;16,2;0,3;-0,92;Graduate;0,827586207;1;0;11,18881119;1,439543274;41,74675495
3142;1;17;2;9147;1;1;131;1;1;19;4;5;120,20;1;0;0;0;31;0;13;15;17;13;11,62;0;11;14;14;11;12,55;0;7,6;2,6;0,32;Dropout;0,827586207;1;0;12,08041958;1,488308603;46,1375667
2831;1;17;5;9147;1;1;131;1;19;38;3;10;119,80;1;0;0;0;24;0;6;10;16;10;12,50;0;2;7;9;4;12,60;0;16,2;0,3;-0,92;Graduate;0,823529412;1;0;12,55;1,509934881;37,74837203
1694;1;1;1;9147;1;1;131;1;3;19;3;10;123,30;0;0;0;0;34;0;12;15;17;12;11,92;0;11;13;13;11;13,18;0;7,6;2,6;0,32;Graduate;0,821428571;1;0;12,54924242;1,507792606;45,23377819
455;1;1;3;9147;1;1;131;1;19;38;9;7;132,40;1;0;0;0;32;0;7;11;13;11;13,45;0;5;11;13;7;12,43;0;12,7;3,7;-1,7;Graduate;0,818181818;1;1;12,94155844;1,526003053;39,67607938
2951;2;1;1;9003;1;1;131;1;19;38;5;5;118,40;0;0;0;0;28;0;8;11;11;9;11,67;0;8;11;13;9;12,56;0;10,8;1,4;1,74;Graduate;0,818181818;1;0;12,11111111;1,480582847;35,53398832
4333;1;1;1;9238;1;1;131;1;37;1;9;9;135,90;1;0;0;0;18;0;10;16;24;13;13,85;0;7;11;15;9;12,56;0;15,5;2,8;-4,06;Dropout;0,814814815;1;0;13,2008547;1,536817912;59,93589856
3354;1;1;1;9773;1;1;131;1;38;1;5;7;131,00;1;0;1;0;19;0;0;6;9;5;12,60;0;6;10;16;8;11,00;1;8,9;1,4;3,51;Enrolled;0,8125;1;0;11,8;1,457885222;36,44713055
4275;1;1;1;9254;1;1;131;1;37;19;9;9;134,50;1;0;1;0;20;0;2;7;9;5;12,60;0;5;9;10;8;12,75;1;16,2;0,3;-0,92;Dropout;0,8125;1;0;12,675;1,505742177;28,60910137
1331;1;17;3;9556;1;1;131;1;19;38;9;7;128,50;0;0;1;1;21;0;7;11;15;9;14,22;0;4;9;15;7;13,75;0;8,9;1,4;3,51;Graduate;0,8;1;0;13,98611111;1,564951646;46,94854939
252;1;1;3;9773;1;1;131;1;38;37;7;7;127,20;1;0;1;0;20;0;0;7;14;5;12,88;0;0;8;15;7;11,86;0;15,5;2,8;-4,06;Graduate;0,8;1;0;12,36741071;1,476418993;42,81615078
184;1;18;3;9070;1;1;131;1;1;37;5;5;122,30;1;0;0;0;19;0;0;7;13;5;12,50;0;0;8;14;7;12,17;0;15,5;2,8;-4,06;Graduate;0,8;1;0;12,33333333;1,474555176;39,81298974
3701;1;17;3;9070;1;1;131;1;38;37;5;5;120,20;1;0;1;0;44;0;1;5;13;4;14,00;3;1;5;9;4;15,50;2;10,8;1,4;1,74;Graduate;0,8;1;0;14,75;1,606731528;35,34809361
2169;1;18;2;9500;1;1;131;1;1;3;3;2;121,20;1;0;0;1;20;0;0;5;13;5;14,00;2;0;5;10;3;12,00;1;9,4;-0,8;-3,12;Graduate;0,8;1;1;13;1,511017618;34,75340521
129;1;17;3;9238;1;1;131;1;1;39;5;3;122,60;1;0;0;0;19;0;0;5;9;4;13,75;0;0;5;13;4;14,33;2;10,8;1,4;1,74;Graduate;0,8;1;0;14,04166667;1,567990183;34,49578403
4106;1;1;1;9147;1;1;131;1;38;19;9;9;130,00;1;0;1;0;20;0;0;5;10;3;13,33;0;0;5;11;5;13,57;0;12,4;0,5;1,79;Graduate;0,8;1;0;13,45238095;1,535759989;32,25095977
2632;1;17;1;9254;1;1;132;1;38;38;0;5;126,10;0;0;1;0;21;0;1;5;15;3;12,33;2;0;5;7;5;11,40;0;9,4;-0,8;-3,12;Graduate;0,8;1;0;11,86666667;1,449031466;31,87869226
2043;1;1;1;9254;1;1;131;2;37;1;9;3;126,10;1;0;0;1;22;0;0;7;9;6;13,08;0;0;8;12;6;13,15;0;11,1;0,6;2,02;Graduate;0,8;1;0;13,11583333;1,517352967;31,86441231
2893;1;1;2;9670;1;1;131;1;1;19;4;7;135,90;1;0;0;0;19;0;0;5;11;4;13,60;2;0;5;9;4;12,20;0;9,4;-0,8;-3,12;Graduate;0,8;1;0;12,9;1,505548251;30,11096503
146;1;17;5;9853;1;1;132;1;37;38;5;6;119,10;1;0;0;1;18;0;0;5;12;4;10,71;0;0;5;9;4;11,00;0;13,9;-0,3;0,79;Graduate;0,8;1;0;10,85714286;1,393816911;29,27015514
1926;1;17;1;9238;1;1;131;1;1;1;4;10;129,30;0;0;0;0;22;0;0;7;9;5;13,93;0;0;8;9;7;14,34;0;11,1;0,6;2,02;Graduate;0,8;1;0;14,13542857;1,573118365;28,31613057
453;1;1;2;9500;1;1;131;1;19;19;7;5;122,10;1;0;0;0;18;0;0;5;10;4;12,00;0;0;5;9;4;12,80;0;13,9;-0,3;0,79;Graduate;0,8;1;0;12,4;1,47820142;28,08582698
1453;1;1;1;171;1;1;132;1;1;1;4;1;119,40;1;0;0;0;19;0;0;7;8;6;11,66;0;0;8;11;6;12,42;0;12,4;0,5;1,79;Graduate;0,8;1;0;12,0375;1,458374967;27,70912438
2889;1;17;1;9238;1;1;131;1;37;37;9;7;121,90;0;0;0;1;18;0;0;5;11;4;14,25;0;0;5;7;4;12,50;0;12,7;3,7;-1,7;Graduate;0,8;1;0;13,375;1,531527741;27,56749934
3284;1;1;4;9254;1;1;131;1;38;36;9;9;124,00;1;0;0;1;19;0;0;7;9;5;13,85;0;0;8;9;7;12,19;0;11,1;0,6;2,02;Graduate;0,8;1;0;13,02142857;1,512189625;27,21941325
2522;1;1;2;9254;1;1;131;1;4;3;7;4;126,10;1;0;0;1;26;0;0;5;8;4;13,00;0;0;5;10;4;12,25;2;16,2;0,3;-0,92;Graduate;0,8;1;0;12,625;1,490507494;26,82913489
2523;1;17;6;9500;1;1;131;1;1;19;7;7;126,50;1;0;0;0;19;0;0;5;9;4;13,75;1;0;5;8;4;14,50;0;7,6;2,6;0,32;Graduate;0,8;1;1;14,125;1,572547988;26,7333158
1001;1;17;3;9070;1;1;132;1;38;1;5;5;124,30;0;1;1;0;53;0;0;5;9;4;12,25;2;0;5;8;4;11,75;0;9,4;-0,8;-3,12;Graduate;0,8;1;0;12;1,456323955;24,75750723
416;1;1;1;9085;1;1;131;1;37;37;90;90;137,00;0;0;0;0;18;0;0;5;7;3;12,33;0;0;5;9;5;12,60;0;10,8;1,4;1,74;Graduate;0,8;1;0;12,46666667;1,481847664;23,70956263
562;1;1;1;9130;1;1;132;1;1;1;3;3;143,90;1;0;0;1;22;0;0;5;8;4;12,00;0;0;5;8;4;11,40;2;16,2;0,3;-0,92;Graduate;0,8;1;0;11,7;1,439915856;23,03865369
3012;1;1;1;9085;1;1;132;1;2;2;6;6;128,50;0;0;0;0;23;0;0;5;8;3;10,67;0;0;5;8;5;11,60;0;7,6;2,6;0,32;Graduate;0,8;1;0;11,13333333;1,40892278;22,54276448
2302;1;17;1;9070;1;1;131;1;19;19;7;7;125,10;0;0;1;1;25;0;0;5;7;4;14,25;0;0;5;7;4;14,75;0;12,7;3,7;-1,7;Graduate;0,8;1;0;14,5;1,593058112;22,30281357
1415;1;18;3;9500;1;1;131;1;19;1;4;7;127,50;1;0;0;0;19;0;0;5;8;4;12,25;0;0;5;7;4;12,75;2;7,6;2,6;0,32;Graduate;0,8;1;0;12,5;1,483670786;22,25506179
3044;1;1;1;9070;1;1;131;1;3;3;3;3;135,90;0;0;0;0;19;0;0;5;8;3;12,00;0;0;5;7;5;12,83;0;7,6;2,6;0,32;Graduate;0,8;1;0;12,41666667;1,479112981;22,18669471
1579;1;1;3;9085;1;1;131;1;37;19;9;8;136,30;1;0;0;0;21;0;0;5;10;3;11,67;0;0;5;5;5;13,00;0;10,8;1,4;1,74;Graduate;0,8;1;0;12,33333333;1,474555176;22,11832764
147;1;1;4;9254;1;1;132;1;12;19;9;9;124,70;1;0;0;0;18;0;0;5;9;4;11,25;0;0;5;6;4;12,50;0;7,6;2,6;0,32;Graduate;0,8;1;0;11,875;1,449487247;21,7423087
164;1;17;5;9853;1;1;132;1;12;12;4;4;123,30;1;0;1;0;20;0;0;5;9;3;10,33;0;0;5;6;5;12,80;0;12,4;0,5;1,79;Graduate;0,8;1;0;11,56666667;1,432623368;21,48935051
4263;1;17;1;9147;1;1;131;1;1;37;3;7;120,20;0;0;0;1;22;0;0;5;6;3;14,00;0;0;5;8;5;12,40;0;11,1;0,6;2,02;Graduate;0,8;1;0;13,2;1,52195635;21,3073889
4365;1;17;1;9238;1;1;132;1;37;37;9;9;123,60;1;0;1;0;23;0;0;5;8;4;11,40;0;0;5;7;4;11,00;0;11,1;0,6;2,02;Graduate;0,8;1;0;11,2;1,412569024;21,18853537
3365;1;17;3;9853;1;1;132;1;34;34;0;0;131,30;1;0;0;0;18;0;0;5;9;4;11,25;0;0;5;6;4;11,00;0;8,9;1,4;3,51;Graduate;0,8;1;0;11,125;1,408467;21,127005
4020;1;1;2;9500;1;1;131;1;1;1;5;9;129,50;1;0;1;0;19;0;0;5;6;5;12,60;0;0;5;8;3;12,67;0;8,9;1,4;3,51;Graduate;0,8;1;0;12,63333333;1,490963275;20,87348584
113;1;1;1;9085;1;1;131;1;19;19;9;9;139,80;1;0;0;0;19;0;0;5;7;3;12,00;0;0;5;7;5;13,20;0;7,6;2,6;0,32;Graduate;0,8;1;0;12,6;1,489140153;20,84796214
3373;1;17;2;9254;1;1;131;1;1;19;9;9;130,30;1;0;1;0;21;0;0;5;8;3;14,00;0;0;5;5;5;12,80;0;7,6;2,6;0,32;Graduate;0,8;1;0;13,4;1,532895083;19,92763608
2279;1;1;1;9070;1;1;132;1;1;1;4;9;136,60;1;0;1;1;20;0;0;5;7;4;11,00;0;0;5;7;4;11,50;0;9,4;-0,8;-3,12;Graduate;0,8;1;0;11,25;1,415303708;19,81425191
124;1;1;1;9670;1;1;131;1;38;38;9;9;127,90;0;0;0;0;18;0;0;5;7;4;12,75;0;0;5;6;4;12,75;0;7,6;2,6;0,32;Graduate;0,8;1;0;12,75;1,497344202;19,46547463
1809;1;1;5;9119;1;1;131;1;1;19;4;7;126,80;0;0;0;0;28;0;0;5;6;4;12,50;0;0;5;7;4;11,75;0;7,6;2,6;0,32;Graduate;0,8;1;0;12,125;1,463160663;19,02108861
3616;1;17;1;9670;1;1;132;1;19;1;5;4;119,10;0;0;1;0;21;0;0;5;7;4;11,50;0;0;5;6;4;11,75;0;9,4;-0,8;-3,12;Graduate;0,8;1;0;11,625;1,435813831;18,66557981
1031;1;1;2;9147;1;1;132;1;1;19;4;3;126,40;1;0;1;1;18;0;0;5;5;5;11,80;0;0;5;8;3;11,00;0;9,4;-0,8;-3,12;Graduate;0,8;1;0;11,4;1,423507757;18,50560084
1587;1;1;1;9147;1;1;132;1;38;37;7;7;131,30;1;0;0;1;19;0;0;5;8;5;11,20;0;0;5;5;3;11,00;0;12,4;0,5;1,79;Graduate;0,8;1;1;11,1;1,407099658;18,29229556
3475;1;1;5;9119;1;1;132;1;38;19;5;3;119,10;0;0;1;0;19;0;0;5;7;3;12,33;0;0;5;5;5;11,60;0;9,4;-0,8;-3,12;Graduate;0,8;1;0;11,96666667;1,454500833;17,45400999
3614;1;1;1;9119;1;1;132;1;1;12;3;3;133,10;1;0;0;0;20;0;0;5;7;4;12,20;0;0;5;5;4;11,50;0;7,6;2,6;0,32;Graduate;0,8;1;0;11,85;1,448119905;17,37743886
2389;1;17;4;9147;1;1;132;1;38;19;5;5;120,80;1;0;0;0;18;0;0;5;7;4;11,40;0;0;5;5;4;11,25;0;9,4;-0,8;-3,12;Graduate;0,8;1;0;11,325;1,419405732;17,03286879
3770;1;1;3;9773;1;1;131;1;1;1;4;4;127,20;1;0;1;0;25;0;0;5;5;4;13,75;0;0;5;5;4;14,75;0;7,6;2,6;0,32;Graduate;0,8;1;0;14,25;1,579384696;15,79384696
3710;1;17;2;9670;1;1;132;1;1;19;5;3;124,00;1;0;0;0;20;0;0;5;6;4;11,50;0;0;5;5;4;10,75;0;9,4;-0,8;-3,12;Graduate;0,8;1;0;11,125;1,408467;15,493137
3343;1;1;1;9070;1;1;131;1;3;19;4;4;130,30;1;0;1;0;19;0;0;5;5;4;12,50;0;0;5;5;4;14,25;0;7,6;2,6;0,32;Graduate;0,8;1;0;13,375;1,531527741;15,31527741
1991;1;17;1;8014;0;1;132;1;37;19;5;5;121,20;0;0;0;0;18;0;0;5;5;4;11,00;0;0;5;5;4;11,00;0;9,4;-0,8;-3,12;Graduate;0,8;1;0;11;1,401630292;14,01630292
2784;1;1;1;9238;1;1;132;1;37;37;9;7;129,90;1;0;0;0;25;0;0;7;11;7;11,86;0;0;8;21;5;11,70;0;12,4;0,5;1,79;Enrolled;0,8;1;0;11,77857143;1,444213215;46,21482288
3294;1;17;3;9500;1;1;132;1;19;3;9;5;130,80;1;0;0;0;24;0;0;7;15;5;12,40;0;0;8;14;7;12,15;0;12,4;0,5;1,79;Enrolled;0,8;1;0;12,275;1,471364712;42,66957665
329;1;1;1;9853;1;1;132;1;2;19;4;4;125,00;1;0;1;1;28;0;0;5;16;3;14,33;0;0;5;9;5;12,43;0;9,4;-0,8;-3,12;Enrolled;0,8;1;0;13,38095238;1,531853299;38,29633247
1259;1;1;4;9500;1;1;132;1;1;37;4;7;121,80;1;0;0;0;20;0;0;7;11;6;11,76;0;0;8;12;6;13,08;0;15,5;2,8;-4,06;Enrolled;0,8;1;0;12,4202381;1,479308315;34,02409126
2977;1;1;2;9254;1;1;132;1;1;19;9;9;129,90;1;0;0;0;28;0;0;5;13;4;11,25;1;0;5;11;4;10,50;0;12,7;3,7;-1,7;Enrolled;0,8;1;0;10,875;1,394793584;33,47504602
3065;1;17;2;9238;1;1;132;1;38;1;7;7;133,10;1;0;0;0;18;0;0;5;14;3;12,33;2;0;5;8;5;11,60;0;9,4;-0,8;-3,12;Enrolled;0,8;1;0;11,96666667;1,454500833;31,99901832
1356;1;1;1;9085;1;1;132;1;1;12;4;5;124,30;0;0;0;0;25;0;0;5;12;4;12,50;0;0;5;10;4;11,00;0;13,9;-0,3;0,79;Enrolled;0,8;1;0;11,75;1,442650539;31,73831186
770;1;17;5;9670;1;1;132;1;19;19;5;5;134,10;1;0;1;1;19;0;0;5;10;5;11,80;0;0;5;12;3;11,50;0;11,1;0,6;2,02;Enrolled;0,8;1;0;11,65;1,437181173;31,6179858
4271;1;17;1;9070;1;1;132;1;37;38;9;7;138,00;0;0;1;0;20;0;0;5;14;3;12,40;0;0;5;8;5;10,83;0;13,9;-0,3;0,79;Enrolled;0,8;1;0;11,61666667;1,435358051;31,57787711
3963;1;17;3;9500;1;1;132;1;37;37;4;3;127,30;1;0;0;0;19;0;0;7;10;6;13,60;0;0;8;11;6;11,93;0;11,1;0,6;2,02;Enrolled;0,8;1;0;12,76583333;1,498210185;31,46241388
1886;1;1;1;9500;1;1;132;1;19;2;9;3;126,00;1;0;1;0;22;0;0;5;10;4;11,50;0;0;5;11;4;14,00;0;8,9;1,4;3,51;Enrolled;0,8;0;0;12,75;1,497344202;31,44422824
1310;1;1;3;9500;1;1;132;1;38;38;9;9;119,30;1;0;1;0;22;0;0;7;9;6;12,83;0;0;8;12;6;12,50;0;16,2;0,3;-0,92;Enrolled;0,8;1;0;12,66666667;1,492786397;31,34851433
2119;1;1;4;9773;1;1;132;11;12;12;90;4;129,90;1;0;0;0;20;0;0;5;13;3;11,33;2;0;5;8;5;12,60;0;9,4;-0,8;-3,12;Enrolled;0,8;1;0;11,96666667;1,454500833;30,54451749
2011;1;18;1;9853;1;1;132;1;37;37;9;5;126,10;0;0;0;1;18;0;0;7;9;6;12,82;0;0;8;11;6;12,88;0;11,1;0,6;2,02;Enrolled;0,8;1;0;12,84583333;1,502585678;30,05171356
4418;1;1;1;9070;1;1;132;1;1;1;9;9;133,80;1;0;0;1;31;0;0;5;11;4;11,25;0;0;5;10;4;10,83;0;13,9;-0,3;0,79;Enrolled;0,8;1;1;11,04166667;1,403909194;29,48209308
2151;1;1;1;9853;1;1;132;1;1;19;3;3;122,90;1;0;1;0;34;0;0;5;10;4;11,75;0;0;5;10;4;10,83;0;13,9;-0,3;0,79;Enrolled;0,8;1;0;11,29166667;1,41758261;28,3516522
3932;1;1;1;9130;1;1;132;1;3;1;4;9;121,90;1;0;1;1;18;0;0;5;10;4;10,80;0;0;5;10;4;11,75;0;15,5;2,8;-4,06;Enrolled;0,8;1;1;11,275;1,416671049;28,33342098
3431;1;51;1;9070;1;1;132;1;19;19;153;153;120,00;0;0;1;0;21;0;0;5;10;5;11,17;0;0;5;10;3;10,80;0;12,4;0,5;1,79;Enrolled;0,8;1;1;10,98333333;1,400718731;28,01437462
1585;1;1;1;9773;1;1;132;1;37;19;9;9;131,00;1;0;0;0;19;0;0;5;9;4;12,25;0;0;5;10;4;12,00;0;8,9;1,4;3,51;Enrolled;0,8;1;0;12,125;1,463160663;27,80005259
1408;1;1;2;9773;1;1;132;1;38;1;9;9;124,30;1;0;1;0;20;0;0;7;9;5;12,70;0;0;8;9;7;13,48;0;13,9;-0,3;0,79;Enrolled;0,8;1;0;13,0875;1,515803313;27,28445964
472;1;1;1;9254;1;1;132;1;19;38;9;7;120,10;0;0;0;0;25;0;0;5;10;4;11,25;0;0;5;9;4;12,00;0;12,7;3,7;-1,7;Enrolled;0,8;1;0;11,625;1,435813831;27,28046279
828;1;1;3;9070;1;1;132;1;1;3;9;7;126,10;1;0;0;0;26;0;0;5;10;4;12,00;0;0;5;9;4;11,25;0;12,7;3,7;-1,7;Enrolled;0,8;1;0;11,625;1,435813831;27,28046279
3076;1;1;1;9670;1;1;132;1;4;2;123;112;143,60;1;0;1;0;21;0;0;5;10;4;13,20;0;0;5;7;4;14,25;2;7,6;2,6;0,32;Enrolled;0,8;1;0;13,725;1,550670523;26,3613989
1912;1;1;2;9500;1;1;132;1;37;37;5;7;127,50;1;0;0;0;20;0;0;5;10;4;11,00;0;0;5;7;4;11,50;0;15,5;2,8;-4,06;Enrolled;0,8;1;0;11,25;1,415303708;24,06016303
1724;1;1;1;9773;1;1;132;1;2;1;9;9;126,40;1;1;0;1;19;0;0;5;5;5;11,60;0;0;5;11;3;12,67;0;9,4;-0,8;-3,12;Enrolled;0,8;1;0;12,13333333;1,463616443;23,41786309
564;1;1;1;9130;1;1;132;1;19;38;9;9;130,40;1;0;0;0;18;0;0;5;8;4;12,00;0;0;5;8;4;12,25;0;9,4;-0,8;-3,12;Enrolled;0,8;1;0;12,125;1,463160663;23,4105706
1075;1;1;1;9238;1;1;132;1;37;37;9;5;135,90;0;0;1;0;18;0;0;5;7;5;11,80;0;0;5;9;3;12,00;0;8,9;1,4;3,51;Enrolled;0,8;1;0;11,9;1,450854588;23,21367342
1222;1;1;1;9500;1;1;132;1;19;1;9;5;123,40;0;0;1;0;20;0;0;5;7;5;10,80;0;0;5;9;3;12,00;0;8,9;1,4;3,51;Enrolled;0,8;1;0;11,4;1,423507757;22,77612411
1954;1;1;4;9254;1;1;132;1;1;38;5;6;122,60;1;0;0;0;39;0;0;5;8;4;11,25;0;0;5;8;4;11,50;0;11,1;0,6;2,02;Enrolled;0,8;1;1;11,375;1,422140415;22,75424665
4237;1;43;1;9773;1;1;132;1;38;19;9;9;125,00;1;0;1;0;21;0;0;5;5;5;11,00;0;0;5;11;3;11,43;0;10,8;1,4;1,74;Enrolled;0,8;1;0;11,21428571;1,413350362;22,6136058
2225;1;1;2;9500;1;1;132;1;19;19;9;7;128,00;1;0;0;1;19;0;0;5;6;4;11,00;0;0;5;9;4;13,86;0;10,8;1,4;1,74;Enrolled;0,8;1;0;12,42857143;1,479764096;22,19646144
3575;1;1;1;9254;1;1;132;1;1;38;9;9;120,10;1;0;1;0;19;0;0;5;7;5;10,20;0;0;5;8;3;12,00;0;10,8;1,4;1,74;Enrolled;0,8;1;0;11,1;1,407099658;21,10649487
48;1;17;6;9500;1;1;132;1;37;19;7;7;132,40;1;0;1;1;21;0;0;5;5;5;12,60;0;0;5;9;3;12,83;0;10,8;1,4;1,74;Enrolled;0,8;1;0;12,71666667;1,49552108;20,93729512
3649;1;1;4;9500;1;1;132;1;19;38;5;5;118,00;1;0;1;0;39;0;0;5;7;4;12,25;0;0;5;7;4;12,75;0;15,5;2,8;-4,06;Enrolled;0,8;1;0;12,5;1,483670786;20,77139101
130;1;17;6;9500;1;1;132;1;1;37;8;9;128,00;1;0;1;0;19;0;0;5;8;4;12,50;0;0;5;6;4;11,00;0;7,6;2,6;0,32;Enrolled;0,8;1;0;11,75;1,442650539;20,19710755
1258;1;1;3;9556;1;1;132;1;38;37;7;7;119,00;1;0;1;0;18;0;0;5;6;5;12,00;0;0;5;8;3;11,33;0;12,7;3,7;-1,7;Enrolled;0,8;1;0;11,66666667;1,438092734;20,13329827
3592;1;17;3;9500;1;1;132;1;3;1;2;7;125,50;1;0;0;0;20;0;0;5;7;4;12,00;1;0;5;6;4;12,40;0;10,8;1,4;1,74;Enrolled;0,8;1;0;12,2;1,467262687;19,07441494
1451;1;17;1;9130;1;1;132;1;2;1;4;1;127,80;0;0;1;1;18;0;0;5;7;4;11,25;0;0;5;6;4;12,25;0;12,4;0,5;1,79;Enrolled;0,8;1;0;11,75;1,442650539;18,75445701
3388;1;17;1;9085;1;1;132;1;38;38;4;9;119,10;0;0;1;0;19;0;0;5;5;4;10,75;0;0;5;6;4;12,25;0;12,4;0,5;1,79;Enrolled;0,8;1;0;11,5;1,428977123;15,71874836
489;1;17;3;9500;1;1;132;1;37;37;9;7;128,30;1;0;0;0;25;0;0;5;14;4;13,50;2;0;5;10;4;14,25;0;9,4;-0,8;-3,12;Dropout;0,8;0;0;13,875;1,558874573;37,41298974
819;1;17;2;9500;1;1;132;1;19;37;3;5;125,40;1;0;0;0;27;0;4;8;11;7;13,29;0;4;7;13;5;11,60;0;9,4;-0,8;-3,12;Dropout;0,8;1;0;12,44285714;1,480545434;35,53309042
1995;1;1;1;9254;1;1;133;1;19;9;0;0;121,50;1;0;1;0;32;0;0;5;11;4;10,75;0;0;5;11;4;11,33;0;13,9;-0,3;0,79;Dropout;0,8;1;0;11,04166667;1,403909194;30,88600228
1394;1;17;1;9238;1;1;132;1;1;19;4;9;127,10;1;0;0;0;33;0;2;7;8;6;14,35;0;3;8;10;6;14,58;0;16,2;0,3;-0,92;Dropout;0,8;1;0;14,46666667;1,59123499;28,64222982
2120;1;17;1;171;1;1;133;1;1;1;6;7;134,80;1;0;1;0;19;0;0;5;11;4;11,00;0;0;5;8;4;12,25;0;15,5;2,8;-4,06;Dropout;0,8;1;0;11,625;1,435813831;27,28046279
4244;1;1;1;9070;1;1;132;1;4;39;2;2;136,60;1;0;0;0;22;0;0;5;12;4;14,60;3;0;5;5;4;12,75;1;9,4;-0,8;-3,12;Dropout;0,8;0;0;13,675;1,54793584;26,31490928
756;1;1;4;171;1;1;132;1;1;19;4;5;138,00;1;0;1;0;18;0;0;5;7;5;12,60;0;0;5;9;3;13,25;0;13,9;-0,3;0,79;Dropout;0,8;1;0;12,925;1,506915593;24,11064949
63;1;17;3;171;1;1;133;1;1;37;4;7;126,00;1;0;1;0;19;0;0;5;8;5;11,60;0;0;5;9;3;11,00;0;10,8;1,4;1,74;Dropout;0,8;1;0;11,3;1,418038391;24,10665264
1090;1;43;1;171;1;1;133;1;19;19;5;7;133,00;0;0;1;0;44;0;0;5;9;3;11,33;0;0;5;8;5;11,14;0;13,9;-0,3;0,79;Dropout;0,8;1;0;11,23809524;1,414652593;24,04909407
3542;1;17;1;9670;1;1;132;1;38;37;9;9;122,90;0;0;1;0;49;0;0;5;7;4;13,33;0;0;5;9;4;11,60;1;16,2;0,3;-0,92;Dropout;0,8;1;0;12,46666667;1,481847664;23,70956263
186;1;18;2;9147;1;1;132;1;3;3;5;7;119,10;1;0;1;0;18;0;0;5;6;5;12,40;0;0;5;9;3;13,00;0;8,9;1,4;3,51;Dropout;0,8;1;0;12,7;1,494609519;22,41914278
3688;1;1;1;9147;1;1;132;1;19;38;9;7;119,10;0;0;0;1;19;0;0;5;5;5;12,60;0;0;5;9;3;13,00;0;7,6;2,6;0,32;Dropout;0,8;1;0;12,8;1,500078885;21,00110439
3057;1;17;2;9773;1;1;132;1;19;19;9;6;120,10;1;0;0;0;20;0;0;5;5;4;15,00;0;0;5;5;4;13,75;0;7,6;2,6;0,32;Dropout;0,8;1;0;14,375;1,586221404;15,86221404
4280;1;17;1;9254;1;1;133;1;19;1;9;9;137,20;0;0;1;0;23;0;10;15;24;12;11,00;0;10;14;21;11;11,36;1;7,6;2,6;0,32;Dropout;0,793103448;0;0;11,18181818;1,404678042;63,21051191
532;1;17;1;9670;1;1;133;1;19;37;9;8;121,80;1;0;1;0;25;1;8;14;23;11;11,69;0;6;10;20;8;11,14;0;9,4;-0,8;-3,12;Graduate;0,791666667;1;1;11,41517857;1,416004595;60,8881976
2564;1;1;1;9238;1;1;133;1;38;1;2;4;126,00;0;0;1;0;21;0;7;12;20;10;11,80;0;5;12;15;9;11,44;0;8,9;1,4;3,51;Enrolled;0,791666667;1;0;11,62222222;1,427328571;49,95649999
3678;1;1;2;9773;1;1;133;1;19;38;5;0;133,70;1;0;0;0;45;0;10;12;12;9;12,44;3;4;7;8;6;12,00;0;9,4;-0,8;-3,12;Dropout;0,789473684;1;0;12,22222222;1,457951786;29,15903573
2185;1;17;2;9238;1;1;133;1;2;1;3;4;136,20;1;0;0;1;36;0;0;7;11;6;12,35;0;0;7;12;5;12,50;0;8,9;1,4;3,51;Graduate;0,785714286;1;0;12,425;1,465283047;33,70151009
1477;1;39;1;9991;0;1;133;1;37;37;9;5;139,20;1;0;0;1;25;0;0;7;11;5;12,58;0;0;7;9;6;12,16;0;8,9;1,4;3,51;Graduate;0,785714286;1;0;12,36857143;1,462196762;29,24393524
2489;1;17;6;9147;1;1;133;1;19;38;5;6;123,20;1;0;0;0;32;0;0;7;16;4;13,63;0;0;7;8;7;12,64;0;12,4;0,5;1,79;Enrolled;0,785714286;1;0;13,13125;1,503910447;36,09385072
4227;1;17;2;8014;0;1;133;1;19;1;5;5;119,70;1;0;0;0;19;0;0;7;12;5;11,80;0;0;7;9;6;11,71;0;11,1;0,6;2,02;Enrolled;0,785714286;1;0;11,75416667;1,428592715;30,00044702
2216;1;1;2;9773;1;1;133;1;3;1;2;4;130,20;0;0;0;0;18;0;0;7;11;5;11,40;0;0;7;9;6;13,33;0;13,9;-0,3;0,79;Enrolled;0,785714286;1;0;12,36666667;1,462092584;29,24185167
836;1;1;3;9119;1;1;133;1;3;1;3;4;121,80;1;0;0;0;19;0;0;7;12;4;12,85;0;0;7;7;7;12,62;0;11,1;0,6;2,02;Enrolled;0,785714286;1;0;12,73571429;1,48227715;28,16326584
2724;1;17;2;9147;1;1;133;1;19;1;9;3;120,10;1;0;0;1;20;0;0;7;10;5;14,46;0;0;7;8;6;13,55;0;12,4;0,5;1,79;Enrolled;0,785714286;1;0;14,005;1,551699035;27,93058262
1582;1;16;2;9070;1;1;133;1;1;3;4;2;122,50;1;0;0;0;18;0;0;7;9;5;14,06;0;0;7;9;6;12,57;0;12,4;0,5;1,79;Enrolled;0,785714286;1;0;13,31571429;1,513999474;27,25199053
221;1;1;1;9147;1;1;133;1;38;38;7;7;147,00;0;0;0;1;20;0;0;7;10;5;12,62;0;0;7;8;6;12,50;0;11,1;0,6;2,02;Enrolled;0,785714286;1;0;12,56;1,472666692;26,50800045
546;1;1;2;9147;1;1;133;1;19;1;5;10;121,80;0;0;0;1;18;0;0;7;10;5;11,94;0;0;7;8;6;12,80;0;11,1;0,6;2,02;Enrolled;0,785714286;1;0;12,37;1,462274896;26,32094812
1875;1;1;4;9773;1;1;133;1;19;19;7;7;134,40;1;0;0;0;20;0;0;7;9;5;12,04;0;0;7;9;6;11,77;0;12,4;0,5;1,79;Enrolled;0,785714286;1;1;11,90571429;1,436881409;25,86386537
2730;1;1;1;9130;1;1;133;1;38;38;5;8;120,40;1;0;0;0;29;0;10;15;15;11;11,45;0;9;13;16;11;11,55;0;10,8;1,4;1,74;Dropout;0,785714286;1;0;11,5;1,414691409;43,85543368
1044;1;1;6;9500;1;1;133;1;38;38;9;9;128,80;1;0;1;0;28;0;13;15;17;13;12,00;0;9;13;13;9;11,33;0;8,9;1,4;3,51;Dropout;0,785714286;1;0;11,66666667;1,42380702;42,71421059
3618;1;1;1;9238;1;1;133;1;19;38;9;7;131,30;1;0;1;0;23;0;0;7;14;5;11,94;0;0;7;14;6;12,20;0;13,9;-0,3;0,79;Dropout;0,785714286;1;0;12,07;1,445866797;40,48427031
1049;1;1;1;9500;1;1;133;1;1;19;9;6;121,50;1;0;1;0;20;0;6;7;13;7;12,38;0;4;7;8;4;11,25;0;13,9;-0,3;0,79;Dropout;0,785714286;1;1;11,8125;1,431783179;30,06744675
4363;1;1;3;9085;1;1;133;1;1;38;9;90;128,20;0;0;0;0;24;0;7;9;9;8;13,13;0;4;9;13;6;13,00;0;8,9;1,4;3,51;Enrolled;0,777777778;0;0;13,0625;1,492213749;32,82870249
4310;1;1;4;9773;1;1;133;1;1;19;9;9;119,70;1;0;0;0;41;0;2;6;10;4;12,25;0;3;7;9;6;12,50;0;9,4;-0,8;-3,12;Enrolled;0,769230769;1;0;12,375;1,446064848;27,4752321
4306;1;1;5;9147;1;1;133;1;19;3;9;9;123,20;1;0;0;0;33;0;5;8;10;6;12,83;0;2;5;8;4;12,00;0;11,1;0,6;2,02;Enrolled;0,769230769;1;0;12,41666667;1,44834375;26,0701875
3331;1;1;1;9238;1;1;133;1;1;19;9;9;132,00;0;0;0;0;33;1;1;7;10;5;12,16;0;0;6;7;5;11,34;0;12,4;0,5;1,79;Dropout;0,769230769;0;0;11,75;1,411881308;24,00198224
3441;1;17;1;9556;1;1;133;1;1;38;4;9;119,00;0;0;0;0;46;0;6;8;12;8;12,38;0;4;9;11;5;12,40;0;8,9;1,4;3,51;Graduate;0,764705882;1;0;12,3875;1,442223631;33,17114352
467;1;1;1;9853;1;1;133;1;1;38;5;10;131,30;1;0;0;0;22;0;5;10;15;8;11,00;0;2;7;16;5;11,20;0;9,4;-0,8;-3,12;Enrolled;0,764705882;1;0;11,1;1,371805541;42,52597176
3177;1;1;4;9500;1;1;133;1;19;19;9;5;120,10;1;0;1;0;47;0;8;10;14;8;14,63;0;5;7;7;5;13,40;0;9,4;-0,8;-3,12;Dropout;0,764705882;1;0;14,0125;1,531100834;32,15311751
851;1;1;6;9500;1;1;133;1;3;3;1;1;126,20;1;0;0;0;34;0;6;12;18;11;13,00;0;4;13;22;8;11,88;0;12,7;3,7;-1,7;Dropout;0,76;1;0;12,4375;1,440252432;57,61009729
2076;1;17;2;9238;1;1;133;1;37;37;9;4;123,60;0;0;0;0;36;0;10;16;24;13;10,69;1;9;13;19;9;12,31;0;15,5;2,8;-4,06;Enrolled;0,75862069;1;0;11,5;1,387597813;59,66670596
1100;1;1;2;9500;1;1;133;1;19;37;1;9;128,50;1;0;1;0;26;0;11;15;15;11;10,82;0;12;14;15;11;11,64;1;7,6;2,6;0,32;Dropout;0,75862069;1;0;11,22727273;1,372681359;41,18044078
335;1;1;1;9238;1;1;133;1;34;37;4;9;134,40;1;0;0;0;22;0;1;6;9;6;13,00;0;1;6;18;3;12,67;0;12,4;0,5;1,79;Graduate;0,75;1;0;12,83333333;1,451902007;39,20135419
2068;1;17;5;9070;1;1;133;1;4;1;4;4;132,00;1;1;0;0;19;0;0;6;8;6;14,00;0;0;6;18;3;12,67;0;12,4;0,5;1,79;Graduate;0,75;1;0;13,33333333;1,479248839;38,4604698
2380;1;1;1;9130;1;1;133;1;2;37;9;7;125,70;1;0;0;0;19;0;0;6;12;6;11,67;0;0;6;14;3;12,00;0;7,6;2,6;0,32;Graduate;0,75;1;0;11,83333333;1,397208344;36,32741695
3959;1;17;4;9500;1;1;133;1;19;19;3;10;131,10;1;0;0;0;18;0;0;6;13;6;13,15;0;0;6;12;3;11,00;0;15,5;2,8;-4,06;Graduate;0,75;1;0;12,07692308;1,41053116;35,26327899
3598;1;16;2;9238;1;1;133;1;19;38;4;5;133,70;1;0;0;1;19;0;0;6;15;6;11,33;0;0;6;9;3;12,67;0;9,4;-0,8;-3,12;Graduate;0,75;1;0;12;1,406323955;33,75177491
2136;1;39;1;9254;1;1;133,1;1;19;1;4;1;101,00;0;0;0;0;18;0;0;6;13;4;11,00;0;0;6;12;5;10,83;0;15,5;2,8;-4,06;Graduate;0,75;1;0;10,91666667;1,347072487;33,67681217
3957;1;1;3;9147;1;1;133;1;38;19;9;10;125,00;1;0;0;0;21;0;0;8;12;6;11,68;0;0;8;12;6;11,68;0;10,8;1,4;1,74;Graduate;0,75;1;0;11,68;1,388821983;33,33172758
3366;1;1;1;9238;1;1;133;1;34;37;5;5;120,40;0;0;0;1;36;0;0;6;10;6;11,00;0;0;6;14;3;11,33;0;10,8;1,4;1,74;Graduate;0,75;1;0;11,16666667;1,360745902;32,65790166
2006;1;1;1;9085;1;1;133;1;1;37;4;10;143,20;0;0;1;0;25;0;0;8;11;6;12,68;0;0;8;11;6;12,68;0;12,7;3,7;-1,7;Graduate;0,75;1;0;12,675;1,443242177;31,7513279
2731;1;1;1;9238;1;1;133;1;4;1;5;5;131,60;0;0;0;0;20;0;0;8;11;6;12,49;0;0;8;11;6;12,49;0;12,7;3,7;-1,7;Graduate;0,75;1;0;12,49166667;1,433215006;31,53073013
3669;1;1;1;9238;1;1;133;41;19;19;9;9;119,70;1;0;1;1;18;0;0;6;12;4;11,50;0;0;6;10;5;12,60;0;10,8;1,4;1,74;Graduate;0,75;1;0;12,05;1,409058638;30,99929003
3178;1;1;1;9670;1;1;133;1;38;38;9;9;128,10;1;0;0;1;32;0;3;10;12;7;11,14;0;4;10;10;8;12,00;0;10,8;1,4;1,74;Graduate;0,75;1;0;11,57142857;1,382883814;30,4234439
3102;1;17;4;9147;1;1;133;1;1;1;4;5;136,20;1;0;0;1;22;0;3;6;11;6;13,14;0;2;6;10;3;12,00;0;13,9;-0,3;0,79;Graduate;0,75;1;0;12,57142857;1,437577476;30,189127
3601;1;18;4;171;1;1;133;1;1;4;9;5;129,20;1;0;0;1;18;0;0;6;11;5;11,14;0;0;6;11;4;11,25;0;16,2;0,3;-0,92;Graduate;0,75;1;0;11,19642857;1,36237369;29,97222118
2244;1;17;4;9500;1;1;133;1;38;37;5;7;126,40;1;0;0;0;18;0;0;6;10;5;12,00;0;0;6;11;4;12,00;0;16,2;0,3;-0,92;Graduate;0,75;1;0;12;1,406323955;29,53280305
1388;1;1;3;9147;1;1;133;1;37;37;9;5;119,70;1;0;0;1;19;0;0;6;14;3;12,67;0;0;6;7;6;11,00;0;9,4;-0,8;-3,12;Graduate;0,75;1;0;11,83333333;1,397208344;29,34137523
799;1;1;1;9130;1;1;133;1;1;37;9;9;123,20;1;0;0;0;20;0;0;6;9;4;13,25;0;0;6;11;5;11,80;0;12,4;0,5;1,79;Graduate;0,75;1;0;12,525;1,435038128;28,70076256
91;1;39;1;9500;1;1;133,1;1;1;1;4;10;100,80;0;0;0;1;19;0;0;6;8;6;11,00;0;0;6;13;3;11,00;0;9,4;-0,8;-3,12;Graduate;0,75;1;0;11;1,351630292;28,38423613
158;1;17;2;9238;1;1;133;1;1;37;7;9;127,40;1;0;0;0;46;0;0;6;13;3;12,33;0;0;6;6;6;13,33;0;11,1;0,6;2,02;Graduate;0,75;1;0;12,83333333;1,451902007;27,58613814
2052;1;17;1;9238;1;1;133;1;38;38;7;7;125,30;1;0;1;0;20;0;0;6;8;4;14,25;0;0;6;10;5;14,00;0;10,8;1,4;1,74;Graduate;0,75;1;0;14,125;1,522547988;27,40586379
688;1;17;3;9500;1;1;133;1;38;19;9;8;128,80;1;0;1;1;19;0;0;6;8;6;11,83;0;0;6;11;3;13,00;0;15,5;2,8;-4,06;Graduate;0,75;1;0;12,41666667;1,429112981;27,15314664
3359;4;39;1;9500;1;1;133,1;1;1;19;3;3;154,30;0;0;0;1;29;0;0;6;11;4;11,75;0;0;6;9;5;10,40;0;10,8;1,4;1,74;Graduate;0,75;1;0;11,075;1,355732317;27,11464633
2460;1;1;1;9147;1;1;133;1;19;37;9;9;129,90;0;0;1;0;34;0;0;6;8;5;12,60;0;0;6;11;4;11,25;0;12,4;0,5;1,79;Graduate;0,75;1;0;11,925;1,40222193;26,64221667
3391;1;17;1;9853;1;1;133;1;38;38;9;9;127,40;0;0;1;0;19;0;0;6;8;5;11,20;0;0;6;11;4;12,50;0;15,5;2,8;-4,06;Graduate;0,75;1;0;11,85;1,398119905;26,5642782
4074;1;17;1;9238;1;1;133;1;19;19;5;7;123,60;0;0;1;1;24;0;0;6;10;4;11,60;0;0;6;8;5;13,00;0;11,1;0,6;2,02;Graduate;0,75;1;0;12,3;1,422732054;25,60917697
4018;4;39;1;8014;0;1;133,1;1;37;37;9;7;140,00;0;0;0;0;19;0;0;6;8;5;10,60;0;0;6;11;4;10,50;0;15,5;2,8;-4,06;Graduate;0,75;1;0;10,55;1,327018144;25,21334473
2646;1;1;1;171;1;1;133,1;1;1;37;7;7;118,00;0;0;0;0;18;0;0;6;9;5;11,00;0;0;6;9;4;11,25;0;8,9;1,4;3,51;Graduate;0,75;1;0;11,125;1,358467;24,452406
2023;1;17;4;171;1;1;133,1;1;38;38;9;9;117,00;1;0;0;0;18;0;0;6;7;6;10,57;0;0;6;11;3;11,67;0;16,2;0,3;-0,92;Graduate;0,75;1;0;11,11904762;1,358141442;24,44654596
359;1;39;1;9003;1;1;133,1;1;37;37;3;8;130,00;0;0;0;0;18;0;0;6;10;4;11,00;0;0;6;8;5;11,20;0;10,8;1,4;1,74;Graduate;0,75;1;0;11,1;1,357099658;24,42779385
1335;1;1;1;9500;1;1;133;1;38;38;5;5;123,20;0;0;0;0;18;0;0;6;7;5;12,80;0;0;6;10;4;12,20;0;10,8;1,4;1,74;Graduate;0,75;1;0;12,5;1,433670786;24,37240337
3610;1;1;1;171;1;1;133,1;1;1;37;9;9;117,00;0;0;0;0;20;0;0;6;8;5;10,80;0;0;6;9;4;11,50;0;9,4;-0,8;-3,12;Graduate;0,75;1;0;11,15;1,359834341;23,1171838
238;1;17;2;9238;1;1;133;1;37;37;3;9;119,70;0;1;1;0;19;0;0;6;6;6;11,67;0;0;6;10;3;12,67;0;7,6;2,6;0,32;Graduate;0,75;1;0;12,16666667;1,415439565;22,64703304
1930;1;17;3;9500;1;1;133;1;1;1;9;9;128,50;1;0;0;0;33;0;0;6;7;6;15,00;0;0;6;8;3;11,00;0;11,1;0,6;2,02;Graduate;0,75;1;0;13;1,461017618;21,91526427
1839;1;17;3;9500;1;1;133;1;3;19;2;5;130,80;1;0;1;0;18;0;0;6;6;5;15,00;0;0;6;8;4;14,50;0;8,9;1,4;3,51;Graduate;0,75;1;0;14,75;1,556731528;21,79424139
600;1;17;1;9003;1;1;133;1;38;37;9;9;125,30;1;0;0;0;19;0;0;6;8;4;14,40;0;0;6;6;5;13,00;0;13,9;-0,3;0,79;Graduate;0,75;1;0;13,7;1,499303182;20,99024454
3112;1;17;4;9500;1;1;133;1;4;4;4;4;130,70;1;0;1;1;21;0;0;6;8;4;14,75;0;0;6;6;5;11,80;0;12,7;3,7;-1,7;Graduate;0,75;1;0;13,275;1,476058375;20,66481725
3653;1;17;1;9556;1;1;133;1;38;37;9;9;124,40;1;0;0;0;18;0;0;6;8;4;12,50;0;0;6;6;5;12,60;0;12,7;3,7;-1,7;Graduate;0,75;1;0;12,55;1,436405469;20,10967657
2010;1;1;6;9773;1;1;133,1;1;1;1;90;90;129,60;0;0;0;0;20;0;0;6;13;5;11,80;0;0;6;19;4;12,00;0;12,4;0,5;1,79;Enrolled;0,75;1;0;11,9;1,400854588;44,82734683
189;1;39;1;9085;1;1;133,1;1;1;19;9;9;162,30;1;0;0;0;28;0;6;10;15;6;10,67;0;5;10;17;9;11,33;1;7,6;2,6;0,32;Enrolled;0,75;1;0;11;1,351630292;43,25216934
1240;1;1;1;9670;1;1;133,1;1;3;1;4;4;95,00;0;0;0;0;19;0;0;6;10;5;12,67;0;0;6;19;4;11,75;0;12,4;0,5;1,79;Enrolled;0,75;1;0;12,20833333;1,417718468;41,11383557
728;1;39;1;9991;0;1;133,1;1;37;37;9;9;143,20;0;0;0;0;22;0;0;6;9;5;13,33;0;0;6;17;4;11,40;0;12,4;0,5;1,79;Enrolled;0,75;1;0;12,36666667;1,426378298;37,08583574
2200;1;39;2;9556;1;1;133,1;1;1;1;9;10;100,50;0;0;1;0;25;0;0;6;14;5;11,67;0;0;6;11;4;12,00;0;15,5;2,8;-4,06;Enrolled;0,75;1;0;11,83333333;1,397208344;34,93020861
930;1;1;1;9238;1;1;133,1;1;19;37;0;0;137,00;1;0;1;0;38;0;1;6;9;5;16,00;1;0;6;11;4;16,50;0;13,9;-0,3;0,79;Enrolled;0,75;1;1;16,25;1,638772022;32,77544044
3583;1;39;1;9991;0;1;133,1;1;38;37;9;9;154,40;0;0;1;0;18;0;0;8;11;6;13,50;1;0;8;11;6;13,50;1;9,4;-0,8;-3,12;Enrolled;0,75;1;0;13,49666667;1,488182137;32,74000701
4281;1;39;1;9991;0;1;133,1;1;19;37;9;7;111,40;0;0;0;1;20;0;0;6;11;4;10,75;0;0;6;13;5;11,50;0;15,5;2,8;-4,06;Enrolled;0,75;1;0;11,125;1,358467;32,60320799
1256;4;39;1;9130;1;1;133,1;1;3;1;5;5;110,00;1;0;1;0;24;0;0;6;11;6;11,33;0;0;6;12;3;11,33;0;16,2;0,3;-0,92;Enrolled;0,75;1;0;11,33333333;1,369861513;31,5068148
4364;1;17;3;9853;1;1;133,1;1;34;34;0;0;115,00;0;0;0;0;21;0;0;6;11;6;10,38;0;0;6;12;3;11,67;0;12,7;3,7;-1,7;Enrolled;0,75;1;0;11,02083333;1,352769743;31,11370409
4114;4;39;2;9556;1;1;133,1;1;38;37;7;7;101,50;1;0;0;0;24;0;0;6;9;4;15,75;0;0;6;10;5;16,40;0;9,4;-0,8;-3,12;Enrolled;0,75;1;0;16,075;1,629200631;30,95481199
3801;1;17;1;9853;1;1;133,1;1;34;19;0;3;117,10;1;0;1;0;18;0;0;6;13;4;13,75;0;0;6;8;5;11,20;0;13,9;-0,3;0,79;Enrolled;0,75;1;0;12,475;1,432303445;30,07837234
45;1;39;1;9991;0;1;133,1;1;37;37;9;9;109,70;0;0;0;0;49;0;0;6;9;5;12,33;0;0;6;12;4;11,50;0;13,9;-0,3;0,79;Enrolled;0,75;1;0;11,91666667;1,40176615;29,43708914
2305;1;17;1;9147;1;1;133,1;1;1;19;4;8;95,00;0;0;0;0;18;0;0;6;10;4;11,25;0;0;6;11;5;12,20;0;8,9;1,4;3,51;Enrolled;0,75;1;0;11,725;1,391283197;29,21694715
3745;1;17;3;9853;1;1;133,1;1;12;1;4;0;134,80;1;0;0;1;19;0;0;8;10;6;11,83;0;0;8;10;6;11,83;0;9,4;-0,8;-3,12;Enrolled;0,75;1;0;11,83333333;1,397208344;27,94416689
2424;1;39;1;9003;1;1;133,1;1;1;37;9;8;130,00;0;0;0;0;18;0;0;6;9;5;13,60;0;0;6;10;4;11,75;0;9,4;-0,8;-3,12;Enrolled;0,75;1;0;12,675;1,443242177;27,42160137
972;4;42;1;9147;1;1;133,1;1;37;38;7;3;123,00;1;0;0;1;18;0;0;6;8;5;11,60;0;0;6;12;4;11,00;0;7,6;2,6;0,32;Enrolled;0,75;1;0;11,3;1,368038391;27,36076781
2394;1;1;1;9254;1;1;133,1;1;4;19;4;5;98,00;0;0;0;0;22;0;0;6;10;5;12,60;0;0;6;9;4;11,25;0;12,7;3,7;-1,7;Enrolled;0,75;1;0;11,925;1,40222193;26,64221667
2915;6;39;2;9147;1;1;133,1;1;37;37;9;9;110,00;0;0;0;0;18;0;0;8;9;6;13,35;2;0;8;9;6;13,35;2;9,4;-0,8;-3,12;Enrolled;0,75;1;0;13,345;1,479886931;26,63796476
214;1;39;1;9991;0;1;133,1;1;37;37;9;9;126,30;0;0;0;1;19;0;0;6;9;5;12,20;0;0;6;10;4;11,50;0;7,6;2,6;0,32;Enrolled;0,75;1;0;11,85;1,398119905;26,5642782
4146;1;1;1;9238;1;1;133,1;1;19;1;1;3;101,00;0;0;0;0;20;0;0;6;8;5;13,40;0;0;6;10;4;13,00;0;12,7;3,7;-1,7;Enrolled;0,75;1;0;13,2;1,47195635;26,4952143
358;1;39;1;9991;0;1;133,1;1;37;37;90;8;128,20;0;0;0;1;23;0;0;6;10;4;14,25;1;0;6;8;5;12,00;0;7,6;2,6;0,32;Enrolled;0,75;1;0;13,125;1,467854326;26,42137786
2332;1;39;1;9003;1;1;133,1;1;19;37;9;7;110,00;1;0;0;0;20;0;0;6;10;5;12,00;0;0;6;9;4;11,25;0;9,4;-0,8;-3,12;Enrolled;0,75;1;0;11,625;1,385813831;26,33046279
4331;1;1;4;9238;1;1;133,1;1;1;37;8;9;118,00;1;0;1;1;19;0;0;6;7;6;11,17;0;0;6;12;3;11,67;0;10,8;1,4;1,74;Enrolled;0,75;1;0;11,41666667;1,374419318;26,11396704
1062;1;1;1;9070;1;1;133,1;1;19;19;7;7;117,00;0;0;0;0;19;0;0;6;9;4;12,50;0;0;6;9;5;12,50;0;9,4;-0,8;-3,12;Enrolled;0,75;1;0;12,5;1,433670786;25,80607415
1570;1;43;1;9130;1;1;133,1;6;37;37;9;6;100,00;0;0;0;0;20;0;0;6;7;6;14,29;0;0;6;9;3;13,00;0;13,9;-0,3;0,79;Enrolled;0,75;1;0;13,64285714;1,49617783;23,93884527
410;4;39;1;9085;1;1;133,1;1;34;34;0;0;128,20;0;0;0;0;22;0;0;6;9;4;12,25;0;0;6;8;5;11,60;0;10,8;1,4;1,74;Enrolled;0,75;1;0;11,925;1,40222193;23,83777281
219;1;39;1;8014;0;1;133,1;1;1;19;5;4;102,50;0;0;0;1;18;0;0;6;9;5;11,60;0;0;6;8;4;11,20;0;8,9;1,4;3,51;Enrolled;0,75;1;0;11,4;1,373507757;23,34963187
2362;1;42;1;9773;1;1;133,1;1;19;6;4;3;120,00;0;0;0;0;21;0;0;6;8;5;11,83;0;0;6;8;4;13,25;2;16,2;0,3;-0,92;Enrolled;0,75;1;0;12,54166667;1,435949689;22,97519502
2591;1;39;1;9003;1;1;133,1;1;19;19;9;9;100,00;0;0;1;0;20;0;0;6;7;6;12,17;0;0;6;9;3;12,00;0;12,4;0,5;1,79;Enrolled;0,75;1;0;12,08333333;1,41088176;22,57410816
2349;1;39;1;9670;1;1;133,1;1;19;19;3;3;125,30;0;1;1;0;20;0;0;6;7;5;11,80;0;0;6;9;4;12,00;0;15,5;2,8;-4,06;Enrolled;0,75;1;0;11,9;1,400854588;22,41367342
2445;1;1;1;9853;1;1;133,1;1;34;34;0;0;142,80;0;0;1;0;20;0;0;6;7;5;12,40;0;0;6;8;4;13,00;0;13,9;-0,3;0,79;Enrolled;0,75;0;0;12,7;1,444609519;21,66914278
1246;2;39;1;9853;1;1;133,1;1;37;37;5;5;116,50;0;0;0;0;19;0;0;6;8;5;11,40;1;0;6;7;4;10,75;0;12,7;3,7;-1,7;Enrolled;0,75;1;0;11,075;1,355732317;20,33598475
439;1;1;5;9670;1;1;133,1;1;9;1;2;4;133,00;1;0;0;0;21;0;0;6;7;5;12,20;0;0;6;7;4;12,60;0;8,9;1,4;3,51;Enrolled;0,75;1;0;12,4;1,42820142;19,99481988
2913;1;43;4;9085;1;1;133,1;1;34;34;99;99;125,20;0;0;0;0;20;0;0;6;6;6;11,83;0;0;6;6;3;13,33;0;9,4;-0,8;-3,12;Enrolled;0,75;1;0;12,58333333;1,438228591;17,2587431
121;1;17;1;9254;1;1;133,1;1;1;1;4;5;131,00;1;0;0;0;29;0;7;9;16;7;11,56;4;5;7;12;5;13,20;2;7,6;2,6;0,32;Dropout;0,75;0;0;12,37777778;1,426986005;39,95560815
2936;1;43;1;9773;1;1;133,1;22;34;34;90;90;130,00;0;0;0;0;28;0;0;6;17;5;13,00;0;0;6;11;4;11,75;0;13,9;-0,3;0,79;Dropout;0,75;0;0;12,375;1,426834078;39,95135419
1772;1;39;1;9147;1;1;133,1;41;38;38;9;8;134,80;0;0;0;0;31;0;2;6;13;5;11,40;0;0;6;14;4;11,75;0;13,9;-0,3;0,79;Dropout;0,75;1;0;11,575;1,383079148;37,343137
1179;4;39;1;9500;1;1;133,1;1;37;37;9;9;130,00;0;0;0;0;38;0;9;12;12;9;12,22;2;9;12;12;9;13,00;0;9,4;-0,8;-3,12;Dropout;0,75;0;0;12,61111111;1,43974786;34,55394864
235;1;1;1;9147;1;1;133,1;1;37;1;9;10;100,00;0;0;0;0;20;0;1;6;13;4;13,00;0;1;6;11;5;12,00;0;16,2;0,3;-0,92;Dropout;0,75;0;0;12,5;1,433670786;34,40809887
3120;1;1;1;9085;1;1;133,1;1;38;37;1;1;115,00;1;0;1;0;24;0;0;6;11;5;11,83;0;0;6;11;4;11,50;0;15,5;2,8;-4,06;Dropout;0,75;0;0;11,66666667;1,388092734;30,53804014
3418;1;1;1;9254;1;1;133,1;1;38;19;3;3;98,60;0;0;0;0;19;0;0;8;10;6;13,78;1;0;8;10;6;13,78;1;9,4;-0,8;-3,12;Dropout;0,75;1;0;13,78;1,503678675;30,07357349
764;1;15;1;9147;1;1;133,1;21;1;3;192;3;100,00;0;0;1;0;38;0;10;10;10;10;13,60;0;5;10;10;5;13,60;0;8,9;1,4;3,51;Dropout;0,75;1;0;13,6;1,493833815;29,87667631
4183;1;39;1;9556;1;1;133,1;1;44;40;2;2;115,50;0;0;0;0;22;0;2;6;9;6;12,00;0;1;6;12;3;12,00;0;13,9;-0,3;0,79;Dropout;0,75;1;0;12;1,406323955;29,53280305
2636;1;39;2;9556;1;1;133,1;1;3;1;2;4;136,10;0;0;0;0;18;0;0;6;8;5;14,40;0;0;6;11;4;14,60;0;8,9;1,4;3,51;Dropout;0,75;1;0;14,5;1,543058112;29,31810413
1680;1;39;1;9500;1;1;133,1;1;1;37;9;9;100,00;0;0;0;0;19;0;0;8;10;6;13,07;0;0;8;10;6;13,07;0;12,7;3,7;-1,7;Dropout;0,75;1;0;13,06666667;1,464663862;29,29327724
2883;2;39;1;9991;0;1;133,1;1;37;37;9;9;113,40;0;0;1;0;18;0;0;6;11;5;13,63;0;0;6;9;4;11,75;0;16,2;0,3;-0,92;Dropout;0,75;1;0;12,6875;1,443925848;28,87851696
1824;1;39;1;9670;1;1;133,1;1;1;1;4;4;112,90;0;0;0;0;54;0;0;6;8;4;12,75;0;0;6;12;5;12,60;0;7,6;2,6;0,32;Dropout;0,75;1;0;12,675;1,443242177;28,86484354
2670;1;39;1;8014;0;1;133,1;1;37;38;9;9;148,50;0;0;0;0;26;0;0;6;13;4;12,00;0;0;6;7;5;13,20;0;16,2;0,3;-0,92;Dropout;0,75;0;0;12,6;1,439140153;28,78280305
1236;1;39;1;9991;0;1;133,1;1;19;38;7;4;125,70;0;0;0;0;18;0;0;6;10;5;13,00;0;0;6;10;4;11,50;0;12,7;3,7;-1,7;Dropout;0,75;1;0;12,25;1,41999737;28,39994741
1279;1;39;1;8014;0;1;133,1;1;1;12;4;5;116,50;0;0;0;0;23;0;0;6;11;4;11,25;0;0;6;10;5;10,20;0;7,6;2,6;0,32;Dropout;0,75;1;0;10,725;1,336589535;28,06838023
4282;1;1;1;9085;1;1;133,1;1;3;1;4;9;105,00;1;0;1;0;21;0;1;6;8;6;12,50;0;0;6;11;3;13,33;0;13,9;-0,3;0,79;Dropout;0,75;1;0;12,91666667;1,456459812;27,67273644
2370;1;39;1;9130;1;1;133,1;1;1;19;4;5;120,00;1;0;0;0;46;0;0;6;10;5;11,40;0;0;6;9;4;13,75;0;12,4;0,5;1,79;Dropout;0,75;1;0;12,575;1,437772811;27,31768341
1545;1;39;1;8014;0;1;133,1;1;34;34;0;0;100,00;1;0;0;1;21;0;0;6;8;6;12,17;0;0;6;11;3;11,67;0;10,8;1,4;1,74;Dropout;0,75;1;0;11,91666667;1,40176615;26,63355684
4008;1;39;1;9003;1;1;133,1;1;1;37;4;7;110,00;0;0;0;0;18;0;0;8;9;6;12,76;1;0;8;9;6;12,76;1;9,4;-0,8;-3,12;Dropout;0,75;0;0;12,75833333;1,447799982;26,06039968
2525;1;17;4;9238;1;1;133,1;1;1;19;9;5;95,00;1;0;1;0;23;0;2;7;8;5;12,20;0;5;9;10;7;12,14;1;16,2;0,3;-0,92;Dropout;0,75;1;0;12,17142857;1,415700011;25,4826002
3738;1;1;1;9254;1;1;133,1;1;3;1;2;4;125,00;0;0;0;0;18;0;0;6;9;5;12,20;0;0;6;9;4;11,75;0;10,8;1,4;1,74;Dropout;0,75;0;0;11,975;1,404956613;25,28921904
2684;1;17;1;9085;1;1;133,1;1;1;19;5;9;130,00;0;0;0;0;18;0;0;6;7;5;12,20;0;0;6;11;4;11,50;0;11,1;0,6;2,02;Dropout;0,75;0;0;11,85;1,398119905;25,1661583
3280;4;39;1;8014;0;1;133,1;1;37;37;9;8;113,00;0;0;0;0;18;0;0;6;9;5;11,00;0;0;6;9;4;11,25;0;10,8;1,4;1,74;Dropout;0,75;1;0;11,125;1,358467;24,452406
4139;1;17;2;9853;1;1;133,1;1;37;37;5;0;111,50;0;0;1;0;18;0;0;6;10;4;12,00;0;0;6;7;5;11,80;0;9,4;-0,8;-3,12;Dropout;0,75;1;0;11,9;1,400854588;23,814528
312;1;17;1;9853;1;1;133,1;1;34;34;0;0;118,90;1;0;0;1;19;0;0;6;7;5;12,00;0;0;6;9;4;12,50;0;12,4;0,5;1,79;Dropout;0,75;0;0;12,25;1,41999737;22,71995793
3452;1;39;1;9500;1;1;133,1;1;19;19;5;6;121,40;0;0;0;0;21;0;0;6;8;5;11,80;0;0;6;8;4;10,50;0;7,6;2,6;0,32;Dropout;0,75;1;0;11,15;1,359834341;21,75734946
3586;1;39;1;33;1;1;133,1;1;19;37;9;9;96,10;0;0;0;0;18;0;0;6;6;5;11,80;0;0;6;9;4;13,71;0;10,8;1,4;1,74;Dropout;0,75;1;0;12,75714286;1,447734871;21,71602306
2946;2;39;1;9853;1;1;133,1;1;37;19;9;5;138,30;0;0;1;0;21;0;0;6;9;4;13,25;0;0;6;6;5;11,00;0;12,7;3,7;-1,7;Dropout;0,75;0;0;12,125;1,413160663;21,19740994
526;1;43;1;9119;1;1;133,1;1;1;1;9;3;136,00;0;0;0;0;20;0;0;6;7;4;13,00;0;0;6;7;5;13,80;0;12,4;0,5;1,79;Dropout;0,75;0;0;13,4;1,482895083;20,76053116
2209;1;17;2;9147;1;1;133,1;1;38;38;4;7;109,00;1;0;0;0;33;1;0;6;6;6;12,17;0;0;6;9;3;11,00;0;7,6;2,6;0,32;Dropout;0,75;1;0;11,58333333;1,383534929;20,75302393
110;1;17;2;9853;1;1;133,1;1;19;1;9;3;107,00;1;0;1;1;21;0;0;6;8;4;11,50;0;0;6;7;5;11,00;0;15,5;2,8;-4,06;Dropout;0,75;1;0;11,25;1,365303708;20,47955561
477;1;1;2;9556;1;1;133,1;1;19;19;9;9;104,50;1;0;0;1;23;0;0;6;6;6;13,33;0;0;6;8;3;12,67;0;11,1;0,6;2,02;Dropout;0,75;1;0;13;1,461017618;20,45424665
466;1;43;1;8014;0;1;133,1;1;3;3;2;3;135,00;0;0;1;0;32;0;6;10;12;10;11,40;0;4;9;9;4;11,50;0;7,6;2,6;0,32;Graduate;0,736842105;1;0;11,45;1,363084545;28,62477545
418;1;1;1;9853;1;1;133,1;1;19;19;9;9;97,00;1;0;1;0;24;0;12;17;19;13;11,64;0;12;17;25;12;11,25;0;11,1;0,6;2,02;Dropout;0,735294118;1;0;11,44642857;1,361341223;59,89901383
3146;2;43;1;9991;0;1;133,1;1;37;37;9;7;113,50;0;0;1;1;18;0;0;7;12;7;11,72;0;0;8;13;4;10,87;0;15,5;2,8;-4,06;Graduate;0,733333333;1;0;11,29233333;1,350952406;33,77381015
4401;2;39;1;9991;0;1;133,1;1;37;37;6;3;140,00;0;0;0;1;20;0;3;7;10;6;12,83;0;2;8;8;5;11,80;0;12,7;3,7;-1,7;Graduate;0,733333333;1;1;12,31666667;1,406976948;25,32558506
4163;4;43;1;9853;1;1;133,1;100;19;22;90;90;100,00;0;0;1;1;21;0;0;7;14;5;11,20;0;0;8;11;6;11,58;0;16,2;0,3;-0,92;Enrolled;0,733333333;1;0;11,39166667;1,35638531;33,90963275
3687;1;1;1;9147;1;1;133,1;1;34;34;0;0;125,30;0;0;0;1;26;0;0;7;13;5;12,74;0;0;8;12;6;10,98;0;16,2;0,3;-0,92;Dropout;0,733333333;1;0;11,85928571;1,381961108;34,54902771
2879;2;42;1;9853;1;1;133,1;1;37;37;4;7;100,00;0;0;0;0;24;0;9;13;17;10;11,50;0;7;13;18;9;10,44;0;16,2;0,3;-0,92;Dropout;0,730769231;1;0;10,97222222;1,330880254;46,5808089
3174;1;39;1;9556;1;1;133,1;1;38;19;9;6;100,00;1;0;1;0;32;0;11;17;31;11;12,73;4;10;12;24;10;12,70;1;15,5;2,8;-4,06;Dropout;0,724137931;0;0;12,71363636;1,419493273;78,07212999
3699;1;1;1;9500;1;1;133,1;1;38;38;5;10;101,00;0;0;1;0;57;0;12;15;17;12;11,75;0;9;14;16;9;12,22;0;9,4;-0,8;-3,12;Dropout;0,724137931;0;0;11,98611111;1,379702252;45,5301743
3845;1;1;1;9130;1;1;133,1;1;6;11;4;5;138,40;0;0;1;0;32;0;6;11;15;7;11,29;0;5;7;10;6;12,33;0;13,9;-0,3;0,79;Enrolled;0,722222222;1;0;11,80952381;1,368128336;34,20320841
1779;1;1;1;9147;1;1;133,1;1;37;38;7;7;98,00;1;0;0;0;21;0;7;9;10;8;13,25;0;4;9;14;5;12,20;0;8,9;1,4;3,51;Enrolled;0,722222222;1;0;12,725;1,418199083;34,03677798
1588;1;17;2;9119;1;1;133,1;1;1;2;3;3;117,00;1;0;1;0;18;0;0;7;11;6;13,43;0;0;7;10;4;13,60;0;8,9;1,4;3,51;Graduate;0,714285714;1;0;13,51666667;1,453561724;30,52479621
1533;2;15;1;9773;1;1;133,1;41;37;37;9;6;100,00;0;0;1;0;34;0;0;7;15;6;11,33;0;0;7;16;4;12,60;0;16,2;0,3;-0,92;Enrolled;0,714285714;1;0;11,96666667;1,368786547;42,43238296
1671;1;39;1;9991;0;1;133,1;1;1;1;4;2;127,70;0;0;1;0;30;0;0;7;12;4;14,40;0;0;7;9;6;13,50;0;12,4;0,5;1,79;Enrolled;0,714285714;1;0;13,95;1,477262312;31,02250855
3742;1;39;1;9119;1;1;133,1;1;37;19;9;3;123,00;0;0;0;0;19;0;0;7;12;4;13,38;0;0;7;8;6;12,12;0;12,4;0,5;1,79;Enrolled;0,714285714;1;0;12,74583333;1,411402026;28,22804052
1597;1;1;2;9500;1;1;133,1;1;37;37;9;9;99,00;1;0;0;0;21;0;0;7;12;4;13,13;0;0;7;8;6;12,33;0;13,9;-0,3;0,79;Enrolled;0,714285714;1;0;12,72916667;1,410490465;28,2098093
2333;1;39;1;9003;1;1;133,1;1;1;19;4;10;145,80;0;0;0;0;35;0;0;7;11;5;13,34;0;0;7;9;5;10,84;0;12,4;0,5;1,79;Enrolled;0,714285714;1;0;12,09;1,375532099;27,51064197
2971;1;43;2;9238;1;1;133,1;1;19;19;4;5;120,60;1;0;0;0;19;1;0;7;9;5;12,32;0;0;7;9;5;11,90;0;12,4;0,5;1,79;Enrolled;0,714285714;1;0;12,11;1,376625972;24,7792675
1185;1;1;2;9500;1;1;133,1;1;19;38;192;192;96,00;1;0;0;1;18;0;0;7;8;5;12,86;0;0;7;8;5;12,86;0;7,6;2,6;0,32;Enrolled;0,714285714;1;0;12,86;1,417646219;22,68233951
2154;1;42;1;9238;1;1;133,1;1;1;19;4;9;134,00;0;0;0;1;18;0;0;7;8;5;11,98;0;0;7;8;5;11,98;0;7,6;2,6;0,32;Enrolled;0,714285714;1;0;11,98;1,369515796;21,91225273
2961;1;1;1;9670;1;1;133,1;1;1;1;9;1;103,00;1;0;1;1;19;0;0;7;8;5;11,20;0;0;7;8;5;11,20;0;7,6;2,6;0,32;Enrolled;0,714285714;1;0;11,2;1,326854739;21,22967582
1781;1;1;1;9670;1;1;133,1;1;1;37;9;10;139,00;0;0;1;0;44;0;0;7;11;5;12,10;0;0;7;10;5;12,60;0;11,1;0,6;2,02;Dropout;0,714285714;1;0;12,35;1,389752451;29,18480147
2101;1;17;1;9773;1;1;133,1;1;38;38;9;5;117,00;0;0;0;0;19;0;0;7;11;4;12,00;0;0;7;9;6;11,83;0;16,2;0,3;-0,92;Dropout;0,714285714;0;0;11,91666667;1,366051864;27,32103728
4229;2;39;1;8014;0;1;133,1;1;37;37;5;4;134,50;0;0;1;0;37;0;0;7;10;5;13,00;0;0;7;9;5;12,88;0;11,1;0,6;2,02;Dropout;0,714285714;0;0;12,94;1,422021712;27,01841253
2196;1;1;2;9773;1;1;133,1;1;38;19;4;7;98,00;1;0;0;0;26;0;6;12;13;6;13,00;0;4;12;14;11;13,83;0;15,5;2,8;-4,06;Graduate;0,708333333;1;0;13,41666667;1,442139977;38,93777938
2676;1;1;1;9254;1;1;133,1;1;37;37;1;1;97,00;0;0;1;0;25;0;9;13;16;10;11,45;0;5;11;13;7;12,25;0;12,4;0,5;1,79;Dropout;0,708333333;1;0;11,85227273;1,356577542;39,34074873
626;1;1;1;9853;1;1;133,1;1;19;19;9;8;132,00;1;0;1;0;23;0;13;17;19;13;12,15;0;10;17;28;11;11,91;1;11,1;0,6;2,02;Enrolled;0,705882353;1;0;12,03146853;1,363927437;64,10458954
2042;2;57;1;9991;0;1;133,1;41;38;37;4;6;100,00;0;0;0;0;22;0;7;12;12;7;11,00;0;5;5;5;5;10,60;0;8,9;1,4;3,51;Dropout;0,705882353;0;0;10,8;1,296573912;22,04175651
3013;1;16;1;9500;1;1;133,1;1;37;37;9;9;95,00;1;0;0;0;20;0;0;5;12;2;13,50;0;0;5;12;5;11,29;1;10,8;1,4;1,74;Graduate;0,7;1;0;12,39285714;1,377810751;33,06745802
2171;1;1;5;9500;1;1;133,1;1;1;1;5;8;123,00;1;0;0;0;20;0;0;5;12;3;11,67;2;0;5;11;4;11,50;1;9,4;-0,8;-3,12;Graduate;0,7;1;0;11,58333333;1,333534929;30,67130336
1935;1;1;4;9500;1;1;133,1;1;19;38;9;9;119,60;1;0;1;0;37;0;1;5;12;3;12,00;2;1;5;8;4;13,00;1;10,8;1,4;1,74;Graduate;0,7;1;0;12,5;1,383670786;27,67341572
2504;2;39;1;9500;1;1;133,1;1;3;1;5;5;148,80;0;0;0;0;18;0;0;5;14;2;12,00;2;0;5;6;5;12,60;0;9,4;-0,8;-3,12;Graduate;0,7;1;0;12,3;1,372732054;27,45464107
713;2;39;1;9085;1;1;133,1;1;37;37;90;90;110,30;0;0;1;0;19;1;0;5;12;3;10,50;0;0;5;8;4;11,25;0;12,4;0,5;1,79;Graduate;0,7;1;0;10,875;1,294793584;25,89587168
3995;1;1;1;171;1;1;133,1;1;3;1;2;4;128,20;1;0;0;0;19;0;0;5;10;4;11,25;1;0;5;10;3;10,33;0;12,7;3,7;-1,7;Graduate;0,7;1;0;10,79166667;1,290235779;25,80471558
1836;1;1;1;9238;1;1;133,1;1;38;38;191;192;118,00;0;0;0;0;19;0;0;5;11;3;10,67;0;0;5;9;4;10,25;0;11,1;0,6;2,02;Graduate;0,7;1;0;10,45833333;1,272004558;25,44009116
1282;1;1;3;9500;1;1;133,1;1;38;19;7;9;115,50;1;0;0;0;21;0;0;5;9;3;11,67;0;0;5;9;4;11,75;0;8,9;1,4;3,51;Graduate;0,7;1;0;11,70833333;1,340371636;24,12668946
854;2;39;1;9500;1;1;133,1;1;1;19;9;9;120,00;0;0;1;0;34;0;0;5;10;3;11,67;1;0;5;7;4;12,75;0;9,4;-0,8;-3,12;Graduate;0,7;1;0;12,20833333;1,367718468;23,25121395
980;1;18;1;9003;1;1;133,1;1;1;38;9;6;101,00;0;0;0;1;18;0;0;5;7;4;13,00;0;0;5;8;3;12,33;0;9,4;-0,8;-3,12;Graduate;0,7;1;0;12,66666667;1,392786397;20,89179595
631;1;39;1;9500;1;1;133,1;1;19;37;9;9;120,00;0;0;0;0;18;0;0;5;8;3;12,33;0;0;5;7;4;12,00;0;7,6;2,6;0,32;Graduate;0,7;1;0;12,16666667;1,365439565;20,48159348
4201;1;1;1;9147;1;1;133,1;1;37;37;191;154;95,00;0;0;1;0;20;0;0;5;10;3;10,67;0;0;5;5;4;12,25;0;7,6;2,6;0,32;Graduate;0,7;1;0;11,45833333;1,326698221;19,90047331
1183;1;1;3;9500;1;1;133,1;1;19;19;5;5;108,50;1;0;0;0;18;0;0;5;7;3;12,00;0;0;5;7;4;13,25;1;7,6;2,6;0,32;Graduate;0,7;1;0;12,625;1,390507494;19,46710492
2494;2;39;1;9003;1;1;133,1;1;37;37;8;7;150,00;0;0;0;0;19;0;0;5;15;3;14,00;3;0;5;10;4;11,75;1;9,4;-0,8;-3,12;Enrolled;0,7;1;0;12,875;1,40418091;35,10452275
3349;1;39;1;9003;1;1;133,1;1;38;37;9;4;120,00;0;0;1;0;24;0;0;5;13;4;13,75;1;0;5;9;3;12,00;0;9,4;-0,8;-3,12;Enrolled;0,7;1;0;12,875;1,40418091;30,89198002
3474;2;1;1;9147;1;1;133,1;1;34;34;0;0;131,80;0;0;1;0;19;0;0;5;9;5;10,80;0;0;5;13;2;13,50;0;8,9;1,4;3,51;Enrolled;0,7;1;0;12,15;1,364528004;30,01961609
621;1;1;1;9773;1;1;133,1;1;3;19;4;5;105,00;1;0;1;0;19;0;0;5;14;2;11,50;2;0;5;8;5;11,40;3;9,4;-0,8;-3,12;Enrolled;0,7;1;0;11,45;1,32624244;29,17733368
3615;1;15;1;9119;1;1;133,1;41;2;2;2;2;100,00;0;0;0;1;19;0;0;5;10;2;13,50;0;0;5;11;5;11,40;1;10,8;1,4;1,74;Enrolled;0,7;1;0;12,45;1,380936103;28,99965816
2520;1;1;3;9773;1;1;133,1;1;38;38;5;5;131,30;1;0;1;0;21;0;0;5;7;4;11,50;0;0;5;15;3;10,60;4;10,8;1,4;1,74;Enrolled;0,7;1;0;11,05;1,304364975;28,69602945
707;2;39;1;8014;0;1;133,1;1;19;1;4;8;144,30;0;0;1;0;20;0;0;5;12;3;10,50;0;0;5;10;4;11,25;0;12,4;0,5;1,79;Enrolled;0,7;1;0;10,875;1,294793584;28,48545885
2793;4;39;1;8014;0;1;133,1;1;37;37;7;7;143,00;0;0;0;0;19;0;0;5;13;4;12,00;2;0;5;8;3;12,00;0;9,4;-0,8;-3,12;Enrolled;0,7;1;0;12;1,356323955;28,48280305
4032;1;1;1;171;1;1;133,1;1;19;38;9;8;128,20;1;0;0;0;19;0;0;5;13;3;12,00;2;0;5;8;4;11,75;0;9,4;-0,8;-3,12;Enrolled;0,7;1;0;11,875;1,349487247;28,33923219
2315;1;1;1;9238;1;1;133,1;1;1;1;3;4;112,00;0;0;0;0;30;0;0;5;11;3;10,33;0;0;5;10;4;12,80;0;12,4;0,5;1,79;Enrolled;0,7;1;0;11,56666667;1,332623368;27,98509072
3891;1;18;1;9853;1;1;133,1;1;1;19;141;182;106,00;1;0;0;0;36;0;0;5;8;3;11,00;0;0;5;12;4;13,38;0;10,8;1,4;1,74;Enrolled;0,7;1;0;12,1875;1,366579017;27,33158033
1705;1;39;1;9670;1;1;133,1;1;1;19;4;9;140,00;0;0;1;0;22;0;1;5;10;4;11,75;0;0;5;10;3;11,00;0;7,6;2,6;0,32;Enrolled;0,7;1;0;11,375;1,322140415;26,44280831
3255;1;15;1;9085;1;1;133,1;41;3;3;4;2;101,30;0;0;1;0;19;0;0;5;8;5;12,00;0;0;5;12;2;10,50;0;13,9;-0,3;0,79;Enrolled;0,7;1;0;11,25;1,315303708;26,30607415
166;1;17;1;9773;1;1;133,1;1;19;37;7;7;126,00;0;0;0;0;19;0;0;5;11;5;11,50;0;0;5;9;2;10,67;0;13,9;-0,3;0,79;Enrolled;0,7;1;0;11,08333333;1,306188097;26,12376194
2916;6;39;1;8014;0;1;133,1;1;37;37;9;9;119,00;0;0;1;0;33;0;0;5;10;4;12,00;0;0;5;8;3;13,67;1;7,6;2,6;0,32;Enrolled;0,7;1;0;12,83333333;1,401902007;25,23423613
2573;1;1;1;9238;1;1;133,1;1;1;1;4;10;110,00;0;0;0;0;19;0;0;5;10;3;11,00;0;0;5;9;4;11,75;0;12,7;3,7;-1,7;Enrolled;0,7;1;0;11,375;1,322140415;25,12066789
2960;5;39;1;9254;1;1;133,1;1;2;2;2;2;103,00;0;0;1;1;22;0;0;5;8;5;10,67;0;0;5;11;2;11,00;0;15,5;2,8;-4,06;Enrolled;0,7;1;0;10,83333333;1,292514681;24,55777895
769;2;39;1;8014;0;1;133,1;1;37;37;9;7;162,50;0;0;1;0;20;0;0;5;8;5;10,00;0;0;5;10;2;12,00;0;7,6;2,6;0,32;Enrolled;0,7;1;0;11;1,301630292;23,42934525
3730;1;1;1;9003;1;1;133,1;1;38;38;4;8;115,00;0;0;1;0;40;0;0;5;9;3;11,00;0;0;5;8;4;12,50;1;7,6;2,6;0,32;Enrolled;0,7;1;0;11,75;1,342650539;22,82505916
1488;1;17;1;9670;1;1;133,1;1;1;37;4;9;96,00;1;0;0;0;21;1;2;5;9;5;13,20;2;0;5;7;2;12,50;2;10,8;1,4;1,74;Enrolled;0,7;1;0;12,85;1,402813568;22,44501709
1234;1;17;2;9773;1;1;133,1;1;3;1;4;5;115,00;1;0;0;0;19;0;0;5;9;4;11,00;0;0;5;8;3;10,67;0;12,4;0,5;1,79;Enrolled;0,7;1;0;10,83333333;1,292514681;21,97274958
282;4;1;1;8014;0;1;133,1;1;39;19;4;10;143,00;1;0;1;0;18;0;0;5;8;4;12,50;0;0;5;7;3;14,67;1;7,6;2,6;0,32;Enrolled;0,7;1;0;13,58333333;1,442922254;21,64383382
824;1;1;2;9238;1;1;133,1;1;19;19;9;9;106,00;1;0;0;0;19;0;0;5;6;4;11,25;0;0;5;10;3;11,71;0;10,8;1,4;1,74;Enrolled;0,7;1;0;11,48214286;1,328000451;21,24800721
2718;1;15;1;9670;1;1;133,1;41;1;1;9;4;100,00;0;0;0;0;24;0;0;5;5;5;10,80;0;0;5;11;2;11,00;0;10,8;1,4;1,74;Enrolled;0,7;1;0;10,9;1,296160926;20,73857481
1522;2;39;1;9991;0;1;133,1;1;37;37;9;9;168,00;0;0;1;0;20;0;0;5;9;4;10,20;0;0;5;6;3;11,00;0;15,5;2,8;-4,06;Enrolled;0,7;1;0;10,6;1,279752827;19,1962924
3585;1;39;1;8014;0;1;133,1;1;3;19;4;7;119,00;0;0;0;0;19;0;0;5;7;3;12,33;0;0;5;7;4;10,25;0;7,6;2,6;0,32;Enrolled;0,7;1;0;11,29166667;1,31758261;18,44615654
1492;1;1;1;9773;1;1;133,1;1;1;3;9;9;116,00;0;0;1;0;19;0;0;5;7;3;11,33;0;0;5;7;4;11,00;0;9,4;-0,8;-3,12;Enrolled;0,7;1;1;11,16666667;1,310745902;18,35044263
2475;1;1;1;9773;1;1;133,1;1;3;19;2;5;127,00;0;0;0;1;19;0;0;5;8;3;10,50;0;0;5;6;4;11,75;1;7,6;2,6;0,32;Enrolled;0,7;1;0;11,125;1,308467;18,318538
2744;1;1;1;9238;1;1;133,1;1;1;1;3;3;102,00;1;0;1;0;37;0;0;5;7;4;10,75;0;0;5;7;3;11,33;0;7,6;2,6;0,32;Enrolled;0,7;1;0;11,04166667;1,303909194;18,25472872
2256;1;39;1;9254;1;1;133,1;1;37;37;9;6;121,50;0;0;0;0;21;0;0;5;7;3;12,67;0;0;5;6;4;12,75;1;7,6;2,6;0,32;Enrolled;0,7;1;0;12,70833333;1,395065299;18,13584889
1555;1;39;1;8014;0;1;133,1;1;37;37;9;9;112,50;0;0;0;1;18;0;0;5;6;3;11,67;0;0;5;6;4;13,50;0;7,6;2,6;0,32;Enrolled;0,7;1;0;12,58333333;1,388228591;16,6587431
2420;1;39;1;9003;1;1;133,1;6;1;1;192;144;129,80;0;0;0;1;18;0;0;5;7;3;12,67;0;0;5;5;4;12,50;0;9,4;-0,8;-3,12;Enrolled;0,7;1;0;12,58333333;1,388228591;16,6587431
3991;1;15;1;9853;1;1;133,1;41;43;1;153;135;128,20;0;0;1;0;19;0;0;5;7;3;11,67;0;0;5;5;4;12,00;0;9,4;-0,8;-3,12;Enrolled;0,7;1;0;11,83333333;1,347208344;16,16650013
3871;1;17;1;9670;1;1;133,1;1;1;37;4;5;150,00;0;0;1;0;25;0;2;5;6;5;14,20;0;1;5;5;2;13,50;0;16,2;0,3;-0,92;Enrolled;0,7;1;0;13,85;1,457507231;16,03257954
3299;1;17;1;9238;1;1;133,1;1;1;38;9;7;110,50;0;0;1;0;31;0;0;5;13;4;13,50;1;0;5;12;3;11,67;1;9,4;-0,8;-3,12;Dropout;0,7;0;0;12,58333333;1,388228591;34,70571479
172;1;17;2;9556;1;1;133,1;1;37;37;3;10;108,00;0;0;1;0;37;0;0;5;10;4;10,75;0;0;5;12;3;13,33;0;9,4;-0,8;-3,12;Dropout;0,7;1;0;12,04166667;1,358602857;29,88926286
2150;1;1;1;9238;1;1;133,1;1;38;37;5;5;108,00;0;0;0;0;38;0;0;5;11;3;11,33;0;0;5;9;4;12,00;0;9,4;-0,8;-3,12;Dropout;0,7;1;1;11,66666667;1,338092734;26,76185468
1782;1;1;5;9070;1;1;133,1;1;1;19;3;3;112,00;1;0;1;1;18;0;0;5;9;4;12,25;0;0;5;9;3;12,33;0;8,9;1,4;3,51;Dropout;0,7;1;0;12,29166667;1,372276273;24,70097292
3875;1;39;1;9130;1;1;133,1;1;1;1;90;1;120,00;1;0;1;0;20;0;0;5;7;4;10,75;0;0;5;12;3;10,57;0;10,8;1,4;1,74;Dropout;0,7;1;0;10,66071429;1,283073513;24,37839675
1397;1;1;1;9130;1;1;133,1;1;1;1;3;9;138,00;1;0;1;0;29;0;0;5;10;3;11,67;0;0;5;8;4;11,25;0;7,6;2,6;0,32;Dropout;0,7;1;0;11,45833333;1,326698221;23,88056797
95;2;39;1;8014;0;1;133,1;1;37;19;9;9;114,00;0;0;1;1;19;0;0;5;9;5;12,60;0;0;5;8;2;12,50;0;8,9;1,4;3,51;Dropout;0,7;1;0;12,55;1,386405469;23,56889298
948;1;17;2;9773;1;1;133,1;1;3;5;0;2;125,80;1;0;1;0;21;0;0;5;8;3;10,00;0;0;5;10;4;11,00;0;12,7;3,7;-1,7;Dropout;0,7;1;0;10,5;1,27428346;22,93710229
2942;2;39;2;9556;1;1;133,1;105;1;3;9;2;152,80;1;0;1;0;41;0;0;5;8;4;11,25;0;0;5;8;3;11,00;1;7,6;2,6;0,32;Dropout;0,7;1;0;11,125;1,308467;20,935472
2624;1;43;1;9991;0;1;133,1;41;37;37;9;8;114,70;0;0;0;0;38;0;0;5;6;5;10,60;0;0;5;9;2;11,00;0;12,7;3,7;-1,7;Dropout;0,7;0;0;10,8;1,290691559;19,36037339
4103;1;17;1;9085;1;1;133,1;1;37;37;9;9;99,00;1;0;1;0;21;0;0;5;7;3;12,33;0;0;5;5;4;11,25;0;7,6;2,6;0,32;Dropout;0,7;1;1;11,79166667;1,344929442;16,1391533
3682;5;39;1;9147;1;1;133,1;1;19;19;9;9;119,80;0;0;0;0;23;0;0;5;7;3;11,33;0;0;5;5;4;11,25;0;7,6;2,6;0,32;Dropout;0,7;1;0;11,29166667;1,31758261;15,81099132
366;1;1;1;9085;1;1;133,1;1;37;38;7;5;106,00;1;0;1;0;20;0;0;5;6;3;12,00;0;0;5;5;4;12,75;0;7,6;2,6;0,32;Dropout;0,7;0;0;12,375;1,376834078;15,14517486
1382;1;39;1;9500;1;1;133,1;1;38;19;9;9;128,00;1;0;0;0;26;0;4;7;15;7;11,57;0;2;6;14;2;11,00;0;7,6;2,6;0,32;Dropout;0,692307692;1;0;11,28571429;1,309564745;37,97737761
2427;1;39;2;9991;0;1;133,1;1;19;38;9;9;102,50;0;0;1;0;40;0;1;5;6;4;10,25;0;3;8;18;5;11,20;5;15,5;2,8;-4,06;Dropout;0,692307692;1;0;10,725;1,278897227;30,69353345
1871;1;17;1;9670;1;1;133,1;1;34;3;7;2;130,60;1;0;1;0;32;0;5;9;9;5;11,40;0;4;4;4;4;11,00;0;10,8;1,4;1,74;Dropout;0,692307692;0;1;11,2;1,304876717;16,96339732
2877;1;39;1;9556;1;1;133,1;6;3;3;4;4;169,20;0;0;1;1;21;0;2;7;7;4;11,50;0;5;9;10;7;12,14;0;12,4;0,5;1,79;Graduate;0,6875;1;0;11,82142857;1,334057229;22,6789729
843;1;39;1;9130;1;1;133,1;1;3;34;3;0;120,00;0;0;0;0;34;0;4;10;25;5;12,20;0;3;9;18;8;12,22;0;16,2;0,3;-0,92;Dropout;0,684210526;1;0;12,21111111;1,352080921;58,1394796
2474;1;39;1;9003;1;1;133,1;1;1;1;1;6;120,00;0;0;0;0;21;0;7;10;15;8;13,75;0;4;9;17;5;13,20;0;8,9;1,4;3,51;Dropout;0,684210526;0;0;13,475;1,421207634;45,47864428
710;1;39;1;8014;0;1;133,1;1;37;11;9;7;96,00;0;0;0;0;21;0;7;10;12;8;12,88;0;4;9;14;5;13,40;0;8,9;1,4;3,51;Dropout;0,684210526;1;1;13,1375;1,402748523;36,47146159
3961;1;39;1;9085;1;1;133,1;1;37;37;9;9;120,00;0;0;0;0;29;0;8;13;16;8;10,50;0;8;12;19;9;10,33;0;9,4;-0,8;-3,12;Enrolled;0,68;1;0;10,41666667;1,249725655;43,74039793
4217;1;1;6;9773;1;1;133,1;1;1;37;3;3;100,00;1;0;0;0;22;0;12;17;19;12;11,83;0;10;17;22;11;11,25;0;11,1;0,6;2,02;Enrolled;0,676470588;1;0;11,54166667;1,307726614;53,61679118
864;1;39;1;9670;1;1;133,1;1;38;19;9;8;122,90;0;0;1;0;49;0;6;12;17;7;12,00;0;3;12;19;9;11,22;0;15,5;2,8;-4,06;Graduate;0,666666667;1;0;11,61111111;1,301720864;46,86195109
2015;2;39;1;9003;1;1;133,1;1;19;19;4;4;107,50;0;0;0;1;21;0;2;7;15;3;13,00;2;1;5;12;5;13,29;1;10,8;1,4;1,74;Graduate;0,666666667;1;1;13,14285714;1,385497665;37,40843695
4358;1;39;1;8014;0;1;133,1;1;19;37;7;8;120,00;0;0;0;0;20;0;0;6;13;4;10,80;0;0;6;15;4;12,00;0;16,2;0,3;-0,92;Graduate;0,666666667;1;0;11,4;1,290174424;36,12488386
2663;1;1;1;9500;1;1;133,1;1;1;19;3;5;115,00;0;0;0;1;32;0;0;6;18;2;10,33;0;0;6;7;6;11,50;0;16,2;0,3;-0,92;Graduate;0,666666667;1;0;10,91666667;1,263739153;31,59347883
884;1;39;1;9003;1;1;133,1;1;37;37;4;7;130,00;0;0;0;0;44;0;0;6;9;6;11,17;0;1;6;15;2;11,00;1;7,6;2,6;0,32;Graduate;0,666666667;1;0;11,08333333;1,272854764;30,54851433
1745;1;39;1;9670;1;1;133,1;1;37;37;90;90;97,40;0;0;1;0;22;0;0;6;11;4;13,00;0;0;6;11;4;12,60;0;12,7;3,7;-1,7;Graduate;0,666666667;1;0;12,8;1,366745552;30,06840214
3855;1;39;1;9238;1;1;133,1;1;37;29;0;4;120,50;0;0;0;1;20;0;0;6;9;4;13,00;0;0;6;13;4;11,25;0;10,8;1,4;1,74;Graduate;0,666666667;1;0;12,125;1,329827329;29,25620124
4230;2;39;1;9085;1;1;133,1;1;36;36;99;5;128,20;0;0;0;0;34;0;0;6;13;4;11,25;0;0;6;8;4;13,75;0;13,9;-0,3;0,79;Graduate;0,666666667;1;0;12,5;1,350337453;28,35708651
2486;2;39;1;9003;1;1;133,1;1;37;37;9;9;100,00;0;0;0;0;32;0;0;6;9;4;12,00;0;0;6;12;4;11,50;0;7,6;2,6;0,32;Graduate;0,666666667;1;0;11,75;1,309317206;27,49566132
3206;1;39;1;9991;0;1;133,1;1;37;37;7;9;111,00;0;0;1;0;20;0;0;6;12;4;14,75;0;0;6;7;4;12,25;0;9,4;-0,8;-3,12;Graduate;0,666666667;1;0;13,5;1,405031116;26,6955912
2412;2;39;1;8014;0;1;133,1;1;34;34;90;90;116,00;0;0;0;1;20;0;0;6;10;4;11,60;0;0;6;10;4;11,75;0;12,7;3,7;-1,7;Graduate;0,666666667;1;0;11,675;1,305215181;26,10430362
1479;2;39;1;9003;1;1;133,1;1;1;19;4;4;120,00;0;0;0;0;26;0;0;6;10;3;11,67;0;0;6;8;5;12,00;0;9,4;-0,8;-3,12;Graduate;0,666666667;1;0;11,83333333;1,313875011;23,6497502
3497;2;39;1;9991;0;1;133,1;1;37;37;5;8;133,20;0;0;0;0;20;0;0;6;10;4;10,50;0;0;6;8;4;11,75;0;7,6;2,6;0,32;Graduate;0,666666667;1;0;11,125;1,275133666;22,952406
990;1;17;2;9085;1;1;133,1;1;19;38;9;1;100,00;1;0;0;0;19;0;0;6;8;4;10,50;0;0;6;8;4;11,25;0;10,8;1,4;1,74;Graduate;0,666666667;1;0;10,875;1,261460251;20,18336401
2286;2;42;1;9147;1;1;133,1;1;37;37;9;9;115,80;0;0;1;1;24;0;0;6;6;6;15,00;0;0;6;6;2;16,00;0;15,5;2,8;-4,06;Graduate;0,666666667;1;0;15,5;1,514418442;18,1730213
952;2;39;1;9991;0;1;133,1;1;37;37;9;9;132,80;0;0;0;0;24;0;0;6;6;6;15,17;0;0;6;6;2;15,50;0;15,5;2,8;-4,06;Graduate;0,666666667;1;0;15,33333333;1,505302831;18,06363397
1713;1;42;1;9500;1;1;133,1;41;3;1;3;10;100,00;1;0;0;0;21;0;7;12;18;8;12,25;0;4;12;27;8;12,20;0;12,4;0,5;1,79;Enrolled;0,666666667;1;0;12,225;1,335296696;60,0883513
3103;1;39;1;9670;1;1;133,1;1;37;37;9;9;100,20;1;0;0;0;24;0;11;17;19;11;12,91;0;9;13;15;9;13,56;0;12,4;0,5;1,79;Enrolled;0,666666667;1;0;13,23232323;1,390390893;47,27329036
3870;1;39;1;9085;1;1;133,1;1;1;1;4;4;120,00;0;0;1;0;20;0;2;6;10;5;13,20;0;1;6;21;3;12,00;0;12,4;0,5;1,79;Enrolled;0,666666667;0;0;12,6;1,355806819;42,03001139
92;1;17;2;9773;1;1;133,1;41;19;1;9;9;105,00;1;0;0;0;19;0;0;6;13;4;11,80;0;0;6;18;4;12,20;0;12,4;0,5;1,79;Enrolled;0,666666667;1;0;12;1,322990621;41,01270926
3484;2;39;1;9500;1;1;133,1;1;37;37;9;9;130,10;0;0;0;0;20;0;2;6;8;6;13,00;0;1;6;18;2;12,00;0;12,4;0,5;1,79;Enrolled;0,666666667;1;0;12,5;1,350337453;35,10877378
3170;1;1;3;9500;1;1;134;1;1;37;8;7;120,50;1;0;0;0;23;0;9;13;15;9;11,00;0;4;11;12;7;11,57;0;15,5;2,8;-4,06;Enrolled;0,666666667;1;0;11,28571429;1,283923719;34,66594042
1278;2;39;1;9147;1;1;133,1;1;37;37;9;9;140,00;0;0;0;0;21;0;1;6;13;3;11,75;0;1;6;13;5;12,33;0;12,4;0,5;1,79;Enrolled;0,666666667;1;0;12,04166667;1,325269524;34,45700763
4017;1;17;1;9254;1;1;134;1;19;1;9;4;124,90;1;0;1;0;20;0;0;6;12;4;10,80;0;0;6;13;4;12,00;0;12,4;0,5;1,79;Enrolled;0,666666667;1;0;11,4;1,290174424;32,25436059
3624;1;18;6;8014;0;1;134;1;3;19;2;4;120,70;1;0;0;0;26;0;0;7;11;5;11,20;0;0;8;13;5;12,14;0;16,2;0,3;-0,92;Enrolled;0,666666667;1;0;11,67;1,304941713;31,3186011
3714;1;43;1;33;1;1;134;1;37;37;1;1;100,00;1;0;0;0;23;0;0;6;11;4;11,50;0;0;6;12;4;12,20;0;8,9;1,4;3,51;Enrolled;0,666666667;1;0;11,85;1,314786572;30,24009116
3929;1;1;6;171;1;1;134;1;19;37;5;5;126,00;1;0;0;0;33;0;3;8;9;5;12,60;2;2;7;13;5;11,25;0;10,8;1,4;1,74;Enrolled;0,666666667;1;0;11,925;1,318888597;29,01554913
2004;1;17;5;9853;1;1;134;1;19;38;4;8;122,10;1;0;1;0;18;0;0;6;12;5;11,00;0;0;6;11;3;10,33;0;9,4;-0,8;-3,12;Enrolled;0,666666667;1;1;10,66666667;1,250065738;28,75151196
757;1;15;1;9670;1;1;133,1;41;1;1;9;5;128,20;0;0;0;0;20;0;2;6;9;6;12,67;0;1;6;12;2;13,00;0;13,9;-0,3;0,79;Enrolled;0,666666667;1;0;12,83333333;1,368568674;28,73994215
1796;1;1;3;9500;1;1;134;1;38;38;7;9;132,80;1;0;0;1;19;0;0;6;12;4;10,40;0;0;6;11;4;10,75;0;12,4;0,5;1,79;Enrolled;0,666666667;1;0;10,575;1,245052152;28,63619949
4286;1;1;5;9147;1;1;134;1;3;2;2;2;134,70;0;0;0;0;18;0;0;6;8;5;12,80;0;0;6;14;3;10,00;0;9,4;-0,8;-3,12;Enrolled;0,666666667;1;1;11,4;1,290174424;28,38383732
1834;1;1;1;9147;1;1;133,1;1;19;19;9;9;119,00;1;0;1;0;21;0;0;6;11;4;12,25;0;0;6;9;4;13,40;0;11,1;0,6;2,02;Enrolled;0,666666667;0;0;12,825;1,368112893;27,36225787
988;1;17;1;9070;1;1;134;1;1;1;5;0;133,30;1;0;0;0;18;0;0;6;11;3;12,33;0;0;6;10;5;10,83;0;9,4;-0,8;-3,12;Enrolled;0,666666667;1;0;11,58333333;1,300201595;27,3042335
2675;1;17;1;9670;1;1;134;1;19;37;5;5;125,30;1;0;0;0;19;0;0;6;11;3;10,33;0;0;6;10;5;11,80;0;9,4;-0,8;-3,12;Enrolled;0,666666667;1;0;11,06666667;1,271943203;26,71080726
1368;1;1;6;9500;1;1;134;1;38;38;9;9;122,00;1;0;1;0;20;0;0;6;12;3;10,00;0;0;6;9;5;10,80;0;15,5;2,8;-4,06;Enrolled;0,666666667;1;0;10,4;1,235480761;25,94509598
3485;1;39;1;9500;1;1;133,1;1;37;37;7;7;124,50;0;0;0;0;19;0;0;6;8;3;11,67;0;0;6;11;5;13,63;0;10,8;1,4;1,74;Enrolled;0,666666667;1;0;12,64583333;1,358313612;25,80795863
1771;1;16;3;9853;1;1;134;1;37;19;9;5;121,40;1;0;1;0;39;0;0;6;8;5;11,40;0;1;6;12;3;11,00;1;7,6;2,6;0,32;Enrolled;0,666666667;1;0;11,2;1,279235691;25,58471382
1574;5;39;1;9003;1;1;133,1;1;37;37;9;7;110,00;0;0;1;1;19;0;0;6;9;4;12,00;2;0;6;10;4;12,50;0;15,5;2,8;-4,06;Enrolled;0,666666667;1;0;12,25;1,336664037;25,39661671
501;1;17;3;9085;1;1;134;1;37;38;9;9;120,40;1;0;0;0;18;0;0;6;9;4;11,50;0;0;6;10;4;10,75;0;7,6;2,6;0,32;Enrolled;0,666666667;1;0;11,125;1,275133666;24,22753966
2592;1;1;1;9853;1;1;133,1;1;19;37;9;9;95,00;1;0;0;0;21;0;0;6;9;5;12,60;0;0;6;9;3;11,67;0;9,4;-0,8;-3,12;Enrolled;0,666666667;1;0;12,13333333;1,33028311;23,94509598
1508;1;1;1;171;1;1;134;1;19;37;7;7;136,10;1;0;0;0;20;0;0;6;10;4;12,25;0;0;6;8;4;11,50;0;10,8;1,4;1,74;Enrolled;0,666666667;1;0;11,875;1,316153914;23,69077044
389;1;17;1;9853;1;1;134;1;1;19;4;5;122,50;1;0;0;1;19;0;0;6;9;5;11,40;0;0;6;9;3;10,00;0;8,9;1,4;3,51;Enrolled;0,666666667;1;0;10,7;1,25188886;22,53399947
4110;1;1;2;9238;1;1;134;1;1;19;4;5;126,00;0;0;1;0;19;0;0;6;7;5;11,40;0;0;6;10;3;11,00;3;7,6;2,6;0,32;Enrolled;0,666666667;1;0;11,2;1,279235691;21,74700675
2590;1;1;4;9853;1;1;134;1;19;1;5;9;127,40;1;0;0;0;19;0;0;6;8;4;11,00;0;0;6;9;4;11,00;0;10,8;1,4;1,74;Enrolled;0,666666667;1;0;11;1,268296959;21,5610483
1525;1;1;1;171;1;1;134;1;3;2;2;2;141,70;1;0;1;1;24;0;0;6;6;4;12,25;0;0;6;10;4;11,50;0;12,4;0,5;1,79;Enrolled;0,666666667;1;0;11,875;1,316153914;21,05846262
3407;1;16;3;9853;1;1;134;1;19;37;9;9;121,10;1;0;1;0;24;0;0;6;6;4;11,25;0;0;6;9;4;10,43;0;10,8;1,4;1,74;Enrolled;0,666666667;1;0;10,83928571;1,259506906;18,89260358
1999;1;39;1;8014;0;1;134;1;37;38;4;7;110,00;1;0;0;0;20;0;0;5;5;4;12,00;0;0;4;4;2;11,50;0;7,6;2,6;0,32;Enrolled;0,666666667;1;0;11,75;1,309317206;11,78385485
3602;1;17;3;9773;1;1;134;1;2;1;3;3;129,50;1;0;1;0;25;0;8;14;24;8;12,50;2;6;13;23;10;11,60;0;15,5;2,8;-4,06;Dropout;0,666666667;1;1;12,05;1,325725305;62,30908932
2530;1;17;1;9147;1;1;134;1;19;38;4;8;129,50;0;0;0;0;20;0;0;6;15;4;14,20;0;0;6;17;4;13,25;0;15,5;2,8;-4,06;Dropout;0,666666667;1;0;13,725;1,41733719;45,35479008
579;2;1;1;9238;1;1;134;1;37;37;5;5;120,40;0;0;1;0;24;0;6;12;17;6;12,17;0;7;12;14;10;13,30;0;12,4;0,5;1,79;Dropout;0,666666667;1;0;12,73333333;1,363099308;42,25607853
2066;1;1;2;9853;1;1;134;1;1;38;9;8;122,50;1;0;0;0;18;0;0;6;11;5;12,29;0;0;6;19;3;14,00;1;12,4;0,5;1,79;Dropout;0,666666667;1;0;13,14285714;1,385497665;41,56492994
2613;1;1;1;9130;1;1;134;41;1;19;5;5;125,60;1;0;1;0;31;0;3;8;19;5;12,17;0;3;7;12;5;12,00;0;7,6;2,6;0,32;Dropout;0,666666667;0;0;12,08333333;1,327548427;41,15400123
3041;1;1;3;9773;1;1;134;1;1;19;9;9;136,10;1;0;1;0;24;0;0;6;15;4;10,50;0;0;6;16;4;12,50;0;15,5;2,8;-4,06;Dropout;0,666666667;1;0;11,5;1,29564379;40,16495749
1927;1;1;1;9085;1;1;134;1;38;19;9;4;128,40;1;0;0;0;40;0;0;6;12;5;12,80;0;0;6;16;3;13,33;0;11,1;0,6;2,02;Dropout;0,666666667;0;0;13,06666667;1,381330529;38,6772548
3405;2;43;1;9991;0;1;134;1;37;37;9;9;113,70;0;0;1;1;22;0;1;7;11;5;12,17;0;4;8;14;5;14,80;0;8,9;1,4;3,51;Dropout;0,666666667;1;0;13,48333333;1,404119555;35,10298887
3764;1;1;1;9238;1;1;134;1;1;19;4;9;129,80;0;0;1;0;18;0;0;6;11;5;13,60;0;0;6;13;3;12,67;0;13,9;-0,3;0,79;Dropout;0,666666667;1;0;13,13333333;1,384976773;33,23944255
4154;1;1;1;171;1;1;135;1;19;4;9;2;143,80;1;0;1;0;36;0;0;6;13;3;11,33;0;0;6;12;5;11,40;0;13,9;-0,3;0,79;Dropout;0,666666667;1;0;11,36666667;1,288351302;32,20878254
4233;1;43;1;9670;1;1;134;1;1;38;4;4;120,70;0;0;1;0;19;0;0;6;12;4;12,50;0;0;6;12;4;10,25;0;7,6;2,6;0,32;Dropout;0,666666667;1;0;11,375;1,288807082;30,93136997
750;1;1;2;9500;1;1;134;1;1;1;5;3;128,40;1;0;1;0;21;0;0;6;12;4;11,80;0;0;6;11;4;11,88;0;16,2;0,3;-0,92;Dropout;0,666666667;1;0;11,8375;1,314102901;30,22436673
406;1;1;1;171;1;1;135;1;1;19;3;9;137,10;1;0;0;0;43;0;0;6;10;4;12,25;0;0;6;13;4;10,50;0;8,9;1,4;3,51;Dropout;0,666666667;0;0;11,375;1,288807082;29,64256289
3323;1;17;4;9147;1;1;135;1;19;1;0;4;128,70;1;0;0;0;18;0;0;6;10;4;11,75;0;0;6;13;4;10,00;0;7,6;2,6;0,32;Dropout;0,666666667;1;0;10,875;1,261460251;29,01358577
983;1;1;1;9773;1;1;134;1;1;38;4;5;122,80;0;0;0;0;19;0;0;6;11;4;13,25;0;0;6;10;4;10,25;0;9,4;-0,8;-3,12;Dropout;0,666666667;1;0;11,75;1,309317206;27,49566132
4266;1;17;5;9773;1;1;134;1;1;19;9;5;121,80;1;0;0;1;18;0;0;6;11;4;12,25;0;0;6;10;4;11,00;0;12,7;3,7;-1,7;Dropout;0,666666667;1;0;11,625;1,302480498;27,35209045
2459;1;17;2;9119;1;1;135;1;12;19;5;5;121,00;0;0;0;0;27;0;7;10;10;9;11,44;0;4;11;11;5;10,80;0;10,8;1,4;1,74;Dropout;0,666666667;1;0;11,12222222;1,27498174;26,77461653
1833;1;17;2;9147;1;1;134;1;37;19;9;8;126,30;1;0;1;0;35;0;6;10;12;7;11,29;0;2;8;8;5;13,00;0;9,4;-0,8;-3,12;Dropout;0,666666667;1;0;12,14285714;1,330804002;26,61608004
960;1;1;3;9670;1;1;134;1;14;11;0;0;128,40;1;0;0;0;20;0;0;6;8;5;11,20;0;0;6;12;3;11,67;0;7,6;2,6;0,32;Dropout;0,666666667;1;0;11,43333333;1,291997546;25,83995092
4368;1;17;1;9085;1;1;134;1;19;19;1;1;120,40;1;0;0;0;19;0;0;6;9;5;12,40;0;0;6;10;3;10,67;0;10,8;1,4;1,74;Dropout;0,666666667;1;0;11,53333333;1,297466912;24,65187133
1590;1;17;2;8014;0;1;134;1;1;19;4;99;126,00;1;0;0;0;19;0;0;6;9;4;13,00;0;0;6;9;4;12,25;0;12,7;3,7;-1,7;Dropout;0,666666667;1;0;12,625;1,357174161;24,42913489
1961;1;1;1;9238;1;1;134;1;1;1;4;9;124,20;1;0;0;0;19;0;0;6;7;3;12,67;0;0;6;10;5;13,13;0;10,8;1,4;1,74;Dropout;0,666666667;0;0;12,89583333;1,371987028;23,32377947
429;3;1;2;9085;1;1;135;1;19;1;4;4;129,40;1;0;0;0;23;0;0;6;9;5;11,60;0;0;6;9;3;11,00;0;12,7;3,7;-1,7;Dropout;0,666666667;1;0;11,3;1,284705057;23,12469103
315;1;51;1;9147;1;1;135;1;1;1;4;4;118,50;0;0;0;0;20;0;0;6;8;5;11,00;0;0;6;10;3;10,67;0;12,7;3,7;-1,7;Dropout;0,666666667;1;0;10,83333333;1,259181348;22,66526427
3188;1;1;1;9500;1;1;135;1;19;19;4;5;126,80;1;0;0;0;19;0;0;6;7;6;12,17;0;0;6;10;2;10,33;0;16,2;0,3;-0,92;Dropout;0,666666667;0;0;11,25;1,281970374;21,79349636
3791;1;1;2;9500;1;1;134;1;19;19;4;7;131,00;1;0;0;1;18;0;0;6;10;6;12,67;0;0;6;6;2;11,50;0;12,7;3,7;-1,7;Dropout;0,666666667;0;0;12,08333333;1,327548427;21,24077483
163;1;1;2;9500;1;1;134;1;19;19;9;9;125,80;1;0;1;0;20;0;0;6;6;6;11,50;0;0;6;9;2;13,00;0;10,8;1,4;1,74;Dropout;0,666666667;0;0;12,25;1,336664037;20,04996056
222;2;1;4;9853;1;1;134;1;37;37;5;7;122,50;0;1;0;0;21;0;0;6;6;4;13,00;0;0;6;8;4;11,60;0;10,8;1,4;1,74;Dropout;0,666666667;0;1;12,3;1,33939872;18,75158208
328;1;1;1;9238;1;1;134;1;1;1;9;6;130,90;0;0;1;0;22;0;3;6;7;6;12,33;0;2;6;6;2;14,00;0;13,9;-0,3;0,79;Dropout;0,666666667;1;0;13,16666667;1,386799895;18,02839863
2040;1;1;4;9238;1;1;134;1;38;19;7;7;128,40;1;0;1;0;18;0;0;6;7;4;12,60;0;0;6;6;4;13,00;0;12,4;0,5;1,79;Dropout;0,666666667;1;0;12,8;1,366745552;17,76769217
4172;1;1;1;9238;1;1;135;1;38;38;4;7;121,70;1;0;1;1;25;0;0;6;8;4;10,25;0;0;6;6;4;11,25;0;12,7;3,7;-1,7;Dropout;0,666666667;1;0;10,75;1,254623543;17,5647296
647;1;1;1;9238;1;1;135;1;37;1;3;5;121,00;0;0;0;0;21;0;3;10;18;6;11,17;2;4;10;16;7;10,57;0;7,6;2,6;0,32;Enrolled;0,65;1;0;10,86904762;1,244468026;42,3119129
2393;1;1;1;9147;1;1;135;1;38;19;9;5;126,30;0;0;1;0;34;0;6;10;10;7;11,71;0;4;10;10;6;11,50;0;10,8;1,4;1,74;Dropout;0,65;1;0;11,60714286;1,284837159;25,69674317
383;1;1;1;9238;1;1;135;1;38;38;5;7;121,00;0;0;1;0;22;0;4;10;21;5;11,40;1;2;7;13;6;11,67;0;15,5;2,8;-4,06;Dropout;0,647058824;1;0;11,53333333;1,277859069;43,44720834
3218;1;1;5;9119;1;1;135;1;37;37;90;90;122,10;1;0;0;0;18;1;0;7;15;4;11,58;0;0;7;10;5;12,42;0;12,4;0,5;1,79;Enrolled;0,642857143;1;0;11,9975;1,299044363;32,47610909
3805;1;1;1;9147;1;1;135;1;1;19;5;5;130,10;1;0;0;0;20;0;0;7;12;6;11,67;0;0;7;10;3;13,00;0;16,2;0,3;-0,92;Enrolled;0,642857143;1;0;12,33333333;1,317412319;28,98307101
657;1;1;1;9238;1;1;135;1;37;19;5;10;121,00;0;0;0;0;21;1;0;7;11;4;13,25;0;0;7;9;5;13,82;0;11,1;0,6;2,02;Enrolled;0,642857143;1;0;13,535;1,38313587;27,6627174
1850;1;43;3;9254;1;1;135;1;3;3;2;2;122,10;0;0;0;0;28;0;0;7;12;4;13,38;0;0;7;7;5;13,50;0;13,9;-0,3;0,79;Enrolled;0,642857143;1;0;13,4375;1,377803238;26,17826152
874;1;1;1;9556;1;1;135;1;1;1;1;1;131,50;0;0;0;1;19;0;0;7;11;4;12,65;0;0;7;9;5;11,10;0;12,4;0,5;1,79;Enrolled;0,642857143;1;0;11,875;1,29234439;25,8468878
879;1;1;2;9670;1;1;135;1;19;19;7;10;121,40;0;0;1;0;38;0;0;7;11;5;12,18;0;0;7;11;4;11,81;0;11,1;0,6;2,02;Dropout;0,642857143;0;0;11,99625;1,298975996;28,57747192
1170;1;1;1;9670;1;1;135;1;19;37;5;7;121,40;0;0;1;0;35;0;0;7;10;4;12,60;0;0;7;9;5;12,38;0;12,4;0,5;1,79;Dropout;0,642857143;1;0;12,49;1,325980992;25,19363886
3604;1;17;3;9119;1;1;135;1;1;19;141;193;121,70;1;0;1;0;20;0;0;5;5;4;14,50;0;0;6;8;3;13,33;0;11,1;0,6;2,02;Dropout;0,636363636;1;0;13,91666667;1,397517112;18,16772245
1968;1;1;3;9085;1;1;135;1;3;2;4;3;121,00;1;0;1;0;21;0;5;11;12;9;11,78;0;3;8;11;3;13,67;0;15,5;2,8;-4,06;Dropout;0,631578947;1;0;12,72222222;1,327403881;30,53028926
2278;1;51;1;9773;1;1;135;1;1;42;5;3;110,00;1;0;0;0;38;0;1;8;12;5;13,13;1;1;8;12;5;13,13;1;10,8;1,4;1,74;Enrolled;0,625;1;0;13,126;1,342909019;32,22981646
1919;1;1;2;9070;1;1;135;1;19;37;9;9;134,00;1;0;1;0;19;0;0;8;10;5;12,86;3;0;8;10;5;12,86;3;9,4;-0,8;-3,12;Enrolled;0,625;1;0;12,858;1,328251118;26,56502235
3411;1;5;1;9670;1;1;135;1;1;12;4;4;140,30;1;0;1;0;20;0;0;8;12;5;12,00;1;0;8;12;5;12,00;1;10,8;1,4;1,74;Dropout;0,625;1;0;12,002;1,281433342;30,75440021
2072;1;1;1;9500;1;1;135;1;19;3;9;4;121,50;1;0;0;0;40;0;0;8;11;5;11,83;4;0;8;11;5;11,83;4;9,4;-0,8;-3,12;Dropout;0,625;0;0;11,832;1,272135419;27,98697923
225;1;18;1;9500;1;1;135;1;1;38;4;5;127,50;1;0;0;0;22;0;2;7;9;5;11,60;0;5;9;9;5;10,00;0;12,4;0,5;1,79;Dropout;0,625;0;0;10,8;1,215691559;21,88244807
4096;1;1;4;9500;1;1;135;1;38;37;9;8;126,30;1;0;1;0;21;0;2;7;7;5;11,80;0;5;9;9;5;11,00;0;12,4;0,5;1,79;Dropout;0,625;1;0;11,4;1,248507757;19,97612411
505;1;1;2;9500;1;1;135;1;37;1;7;7;132,80;1;0;1;0;32;0;2;6;9;4;12,50;0;3;7;7;4;11,00;0;9,4;-0,8;-3,12;Dropout;0,615384615;1;0;11,75;1,258035154;20,12856247
452;1;1;4;9500;1;1;135;1;37;37;9;8;123,00;1;0;0;0;23;0;5;9;12;7;13,57;0;4;9;14;4;13,25;0;8,9;1,4;3,51;Dropout;0,611111111;0;1;13,41071429;1,344592197;34,95939713
1155;1;1;3;9500;1;1;135;1;1;37;7;7;120,50;1;0;1;0;28;0;7;13;19;8;11,63;0;5;10;17;6;11,00;0;15,5;2,8;-4,06;Enrolled;0,608695652;1;0;11,3125;1,227417714;44,18703769
3470;1;1;5;9500;1;1;135;1;37;37;7;7;124,00;1;0;1;0;24;0;0;7;11;7;11,29;0;0;8;22;2;12,60;0;15,5;2,8;-4,06;Graduate;0,6;1;1;11,94722222;1,253437345;41,36343238
4220;1;16;4;9238;1;1;135;1;37;37;9;9;121,00;1;0;0;1;39;0;0;5;13;4;12,33;0;0;5;14;2;10,00;4;16,2;0,3;-0,92;Graduate;0,6;1;0;11,16666667;1,210745902;32,69013936
1465;1;17;2;9254;1;1;135;1;19;19;4;3;135,00;1;0;0;1;18;0;0;5;13;3;10,60;0;0;5;12;3;10,50;0;13,9;-0,3;0,79;Graduate;0,6;1;0;10,55;1,177018144;29,42545359
1186;1;1;1;9238;1;1;135;1;19;19;9;9;124,50;0;0;1;1;28;0;0;5;12;3;10,00;0;0;5;10;3;12,40;0;12,4;0,5;1,79;Graduate;0,6;1;0;11,2;1,212569024;26,67651854
521;1;1;6;9500;1;1;135;1;37;1;5;5;126,80;1;0;0;0;20;0;0;5;12;3;12,33;2;0;5;8;3;13,00;1;9,4;-0,8;-3,12;Graduate;0,6;1;0;12,66666667;1,292786397;25,85572793
635;1;1;1;9670;1;1;135;1;37;37;9;7;132,60;1;0;0;0;27;0;0;5;10;3;12,33;0;0;5;10;3;10,67;0;11,1;0,6;2,02;Graduate;0,6;1;0;11,5;1,228977123;24,57954247
3781;1;18;1;9500;1;1;135;1;3;3;1;1;125,80;1;0;0;1;19;0;0;5;10;3;12,67;1;0;5;7;3;13,00;0;12,7;3,7;-1,7;Graduate;0,6;1;0;12,83333333;1,301902007;22,13233412
2540;1;18;1;9130;1;1;135;1;38;19;9;5;121,70;1;0;1;0;22;0;0;5;8;3;13,00;0;0;5;8;3;10,67;0;7,6;2,6;0,32;Graduate;0,6;1;0;11,83333333;1,247208344;19,95533351
233;1;1;2;9670;1;1;135;1;1;3;4;3;133,30;0;0;0;0;18;0;0;5;16;4;10,67;0;0;5;11;2;12,00;0;13,9;-0,3;0,79;Enrolled;0,6;1;0;11,33333333;1,219861513;32,93626085
144;1;1;3;9238;1;1;135;1;1;12;9;10;121,00;1;0;0;1;19;0;0;5;12;2;10,00;0;0;5;11;4;11,75;0;11,1;0,6;2,02;Enrolled;0,6;1;0;10,875;1,194793584;27,48025243
2031;1;17;2;9500;1;1;135;1;19;19;9;10;133,40;1;0;1;1;19;0;0;5;12;3;11,67;0;0;5;10;3;11,67;0;12,7;3,7;-1,7;Enrolled;0,6;1;0;11,66666667;1,238092734;27,23804014
673;1;1;4;9500;1;1;135;1;1;19;9;7;123,50;1;0;0;1;18;0;0;5;9;3;13,00;0;0;5;11;3;11,00;0;8,9;1,4;3,51;Enrolled;0,6;1;0;12;1,256323955;25,1264791
2528;1;17;6;9500;1;1;135;1;19;19;7;7;128,00;1;0;0;0;19;0;0;5;15;3;10,80;0;0;5;6;3;10,50;0;13,9;-0,3;0,79;Enrolled;0,6;1;0;10,65;1,18248751;24,83223771
813;1;17;1;9500;1;1;135;1;19;38;9;9;129,20;0;0;0;0;20;0;0;5;11;3;10,33;0;0;5;10;3;10,67;0;12,4;0,5;1,79;Enrolled;0,6;1;0;10,5;1,17428346;24,65995267
3436;1;1;2;9070;1;1;135;1;1;1;4;7;129,80;1;0;0;0;24;1;0;5;12;2;10,50;0;0;5;9;4;10,00;2;16,2;0,3;-0,92;Enrolled;0,6;1;0;10,25;1,160610045;24,37281094
1029;1;17;2;9500;1;1;135;1;19;19;9;4;129,80;1;0;1;0;20;0;0;5;8;3;11,00;0;0;5;11;3;12,00;0;10,8;1,4;1,74;Enrolled;0,6;1;0;11,5;1,228977123;23,35056534
3005;1;17;1;9147;1;1;135;1;37;38;9;9;128,00;1;0;1;0;18;0;0;5;9;4;12,00;0;0;5;10;2;11,00;0;8,9;1,4;3,51;Enrolled;0,6;1;0;11,5;1,228977123;23,35056534
29;1;1;1;9147;1;1;135;1;19;1;9;9;122,10;1;0;1;0;21;0;0;5;10;3;11,25;0;0;5;9;3;11,00;0;15,5;2,8;-4,06;Enrolled;0,6;1;0;11,125;1,208467;22,960873
3651;1;43;1;9070;1;1;135;1;1;38;3;9;126,40;1;0;0;0;20;0;0;5;10;2;14,50;1;0;5;7;4;11,25;0;12,7;3,7;-1,7;Enrolled;0,6;1;0;12,875;1,30418091;22,17107547
18;1;17;2;9500;1;1;135;1;19;1;5;4;127,30;1;0;1;0;18;0;0;5;10;3;12,00;0;0;5;8;3;10,33;0;8,9;1,4;3,51;Enrolled;0,6;0;0;11,16666667;1,210745902;21,79342624
228;1;1;1;9238;1;1;135;1;1;1;9;9;133,30;0;0;0;0;21;0;0;5;8;3;12,00;1;0;5;9;3;12,67;0;9,4;-0,8;-3,12;Enrolled;0,6;1;0;12,33333333;1,274555176;21,66743799
4055;1;1;2;9773;1;1;135;1;37;37;5;5;126,30;1;1;1;0;18;0;0;5;6;4;11,50;0;0;5;12;2;10,33;0;10,8;1,4;1,74;Enrolled;0,6;1;0;10,91666667;1,197072487;21,54730476
3480;1;1;1;9254;1;1;135;1;38;37;9;7;139,20;0;0;0;0;19;0;0;5;9;3;10,33;1;0;5;8;3;13,00;0;7,6;2,6;0,32;Enrolled;0,6;1;0;11,66666667;1,238092734;21,04757647
264;1;1;1;9238;1;1;135;1;1;1;4;4;122,80;0;0;0;0;21;0;0;5;8;3;11,33;1;0;5;8;3;13,33;0;12,7;3,7;-1,7;Enrolled;0,6;1;0;12,33333333;1,274555176;20,39288281
2395;1;17;3;9147;1;1;135;1;37;37;6;5;121,00;1;0;1;1;22;0;0;5;7;3;12,33;0;0;5;9;3;10,57;0;10,8;1,4;1,74;Enrolled;0,6;1;0;11,45238095;1,226372663;19,62196261
1566;1;17;6;9238;1;1;135;1;1;19;7;7;126,60;1;0;0;0;25;0;0;5;8;3;11,00;0;0;5;8;3;11,25;0;10,8;1,4;1,74;Enrolled;0,6;1;0;11,125;1,208467;19,335472
97;1;1;5;9773;1;1;135;1;37;1;5;5;124,90;1;0;1;0;18;0;0;5;10;3;11,00;0;0;5;6;3;11,00;1;16,2;0,3;-0,92;Enrolled;0,6;1;0;11;1,201630292;19,22608467
2547;1;1;1;9238;1;1;135;1;19;19;9;5;135,00;1;0;1;0;20;0;0;5;7;4;12,00;0;0;5;8;2;12,50;0;10,8;1,4;1,74;Enrolled;0,6;1;0;12,25;1,26999737;19,04996056
3306;1;1;3;9773;1;1;135;1;1;1;3;5;130,10;1;0;1;0;19;0;2;5;6;4;11,80;0;0;5;7;2;11,50;0;15,5;2,8;-4,06;Enrolled;0,6;1;0;11,65;1,237181173;16,08335525
3033;1;18;2;9500;1;1;135;1;19;1;5;5;128,90;1;0;1;0;18;0;0;5;5;3;14,00;0;0;5;7;3;12,67;0;7,6;2,6;0,32;Enrolled;0,6;1;0;13,33333333;1,329248839;15,95098606
2596;1;17;1;9070;1;1;135;1;19;37;5;9;145,90;0;0;0;0;26;0;3;5;5;4;13,00;0;1;5;7;2;12,00;0;9,4;-0,8;-3,12;Enrolled;0,6;1;0;12,5;1,283670786;15,40404943
969;2;39;1;9991;0;1;135;1;34;34;0;0;134,10;1;0;0;0;39;0;0;5;12;3;10,67;2;0;5;15;3;10,67;0;9,4;-0,8;-3,12;Dropout;0,6;0;0;10,66666667;1,183399071;31,95177491
1518;1;17;1;171;1;1;135;1;19;1;4;1;131,90;1;0;0;0;29;0;4;5;11;4;12,50;2;1;5;11;2;12,50;0;12,7;3,7;-1,7;Dropout;0,6;1;0;12,5;1,283670786;28,2407573
2982;1;1;1;9070;1;1;135;1;19;37;9;9;128,00;1;0;1;0;18;0;0;5;15;4;13,33;0;0;5;6;2;13,50;0;13,9;-0,3;0,79;Dropout;0,6;1;0;13,41666667;1,333806644;28,00993952
1716;1;17;2;9500;1;1;135;1;1;19;4;10;133,50;1;0;1;0;19;0;0;5;12;3;12,00;0;0;5;10;3;12,00;0;12,4;0,5;1,79;Dropout;0,6;1;0;12;1,256323955;27,639127
3037;1;1;2;9500;1;1;135;1;3;3;2;2;123,00;1;0;1;1;26;0;0;5;12;3;10,67;0;0;5;11;3;10,67;0;9,4;-0,8;-3,12;Dropout;0,6;0;0;10,66666667;1,183399071;27,21817863
2236;1;1;1;171;1;1;136;1;19;19;4;8;150,40;1;0;0;0;18;0;0;5;10;4;10,75;1;0;5;13;2;10,00;0;9,4;-0,8;-3,12;Dropout;0,6;1;0;10,375;1,167446753;26,85127531
2986;1;17;1;9070;1;1;135;1;37;19;9;9;125,20;1;0;0;0;24;0;0;5;10;3;13,00;0;0;5;11;3;11,33;0;7,6;2,6;0,32;Dropout;0,6;1;0;12,16666667;1,265439565;26,57423087
2195;1;1;1;171;1;1;136;1;37;19;5;8;129,00;1;0;1;0;27;0;0;5;13;3;10,75;0;0;5;9;3;10,33;0;15,5;2,8;-4,06;Dropout;0,6;1;0;10,54166667;1,176562363;25,88437199
2980;1;1;1;9085;1;1;135;1;3;2;1;1;133,60;1;0;1;0;19;0;0;5;10;3;10,50;0;0;5;11;3;10,80;0;12,4;0,5;1,79;Dropout;0,6;1;0;10,65;1,18248751;24,83223771
2030;1;1;1;9773;1;1;135;1;37;38;9;6;122,10;1;0;1;0;22;0;0;5;9;3;13,00;0;0;5;9;3;11,67;0;12,7;3,7;-1,7;Dropout;0,6;1;0;12,33333333;1,274555176;22,94199316
4219;1;17;3;9773;1;1;135;1;1;19;5;7;135,00;0;0;1;1;18;0;0;5;8;4;10,80;0;0;5;10;2;12,50;0;11,1;0,6;2,02;Dropout;0,6;1;0;11,65;1,237181173;22,26926111
2181;1;17;1;171;1;1;136;1;38;38;7;7;127,30;1;0;0;0;20;0;0;5;9;3;10,00;0;0;5;9;3;10,57;0;10,8;1,4;1,74;Dropout;0,6;0;0;10,28571429;1,16256339;20,92614102
640;1;18;1;9773;1;1;135;1;1;1;3;3;129,80;0;0;0;1;19;0;0;5;7;3;10,67;0;0;5;10;3;12,29;0;10,8;1,4;1,74;Dropout;0,6;0;0;11,47619048;1,227674893;20,87047319
330;1;1;1;9085;1;1;135;1;19;38;9;5;136,80;1;0;1;0;20;0;0;5;9;3;12,00;1;0;5;7;3;11,00;0;9,4;-0,8;-3,12;Dropout;0,6;0;0;11,5;1,228977123;19,66363397
1099;1;1;1;9773;1;1;135;1;1;4;5;3;124,90;0;0;0;0;18;0;0;5;7;3;13,00;0;0;5;8;3;12,00;0;7,6;2,6;0,32;Dropout;0,6;0;0;12,5;1,283670786;19,25506179
1660;1;1;1;171;1;1;136;1;3;3;1;2;152,50;1;0;1;0;41;0;0;5;9;4;10,75;0;0;5;7;2;10,00;0;9,4;-0,8;-3,12;Dropout;0,6;1;1;10,375;1,167446753;18,67914804
2095;1;17;1;9853;1;1;135;1;3;3;2;2;132,90;1;0;0;0;24;0;0;5;7;3;10,67;0;0;5;7;3;10,50;0;10,8;1,4;1,74;Dropout;0,6;1;0;10,58333333;1,178841266;16,50377772
3985;1;39;1;9003;1;1;135;1;38;38;9;6;138,10;0;0;0;0;34;0;0;5;7;2;10,00;0;0;5;6;4;12,00;0;7,6;2,6;0,32;Dropout;0,6;1;0;11;1,201630292;15,62119379
2388;1;1;1;171;1;1;135;1;1;38;5;7;137,50;1;0;0;0;18;0;0;5;6;2;12,50;0;0;5;6;4;10,25;0;9,4;-0,8;-3,12;Dropout;0,6;0;0;11,375;1,222140415;14,66568499
1221;1;1;2;171;1;1;136;1;39;1;3;4;134,30;1;0;1;0;30;0;4;9;18;6;11,83;0;1;8;21;4;11,00;0;15,5;2,8;-4,06;Dropout;0,588235294;0;0;11,41666667;1,212654612;47,29352988
1690;1;43;4;171;1;1;136;1;37;37;9;9;123,80;1;0;1;0;25;0;3;10;23;6;11,43;0;2;7;15;4;12,00;1;15,5;2,8;-4,06;Dropout;0,588235294;0;0;11,71428571;1,228932488;46,69943455
3518;1;1;1;9119;1;1;136;1;38;38;9;9;121,70;1;0;0;0;18;0;0;6;11;4;12,25;0;0;6;10;3;11,67;0;9,4;-0,8;-3,12;Graduate;0,583333333;1;0;11,95833333;1,237378385;25,9849461
2708;1;1;1;9147;1;1;136;1;1;3;9;5;137,10;0;0;0;0;19;0;0;6;12;2;13,00;0;0;6;8;5;11,60;0;7,6;2,6;0,32;Graduate;0,583333333;1;0;12,3;1,256065387;25,12130774
2930;1;1;3;9500;1;1;136;1;1;1;4;4;127,00;1;0;0;1;19;0;0;6;11;3;11,00;0;0;6;9;4;11,25;0;10,8;1,4;1,74;Graduate;0,583333333;1;0;11,125;1,191800333;23,83600666
3271;2;1;1;9254;1;1;136;1;37;37;9;9;122,70;0;0;0;0;21;0;2;6;16;5;12,67;0;1;6;15;2;13,50;0;16,2;0,3;-0,92;Enrolled;0,583333333;1;0;13,08333333;1,298908756;40,26617144
2289;1;42;1;9119;1;1;136;1;1;37;5;5;117,50;0;0;0;0;18;0;0;6;14;4;11,50;0;0;6;17;3;13,75;0;11,1;0,6;2,02;Enrolled;0,583333333;1;0;12,625;1,273840827;39,48906565
150;1;1;1;9500;1;1;136;1;1;19;9;9;131,50;0;0;0;0;19;0;0;6;18;3;11,67;0;0;6;14;4;11,50;0;15,5;2,8;-4,06;Enrolled;0,583333333;1;0;11,58333333;1,216868262;38,93978438
861;1;18;2;9119;1;1;136;1;1;2;5;4;122,70;1;0;0;0;22;1;0;6;12;5;12,80;0;0;6;19;2;11,50;0;12,4;0,5;1,79;Enrolled;0,583333333;1;1;12,15;1,247861338;38,68370146
3372;1;1;6;9500;1;1;136;1;37;1;5;4;120,80;1;0;0;0;19;0;0;6;9;5;13,40;0;0;6;16;2;13,50;0;10,8;1,4;1,74;Enrolled;0,583333333;1;0;13,45;1,318963099;32,97407748
1599;1;17;1;9238;1;1;136;1;37;37;7;7;140,90;1;0;1;0;22;0;0;6;13;5;13,00;0;0;6;13;2;11,50;0;12,4;0,5;1,79;Enrolled;0,583333333;1;0;12,25;1,253330704;32,5865983
402;1;17;1;9254;1;1;136;1;37;37;7;7;121,70;1;0;0;0;22;0;0;6;11;4;12,50;1;0;6;13;3;13,67;0;9,4;-0,8;-3,12;Enrolled;0,583333333;1;0;13,08333333;1,298908756;31,17381015
1035;1;17;1;9070;1;1;136;1;38;19;7;7;121,70;1;0;0;0;20;0;2;6;11;5;14,20;0;0;6;12;2;13,50;0;13,9;-0,3;0,79;Enrolled;0,583333333;1;0;13,85;1,340840564;30,83933298
580;1;1;4;9070;1;1;136;1;37;37;9;8;136,70;1;0;0;0;22;0;0;6;14;4;12,25;0;0;6;11;3;11,33;0;7,6;2,6;0,32;Enrolled;0,583333333;1;0;11,79166667;1,228262775;30,70656938
1459;1;1;1;9670;1;1;136;1;2;38;143;163;129,70;1;0;1;0;20;0;2;6;12;5;12,40;0;1;6;11;2;15,00;0;13,9;-0,3;0,79;Enrolled;0,583333333;1;0;13,7;1,332636515;30,65063985
773;1;1;3;9500;1;1;136;1;1;19;4;9;131,10;1;0;1;0;20;0;0;6;12;4;11,75;0;0;6;13;3;11,33;0;15,5;2,8;-4,06;Enrolled;0,583333333;1;0;11,54166667;1,214589359;30,36473398
1377;1;17;1;9147;1;1;136;1;1;1;9;3;122,70;1;0;1;0;19;0;1;6;13;5;11,60;0;1;6;12;2;11,00;0;13,9;-0,3;0,79;Enrolled;0,583333333;1;0;11,3;1,201371724;30,0342931
2780;1;1;2;9238;1;1;136;1;19;19;4;7;121,70;1;0;1;0;20;0;0;6;11;3;13,67;0;0;6;13;4;10,25;0;9,4;-0,8;-3,12;Enrolled;0,583333333;1;0;11,95833333;1,237378385;29,69708125
474;1;1;2;9500;1;1;136;1;19;19;9;9;140,00;1;0;1;0;34;0;7;12;12;7;11,43;0;4;12;12;7;11,86;0;7,6;2,6;0,32;Enrolled;0,583333333;1;0;11,64285714;1,220123837;29,28297209
12;1;1;1;9500;1;1;136;1;19;38;9;9;119,30;1;0;1;0;21;0;0;6;10;5;11,33;0;0;6;14;2;11,50;0;12,7;3,7;-1,7;Enrolled;0,583333333;1;0;11,41666667;1,207752651;28,98606363
367;1;1;4;9500;1;1;136;1;19;38;4;8;125,50;1;0;1;0;19;0;0;6;14;3;12,50;0;0;6;9;4;11,00;0;12,7;3,7;-1,7;Enrolled;0,583333333;1;0;11,75;1,225983872;28,19762906
4320;1;17;1;9773;1;1;136;1;19;38;9;9;121,70;1;0;0;1;20;0;0;6;11;4;11,50;0;0;6;12;3;11,00;0;7,6;2,6;0,32;Enrolled;0,583333333;1;0;11,25;1,198637041;27,56865194
1367;1;51;1;9119;1;1;136;1;1;19;3;5;133,60;1;0;0;0;18;0;0;6;10;5;10,60;0;0;6;14;2;10,00;0;7,6;2,6;0,32;Enrolled;0,583333333;1;0;10,3;1,146678061;27,52027347
4370;1;1;1;9500;1;1;136;1;2;2;3;3;120,00;1;0;0;0;19;0;0;6;11;4;12,25;0;0;6;11;3;11,00;0;7,6;2,6;0,32;Enrolled;0,583333333;1;0;11,625;1,219147165;26,82123762
1795;1;43;1;9500;1;1;136;1;19;37;173;183;118,40;1;0;1;0;19;0;0;6;11;4;12,25;0;0;6;10;3;12,67;0;7,6;2,6;0,32;Enrolled;0,583333333;1;0;12,45833333;1,264725217;26,55922956
3163;1;1;4;9500;1;1;136;1;19;38;9;9;123,00;1;0;0;1;19;0;0;6;11;4;11,00;0;0;6;11;3;11,67;0;9,4;-0,8;-3,12;Enrolled;0,583333333;1;1;11,33333333;1,203194846;26,47028662
1030;1;1;4;9500;1;1;136;1;1;1;9;9;123,80;1;0;1;1;18;0;0;6;12;3;10,67;0;0;6;9;4;12,00;0;15,5;2,8;-4,06;Enrolled;0,583333333;1;0;11,33333333;1,203194846;25,26709177
481;1;1;1;9500;1;1;136;1;1;1;4;4;123,80;0;0;1;0;26;0;0;6;10;4;10,00;0;0;6;11;3;12,00;0;9,4;-0,8;-3,12;Enrolled;0,583333333;1;0;11;1,184963625;24,88423613
2735;1;1;4;9773;1;1;136;1;1;12;9;10;121,70;1;0;1;0;19;0;0;6;7;5;12,20;0;0;6;12;2;12,00;0;7,6;2,6;0,32;Enrolled;0,583333333;1;0;12,1;1,245126654;23,65740643
250;1;1;1;9670;1;1;136;1;19;1;9;8;123,40;1;0;0;0;18;0;0;6;10;3;12,00;0;0;6;8;4;10,25;0;10,8;1,4;1,74;Enrolled;0,583333333;1;0;11,125;1,191800333;21,452406
2906;1;17;1;9773;1;1;136;1;3;1;2;3;132,50;1;0;0;0;30;0;8;12;17;8;11,75;0;6;12;19;6;12,17;2;7,6;2,6;0,32;Dropout;0,583333333;0;0;11,95833333;1,237378385;44,54562188
1941;1;1;2;9254;1;1;136;1;1;1;9;4;123,40;1;0;1;0;19;0;0;6;10;5;12,50;0;0;6;19;2;13,50;0;12,4;0,5;1,79;Dropout;0,583333333;0;0;13;1,294350951;37,53617758
2113;1;1;2;9556;1;1;136;1;19;19;9;9;129,50;1;0;1;0;25;0;0;6;16;3;11,25;0;0;6;14;4;11,20;0;15,5;2,8;-4,06;Dropout;0,583333333;1;0;11,225;1,197269699;35,91809098
2513;1;17;4;9500;1;1;136;1;3;3;2;2;132,50;1;0;0;0;27;0;0;6;11;4;12,25;0;0;6;16;3;12,00;0;7,6;2,6;0,32;Dropout;0,583333333;1;0;12,125;1,246493996;33,65533789
2949;1;1;6;9853;1;1;136;1;1;19;5;5;122,00;0;0;1;0;35;0;0;6;16;4;12,00;0;0;6;11;3;10,33;0;13,9;-0,3;0,79;Dropout;0,583333333;1;0;11,16666667;1,194079236;32,24013936
3419;1;1;1;9853;1;1;136;1;38;37;9;9;126,90;1;0;0;1;19;0;0;6;11;4;12,00;0;0;6;14;3;11,00;0;10,8;1,4;1,74;Dropout;0,583333333;1;0;11,5;1,212310457;30,30776142
2543;1;17;2;9556;1;1;136;1;1;1;9;9;128,30;0;0;0;0;20;0;0;6;10;4;12,00;0;0;6;15;3;10,67;0;7,6;2,6;0,32;Dropout;0,583333333;0;0;11,33333333;1,203194846;30,07987115
889;1;1;1;9500;1;1;136;1;19;19;4;7;136,00;0;0;0;0;18;0;0;6;9;5;11,40;0;0;6;14;2;13,50;0;8,9;1,4;3,51;Dropout;0,583333333;0;0;12,45;1,264269436;29,07819704
4029;1;1;1;9070;1;1;136;1;1;38;4;5;132,20;0;0;0;0;21;0;0;6;12;3;10,67;2;0;6;12;4;12,00;0;15,5;2,8;-4,06;Dropout;0,583333333;1;0;11,33333333;1,203194846;28,87667631
3036;1;1;1;9254;1;1;136;1;12;1;4;4;122,00;1;0;0;1;20;0;0;6;12;4;11,25;0;0;6;12;3;11,33;0;7,6;2,6;0,32;Dropout;0,583333333;0;0;11,29166667;1,200915944;28,82198265
887;1;16;6;9773;1;1;136;1;38;14;0;0;129,70;1;0;0;0;18;0;0;6;11;3;12,33;0;0;6;11;4;13,50;0;7,6;2,6;0,32;Dropout;0,583333333;1;0;12,91666667;1,289793146;28,37544921
2995;1;17;1;9773;1;1;136;1;1;38;9;8;131,50;1;0;0;0;21;0;0;6;13;4;11,50;0;0;6;10;3;11,00;0;10,8;1,4;1,74;Dropout;0,583333333;1;0;11,25;1,198637041;27,56865194
1535;1;1;1;9085;1;1;136;1;1;38;9;9;130,80;1;0;0;0;19;0;0;6;10;5;11,71;0;0;6;13;2;10,67;0;16,2;0,3;-0,92;Dropout;0,583333333;0;0;11,19047619;1,195381466;27,49377371
255;1;17;1;9147;1;1;136;1;1;1;4;4;124,10;0;0;0;0;19;0;0;6;11;3;12,00;0;0;6;11;4;11,25;0;7,6;2,6;0,32;Dropout;0,583333333;1;0;11,625;1,219147165;26,82123762
1095;1;17;3;9500;1;1;136;1;19;1;9;9;129,00;1;0;1;0;18;0;0;6;9;5;11,20;0;0;6;14;2;10,00;0;9,4;-0,8;-3,12;Dropout;0,583333333;0;0;10,6;1,16308616;26,75098168
2914;1;1;2;9238;1;1;136;1;22;30;0;8;135,70;1;0;1;0;20;0;2;6;9;4;11,00;0;1;6;13;3;10,67;0;12,4;0,5;1,79;Dropout;0,583333333;1;0;10,83333333;1,175848015;25,86865632
3428;1;1;1;9238;1;1;136;1;19;1;4;3;125,20;1;0;1;0;19;0;0;6;9;4;11,50;0;0;6;12;3;11,00;0;8,9;1,4;3,51;Dropout;0,583333333;1;0;11,25;1,198637041;25,17137786
2774;1;42;3;9500;1;1;136;1;1;1;4;4;148,80;1;0;0;0;18;0;0;6;9;4;11,00;0;0;6;12;3;11,33;0;7,6;2,6;0,32;Dropout;0,583333333;1;0;11,16666667;1,194079236;25,07566395
3019;1;16;2;9085;1;1;136;1;37;37;9;9;123,40;1;0;0;0;26;0;0;6;9;3;11,75;0;0;6;11;4;11,50;3;16,2;0,3;-0,92;Dropout;0,583333333;0;0;11,625;1,219147165;24,38294329
2105;1;1;1;9238;1;1;136;1;19;38;9;9;121,70;0;1;1;0;23;0;1;6;10;5;12,50;0;1;6;8;2;13,50;0;12,4;0,5;1,79;Dropout;0,583333333;1;0;13;1,294350951;23,29831712
4071;1;18;1;9500;1;1;136;1;3;3;3;3;130,80;0;0;0;1;19;0;0;6;9;5;12,00;0;0;6;10;2;11,33;0;8,9;1,4;3,51;Dropout;0,583333333;1;0;11,66666667;1,221426067;23,20709528
742;1;1;1;9254;1;1;136;1;3;3;2;2;128,70;0;0;0;0;19;0;0;6;13;3;10,67;0;0;6;6;4;12,25;0;15,5;2,8;-4,06;Dropout;0,583333333;0;0;11,45833333;1,210031554;22,99059953
2898;1;43;1;9500;1;1;136;1;3;3;2;2;100,00;0;0;1;0;18;0;0;6;6;3;12,67;0;0;6;11;4;11,14;0;10,8;1,4;1,74;Dropout;0,583333333;1;0;11,9047619;1,234448368;20,98562225
1137;1;1;3;9070;1;1;136;1;37;38;9;9;125,20;1;0;0;0;19;0;0;6;6;4;12,00;0;0;6;11;3;11,33;0;11,1;0,6;2,02;Dropout;0,583333333;1;0;11,66666667;1,221426067;20,76424314
3139;1;1;1;9773;1;1;136;1;19;19;4;3;126,20;0;0;1;0;18;0;0;6;7;4;11,00;0;0;6;7;3;11,25;0;16,2;0,3;-0,92;Dropout;0,583333333;1;0;11,125;1,191800333;16,68520466
1276;1;17;2;9254;1;1;136;1;19;19;4;7;123,10;1;0;1;0;18;1;0;6;6;4;11,25;0;0;6;7;3;12,33;0;8,9;1,4;3,51;Dropout;0,583333333;0;0;11,79166667;1,228262775;15,96741608
4168;1;17;2;9070;1;1;136;1;19;38;4;7;140,90;1;0;1;0;35;0;6;10;10;7;12,14;0;4;9;9;4;12,25;0;7,6;2,6;0,32;Dropout;0,578947368;0;0;12,19642857;1,246014721;23,6742797
817;1;17;1;9070;1;1;136;1;1;37;4;5;130,80;0;0;1;0;28;0;2;8;15;7;11,00;0;0;6;17;1;10,00;0;10,8;1,4;1,74;Enrolled;0,571428571;1;0;10,5;1,145712032;36,66278502
762;1;5;1;171;1;1;137;1;3;19;1;10;144,70;1;0;0;0;36;0;0;7;13;5;12,20;0;0;7;14;3;11,40;0;11,1;0,6;2,02;Dropout;0,571428571;1;0;11,8;1,216813794;32,85397243
1005;1;17;2;9238;1;1;136;1;1;3;3;4;126,60;1;0;1;0;25;0;0;7;14;4;12,95;1;0;7;11;4;13,13;1;15,5;2,8;-4,06;Dropout;0,571428571;1;1;13,0375;1,284497201;32,11243004
304;1;51;1;9670;1;1;136;1;19;19;5;5;122,00;0;0;0;0;39;0;0;7;12;4;12,00;0;0;7;13;4;12,56;0;11,1;0,6;2,02;Dropout;0,571428571;1;0;12,28125;1,243135119;31,07837797
2379;1;43;1;9991;0;1;136;1;3;4;2;2;133,90;0;0;0;0;20;0;0;7;13;4;13,50;0;0;7;11;4;11,23;0;11,1;0,6;2,02;Dropout;0,571428571;1;0;12,3625;1,247578979;29,9418955
2231;1;1;4;171;1;1;137;1;1;38;4;8;141,20;1;0;1;0;21;0;0;7;12;4;12,94;0;0;7;12;4;11,58;0;12,4;0,5;1,79;Dropout;0,571428571;0;0;12,26;1,241972879;29,80734909
2304;1;18;5;9119;1;1;136;1;3;2;2;3;125,20;1;0;0;0;42;0;2;7;10;5;12,62;0;3;7;11;3;14,17;0;12,4;0,5;1,79;Dropout;0,571428571;0;0;13,39333333;1,30395903;27,38313963
954;1;18;5;9500;1;1;137;1;19;1;1;10;129,30;0;0;1;0;34;0;2;7;13;5;12,00;0;2;7;7;3;11,00;0;15,5;2,8;-4,06;Dropout;0,571428571;0;0;11,5;1,200405695;24,0081139
4371;1;1;3;171;1;1;137;1;1;3;5;2;133,90;1;0;1;0;20;0;0;7;11;4;12,60;0;0;7;7;4;11,58;0;16,2;0,3;-0,92;Dropout;0,571428571;0;0;12,0875;1,232538222;22,18568799
2157;1;17;2;171;1;1;137;1;1;1;4;1;143,30;1;0;1;0;37;0;5;7;7;5;12,00;0;3;7;7;3;11,67;0;8,9;1,4;3,51;Dropout;0,571428571;0;0;11,83333333;1,218636916;17,06091682
1794;1;17;1;9085;1;1;137;1;1;1;4;7;134,60;1;0;1;0;32;0;0;6;8;3;13,00;0;4;10;14;6;11,43;0;16,2;0,3;-0,92;Dropout;0,5625;0;0;12,21428571;1,230544025;27,07196856
2797;1;39;1;9500;1;1;137;1;37;37;9;9;141,00;0;0;1;0;31;0;0;4;12;2;11,00;2;0;5;9;3;11,67;0;9,4;-0,8;-3,12;Dropout;0,555555556;0;0;11,33333333;1,175417068;24,68375844
2037;1;17;1;9147;1;1;137;1;1;37;5;9;131,40;1;0;0;0;21;0;6;10;20;6;11,50;0;5;10;17;5;12,40;0;9,4;-0,8;-3,12;Dropout;0,55;1;0;11,95;1,203589272;44,53280305
17;1;18;1;9238;1;1;137;1;19;38;5;8;137,40;1;0;0;0;31;0;4;10;16;5;11,40;0;4;10;10;6;12,83;0;9,4;-0,8;-3,12;Dropout;0,55;1;0;12,11666667;1,212704882;31,53032693
2102;1;18;1;8014;0;1;137;1;1;1;4;3;123,00;0;0;1;0;26;0;8;12;12;8;11,25;0;3;8;8;3;11,33;0;7,6;2,6;0,32;Dropout;0,55;0;0;11,29166667;1,16758261;23,3516522
3379;2;1;1;9147;1;1;137;1;19;37;9;9;124,40;0;0;1;1;22;0;0;5;9;3;12,33;0;0;6;14;3;12,50;0;11,1;0,6;2,02;Dropout;0,545454545;1;0;12,41666667;1,224567526;28,16505311
3009;1;1;1;9130;1;1;137;1;40;19;2;9;130,70;1;0;0;0;20;0;0;5;5;5;11,40;0;0;6;11;1;11,00;0;10,8;1,4;1,74;Dropout;0,545454545;1;0;11,2;1,15802357;18,52837712
3007;1;1;4;9147;1;1;137;1;1;19;4;5;136,30;0;0;1;0;34;0;4;6;8;4;11,25;0;1;5;8;2;10,50;0;7,6;2,6;0,32;Dropout;0,545454545;1;0;10,875;1,140248129;18,24397007
3054;1;17;1;9085;1;1;137;1;38;19;0;90;122,30;0;0;1;0;27;0;8;13;13;8;13,50;2;5;11;12;5;14,40;0;11,1;0,6;2,02;Dropout;0,541666667;1;0;13,95;1,304643264;32,6160816
4404;1;17;3;9500;1;1;137;1;1;1;4;10;124,80;1;0;0;0;31;0;0;7;21;5;10,90;3;0;8;21;3;11,70;1;12,7;3,7;-1,7;Dropout;0,533333333;1;0;11,3;1,151371724;48,35761241
2517;1;17;1;9070;1;1;137;1;1;1;1;5;131,80;0;0;0;1;30;0;0;7;8;7;14,91;0;0;8;9;1;13,50;0;13,9;-0,3;0,79;Dropout;0,533333333;1;0;14,20625;1,310325182;22,27552809
411;1;1;2;9500;1;1;137;1;19;19;7;7;120,80;1;0;1;0;49;0;4;12;16;5;11,60;0;2;7;7;5;11,20;0;8,9;1,4;3,51;Dropout;0,526315789;0;0;11,4;1,149823547;26,44594157
3711;1;17;4;9085;1;1;137;1;38;38;151;151;141,60;0;0;0;0;20;0;5;11;18;8;12,63;0;4;10;10;3;11,00;0;11,1;0,6;2,02;Enrolled;0,523809524;1;0;11,8125;1,169878417;32,75659567
2832;1;17;3;9147;1;1;137;1;1;1;4;7;124,40;1;0;0;0;19;0;6;14;22;7;12,19;5;6;14;22;7;12,19;5;7,6;2,6;0,32;Graduate;0,5;1;0;12,19230769;1,166841967;51,34104654
2335;1;1;1;9670;1;1;137;1;38;37;9;9;122,30;0;0;1;1;20;0;0;6;18;3;12,00;0;0;6;17;3;11,67;0;15,5;2,8;-4,06;Enrolled;0,5;1;0;11,83333333;1,147208344;40,15229205
2490;1;1;2;9254;1;1;137;1;1;38;2;8;122,30;1;0;1;0;22;0;0;6;17;3;11,33;3;0;6;14;3;12,33;0;15,5;2,8;-4,06;Enrolled;0,5;1;0;11,83333333;1,147208344;35,56345867
3758;1;1;2;9500;1;1;137;1;1;3;4;3;124,60;0;0;0;0;21;0;0;6;13;4;12,00;0;0;6;17;2;11,50;0;11,1;0,6;2,02;Enrolled;0,5;1;0;11,75;1,142650539;34,27951617
1288;1;1;1;9238;1;1;137;1;19;1;9;9;132,80;0;0;0;0;24;0;2;6;11;4;12,50;0;1;6;18;2;11,50;0;12,4;0,5;1,79;Enrolled;0,5;0;0;12;1,156323955;33,53339469
3320;1;16;2;9070;1;1;137;1;1;1;3;1;141,20;1;0;0;0;27;0;0;7;12;4;14,00;0;0;7;14;3;12,53;0;12,4;0,5;1,79;Enrolled;0,5;1;0;13,2625;1,225374704;31,85974231
2772;1;1;4;9500;1;1;137;1;37;37;9;9;127,50;1;0;0;1;44;0;0;6;12;4;12,75;0;0;6;15;2;10,00;0;8,9;1,4;3,51;Enrolled;0,5;0;0;11,375;1,122140415;30,29779122
4415;1;1;1;9130;1;1;137;1;3;38;3;5;129,30;1;0;0;0;21;0;0;6;12;4;12,50;0;0;6;13;2;12,67;0;11,1;0,6;2,02;Enrolled;0,5;1;0;12,58333333;1,188228591;29,70571479
1261;1;1;3;9238;1;1;137;1;1;1;3;3;131,40;1;0;1;0;22;0;0;6;12;3;13,33;0;0;6;12;3;12,75;0;15,5;2,8;-4,06;Enrolled;0,5;1;0;13,04166667;1,21329652;29,11911649
3136;1;1;1;171;1;1;138;1;1;40;4;3;149,90;1;0;0;0;21;0;0;6;11;5;11,20;0;0;6;15;1;10,00;0;7,6;2,6;0,32;Enrolled;0,5;1;0;10,6;1,079752827;28,07357349
3993;1;17;1;9238;1;1;137;1;38;19;152;171;131,10;1;0;0;1;26;0;0;6;10;3;12,33;0;0;6;14;3;11,67;0;7,6;2,6;0,32;Enrolled;0,5;1;0;12;1,156323955;27,75177491
9;1;1;3;9238;1;1;137;62;1;1;9;9;129,30;0;0;0;0;21;0;0;5;13;3;11,33;2;0;5;12;2;10,50;1;9,4;-0,8;-3,12;Enrolled;0,5;1;0;10,91666667;1,097072487;27,42681217
2153;1;1;4;9500;1;1;137;1;38;37;7;7;126,00;1;0;0;0;18;0;0;5;12;2;11,50;0;0;5;12;3;11,80;2;10,8;1,4;1,74;Enrolled;0,5;1;0;11,65;1,137181173;27,29234815
2357;1;1;1;171;1;1;138;1;1;1;4;3;141,50;0;0;0;1;20;0;0;6;13;2;10,00;0;0;6;12;4;10,75;0;7,6;2,6;0,32;Enrolled;0,5;1;0;10,375;1,067446753;26,68616881
3301;1;1;1;171;1;1;138;1;19;19;5;1;130,70;1;0;0;0;20;0;0;6;13;3;10,33;0;0;6;12;3;10,33;0;10,8;1,4;1,74;Enrolled;0,5;1;0;10,33333333;1,06516785;26,62919625
1017;1;17;1;9147;1;1;138;1;37;1;9;9;123,70;1;0;0;0;19;0;0;6;13;3;10,33;0;0;6;12;3;10,33;0;7,6;2,6;0,32;Enrolled;0,5;1;1;10,33333333;1,06516785;26,62919625
1712;1;1;3;9500;1;1;137;1;19;19;5;4;131,50;1;0;1;0;23;0;0;6;12;3;11,50;0;0;6;12;3;10,67;0;8,9;1,4;3,51;Enrolled;0,5;1;0;11,08333333;1,106188097;26,54851433
2141;1;17;5;9500;1;1;137;1;1;1;5;4;131,10;1;0;1;0;18;0;0;5;11;2;13,50;0;0;5;11;3;12,33;0;8,9;1,4;3,51;Enrolled;0,5;1;0;12,91666667;1,206459812;26,54211587
2571;1;1;4;9500;1;1;137;1;19;37;9;7;130,80;0;0;1;0;20;0;0;5;14;2;11,00;3;0;5;9;3;12,67;0;9,4;-0,8;-3,12;Enrolled;0,5;1;0;11,83333333;1,147208344;26,38579192
2781;1;1;3;9500;1;1;137;1;38;38;5;7;122,70;1;0;0;0;21;0;0;5;9;3;10,67;0;0;5;13;2;12,50;0;7,6;2,6;0,32;Enrolled;0,5;1;0;11,58333333;1,133534929;24,93776843
4204;1;1;2;9070;1;1;137;1;19;38;9;9;127,20;1;0;0;0;24;0;0;5;9;2;11,50;0;0;5;11;3;14,33;1;7,6;2,6;0,32;Enrolled;0,5;1;0;12,91666667;1,206459812;24,12919625
1252;1;43;1;9773;1;1;137;1;38;37;9;5;127,90;1;0;1;0;26;0;0;5;11;2;11,50;0;0;5;10;3;12,00;0;7,6;2,6;0,32;Enrolled;0,5;1;0;11,75;1,142650539;23,99566132
3048;1;1;4;9773;1;1;137;1;37;37;0;90;134,20;1;0;0;0;19;0;0;5;10;2;14,50;1;0;5;9;3;11,33;0;12,7;3,7;-1,7;Enrolled;0,5;1;0;12,91666667;1,206459812;22,92273644
3423;1;17;1;9238;1;1;137;1;1;38;5;8;125,80;0;0;0;0;37;0;0;5;14;2;10,00;0;0;5;7;3;11,33;0;12,7;3,7;-1,7;Enrolled;0,5;1;0;10,66666667;1,083399071;22,75138049
1305;1;1;2;9773;1;1;137;1;1;19;7;7;133,20;1;0;1;0;20;0;0;5;7;3;12,67;1;0;5;12;2;12,50;0;9,4;-0,8;-3,12;Enrolled;0,5;1;0;12,58333333;1,188228591;22,57634324
1266;1;1;6;9500;1;1;137;1;1;1;4;5;126,30;1;0;0;0;20;0;0;5;8;3;11,33;0;0;5;12;2;10,67;0;10,8;1,4;1,74;Enrolled;0,5;1;0;11;1,101630292;22,03260584
3027;1;1;4;9773;1;1;137;1;3;19;2;3;139,80;1;1;1;0;38;0;0;5;11;2;10,50;0;0;5;9;3;11,33;1;7,6;2,6;0,32;Enrolled;0,5;1;0;10,91666667;1,097072487;21,94144973
3125;1;17;3;9500;1;1;137;1;19;37;7;7;126,70;1;0;0;1;19;0;0;5;8;2;10,50;0;0;5;11;3;13,33;0;7,6;2,6;0,32;Enrolled;0,5;1;0;11,91666667;1,15176615;21,88355684
945;1;16;1;9556;1;1;137;1;37;37;9;7;122,70;1;0;1;0;18;0;0;5;10;2;14,00;0;0;5;7;3;11,00;1;7,6;2,6;0,32;Enrolled;0,5;1;0;12,5;1,183670786;20,12240337
1702;1;1;1;9773;1;1;137;1;1;1;5;5;129,30;1;0;1;0;18;0;0;5;9;3;11,33;0;0;5;8;2;13,50;0;8,9;1,4;3,51;Enrolled;0,5;0;0;12,41666667;1,179112981;20,04492068
269;1;1;1;9070;1;1;137;1;37;37;9;9;126,20;1;0;0;0;19;0;0;5;8;2;11,50;0;0;5;10;3;10,86;0;10,8;1,4;1,74;Enrolled;0,5;1;0;11,17857143;1,111397017;20,00514631
2628;1;1;1;9500;1;1;137;1;1;19;4;4;125,30;0;0;0;0;20;0;0;5;10;2;11,50;0;0;5;8;3;10,00;0;11,1;0,6;2,02;Enrolled;0,5;1;0;10,75;1,087956876;19,58322377
2996;1;17;5;9500;1;1;137;1;1;1;5;5;132,60;1;0;0;0;22;0;0;5;8;3;12,00;0;0;5;9;2;11,00;1;7,6;2,6;0,32;Enrolled;0,5;1;0;11,5;1,128977123;19,1926111
869;1;18;1;9254;1;1;137;1;19;19;4;5;126,90;0;0;1;0;18;0;0;5;7;4;10,00;0;0;5;8;1;16,00;0;10,8;1,4;1,74;Enrolled;0,5;1;0;13;1,211017618;18,16526427
3756;1;18;4;9500;1;1;137;1;3;1;3;4;126,70;1;0;0;0;50;0;0;5;9;2;10,50;0;0;5;7;3;11,00;0;12,7;3,7;-1,7;Enrolled;0,5;1;0;10,75;1,087956876;17,40731002
3240;1;1;1;9238;1;1;137;1;3;1;4;9;128,60;0;0;0;0;18;0;0;5;8;2;10,50;0;0;5;7;3;12,33;0;7,6;2,6;0,32;Enrolled;0,5;1;0;11,41666667;1,124419318;16,86628977
1229;1;1;5;9500;1;1;137;1;38;38;4;8;126,50;1;0;1;0;20;0;0;6;6;4;12,00;0;0;6;8;2;11,33;0;10,8;1,4;1,74;Enrolled;0,5;1;0;11,66666667;1,138092734;15,93329827
1328;1;17;1;9254;1;1;137;1;34;38;0;7;137,70;1;0;1;0;19;0;0;6;6;5;11,40;0;0;6;8;1;10,00;0;10,8;1,4;1,74;Enrolled;0,5;1;0;10,7;1,085222193;15,1931107
1650;1;1;1;9500;1;1;138;1;1;38;4;9;132,50;1;0;1;0;20;0;0;6;16;4;11,80;0;0;6;15;2;12,00;0;16,2;0,3;-0,92;Dropout;0,5;0;0;11,9;1,150854588;35,67649224
1053;1;17;3;9500;1;1;138;1;3;3;4;5;130,00;1;0;1;0;19;0;1;6;16;2;10,50;0;0;6;15;4;10,00;0;7,6;2,6;0,32;Dropout;0,5;1;0;10,25;1,060610045;32,87891139
4187;1;17;2;9085;1;1;138;1;37;37;9;7;123,30;1;0;0;0;29;0;0;5;15;2;13,25;0;0;5;12;3;12,60;3;16,2;0,3;-0,92;Dropout;0,5;0;0;12,925;1,206915593;32,58672101
2084;1;1;3;9773;1;1;138;1;3;1;2;3;135,90;1;0;0;0;29;0;0;8;14;4;11,33;1;0;8;14;4;11,33;1;12,7;3,7;-1,7;Dropout;0,5;1;0;11,325;1,119405732;31,3433605
3939;1;1;2;9500;1;1;138;1;19;1;5;5;128,00;1;0;0;1;18;0;0;6;12;3;12,00;0;0;6;15;3;10,67;0;7,6;2,6;0,32;Dropout;0,5;0;0;11,33333333;1,119861513;30,23626085
876;1;1;1;9500;1;1;138;1;38;38;9;9;126,80;0;0;1;0;20;0;0;6;15;4;10,75;0;0;6;12;2;10,50;0;13,9;-0,3;0,79;Dropout;0,5;1;0;10,625;1,081120168;29,19024454
2103;1;1;6;9500;1;1;138;1;37;37;9;8;127,20;1;0;0;0;19;0;0;6;13;4;11,00;0;0;6;13;2;11,50;0;12,7;3,7;-1,7;Dropout;0,5;0;0;11,25;1,115303708;28,9978964
3916;1;1;1;9147;1;1;138;1;37;37;9;6;145,00;1;0;0;1;45;0;0;6;10;4;11,50;0;0;6;16;2;10,50;0;7,6;2,6;0,32;Dropout;0,5;1;0;11;1,101630292;28,64238759
201;1;1;1;9085;1;1;138;1;1;1;4;7;132,10;1;0;1;0;20;0;0;6;12;3;11,50;0;0;6;12;3;13,67;0;12,4;0,5;1,79;Dropout;0,5;1;0;12,58333333;1,188228591;28,5174862
3053;1;16;1;9085;1;1;138;1;37;37;9;9;123,00;1;0;1;0;43;0;0;5;13;2;11,50;0;0;5;12;3;10,80;0;13,9;-0,3;0,79;Dropout;0,5;0;0;11,15;1,109834341;27,74585853
4198;1;17;6;9773;1;1;138;1;1;1;4;2;140,50;1;0;0;0;24;0;2;6;11;3;11,75;0;1;6;14;3;10,33;0;16,2;0,3;-0,92;Dropout;0,5;0;0;11,04166667;1,103909194;27,59772986
2671;1;17;5;9119;1;1;138;1;19;19;5;5;123,30;1;0;0;0;20;1;2;6;13;3;11,67;0;1;6;11;3;12,00;0;12,4;0,5;1,79;Dropout;0,5;0;0;11,83333333;1,147208344;27,53300026
1365;1;1;1;9500;1;1;138;1;19;37;4;9;141,00;0;0;0;0;24;0;1;6;11;5;13,00;0;1;6;12;1;12,00;0;13,9;-0,3;0,79;Dropout;0,5;1;0;12,5;1,183670786;27,22442808
3450;1;1;2;9500;1;1;138;1;3;3;2;2;127,50;1;0;0;0;19;0;0;6;12;3;11,00;0;0;6;12;3;12,00;0;9,4;-0,8;-3,12;Dropout;0,5;0;0;11,5;1,128977123;27,09545096
1448;1;17;3;9119;1;1;138;1;1;19;4;3;125,40;1;0;0;0;29;0;0;5;8;3;10,67;0;0;5;14;2;14,80;0;10,8;1,4;1,74;Dropout;0,5;0;0;12,73333333;1,196432641;26,3215181
1118;1;1;1;9500;1;1;138;1;38;19;9;5;144,30;0;0;1;0;19;0;0;6;8;4;11,60;0;0;6;14;2;13,00;0;11,1;0,6;2,02;Dropout;0,5;1;0;12,3;1,172732054;25,80010518
4272;1;17;4;9119;1;1;138;1;1;3;1;4;127,50;1;0;1;0;20;0;0;6;11;4;10,75;0;0;6;13;2;10,00;0;7,6;2,6;0,32;Dropout;0,5;1;0;10,375;1,067446753;25,61872206
1133;1;1;1;9147;1;1;138;1;37;37;194;171;131,00;1;0;1;0;27;0;0;6;11;3;11,33;0;0;6;10;3;14,75;0;16,2;0,3;-0,92;Dropout;0,5;1;0;13,04166667;1,21329652;25,47922693
1110;1;17;4;9085;1;1;138;1;19;36;90;7;134,90;1;0;0;0;18;0;0;6;9;4;11,25;0;0;6;13;2;12,50;0;9,4;-0,8;-3,12;Dropout;0,5;1;0;11,875;1,149487247;25,28871943
3162;1;1;1;9254;1;1;138;41;1;1;9;9;126,50;1;0;1;0;18;0;0;7;12;4;12,65;0;0;7;10;3;10,67;0;16,2;0,3;-0,92;Dropout;0,5;1;0;11,65833333;1,137636953;25,02801297
131;1;1;3;9500;1;1;138;1;19;19;5;8;124,90;1;0;0;0;45;0;0;7;12;4;10,25;0;0;7;10;3;13,00;0;11,1;0,6;2,02;Dropout;0,5;1;0;11,625;1,135813831;24,98790429
2574;1;1;4;9500;1;1;138;1;37;19;9;9;127,80;1;0;1;0;24;0;0;5;13;2;12,50;2;0;5;8;3;12,33;0;9,4;-0,8;-3,12;Dropout;0,5;1;0;12,41666667;1,179112981;24,7613726
2720;1;1;4;9085;1;1;138;1;3;1;1;4;123,30;1;0;0;0;21;0;0;6;10;3;12,67;0;0;6;12;3;10,00;0;9,4;-0,8;-3,12;Dropout;0,5;1;0;11,33333333;1,119861513;24,63695328
3671;1;1;1;171;1;1;138;1;1;3;4;4;147,50;1;0;0;0;21;0;0;6;12;3;11,33;0;0;6;10;3;11,33;0;7,6;2,6;0,32;Dropout;0,5;1;0;11,33333333;1,119861513;24,63695328
3383;1;17;1;9238;1;1;138;1;37;38;9;8;134,20;1;0;0;0;29;0;1;6;9;4;12,00;0;1;6;13;2;10,50;0;7,6;2,6;0,32;Dropout;0,5;1;0;11,25;1,115303708;24,53668157
4059;1;1;1;9085;1;1;138;1;1;3;9;1;123,00;1;0;0;0;18;0;0;6;11;3;11,67;0;0;6;11;3;10,67;0;9,4;-0,8;-3,12;Dropout;0,5;1;0;11,16666667;1,110745902;24,43640985
2719;1;1;1;9500;1;1;138;1;1;1;3;4;132,50;1;0;0;0;29;0;0;6;13;3;12,75;0;0;6;8;3;11,33;0;13,9;-0,3;0,79;Dropout;0,5;0;0;12,04166667;1,158602857;24,33066001
791;1;17;1;9773;1;1;138;1;1;19;9;9;124,00;0;0;1;0;18;0;0;5;10;3;10,67;1;0;5;11;2;12,50;0;9,4;-0,8;-3,12;Dropout;0,5;1;0;11,58333333;1,133534929;23,8042335
3415;1;17;3;9500;1;1;138;1;1;19;7;8;129,30;1;0;1;0;29;0;1;5;9;3;11,00;0;0;5;11;2;13,50;0;12,7;3,7;-1,7;Dropout;0,5;1;0;12,25;1,16999737;23,39994741
153;1;17;1;9853;1;1;138;1;38;38;7;6;124,70;1;0;1;0;35;0;0;6;10;5;15,20;0;1;6;9;1;11,00;0;15,5;2,8;-4,06;Dropout;0,5;0;0;13,1;1,216486984;23,1132527
28;1;1;1;9085;1;1;138;1;19;19;3;3;131,00;1;0;0;0;21;0;0;6;9;5;12,40;0;0;6;11;1;11,00;0;12,7;3,7;-1,7;Dropout;0,5;1;0;11,7;1,139915856;22,79831712
3116;1;1;1;9238;1;1;138;1;19;38;5;8;133,50;0;0;1;0;21;0;0;6;10;4;11,50;0;0;6;10;2;10,50;0;9,4;-0,8;-3,12;Dropout;0,5;1;0;11;1,101630292;22,03260584
1346;1;1;3;9085;1;1;138;1;1;3;4;4;126,30;1;0;0;0;26;0;0;5;9;2;12,00;0;0;5;9;3;11,00;0;10,8;1,4;1,74;Dropout;0,5;1;0;11,5;1,128977123;20,32158822
1342;1;1;5;9773;1;1;138;1;19;19;9;9;139,40;1;0;0;0;31;0;0;5;8;1;13,00;2;0;5;9;4;12,25;0;10,8;1,4;1,74;Dropout;0,5;1;0;12,625;1,190507494;20,2386274
1953;1;1;1;171;1;1;138;1;19;37;7;7;124,00;1;0;0;0;22;0;0;5;8;3;10,33;0;0;5;11;2;10,00;0;7,6;2,6;0,32;Dropout;0,5;1;0;10,16666667;1,056052239;20,06499255
34;1;18;1;8014;0;1;138;1;19;1;9;5;134,50;1;0;0;0;31;0;0;5;8;3;11,00;0;0;5;9;2;11,50;0;7,6;2,6;0,32;Dropout;0,5;1;0;11,25;1,115303708;18,96016303
1846;1;1;1;9130;1;1;138;1;3;19;2;4;131,00;1;0;0;0;27;0;1;5;8;3;14,67;2;0;5;7;2;13,00;2;10,8;1,4;1,74;Dropout;0,5;0;0;13,83333333;1,25659567;18,84893505
2952;1;1;3;9085;1;1;138;1;1;1;4;8;128,70;1;0;1;0;28;0;0;5;7;3;11,67;0;0;5;8;2;11,50;1;7,6;2,6;0,32;Dropout;0,5;0;0;11,58333333;1,133534929;17,00302393
1501;1;1;1;9070;1;1;138;1;38;37;3;3;133,10;0;0;1;0;22;0;0;5;7;3;11,67;0;0;5;8;2;10,50;2;7,6;2,6;0,32;Dropout;0,5;0;1;11,08333333;1,106188097;16,59282146
2534;1;17;1;9130;1;1;138;1;2;19;2;6;126,30;1;0;1;0;40;0;0;5;10;2;10,50;0;0;5;5;3;10,67;0;9,4;-0,8;-3,12;Dropout;0,5;0;0;10,58333333;1,078841266;16,18261899
2372;1;1;5;171;1;1;139;1;19;3;9;2;136,90;1;0;0;1;19;0;0;6;12;6;11,67;0;0;6;7;0;0,00;0;15,5;2,8;-4,06;Dropout;0,5;1;0;5,833333333;0,819046367;15,56188097
2981;1;17;4;9773;1;1;138;1;37;19;5;7;133,50;1;0;1;0;18;0;0;6;6;6;13,00;0;0;6;12;0;0,00;0;7,6;2,6;0,32;Dropout;0,5;1;0;6,5;0,855508809;15,39915856
2956;1;1;1;171;1;1;139;1;37;37;9;9;124,00;1;0;1;0;47;0;0;6;9;6;12,14;0;0;6;6;0;0,00;0;16,2;0,3;-0,92;Dropout;0,5;1;0;6,071428571;0,832068668;12,48103001
10;1;1;1;9238;1;1;138;1;1;19;4;7;123,00;1;0;0;1;18;0;0;6;6;6;13,83;0;0;6;7;0;0,00;0;15,5;2,8;-4,06;Dropout;0,5;1;1;6,916666667;0,878297835;11,41787186
3342;1;17;1;9670;1;1;138;1;1;1;4;8;123,00;0;0;0;0;20;0;0;6;6;6;13,50;0;0;6;6;0;0,00;0;12,7;3,7;-1,7;Dropout;0,5;1;0;6,75;0,869182225;10,43018669
3353;1;39;1;9119;1;1;138,7;1;1;12;4;3;111,30;0;0;0;0;19;0;0;6;6;6;12,17;0;0;6;6;0;0,00;0;15,5;2,8;-4,06;Dropout;0,5;0;0;6,083333333;0,832719783;9,992637392
2109;1;17;1;9085;1;1;138;1;2;19;2;9;126,80;1;0;0;0;32;0;0;3;3;2;16,00;0;0;3;3;1;16,00;0;7,6;2,6;0,32;Dropout;0,5;1;0;16;1,375098606;8,250591638
67;1;1;3;171;1;1;139;1;19;19;5;3;128,20;1;0;1;0;35;0;3;10;18;6;12,67;0;1;9;11;3;12,00;2;16,2;0,3;-0,92;Dropout;0,473684211;1;0;12,33333333;1,148239386;33,2989422
1106;1;1;4;171;1;1;139;1;37;38;9;9;127,80;1;0;0;0;22;0;6;10;16;6;11,83;0;2;7;8;2;13,00;0;16,2;0,3;-0,92;Dropout;0,470588235;0;0;12,41666667;1,149701216;27,59282919
1558;1;17;1;9147;1;1;139;1;1;38;6;6;143,60;1;0;1;0;18;0;0;7;7;7;16,14;0;0;8;9;0;0,00;0;16,2;0,3;-0,92;Dropout;0,466666667;1;0;8,071428571;0,90812266;14,52996256
830;1;43;1;9670;1;1;139;1;3;19;3;5;120,80;0;0;0;1;19;0;0;7;8;6;12,83;0;0;6;6;0;0,00;0;13,9;-0,3;0,79;Dropout;0,461538462;1;0;6,416666667;0,812489465;11,37485251
194;1;51;1;9853;1;1;139;1;1;1;4;10;134,00;0;0;1;0;19;0;0;5;7;3;12,00;0;0;6;10;2;10,50;0;11,1;0,6;2,02;Dropout;0,454545455;1;0;11,25;1,069849162;18,18743576
3413;1;17;1;9147;1;1;139;1;38;38;7;5;133,40;0;0;0;0;31;0;2;6;10;4;11,75;0;0;5;6;1;10,00;0;12,7;3,7;-1,7;Dropout;0,454545455;0;0;10,875;1,049339039;16,78942462
2361;1;39;1;9119;1;1;139;1;19;19;9;7;110,30;0;0;0;0;30;0;3;7;11;3;12,33;0;3;7;9;3;11,67;0;13,9;-0,3;0,79;Dropout;0,428571429;0;0;12;1,084895383;21,69790767
3052;1;42;1;9147;1;1;139;1;3;38;2;5;112,30;1;0;0;0;19;0;0;7;10;4;10,50;0;0;7;7;2;10,50;0;16,2;0,3;-0,92;Dropout;0,428571429;1;0;10,5;1,002854889;17,04853311
2342;1;17;4;9119;1;1;139;1;37;19;9;4;133,10;1;0;0;0;21;0;0;6;11;4;12,75;0;0;6;19;1;11,00;0;12,4;0,5;1,79;Enrolled;0,416666667;1;0;11,875;1,066153914;31,98461741
52;1;1;1;9500;1;1;139;1;37;38;6;6;121,30;1;0;0;0;18;0;0;6;15;2;10,33;3;0;6;13;3;13,33;0;12,7;3,7;-1,7;Enrolled;0,416666667;1;0;11,83333333;1,063875011;29,78850031
281;1;16;2;9147;1;1;139;1;38;37;9;9;123,70;1;0;0;1;25;0;0;6;13;3;11,67;0;0;6;14;2;11,33;0;11,1;0,6;2,02;Enrolled;0,416666667;1;0;11,5;1,04564379;28,23238233
3088;1;1;6;9147;1;1;139;1;19;12;4;4;125,00;1;0;1;0;23;0;0;6;15;1;13,00;0;0;6;8;4;11,25;0;9,4;-0,8;-3,12;Enrolled;0,416666667;1;0;12,125;1,079827329;24,83602857
4028;1;1;6;9500;1;1;139;1;19;38;4;9;128,50;1;0;0;0;20;0;1;6;11;3;12,00;0;0;6;11;2;11,00;0;12,4;0,5;1,79;Enrolled;0,416666667;0;0;11,5;1,04564379;23,00416338
3461;1;1;2;9500;1;1;139;1;38;37;9;7;125,00;1;0;1;0;19;0;0;6;10;4;12,50;0;0;6;12;1;10,00;3;16,2;0,3;-0,92;Enrolled;0,416666667;1;0;11,25;1,031970374;22,70334823
1362;1;1;4;9500;1;1;139;1;37;38;9;9;124,00;1;0;0;0;18;0;0;6;11;1;11,00;1;0;6;11;4;11,00;4;7,6;2,6;0,32;Enrolled;0,416666667;1;0;11;1,018296959;22,40253309
2518;1;1;3;9500;1;1;139;1;19;1;9;5;135,00;1;0;0;0;19;0;0;6;10;2;10,50;0;0;6;6;3;11,00;0;7,6;2,6;0,32;Enrolled;0,416666667;1;0;10,75;1,004623543;16,07397669
3205;1;17;5;9773;1;1;139;1;38;1;4;4;123,60;1;0;0;0;21;0;3;6;8;3;12,00;0;2;6;6;2;12,50;0;12,4;0,5;1,79;Enrolled;0,416666667;1;0;12,25;1,086664037;15,21329652
3707;1;1;1;9147;1;1;139;1;38;1;5;5;127,10;1;0;1;0;18;0;0;6;15;3;11,67;0;0;6;14;2;12,50;0;10,8;1,4;1,74;Dropout;0,416666667;1;0;12,08333333;1,077548427;31,24890437
3782;1;1;3;9070;1;1;139;1;1;38;4;7;142,20;1;0;1;0;22;0;2;6;15;3;11,75;0;0;6;12;2;10,00;0;13,9;-0,3;0,79;Dropout;0,416666667;1;0;10,875;1,011460251;27,30942677
3002;1;1;2;9500;1;1;139;1;4;1;2;10;136,40;1;0;0;0;21;0;0;6;13;3;12,00;0;0;6;12;2;11,33;0;16,2;0,3;-0,92;Dropout;0,416666667;1;0;11,66666667;1,0547594;26,36898501
11;1;1;1;9670;1;1;139;1;38;19;5;7;130,60;1;0;0;0;18;0;0;6;11;3;12,00;0;0;6;13;2;12,00;0;12,7;3,7;-1,7;Dropout;0,416666667;1;0;12;1,072990621;25,75177491
3750;1;1;4;9070;1;1;139;1;3;19;1;5;138,30;1;0;1;0;22;0;0;6;12;3;11,33;0;0;6;13;2;11,00;0;8,9;1,4;3,51;Dropout;0,416666667;0;0;11,16666667;1,027412569;25,68531423
3540;1;1;1;9070;1;1;139;1;1;19;3;9;134,90;1;0;0;0;45;0;0;6;11;3;12,33;0;0;6;13;2;11,00;0;7,6;2,6;0,32;Dropout;0,416666667;1;0;11,66666667;1,0547594;25,31422561
1869;1;1;3;171;1;1;139;1;37;19;9;8;142,20;1;0;0;0;21;0;0;6;12;3;11,00;0;0;6;12;2;11,00;0;9,4;-0,8;-3,12;Dropout;0,416666667;1;0;11;1,018296959;24,439127
1163;1;17;3;9500;1;1;139;1;38;1;9;5;131,80;1;0;0;0;23;1;0;6;11;1;16,00;0;0;6;8;4;12,25;0;7,6;2,6;0,32;Dropout;0,416666667;1;0;14,125;1,189214655;22,59507845
2062;1;17;5;9556;1;1;139;1;19;19;9;8;121,30;1;0;1;0;34;0;2;6;13;3;11,33;0;0;6;8;2;11,50;0;13,9;-0,3;0,79;Dropout;0,416666667;0;0;11,41666667;1,041085985;21,86280568
4197;1;1;1;9500;1;1;139;1;19;37;5;5;125,50;0;0;0;0;19;0;0;6;8;4;12,50;0;0;6;11;1;14,00;0;7,6;2,6;0,32;Dropout;0,416666667;1;0;13,25;1,1413577;21,6857963
3420;1;17;1;9238;1;1;139;1;19;38;4;9;146,70;1;0;0;0;31;0;0;6;14;2;10,50;0;0;6;6;3;12,33;0;11,1;0,6;2,02;Dropout;0,416666667;0;0;11,41666667;1,041085985;20,82171969
4234;1;1;5;9500;1;1;139;1;38;38;9;5;130,50;1;0;1;0;28;0;0;6;9;2;12,00;0;0;6;10;3;12,67;0;12,7;3,7;-1,7;Dropout;0,416666667;1;0;12,33333333;1,091221842;20,73321501
1949;1;1;1;9773;1;1;139;1;38;38;9;9;145,00;1;0;0;0;20;0;0;6;8;3;12,33;0;0;6;11;2;10,50;0;12,7;3,7;-1,7;Dropout;0,416666667;1;0;11,41666667;1,041085985;19,78063371
2962;1;1;1;9500;1;1;139;1;19;37;9;9;131,50;1;0;1;0;25;0;0;6;7;3;14,00;0;0;6;9;2;14,50;0;13,9;-0,3;0,79;Dropout;0,416666667;0;0;14,25;1,196051363;19,13682181
1363;1;39;1;9070;1;1;139,3;1;38;38;5;5;117,50;0;0;1;0;18;0;0;6;9;5;11,00;0;0;6;12;0;0,00;0;11,1;0,6;2,02;Dropout;0,416666667;1;1;5,5;0,717481813;15,06711806
2128;1;1;3;9500;1;1;139;1;18;18;1;1;130,80;1;0;1;0;44;0;0;6;9;5;11,57;0;0;6;11;0;0,00;0;13,9;-0,3;0,79;Dropout;0,416666667;1;0;5,785714286;0,733108573;14,66217147
3408;1;1;3;9500;1;1;139;1;1;19;9;3;130,30;1;0;1;0;27;0;1;6;7;3;12,00;0;2;6;7;2;11,00;0;13,9;-0,3;0,79;Dropout;0,416666667;1;0;11,5;1,04564379;14,63901306
1169;1;17;2;9773;1;1;139;1;3;1;2;7;124,00;1;0;1;0;21;0;0;6;6;5;11,80;0;0;6;9;0;0,00;0;16,2;0,3;-0,92;Dropout;0,416666667;1;0;5,9;0,739359278;11,09038917
1892;1;1;5;9500;1;1;139;1;38;37;7;7;126,30;1;0;0;0;20;0;0;6;6;5;13,20;0;0;6;7;0;0,00;0;15,5;2,8;-4,06;Dropout;0,416666667;1;0;6,6;0,777644842;10,10938294
3718;1;1;3;171;1;1;140;1;37;37;9;9;124,30;1;0;1;0;18;0;0;6;7;5;10,80;1;0;6;6;0;0,00;0;7,6;2,6;0,32;Dropout;0,416666667;1;0;5,4;0,712012446;9,256161802
4070;1;17;2;9238;1;1;139;1;2;3;3;3;132,70;1;0;0;0;18;1;0;6;8;5;12,00;0;0;6;0;0;0,00;0;10,8;1,4;1,74;Dropout;0,416666667;0;0;6;0,744828644;5,958629152
3513;1;1;1;171;1;1;140;1;19;19;1;1;129,50;1;0;0;0;21;0;0;5;6;0;0,00;5;0;5;6;4;13,75;1;10,8;1,4;1,74;Graduate;0,4;1;0;6,875;0,776018932;9,312227189
915;1;39;1;9500;1;1;140;1;37;37;9;6;135,50;0;0;1;0;32;0;2;7;16;3;12,00;0;3;8;10;3;10,33;0;8,9;1,4;3,51;Enrolled;0,4;1;0;11,16666667;1,010745902;26,27939346
193;1;39;1;9147;1;1;140;1;12;3;4;3;118,00;1;0;1;0;27;0;0;5;12;3;10,00;0;0;5;12;1;13,00;0;7,6;2,6;0,32;Enrolled;0,4;1;0;11,5;1,028977123;24,69545096
4165;1;43;3;171;1;1;140;1;37;38;7;7;143,40;1;0;1;0;33;0;0;5;12;1;13,00;2;0;5;7;3;14,00;0;9,4;-0,8;-3,12;Enrolled;0,4;1;0;13,5;1,138364449;21,62892453
2689;1;1;1;9119;1;1;140;1;37;19;9;9;166,00;1;0;1;0;20;0;0;5;9;2;14,33;0;0;5;10;2;12,50;0;7,6;2,6;0,32;Enrolled;0,4;1;0;13,41666667;1,133806644;21,54232623
3574;1;1;2;9119;1;1;140;1;19;19;9;9;125,70;1;0;0;0;25;0;2;7;10;3;13,00;0;1;8;10;3;11,67;4;10,8;1,4;1,74;Enrolled;0,4;1;0;12,33333333;1,074555176;21,49110351
2954;1;39;1;171;1;1;140;1;37;37;9;9;100,80;0;1;0;0;19;0;0;5;10;1;13,00;1;0;5;8;3;15,33;0;12,7;3,7;-1,7;Enrolled;0,4;1;0;14,16666667;1,174826891;21,14688404
3760;1;17;1;9991;0;1;140;1;38;37;6;7;127,30;0;0;1;0;18;0;0;5;9;2;11,67;0;0;5;9;2;12,50;2;7,6;2,6;0,32;Enrolled;0,4;1;0;12,08333333;1,06088176;19,09587168
3220;1;39;1;9991;0;1;140;1;1;37;9;8;154,50;0;0;0;0;20;0;0;5;9;2;10,00;0;0;5;10;2;11,00;0;7,6;2,6;0,32;Enrolled;0,4;1;0;10,5;0,97428346;18,51138575
950;1;39;1;9147;1;1;140;1;37;3;9;2;135,10;0;0;1;0;24;0;0;5;9;1;12,00;0;0;5;6;3;10,50;0;10,8;1,4;1,74;Enrolled;0,4;1;0;11,25;1,015303708;15,22955561
1952;1;43;2;9254;1;1;140;1;19;19;9;9;126,00;1;0;1;0;20;0;0;5;10;4;11,50;0;0;5;11;0;0,00;0;13,9;-0,3;0,79;Enrolled;0,4;1;0;5,75;0,714488562;15,00425979
1766;1;1;1;9147;1;1;140;1;19;38;9;9;129,20;1;0;0;0;19;0;0;5;5;0;0,00;5;0;5;7;4;14,75;1;12,7;3,7;-1,7;Enrolled;0,4;1;0;7,375;0,803365764;9,640389166
2828;2;39;1;9991;0;1;140;1;37;37;9;6;130,20;0;0;0;1;18;0;0;5;15;2;10,00;0;0;5;14;2;12,00;0;13,9;-0,3;0,79;Dropout;0,4;1;0;11;1,001630292;29,04727846
420;1;1;4;9500;1;1;140;1;1;19;4;5;127,50;0;0;0;0;21;0;0;5;12;3;12,00;0;0;5;12;1;15,00;3;16,2;0,3;-0,92;Dropout;0,4;1;0;13,5;1,138364449;27,32074678
2274;2;1;4;8014;0;1;140;1;34;34;0;0;128,00;1;0;0;1;20;0;0;5;12;2;13,00;1;0;5;13;2;11,50;0;9,4;-0,8;-3,12;Dropout;0,4;0;0;12,25;1,06999737;26,74993426
4002;1;42;1;9119;1;1;140;1;3;3;3;2;133,60;1;0;1;0;29;0;0;5;11;1;18,00;2;0;5;10;3;13,33;2;10,8;1,4;1,74;Dropout;0,4;1;0;15,66666667;1,256867385;26,39421509
3693;1;39;1;9670;1;1;140;1;38;37;7;7;105,20;0;0;0;0;21;0;0;5;12;3;11,33;0;0;5;10;1;13,00;0;15,5;2,8;-4,06;Dropout;0,4;0;0;12,16666667;1,065439565;23,43967044
229;1;39;2;9670;1;1;140;1;34;34;0;0;97,00;1;0;1;0;31;0;0;5;9;2;13,33;0;0;5;9;2;16,00;4;16,2;0,3;-0,92;Dropout;0,4;0;0;14,66666667;1,202173722;21,639127
2950;1;39;1;9085;1;1;140;1;3;3;4;2;141,70;1;0;1;0;20;0;1;5;8;2;11,50;0;1;5;13;2;11,50;0;12,7;3,7;-1,7;Dropout;0,4;1;0;11,5;1,028977123;21,60851959
2032;4;39;1;9254;1;1;140;1;38;37;9;9;112,00;0;0;1;0;33;0;0;5;11;2;12,50;0;0;5;9;2;11,50;1;12,7;3,7;-1,7;Dropout;0,4;1;0;12;1,056323955;21,1264791
1270;1;39;1;9670;1;1;140;1;37;37;6;6;120,00;0;0;0;0;19;0;0;5;7;2;10,00;0;0;5;11;2;14,00;0;10,8;1,4;1,74;Dropout;0,4;1;0;12;1,056323955;19,01383119
1357;1;39;1;9773;1;1;140;1;34;37;0;0;102,50;0;0;1;0;21;0;0;5;10;1;10,00;0;0;5;8;3;13,67;3;7,6;2,6;0,32;Dropout;0,4;1;0;11,83333333;1,047208344;18,8497502
3340;1;17;1;9670;1;1;140;1;1;1;4;3;133,40;0;0;0;0;18;0;0;7;7;6;13,86;0;0;8;16;0;0,00;1;12,4;0,5;1,79;Dropout;0,4;1;0;6,930833333;0,779072662;17,91867122
1882;1;39;1;9003;1;1;140;1;37;37;9;4;140,00;0;0;1;0;21;0;0;5;9;2;11,00;0;0;5;8;2;11,50;2;7,6;2,6;0,32;Dropout;0,4;0;1;11,25;1,015303708;17,26016303
856;1;1;3;9773;1;1;140;1;1;39;4;1;128,10;1;1;0;0;20;0;0;5;8;2;10,50;0;0;5;8;2;12,33;0;7,6;2,6;0,32;Dropout;0,4;0;0;11,41666667;1,024419318;16,39070909
1510;1;43;1;9500;1;1;140;100;1;1;6;6;128,20;0;0;1;0;23;0;3;7;7;3;13,67;0;3;8;8;3;11,33;4;10,8;1,4;1,74;Dropout;0,4;0;0;12,5;1,083670786;16,25506179
934;2;39;1;9147;1;1;140;1;37;37;9;9;127,70;1;0;1;0;30;0;0;5;7;3;11,67;0;0;5;8;1;11,00;0;7,6;2,6;0,32;Dropout;0,4;1;0;11,33333333;1,019861513;15,29792269
1848;2;39;1;9991;0;1;140;1;36;14;9;10;130,00;1;0;0;0;21;0;0;5;8;2;11,50;0;0;5;7;2;10,50;0;7,6;2,6;0,32;Dropout;0,4;0;0;11;1,001630292;15,02445438
1298;1;39;1;9500;1;1;140;1;37;37;9;6;132,80;0;0;1;0;35;0;0;5;7;2;11,50;0;0;5;8;2;10,50;0;7,6;2,6;0,32;Dropout;0,4;0;0;11;1,001630292;15,02445438
3245;1;17;3;9853;1;1;140;1;38;38;5;7;126,70;1;0;1;0;36;0;0;7;9;6;12,78;0;0;8;11;0;0,00;0;16,2;0,3;-0,92;Dropout;0,4;1;0;6,391666667;0,749583662;14,99167324
4046;1;1;1;9500;1;1;140;1;19;38;7;8;129,90;0;0;1;0;24;0;0;5;8;3;10,67;1;0;5;5;1;14,00;0;9,4;-0,8;-3,12;Dropout;0,4;1;0;12,33333333;1,074555176;13,96921728
1175;1;18;1;9670;1;1;140;1;1;37;9;9;130,20;1;0;1;0;27;0;0;5;8;1;11,00;0;0;5;6;3;10,67;1;7,6;2,6;0,32;Dropout;0,4;0;0;10,83333333;0,992514681;13,89520554
1764;1;15;1;9147;1;1;140;26;37;2;6;4;140,00;0;0;1;1;18;0;0;5;7;4;12,75;0;0;5;5;0;0,00;0;7,6;2,6;0,32;Dropout;0,4;1;0;6,375;0,748672101;8,984065212
3023;1;17;1;9853;1;1;140;1;38;19;4;10;122,30;1;0;1;0;19;0;0;5;6;4;13,75;0;0;5;5;0;0,00;0;12,4;0,5;1,79;Dropout;0,4;1;0;6,875;0,776018932;8,536208257
4283;1;18;2;9147;1;1;140;1;37;37;5;9;124,30;1;0;0;1;19;0;0;5;5;4;11,00;0;0;5;5;0;0,00;0;11,1;0,6;2,02;Dropout;0,4;1;0;5,5;0,700815146;7,008151459
1369;1;1;1;9147;1;1;140;1;19;19;7;3;120,00;1;0;1;0;20;0;1;7;13;3;10,67;0;0;6;14;2;11,50;0;15,5;2,8;-4,06;Enrolled;0,384615385;1;0;11,08333333;0,990803482;26,75169401
3180;1;43;1;9500;1;1;140;1;19;38;9;7;125,70;1;0;1;0;26;0;4;10;14;4;11,25;0;4;11;11;4;12,00;0;7,6;2,6;0,32;Dropout;0,380952381;1;0;11,625;1,016766212;25,4191553
3068;1;1;3;9500;1;1;140;6;2;3;5;2;124,30;1;0;1;0;21;0;4;12;13;5;13,20;0;4;12;12;4;13,50;0;8,9;1,4;3,51;Dropout;0,375;1;0;13,35;1,1051604;27,62900999
2189;1;17;1;9254;1;1;140;1;3;1;2;3;129,90;0;0;0;0;28;0;0;6;9;4;12,75;1;0;5;5;0;0,00;5;9,4;-0,8;-3,12;Dropout;0,363636364;0;0;6,375;0,712308465;9,972318505
737;1;43;1;9773;1;1;140;1;3;37;3;7;116,90;0;0;0;0;18;0;0;6;6;4;12,75;0;0;5;5;0;0,00;0;12,7;3,7;-1,7;Dropout;0,363636364;1;0;6,375;0,712308465;7,835393111
1774;1;42;1;9003;1;1;140;1;19;19;4;4;140,00;1;0;1;0;34;0;0;6;6;4;12,25;0;0;5;5;0;0,00;0;11,1;0,6;2,02;Dropout;0,363636364;1;0;6,125;0,698635049;7,684985538
1979;1;44;1;9085;1;1;140;1;1;2;3;3;140,00;0;0;1;0;33;0;0;7;7;5;13,06;0;0;7;9;0;0,00;0;16,2;0,3;-0,92;Enrolled;0,357142857;1;0;6,53;0,714292476;11,42867961
3069;1;39;1;9556;1;1;140;1;37;37;9;8;105,00;1;0;0;0;38;0;0;7;13;3;11,83;0;0;7;14;2;10,00;0;16,2;0,3;-0,92;Dropout;0,357142857;1;0;10,91666667;0,954215344;25,76381428
2873;2;43;1;9991;0;1;140;1;38;37;5;6;117,30;0;0;0;1;39;0;0;7;14;3;11,50;0;0;7;9;2;10,50;0;16,2;0,3;-0,92;Dropout;0,357142857;0;0;11;0,958773149;22,05178243
4344;1;17;2;9500;1;1;140;1;1;1;5;10;128,50;1;0;0;0;19;0;0;7;12;5;12,10;0;0;7;0;0;0,00;0;13,9;-0,3;0,79;Dropout;0,357142857;1;0;6,05;0,688039518;8,256474212
513;1;39;2;9670;1;1;140;1;34;34;0;0;100,00;0;0;0;1;18;0;0;6;14;0;0,00;0;0;6;9;4;11,00;0;7,6;2,6;0,32;Enrolled;0,333333333;1;0;5,5;0,634148479;14,58541502
3958;1;17;1;9085;1;1;140;1;37;38;7;9;129,90;0;0;0;0;34;0;0;6;6;4;13,25;0;0;6;6;0;0,00;0;12,7;3,7;-1,7;Enrolled;0,333333333;1;0;6,625;0,69567885;8,3481462
3257;1;1;2;9500;1;1;140;1;38;38;9;7;138,80;1;0;0;0;27;0;0;6;13;3;10,50;0;0;6;19;1;12,00;0;12,4;0,5;1,79;Dropout;0,333333333;1;0;11,25;0,948637041;30,35638531
2908;2;1;4;9500;1;1;140;1;1;37;4;9;128,00;0;0;0;0;24;0;0;6;12;2;11,67;0;0;6;20;2;10,50;6;16,2;0,3;-0,92;Dropout;0,333333333;1;0;11,08333333;0,93952143;30,06468577
507;1;39;1;33;1;1;140;1;3;1;2;4;152,80;0;0;1;0;20;0;0;6;16;3;10,33;0;0;6;16;1;11,00;0;10,8;1,4;1,74;Dropout;0,333333333;1;0;10,66666667;0,916732404;29,33543694
693;1;1;1;9254;1;1;140;1;19;19;9;3;130,00;0;0;1;0;30;0;3;12;12;3;12,00;0;5;12;16;5;11,80;0;15,5;2,8;-4,06;Dropout;0,333333333;1;0;11,9;0,984187922;27,55726181
4152;1;39;1;9003;1;1;140;1;37;37;5;5;150,00;0;0;1;0;28;0;0;6;11;3;13,00;0;0;6;15;1;12,00;0;7,6;2,6;0,32;Dropout;0,333333333;1;0;12,5;1,01700412;26,44210711
1427;1;44;1;9085;1;1;140;1;4;4;2;6;140,00;0;0;0;1;21;0;1;6;13;3;12,33;0;1;6;12;1;13,00;0;13,9;-0,3;0,79;Dropout;0,333333333;1;0;12,66666667;1,02611973;25,65299325
4047;1;1;1;9254;1;1;140;1;19;1;9;8;140,90;1;0;1;0;19;0;0;6;15;3;13,25;0;0;6;9;1;12,00;0;13,9;-0,3;0,79;Dropout;0,333333333;1;0;12,625;1,023840827;24,57217986
3197;1;42;1;9003;1;1;140;1;1;3;4;2;140,00;1;0;1;0;50;0;6;13;13;6;11,33;0;2;11;11;2;13,50;0;16,2;0,3;-0,92;Dropout;0,333333333;1;0;12,41666667;1,012446314;24,29871154
823;1;1;1;9085;1;1;140;6;1;19;4;7;131,60;1;0;0;0;23;0;0;6;11;2;10,00;0;0;6;15;2;11,00;0;7,6;2,6;0,32;Dropout;0,333333333;1;0;10,5;0,907616794;23,59803664
20;1;1;1;9853;1;1;140;1;19;19;7;7;124,60;1;0;0;0;19;0;0;6;9;3;11,67;0;0;6;15;1;10,00;0;10,8;1,4;1,74;Dropout;0,333333333;0;0;10,83333333;0,925848015;22,22035235
2285;1;1;1;9070;1;1;140;1;19;38;4;4;138,30;0;0;1;0;23;0;0;6;12;2;11,33;0;0;6;8;2;13,00;0;13,9;-0,3;0,79;Dropout;0,333333333;0;0;12,16666667;0,998772899;19,97545797
1309;1;18;1;9500;1;1;140;1;37;38;5;7;126,00;1;0;1;0;20;0;0;6;12;4;12,80;0;0;6;17;0;0,00;0;12,4;0,5;1,79;Dropout;0,333333333;1;0;6,4;0,683372776;19,8178105
1717;1;1;4;9500;1;1;140;1;38;38;7;7;133,20;1;0;1;0;28;0;4;9;14;4;10,00;0;1;6;6;1;10,00;0;12,7;3,7;-1,7;Dropout;0,333333333;0;0;10;0,880269962;17,60539925
3469;1;1;1;9991;0;1;140;1;37;37;9;9;124,60;0;0;0;0;51;0;0;6;13;4;11,25;0;0;6;12;0;0,00;1;10,8;1,4;1,74;Dropout;0,333333333;0;0;5,625;0,640985187;16,02462968
4361;1;17;4;9500;1;1;140;1;19;37;4;8;133,30;1;0;0;0;38;0;0;6;10;3;10,25;0;0;6;7;1;12,00;0;13,9;-0,3;0,79;Dropout;0,333333333;1;0;11,125;0,941800333;16,01060566
4232;1;39;1;9991;0;1;140;1;38;19;9;5;130,00;0;0;1;0;20;0;3;9;9;3;13,33;0;2;6;6;2;12,50;0;8,9;1,4;3,51;Dropout;0,333333333;0;0;12,91666667;1,039793146;15,59689719
4153;1;1;3;9085;1;1;140;1;10;19;90;90;135,80;1;0;1;0;19;0;0;6;10;4;12,00;0;0;6;12;0;0,00;0;10,8;1,4;1,74;Dropout;0,333333333;0;0;6;0,661495311;14,55289684
3311;2;39;1;8014;0;1;140;1;19;19;9;7;102,50;0;0;1;0;20;0;0;6;9;4;10,75;0;0;6;12;0;0,00;0;7,6;2,6;0,32;Dropout;0,333333333;1;0;5,375;0,627311771;13,1735472
1981;1;1;1;9147;1;1;140;1;19;19;9;9;124,30;1;0;0;0;26;0;0;6;8;4;11,75;0;0;6;12;0;0,00;0;7,6;2,6;0,32;Dropout;0,333333333;1;0;5,875;0,654658603;13,09317206
1219;1;1;2;9500;1;1;140;1;1;1;4;10;128,30;1;0;1;1;20;0;0;6;10;4;13,20;0;0;6;8;0;0,00;0;12,4;0,5;1,79;Dropout;0,333333333;1;0;6,6;0,694311508;12,49760715
1425;1;1;2;9130;1;1;140;1;19;37;9;9;129,50;1;0;1;0;23;0;0;6;9;4;11,25;1;0;6;10;0;0,00;4;7,6;2,6;0,32;Dropout;0,333333333;1;0;5,625;0,640985187;12,17871856
1791;2;39;1;9500;1;1;140;1;37;37;9;4;127,30;0;0;1;0;29;0;0;6;11;4;12,50;0;0;6;7;0;0,00;0;12,4;0,5;1,79;Dropout;0,333333333;0;0;6,25;0,675168726;12,15303708
2899;1;18;6;9500;1;1;140;1;3;19;3;8;129,00;1;0;1;0;19;0;0;6;9;4;12,50;0;0;6;6;0;0,00;0;9,4;-0,8;-3,12;Dropout;0,333333333;0;0;6,25;0,675168726;10,1275309
203;1;1;4;9500;1;1;140;1;19;19;7;7;129,50;1;0;0;0;34;0;0;6;7;4;13,50;0;0;6;6;0;0,00;6;12,7;3,7;-1,7;Dropout;0,333333333;0;0;6,75;0,702515558;9,132702253
3863;1;1;1;9773;1;1;140;1;19;38;9;9;132,00;0;0;0;0;23;0;0;6;8;4;11,00;0;0;6;6;0;0,00;0;13,9;-0,3;0,79;Dropout;0,333333333;1;0;5,5;0,634148479;8,87807871
2096;1;43;1;9130;1;1;140;1;3;3;2;2;140,00;0;0;1;0;22;0;0;4;4;0;0,00;4;0;5;8;3;12,00;0;10,8;1,4;1,74;Dropout;0,333333333;0;0;6;0,661495311;7,937943729
435;1;1;1;9773;1;1;140;1;1;19;4;8;124,60;1;0;0;0;18;0;0;5;7;2;10,00;0;0;1;1;0;0,00;0;12,7;3,7;-1,7;Dropout;0,333333333;1;1;5;0,606801648;4,854413183
2994;2;39;1;8014;0;1;140;1;37;37;5;6;128,50;0;0;1;0;23;0;3;7;12;3;14,00;0;1;6;12;1;14,00;0;12,4;0,5;1,79;Enrolled;0,307692308;1;0;14;1,073403588;25,76168612
2371;1;44;1;9003;1;1;140;1;1;1;4;5;140,00;0;0;1;0;44;0;2;7;14;4;12,00;2;0;6;16;0;0,00;1;15,5;2,8;-4,06;Dropout;0,307692308;0;0;6;0,635854285;19,07562855
2482;1;1;1;9070;1;1;140;1;19;19;5;5;131,30;0;0;1;0;24;0;2;6;6;2;16,00;0;2;7;7;2;16,00;0;8,9;1,4;3,51;Dropout;0,307692308;0;0;16;1,182790914;15,37628188
1499;4;39;1;9003;1;1;140;1;37;37;9;8;150,00;0;0;1;1;34;0;0;5;14;1;17,00;0;0;5;10;2;11,00;0;9,4;-0,8;-3,12;Enrolled;0,3;1;0;14;1,065711281;25,57707073
4410;2;43;1;9991;0;1;140;1;37;37;4;1;122,70;0;0;0;0;19;0;0;5;13;1;10,00;0;0;5;8;2;10,00;0;12,4;0,5;1,79;Enrolled;0,3;1;0;10;0,846936629;17,78566921
2312;1;1;1;9500;1;1;140;1;1;19;9;9;128,80;0;0;0;0;18;0;0;5;9;1;11,00;0;0;5;9;2;12,50;0;7,6;2,6;0,32;Enrolled;0,3;1;0;11,75;0,942650539;16,9677097
4160;1;1;1;9670;1;1;140;1;19;19;5;9;131,30;1;0;0;0;23;0;0;5;7;2;10,00;1;0;5;9;1;12,00;0;9,4;-0,8;-3,12;Enrolled;0,3;1;0;11;0,901630292;14,42608467
1648;1;43;1;9500;1;1;140;1;1;38;4;7;100,00;0;0;1;0;21;0;0;5;11;0;0,00;2;0;5;11;3;11,67;1;9,4;-0,8;-3,12;Enrolled;0,3;1;0;5,833333333;0,619046367;13,61902007
2183;1;43;1;9500;1;1;140;1;19;19;7;7;138,60;0;0;1;0;19;0;0;5;7;1;13,00;0;0;5;7;2;10,00;0;9,4;-0,8;-3,12;Enrolled;0,3;1;0;11,5;0,928977123;13,00567973
454;1;17;4;9085;1;1;140;1;19;37;4;7;123,70;0;0;1;0;22;0;0;5;5;0;0,00;0;0;5;9;3;13,33;2;16,2;0,3;-0,92;Enrolled;0,3;1;0;6,666666667;0,664624419;9,30474187
1483;1;1;2;9670;1;1;140;1;3;1;2;6;137,60;1;0;0;0;33;0;0;5;14;1;10,00;0;0;5;13;2;12,00;0;12,4;0,5;1,79;Dropout;0,3;1;0;11;0,901630292;24,34401788
346;1;1;1;9773;1;1;140;1;19;19;7;5;135,10;1;0;0;0;25;0;0;5;14;1;11,00;0;0;5;11;2;12,67;4;16,2;0,3;-0,92;Dropout;0,3;1;0;11,83333333;0,947208344;23,68020861
2117;1;1;1;9238;1;1;140;1;1;19;4;4;140,70;0;0;1;0;28;0;0;5;13;2;11,00;0;0;5;12;1;12,00;0;11,1;0,6;2,02;Dropout;0,3;1;0;11,5;0,928977123;23,22442808
3623;1;1;2;9238;1;1;140;1;19;37;9;9;140,70;1;0;0;0;35;0;0;5;14;1;12,00;2;0;5;11;2;10,50;1;9,4;-0,8;-3,12;Dropout;0,3;0;0;11,25;0,915303708;22,88259269
2884;2;39;1;8014;0;1;140;1;37;37;9;9;128,00;0;0;0;0;38;0;4;10;14;4;10,75;0;2;10;10;2;10,00;0;7,6;2,6;0,32;Dropout;0,3;1;0;10,375;0,867446753;20,81872206
1180;1;18;1;9556;1;1;140;1;38;37;9;9;122,80;0;0;0;0;20;0;0;5;10;2;10,00;0;0;5;12;1;13,00;0;7,6;2,6;0,32;Dropout;0,3;0;1;11,5;0,928977123;20,43749671
3499;1;1;2;9773;1;1;140;1;38;38;5;7;126,40;1;0;0;0;19;0;0;5;13;1;13,00;0;0;5;7;2;12,50;0;12,7;3,7;-1,7;Dropout;0,3;1;0;12,75;0,997344202;19,94688404
3803;4;43;1;8014;0;1;140;1;38;37;9;9;126,00;0;0;1;0;19;0;0;5;7;2;12,50;0;0;5;13;1;11,00;0;9,4;-0,8;-3,12;Dropout;0,3;0;0;11,75;0,942650539;18,85301078
1715;1;17;4;9238;1;1;140;1;19;37;9;9;130,20;1;0;1;0;29;0;0;5;11;2;11,33;0;0;5;9;1;12,00;0;11,1;0,6;2,02;Dropout;0,3;0;0;11,66666667;0,938092734;18,76185468
2359;1;39;1;9003;1;1;140;1;3;3;2;2;110,00;0;0;1;0;18;0;0;5;9;1;12,00;0;0;5;10;2;12,00;3;7,6;2,6;0,32;Dropout;0,3;1;0;12;0,956323955;18,17015514
181;1;43;1;9853;1;1;140;1;3;1;3;3;128,30;1;0;0;0;22;0;0;5;9;2;10,00;1;0;5;11;1;10,00;0;9,4;-0,8;-3,12;Dropout;0,3;0;0;10;0,846936629;16,93873258
1403;1;1;1;9085;1;1;140;1;12;1;1;90;141,80;0;0;1;0;19;0;0;5;8;2;10,00;0;0;5;8;1;16,00;0;7,6;2,6;0,32;Dropout;0,3;1;0;13;1,011017618;16,17628188
1445;1;43;1;9991;0;1;140;1;1;1;6;6;100,00;0;0;0;0;22;1;0;5;8;1;10,00;0;0;5;8;2;13,00;0;7,6;2,6;0,32;Dropout;0,3;1;0;11,5;0,928977123;14,86363397
119;1;1;2;9085;1;1;140;1;37;38;9;7;137,00;0;0;1;0;22;0;0;5;8;2;10,00;0;0;5;7;1;10,00;0;7,6;2,6;0,32;Dropout;0,3;1;0;10;0,846936629;12,70404943
387;1;1;1;9853;1;1;140;1;37;37;9;9;145,30;0;0;1;0;40;0;1;5;7;1;13,00;0;2;5;5;2;14,00;0;12,7;3,7;-1,7;Dropout;0,3;0;0;13,5;1,038364449;12,46037339
2695;1;1;2;9773;1;1;140;1;1;1;4;3;131,60;0;0;1;0;49;0;0;5;8;2;11,00;0;0;5;5;1;11,00;0;15,5;2,8;-4,06;Dropout;0,3;0;0;11;0,901630292;11,72119379
361;1;17;4;9853;1;1;140;1;19;38;4;1;128,50;1;0;0;0;19;0;0;5;10;3;10,67;0;0;5;9;0;0,00;3;16,2;0,3;-0,92;Dropout;0,3;1;0;5,333333333;0,591699535;11,24229117
727;1;51;1;9670;1;1;140;1;12;5;3;3;126,60;0;0;1;0;24;0;3;5;10;3;14,67;1;0;5;5;0;0,00;0;7,6;2,6;0,32;Dropout;0,3;1;0;7,333333333;0,701086861;10,51630292
2149;1;10;1;9085;1;1;140;1;19;19;4;5;140,00;1;0;0;0;27;0;1;5;6;2;11,50;0;0;5;5;1;11,00;0;12,7;3,7;-1,7;Dropout;0,3;0;0;11,25;0,915303708;10,06834078
1391;1;1;2;9500;1;1;140;1;1;1;2;7;131,00;1;0;0;0;29;0;3;5;7;3;12,33;0;0;5;8;0;0,00;0;10,8;1,4;1,74;Dropout;0,3;0;0;6,166666667;0,637277588;9,559163818
2625;1;1;4;9773;1;1;140;22;1;37;3;9;130,50;1;0;1;0;24;0;0;5;7;3;11,33;0;0;5;6;0;0,00;0;10,8;1,4;1,74;Dropout;0,3;1;0;5,666666667;0,609930756;7,929099833
1438;2;39;1;8014;0;1;140;1;37;37;9;9;101,00;0;0;1;0;19;0;0;5;7;3;12,33;0;0;5;5;0;0,00;0;8,9;1,4;3,51;Dropout;0,3;1;0;6,166666667;0,637277588;7,647331054
2694;1;1;1;9003;1;1;140;1;38;1;9;4;138,30;0;0;1;0;20;0;0;5;6;3;11,00;0;0;5;6;0;0,00;0;10,8;1,4;1,74;Dropout;0,3;1;0;5,5;0,600815146;7,209781751
2863;2;39;1;8014;0;1;140;1;37;37;9;9;121,00;0;0;1;0;44;0;4;10;10;4;11,50;0;1;7;8;1;12,00;0;15,5;2,8;-4,06;Dropout;0,294117647;0;0;11,75;0,936768186;16,86182735
4346;1;1;1;9773;1;1;140;1;1;19;5;10;141,10;1;0;0;0;34;0;3;7;13;3;12,00;0;2;7;15;1;13,00;1;9,4;-0,8;-3,12;Dropout;0,285714286;0;0;12,5;0,969385072;27,14278201
317;1;1;1;9500;1;1;140;1;19;19;3;6;124,30;1;0;1;0;25;0;0;7;13;2;15,00;0;0;7;12;2;11,50;0;12,4;0,5;1,79;Dropout;0,285714286;1;0;13,25;1,010405319;25,26013298
2866;4;39;1;9147;1;1;140;1;37;37;9;9;142,80;0;0;0;0;32;0;0;7;12;4;13,70;0;0;7;7;0;0,00;0;16,2;0,3;-0,92;Dropout;0,285714286;0;0;6,85;0,660365877;12,54695165
2864;1;43;1;9853;1;1;140;1;37;37;6;6;125,20;0;0;0;0;19;0;0;7;10;4;11,96;0;0;7;7;0;0,00;0;13,9;-0,3;0,79;Dropout;0,285714286;0;0;5,98;0,61278239;10,41730063
2188;1;1;6;9500;1;1;140;1;19;38;5;7;128,50;1;0;0;0;45;0;4;10;12;5;12,17;4;2;8;8;0;0,00;2;12,7;3,7;-1,7;Dropout;0,277777778;1;1;6,083333333;0,61049756;12,20995121
3226;2;43;1;9500;1;1;140;1;37;37;9;10;105,70;1;0;0;0;18;1;0;7;8;4;12,00;0;0;8;8;0;0,00;0;16,2;0,3;-0,92;Dropout;0,266666667;1;0;6;0,594828644;9,517258305
4215;1;1;2;9500;1;1;140;1;38;37;5;6;124,30;1;0;1;0;53;0;7;11;12;2;15,00;7;4;9;10;3;10,00;4;16,2;0,3;-0,92;Graduate;0,25;1;0;12,5;0,933670786;20,5407573
3449;1;1;1;9773;1;1;140;1;19;37;9;6;135,80;1;0;0;0;19;0;0;6;14;1;11,50;0;0;6;12;2;10,50;0;7,6;2,6;0,32;Enrolled;0,25;1;0;11;0,851630292;22,14238759
213;1;43;1;9130;1;1;140;1;1;3;9;2;140,00;1;0;0;0;18;0;0;6;10;1;12,00;0;0;6;14;2;11,00;0;10,8;1,4;1,74;Enrolled;0,25;1;0;11,5;0,878977123;21,09545096
3974;1;43;3;9500;1;1;140;1;1;19;9;7;127,50;1;0;1;0;21;0;0;6;15;3;11,25;0;0;6;9;0;0,00;0;12,4;0,5;1,79;Enrolled;0,25;1;0;5,625;0,557651854;13,38364449
4026;4;1;1;9991;0;1;140;1;37;37;9;7;139,00;0;0;0;0;18;0;0;6;6;0;0,00;0;0;6;10;3;11,00;0;16,2;0,3;-0,92;Enrolled;0,25;1;0;5,5;0,550815146;8,813042335
448;1;1;2;9500;1;1;140;1;1;19;7;7;129,90;1;0;1;0;19;0;0;6;13;2;12,00;0;0;6;12;1;13,00;0;7,6;2,6;0,32;Dropout;0,25;1;0;12,5;0,933670786;23,34176966
3511;1;17;6;9500;1;1;140;1;1;1;4;3;130,70;1;0;0;0;21;0;0;6;12;2;11,50;0;0;6;13;1;13,00;0;9,4;-0,8;-3,12;Dropout;0,25;0;0;12,25;0,91999737;22,99993426
515;2;18;2;8014;0;1;140;1;37;37;9;10;120,40;0;0;1;0;31;0;0;6;15;3;14,40;0;0;6;20;0;0,00;0;16,2;0,3;-0,92;Dropout;0,25;1;0;7,2;0,643794373;22,53280305
4216;1;1;1;171;1;1;140;1;19;37;5;6;137,90;1;0;1;0;19;0;0;6;13;2;10,50;0;0;6;11;1;12,00;0;10,8;1,4;1,74;Dropout;0,25;1;0;11,25;0,865303708;20,76728898
2022;1;39;1;9853;1;1;140;1;19;1;9;4;128,20;0;0;1;0;31;0;1;6;11;2;12,00;1;1;6;12;1;10,00;1;16,2;0,3;-0,92;Dropout;0,25;1;0;11;0,851630292;19,58749671
4081;1;1;1;171;1;1;140;1;37;37;7;9;126,80;1;0;0;0;19;0;0;6;10;2;10,50;0;0;6;11;1;13,00;0;9,4;-0,8;-3,12;Dropout;0,25;1;0;11,75;0,892650539;18,74566132
3790;1;17;1;9238;1;1;140;1;1;44;4;2;124,60;1;0;0;0;20;1;0;6;14;3;12,33;0;0;6;16;0;0,00;0;10,8;1,4;1,74;Dropout;0,25;0;0;6,166666667;0,587277588;17,61832764
516;2;18;2;9238;1;1;140;1;37;37;9;10;120,40;0;0;1;0;28;0;0;6;12;1;11,00;0;0;6;9;2;10,50;0;16,2;0,3;-0,92;Dropout;0,25;0;0;10,75;0,837956876;17,5970944
3559;1;1;4;9070;1;1;140;1;4;19;2;10;125,00;1;0;0;0;29;1;3;9;9;3;14,33;0;1;7;8;1;14,00;0;15,5;2,8;-4,06;Dropout;0,25;0;0;14,16666667;1,024826891;17,42205715
1778;2;39;1;9991;0;1;140;1;37;12;9;9;150,00;0;0;1;0;50;0;2;6;8;2;13,50;0;1;6;9;1;13,00;0;15,5;2,8;-4,06;Dropout;0,25;1;0;13,25;0,974691033;16,56974757
2201;1;39;1;8014;0;1;140;1;37;37;9;7;122,00;1;0;1;0;26;0;0;6;12;3;12,00;0;0;6;15;0;0,00;0;9,4;-0,8;-3,12;Dropout;0,25;0;0;6;0,578161977;15,61037339
3549;1;39;1;9670;1;1;140;1;37;37;9;9;148,00;1;0;0;0;39;0;0;6;12;3;12,67;0;0;6;14;0;0,00;1;7,6;2,6;0,32;Dropout;0,25;1;0;6,333333333;0,596393198;15,50622316
4148;4;39;1;9085;1;1;140;1;37;37;9;9;154,60;0;0;1;0;21;0;0;6;11;3;11,00;0;0;6;14;0;0,00;0;9,4;-0,8;-3,12;Dropout;0,25;0;0;5,5;0,550815146;13,77037865
1855;1;39;1;9085;1;1;140;1;37;37;90;90;106,30;0;0;1;0;35;0;0;6;13;3;11,75;0;0;6;10;0;0,00;0;13,9;-0,3;0,79;Dropout;0,25;1;0;5,875;0,57132527;13,1404812
1820;1;17;3;9500;1;1;140;1;3;2;3;3;126,40;1;0;0;0;18;0;0;6;7;2;14,50;0;0;6;6;1;10,00;0;15,5;2,8;-4,06;Dropout;0,25;1;0;12,25;0,91999737;11,95996582
4092;1;43;1;9991;0;1;140;1;37;38;9;8;135,50;0;0;0;0;18;0;0;6;9;3;10,67;0;0;6;12;0;0,00;0;7,6;2,6;0,32;Dropout;0,25;0;0;5,333333333;0,541699535;11,37569024
3727;1;43;2;9991;0;1;140;1;37;37;5;5;124,30;1;0;1;0;53;0;0;6;11;3;14,33;0;0;6;6;0;0,00;0;12,7;3,7;-1,7;Dropout;0,25;0;0;7,166666667;0,641971251;10,91351126
4001;2;39;1;9119;1;1;140;1;34;34;9;9;140,00;0;0;0;0;35;0;0;6;11;3;12,67;0;0;6;7;0;0,00;0;11,1;0,6;2,02;Dropout;0,25;1;0;6,333333333;0,596393198;10,73507757
718;4;39;1;9670;1;1;140;1;2;1;3;9;170,00;0;0;0;0;22;0;1;6;10;3;12,67;0;0;6;7;0;0,00;0;15,5;2,8;-4,06;Dropout;0,25;0;0;6,333333333;0,596393198;10,13868437
1767;1;39;1;9003;1;1;140;41;1;1;9;9;100,00;0;0;1;0;20;0;0;6;6;3;12,33;0;0;6;9;0;0,00;0;10,8;1,4;1,74;Dropout;0,25;1;0;6,166666667;0,587277588;8,809163818
1205;1;39;1;9238;1;1;140;1;34;34;0;0;114,00;1;0;1;0;38;0;0;7;8;3;12,67;0;0;5;5;0;0,00;0;13,9;-0,3;0,79;Dropout;0,25;0;0;6,333333333;0,596393198;7,753111579
1245;2;43;1;9991;0;1;140;1;37;37;4;9;100,00;0;0;0;0;19;0;0;6;6;3;11,33;0;0;6;6;0;0,00;0;12,4;0,5;1,79;Dropout;0,25;0;0;5,666666667;0,559930756;6,719169077
3904;2;39;1;9147;1;1;140;1;38;37;4;7;130,00;1;0;0;0;23;0;0;3;3;2;10,00;0;0;6;0;0;0,00;0;10,8;1,4;1,74;Dropout;0,222222222;0;0;5;0,495690537;1,48707161
3217;1;17;2;9254;1;1;140;1;3;3;2;2;124,30;0;0;0;0;21;0;0;2;2;2;12,50;0;0;7;0;0;0,00;0;12,4;0,5;1,79;Dropout;0,222222222;1;0;6,25;0,564057615;1,128115231
1529;1;15;1;9254;1;1;140;26;19;1;9;7;140,00;1;0;1;0;28;0;0;7;11;3;11,92;1;0;7;17;0;0,00;0;16,2;0,3;-0,92;Dropout;0,214285714;1;0;5,958333333;0,540168789;15,12472609
1530;1;10;1;9500;1;1;140;24;3;3;2;9;140,00;1;0;1;0;35;1;0;7;18;3;11,25;0;0;7;7;0;0,00;0;16,2;0,3;-0,92;Dropout;0,214285714;0;0;5,625;0,521937568;13,0484392
913;2;39;1;9991;0;1;140;1;37;37;9;9;120,00;0;0;0;0;43;0;0;7;7;3;13,83;1;0;7;7;0;0,00;0;16,2;0,3;-0,92;Dropout;0,214285714;1;0;6,916666667;0,592583549;8,296169691
4242;1;1;3;9500;1;1;140;1;37;37;9;9;141,50;1;0;0;0;18;0;0;5;10;1;14,00;0;0;5;10;1;14,00;0;7,6;2,6;0,32;Enrolled;0,2;1;0;14;0,965711281;19,31422561
2000;1;51;1;9147;1;1;140;1;19;19;9;7;120,40;0;0;1;0;25;0;0;5;13;1;11,00;0;0;5;11;1;10,00;0;13,9;-0,3;0,79;Enrolled;0,2;1;1;10,5;0,77428346;18,58280305
4354;1;1;1;171;1;1;141;1;3;1;4;4;142,80;1;0;1;0;24;0;0;5;12;1;10,00;0;0;5;11;1;11,00;0;8,9;1,4;3,51;Enrolled;0,2;1;0;10,5;0,77428346;17,80851959
1691;1;7;1;9119;1;1;140,8;1;34;34;0;0;134,00;0;0;1;0;40;1;0;5;10;1;11,00;0;0;5;10;1;10,00;0;11,1;0,6;2,02;Enrolled;0,2;1;0;10,5;0,77428346;15,48566921
2777;1;17;2;171;1;1;141;1;19;37;9;9;136,10;1;0;1;0;20;0;0;5;16;0;0,00;0;0;5;12;2;10,50;0;12,7;3,7;-1,7;Enrolled;0,2;1;1;5,25;0,48714173;13,63996845
1051;1;1;1;171;1;1;141;1;1;38;4;8;136,80;1;0;1;0;22;0;0;5;9;0;0,00;0;0;5;6;2;11,67;0;10,8;1,4;1,74;Enrolled;0,2;1;0;5,833333333;0,519046367;7,785695504
2309;1;1;1;9500;1;1;141;1;19;1;90;90;128,00;0;0;1;0;26;0;0;5;11;1;10,00;0;0;5;14;1;11,00;0;8,9;1,4;3,51;Dropout;0,2;0;0;10,5;0,77428346;19,35708651
73;1;1;1;171;1;1;141;1;19;19;5;10;135,80;1;0;1;0;31;0;0;5;12;1;12,00;0;0;5;9;1;11,00;4;16,2;0,3;-0,92;Dropout;0,2;1;0;11,5;0,828977123;17,40851959
325;1;5;3;9085;1;1;141;1;1;19;7;5;128,80;1;0;1;0;21;0;0;5;9;1;10,00;0;0;5;10;1;10,00;0;7,6;2,6;0,32;Dropout;0,2;1;0;10;0,746936629;14,19179595
3478;1;43;1;9991;0;1;141;1;37;37;9;9;131,90;0;0;1;0;18;0;0;5;13;1;10,00;0;0;5;5;1;10,00;0;12,7;3,7;-1,7;Dropout;0,2;1;0;10;0,746936629;13,44485932
730;1;43;1;9670;1;1;141;1;3;2;2;2;133,30;1;0;1;0;26;0;0;5;8;1;10,00;0;0;5;9;1;10,00;0;10,8;1,4;1,74;Dropout;0,2;0;0;10;0,746936629;12,69792269
4325;1;1;1;9500;1;1;141;1;19;19;7;9;139,80;0;0;1;0;21;0;0;5;11;2;10,50;0;0;5;13;0;0,00;0;12,7;3,7;-1,7;Dropout;0,2;1;0;5,25;0,48714173;11,69140153
1651;1;1;1;9500;1;1;141;1;3;1;9;9;124,30;0;0;0;0;20;0;0;5;13;2;10,00;1;0;5;10;0;0,00;0;9,4;-0,8;-3,12;Dropout;0,2;1;0;5;0,473468314;10,88977123
4194;1;17;2;9254;1;1;141;1;1;4;4;4;127,70;0;0;0;0;21;0;0;5;10;0;0,00;1;0;5;9;2;13,50;0;7,6;2,6;0,32;Dropout;0,2;1;0;6,75;0,569182225;10,81446227
188;1;17;3;9500;1;1;141;1;38;1;9;4;129,00;1;0;0;1;19;0;0;5;11;2;11,50;0;0;5;10;0;0,00;0;12,7;3,7;-1,7;Dropout;0,2;1;0;5,75;0,514488562;10,80425979
1380;1;51;1;9238;1;1;141;1;1;1;5;9;125,00;0;0;1;0;18;0;0;5;6;1;10,00;0;0;5;7;1;12,00;0;10,8;1,4;1,74;Dropout;0,2;1;0;11;0,801630292;10,42119379
2536;1;17;2;9853;1;1;141;1;3;1;1;5;130,20;1;0;1;0;24;0;0;5;9;0;0,00;0;0;5;8;2;14,50;2;7,6;2,6;0,32;Dropout;0,2;1;0;7,25;0,596529056;10,14099395
1352;1;1;3;9500;1;1;141;1;19;19;9;9;126,00;1;0;1;0;19;0;0;5;11;2;10,50;2;0;5;9;0;0,00;3;10,8;1,4;1,74;Dropout;0,2;1;0;5,25;0,48714173;9,742834604
1139;1;17;4;9500;1;1;141;1;38;37;3;3;126,30;1;0;1;0;22;0;0;5;8;2;10,50;0;0;5;10;0;0,00;0;7,6;2,6;0,32;Dropout;0,2;1;0;5,25;0,48714173;8,768551144
482;1;18;6;9500;1;1;141;1;1;19;1;1;126,70;1;0;0;0;25;0;0;5;12;2;10,50;0;0;5;5;0;0,00;0;11,1;0,6;2,02;Dropout;0,2;1;0;5,25;0,48714173;8,281409414
3766;1;1;1;9500;1;1;141;1;37;38;6;6;125,60;1;0;0;0;33;0;2;5;9;2;14,00;0;0;5;5;0;0,00;0;12,4;0,5;1,79;Dropout;0,2;1;0;7;0,58285564;8,159978964
2184;1;42;1;9853;1;1;141;1;37;19;9;3;133,00;0;0;0;0;39;0;0;5;9;0;0,00;0;0;5;5;2;12,50;0;7,6;2,6;0,32;Dropout;0,2;1;0;6,25;0,541835393;7,585695504
3978;1;17;2;9500;1;1;141;1;37;1;9;4;127,30;1;0;1;0;22;0;0;5;6;0;0,00;0;0;5;8;2;11,50;0;15,5;2,8;-4,06;Dropout;0,2;1;0;5,75;0,514488562;7,202839863
1908;1;1;6;9500;1;1;141;1;19;1;9;10;126,80;1;0;1;0;22;0;0;5;9;2;10,50;0;0;5;5;0;0,00;0;12,7;3,7;-1,7;Dropout;0,2;1;0;5,25;0,48714173;6,819984223
179;1;1;5;9853;1;1;141;1;37;19;9;5;133,00;1;0;1;0;18;0;2;5;7;2;13,00;0;0;5;5;0;0,00;0;12,7;3,7;-1,7;Dropout;0,2;0;0;6,5;0,555508809;6,666105706
1048;1;1;6;9500;1;1;141;1;2;1;4;4;136,30;1;0;1;0;33;0;0;5;8;2;10,50;0;0;5;5;0;0,00;0;7,6;2,6;0,32;Dropout;0,2;1;0;5,25;0,48714173;6,332842493
4350;1;1;5;9500;1;1;141;1;38;19;9;6;126,30;1;0;1;0;31;0;0;5;5;2;11,00;0;0;5;0;0;0,00;0;12,7;3,7;-1,7;Dropout;0,2;0;0;5,5;0,500815146;2,50407573
2250;1;1;1;9130;1;1;141;1;1;1;4;10;138,90;1;0;1;0;19;0;0;5;10;2;11,00;0;0;6;10;0;0,00;0;11,1;0,6;2,02;Dropout;0,181818182;1;0;5,5;0,482633328;9,652666555
3560;1;1;1;9670;1;1;141;1;2;1;2;4;140,70;1;0;1;0;25;0;0;5;5;0;0,00;0;2;6;7;2;14,00;0;13,9;-0,3;0,79;Dropout;0,181818182;1;0;7;0,564673822;6,776085865
3505;1;1;1;9670;1;1;141;1;1;1;5;9;126,30;0;0;0;0;20;0;0;6;12;1;17,00;0;0;6;12;1;17,00;0;9,4;-0,8;-3,12;Enrolled;0,166666667;1;0;17;1,096458936;26,31501446
2561;1;17;5;9853;1;1;141;1;3;19;2;7;130,90;1;0;0;0;18;0;0;2;2;0;0,00;0;0;4;4;1;16,00;0;10,8;1,4;1,74;Enrolled;0,166666667;1;0;8;0,60421597;3,625295819
2026;1;43;1;9500;1;1;141;1;4;19;4;10;100,00;0;0;1;0;25;0;0;6;17;2;14,50;2;0;6;13;0;0,00;1;15,5;2,8;-4,06;Dropout;0,166666667;0;0;7,25;0,563195723;16,89587168
4290;1;1;1;9238;1;1;141;1;19;1;7;3;128,80;1;0;0;0;48;0;0;6;11;1;10,00;0;0;6;11;1;11,00;0;9,4;-0,8;-3,12;Dropout;0,166666667;1;1;10,5;0,740950127;16,3009028
1190;1;1;1;9670;1;1;141;1;1;19;4;4;132,60;0;0;1;0;21;0;0;6;17;2;12,50;0;0;6;10;0;0,00;0;16,2;0,3;-0,92;Dropout;0,166666667;0;0;6,25;0,50850206;13,72955561
3247;1;17;1;9773;1;1;141;1;2;3;2;2;133,70;1;0;1;0;20;0;0;6;15;2;12,00;0;0;6;12;0;0,00;0;10,8;1,4;1,74;Dropout;0,166666667;1;0;6;0,494828644;13,36037339
804;1;1;1;9773;1;1;141;1;38;38;9;9;128,40;1;0;0;0;21;0;0;6;16;2;11,00;0;0;6;12;0;0,00;0;12,7;3,7;-1,7;Dropout;0,166666667;1;0;5,5;0,467481813;13,08949075
2721;1;1;2;9085;1;1;141;1;1;38;9;8;128,90;1;0;0;1;21;0;0;6;16;2;13,00;0;0;6;8;0;0,00;0;15,5;2,8;-4,06;Dropout;0,166666667;0;0;6,5;0,522175476;12,53221141
1400;1;17;1;9853;1;1;141;1;19;19;9;8;142,80;0;0;0;0;18;0;0;6;15;2;10,00;0;0;6;12;0;0,00;0;10,8;1,4;1,74;Dropout;0,166666667;1;0;5;0,440134981;11,88364449
1608;1;1;6;9500;1;1;141;1;4;3;2;1;136,30;1;0;0;0;18;0;0;6;10;2;10,50;0;0;6;13;0;0,00;0;7,6;2,6;0,32;Dropout;0,166666667;1;0;5,25;0,453808397;10,43759313
3236;1;1;2;9500;1;1;141;1;37;37;9;7;126,30;1;0;1;0;32;0;0;6;10;2;11,00;0;0;6;12;0;0,00;0;7,6;2,6;0,32;Dropout;0,166666667;0;0;5,5;0,467481813;10,28459988
582;1;17;5;9500;1;1;141;1;12;1;5;5;133,00;1;0;1;0;34;0;0;6;13;2;13,50;0;0;6;6;0;0,00;0;15,5;2,8;-4,06;Dropout;0,166666667;1;0;6,75;0,535848891;10,18112893
3107;1;1;6;9500;1;1;141;1;1;38;4;5;125,00;1;0;1;1;19;0;0;6;14;2;10,00;0;0;6;6;0;0,00;0;13,9;-0,3;0,79;Dropout;0,166666667;1;0;5;0,440134981;8,802699623
752;1;1;1;9070;1;1;141;1;37;37;9;9;126,70;1;0;1;0;27;0;0;6;11;2;11,50;0;0;6;7;0;0,00;0;8,9;1,4;3,51;Dropout;0,166666667;0;1;5,75;0,481155228;8,66079411
2742;1;17;1;8014;0;1;141;1;34;34;0;0;136,10;0;0;1;0;26;0;0;7;7;2;11,75;0;0;5;10;0;0,00;0;12,4;0,5;1,79;Dropout;0,166666667;1;0;5,875;0,487991936;8,295862915
1237;1;1;6;9500;1;1;141;1;1;37;4;3;126,80;1;0;0;0;24;0;0;6;10;2;11,00;0;0;6;6;0;0,00;0;8,9;1,4;3,51;Dropout;0,166666667;1;0;5,5;0,467481813;7,479709002
1538;1;1;1;9238;1;1;141;1;38;19;9;10;125,60;1;0;0;0;18;0;0;6;6;2;13,00;0;0;6;6;0;0,00;0;12,4;0,5;1,79;Dropout;0,166666667;1;0;6,5;0,522175476;6,266105706
4384;1;39;2;8014;0;1;141;1;37;37;9;9;150,50;0;0;0;0;34;0;0;7;11;1;10,00;0;0;7;7;1;13,00;0;16,2;0,3;-0,92;Dropout;0,142857143;1;0;11,5;0,771834266;13,89301679
3404;1;17;5;9500;1;1;141;1;19;19;9;7;131,90;1;0;0;0;37;0;0;7;9;2;10,75;0;0;7;9;0;0,00;0;16,2;0,3;-0,92;Dropout;0,142857143;1;0;5,375;0,436835581;7,863040457
3799;1;1;1;9670;1;1;141;1;19;38;9;9;130,50;0;0;1;1;25;0;0;7;7;2;10,00;0;0;7;7;0;0,00;0;15,5;2,8;-4,06;Dropout;0,142857143;1;1;5;0,416325457;5,828556403
4105;1;1;1;9238;1;1;141;1;37;38;9;10;138,90;0;0;1;0;32;0;2;8;12;2;11,50;2;0;7;9;0;0,00;0;15,5;2,8;-4,06;Dropout;0,133333333;0;0;5,75;0,447821895;9,404259795
3823;1;17;6;9773;1;1;141;1;37;37;5;5;127,70;1;0;0;0;19;0;0;8;10;1;13,67;7;0;8;10;1;13,67;7;9,4;-0,8;-3,12;Enrolled;0,125;1;0;13,67;0,872662372;17,45324744
338;1;1;4;9500;1;1;141;1;38;38;7;7;132,50;1;0;0;0;18;0;0;5;9;1;11,00;1;0;5;10;0;0,00;0;9,4;-0,8;-3,12;Enrolled;0,1;1;0;5,5;0,400815146;7,615487773
1827;1;1;1;9238;1;1;141;1;38;1;5;7;132,60;0;0;1;0;19;0;0;5;10;0;0,00;0;0;5;7;1;10,00;0;7,6;2,6;0,32;Enrolled;0,1;1;0;5;0,373468314;6,348961346
2743;1;1;1;9238;1;1;141;1;37;37;4;4;138,90;0;0;1;0;34;0;0;5;7;0;0,00;0;0;5;8;1;11,00;0;10,8;1,4;1,74;Enrolled;0,1;1;0;5,5;0,400815146;6,012227189
1629;1;1;1;9670;1;1;141;1;19;3;4;0;137,90;1;0;0;0;26;0;0;5;11;1;12,00;1;0;5;12;0;0,00;4;10,8;1,4;1,74;Dropout;0,1;1;0;6;0,428161977;9,84772548
3011;1;17;1;9085;1;1;141;1;3;2;2;3;130,20;1;0;0;0;32;0;0;5;8;1;14,00;2;0;5;12;0;0,00;4;10,8;1,4;1,74;Dropout;0,1;1;0;7;0,48285564;9,657112806
3947;1;17;2;171;1;1;142;1;3;1;2;6;139,40;1;0;1;0;19;0;0;5;16;1;12,00;0;0;5;6;0;0,00;0;13,9;-0,3;0,79;Dropout;0,1;0;0;6;0,428161977;9,419563502
300;1;1;1;9500;1;1;141;1;19;38;5;7;125,50;0;0;1;0;18;0;0;5;10;0;0,00;0;0;5;11;1;12,00;3;7,6;2,6;0,32;Dropout;0,1;1;0;6;0,428161977;8,991401525
3663;1;1;1;9085;1;1;142;1;38;38;9;10;127,00;1;0;0;0;38;0;0;5;12;1;10,00;0;0;5;10;0;0,00;0;10,8;1,4;1,74;Dropout;0,1;1;0;5;0,373468314;8,216302919
1193;1;1;1;171;1;1;142;1;19;19;7;7;142,00;1;0;0;1;28;0;0;5;14;1;12,00;3;0;5;5;0;0,00;5;9,4;-0,8;-3,12;Dropout;0,1;0;0;6;0,428161977;8,13507757
3482;1;17;1;171;1;1;142;1;37;37;9;9;132,90;0;0;0;0;23;0;0;5;9;0;0,00;3;1;5;10;1;12,00;3;10,8;1,4;1,74;Dropout;0,1;0;0;6;0,428161977;8,13507757
2126;1;43;1;9254;1;1;142;1;38;38;9;9;125,90;0;0;0;0;19;0;0;5;14;1;11,00;0;0;5;6;0;0,00;0;13,9;-0,3;0,79;Dropout;0,1;1;0;5,5;0,400815146;8,016302919
583;1;17;1;9670;1;1;141;1;1;19;8;7;128,80;1;0;1;0;24;0;0;5;10;0;0,00;0;0;5;7;1;12,00;0;10,8;1,4;1,74;Dropout;0,1;1;0;6;0,428161977;7,278753616
2559;1;43;1;9147;1;1;142;1;38;19;141;171;115,00;0;0;1;0;28;0;0;5;7;1;11,00;0;0;5;9;0;0,00;0;10,8;1,4;1,74;Dropout;0,1;0;0;5,5;0,400815146;6,413042335
1441;1;1;5;9670;1;1;142;1;19;19;7;3;132,90;0;0;0;0;20;0;0;5;12;1;10,00;2;0;5;5;0;0,00;0;12,7;3,7;-1,7;Dropout;0,1;1;0;5;0,373468314;6,348961346
1915;1;1;1;9853;1;1;142;1;12;12;9;4;132,60;1;0;1;0;34;0;0;5;8;1;10,00;0;0;5;9;0;0,00;0;8,9;1,4;3,51;Dropout;0,1;1;0;5;0,373468314;6,348961346
4135;1;1;1;9238;1;1;142;1;34;38;4;7;127,30;0;0;1;0;18;0;0;5;10;1;10,00;0;0;5;7;0;0,00;0;9,4;-0,8;-3,12;Dropout;0,1;1;0;5;0,373468314;6,348961346
2194;1;17;1;9119;1;1;142;1;19;38;9;7;127,30;0;0;1;0;27;0;0;5;7;1;11,00;0;0;5;7;0;0,00;0;13,9;-0,3;0,79;Dropout;0,1;1;0;5,5;0,400815146;5,611412043
2091;1;1;5;9500;1;1;142;1;38;37;5;7;128,80;1;0;1;0;21;0;0;5;10;1;10,00;0;0;5;5;0;0,00;0;11,1;0,6;2,02;Dropout;0,1;1;0;5;0,373468314;5,602024717
1332;1;1;1;9500;1;1;141;1;1;1;3;10;142,80;0;0;1;0;18;0;0;5;5;1;16,00;0;0;5;5;0;0,00;0;9,4;-0,8;-3,12;Dropout;0,1;1;0;8;0,537549303;5,375493032
720;1;43;1;9670;1;1;142;1;38;1;8;10;138,50;1;0;1;0;27;0;0;5;9;1;10,00;0;0;5;5;0;0,00;0;12,7;3,7;-1,7;Dropout;0,1;1;0;5;0,373468314;5,228556403
2161;1;1;4;9500;1;1;142;1;1;3;1;2;133,00;0;0;1;0;39;0;0;5;9;0;0,00;0;0;5;5;1;10,00;0;12,7;3,7;-1,7;Dropout;0,1;1;0;5;0,373468314;5,228556403
3015;1;1;6;9500;1;1;142;1;1;37;7;7;123,50;1;0;0;0;34;0;1;5;6;1;11,00;0;0;5;5;0;0,00;0;12,7;3,7;-1,7;Dropout;0,1;1;0;5,5;0,400815146;4,408966605
1923;1;1;1;9853;1;1;142;1;19;1;9;1;132,60;0;0;0;0;25;0;0;5;6;1;11,00;0;0;5;5;0;0,00;0;7,6;2,6;0,32;Dropout;0,1;1;0;5,5;0,400815146;4,408966605
3664;1;17;1;9500;1;1;142;1;38;37;9;8;130,80;1;0;1;0;33;0;0;5;5;1;10,00;0;0;5;5;0;0,00;0;7,6;2,6;0,32;Dropout;0,1;1;0;5;0,373468314;3,734683145
405;1;17;1;9500;1;1;142;1;37;37;5;5;131,30;1;0;0;0;20;0;0;6;11;1;12,00;0;0;5;10;0;0,00;0;9,4;-0,8;-3,12;Enrolled;0,090909091;1;0;6;0,419071068;8,800492434
23;1;1;4;9500;1;1;142;1;19;19;1;1;125,50;1;0;1;0;50;0;0;6;7;1;15,00;0;0;5;12;0;0,00;0;10,8;1,4;1,74;Dropout;0,090909091;0;0;7,5;0,501111563;9,52111969
1652;1;1;3;9500;1;1;142;1;1;1;4;7;131,00;1;0;0;0;19;0;0;6;11;1;13,00;0;0;5;10;0;0,00;0;7,6;2,6;0,32;Dropout;0,090909091;1;0;6,5;0,4464179;9,374775895
195;1;1;4;9500;1;1;142;1;38;38;9;8;129,80;1;0;1;0;24;0;0;6;14;1;10,00;0;0;5;5;0;0,00;0;16,2;0,3;-0,92;Dropout;0,090909091;1;0;5;0,364377405;6,923170703
1924;1;17;3;9147;1;1;142;1;37;38;5;1;129,40;0;0;1;0;19;0;0;6;17;1;11,00;0;0;6;19;0;0,00;0;16,2;0,3;-0,92;Enrolled;0,083333333;1;0;5,5;0,384148479;13,82934525
2453;1;1;1;9085;1;1;142;1;1;1;9;9;127,70;1;0;0;0;18;0;0;6;12;1;11,00;0;0;6;12;0;0,00;0;9,4;-0,8;-3,12;Enrolled;0,083333333;1;0;5,5;0,384148479;9,219563502
473;1;1;1;9670;1;1;142;1;38;19;7;10;128,40;0;0;1;0;21;0;0;6;7;0;0,00;0;0;6;11;1;10,00;0;10,8;1,4;1,74;Enrolled;0,083333333;1;1;5;0,356801648;6,422429661
1997;1;17;1;9085;1;1;142;1;3;37;4;8;132,40;1;0;1;0;35;0;0;6;17;1;13,00;0;0;6;8;0;0,00;0;15,5;2,8;-4,06;Dropout;0,083333333;0;0;6,5;0,438842142;10,97105355
7;1;1;1;9500;1;1;142;1;19;38;7;10;128,40;1;0;1;1;29;0;0;6;16;1;14,00;0;0;6;7;0;0,00;0;11,1;0,6;2,02;Dropout;0,083333333;1;0;7;0,466188974;10,72234639
2519;1;17;1;9254;1;1;142;1;19;39;5;4;141,70;0;0;0;1;27;0;0;6;16;1;10,00;0;0;6;13;0;0,00;0;8,9;1,4;3,51;Dropout;0,083333333;1;0;5;0,356801648;10,34724779
313;1;17;2;9147;1;1;142;1;19;19;4;8;127,30;0;0;0;0;28;0;0;6;11;1;13,00;0;0;6;12;0;0,00;0;9,4;-0,8;-3,12;Dropout;0,083333333;0;0;6,5;0,438842142;10,09336927
2567;1;17;1;9500;1;1;142;1;38;1;5;4;136,60;0;0;0;0;20;0;0;6;16;1;10,00;0;0;6;12;0;0,00;0;10,8;1,4;1,74;Dropout;0,083333333;1;0;5;0,356801648;9,990446139
1899;1;1;1;171;1;1;143;1;12;12;4;1;155,30;1;1;0;0;19;0;0;6;14;1;10,00;0;0;6;13;0;0,00;0;7,6;2,6;0,32;Dropout;0,083333333;0;0;5;0,356801648;9,633644491
2803;1;1;1;9773;1;1;142;1;19;37;4;7;141,30;0;0;1;0;31;0;0;6;15;1;11,00;0;0;6;10;0;0,00;0;16,2;0,3;-0,92;Dropout;0,083333333;0;0;5,5;0,384148479;9,603711982
2405;1;1;1;9500;1;1;142;1;1;38;9;9;127,00;0;0;0;1;30;0;0;6;7;0;0,00;0;0;6;16;1;10,00;0;11,1;0,6;2,02;Dropout;0,083333333;1;0;5;0,356801648;8,2064379
3905;1;18;6;9500;1;1;142;1;38;37;9;5;128,00;1;0;0;0;24;0;0;6;10;1;10,00;0;0;6;12;0;0,00;0;9,4;-0,8;-3,12;Dropout;0,083333333;1;0;5;0,356801648;7,849636252
2132;1;1;1;9238;1;1;142;1;1;37;5;7;128,00;0;0;1;0;44;0;0;6;9;1;14,00;0;0;6;6;0;0,00;0;12,7;3,7;-1,7;Dropout;0,083333333;0;0;7;0,466188974;6,992834604
1727;1;43;1;9238;1;1;142;1;34;34;99;99;131,90;0;0;1;0;28;0;0;6;9;0;0,00;0;0;6;8;1;10,00;1;16,2;0,3;-0,92;Dropout;0,083333333;1;0;5;0,356801648;6,065628013
3341;1;1;3;9773;1;1;142;1;34;1;5;10;136,10;1;0;0;0;28;0;0;6;8;1;10,00;0;0;6;9;0;0,00;0;10,8;1,4;1,74;Dropout;0,083333333;1;0;5;0,356801648;6,065628013
3244;1;1;1;9500;1;1;142;1;37;19;7;7;133,00;1;0;1;0;29;0;0;6;7;1;14,00;0;0;6;6;0;0,00;0;16,2;0,3;-0,92;Dropout;0,083333333;1;0;7;0,466188974;6,060456657
2495;1;1;1;9773;1;1;142;1;1;19;9;9;136,10;0;0;1;0;23;0;1;6;6;1;11,00;0;0;6;8;0;0,00;0;15,5;2,8;-4,06;Dropout;0,083333333;1;1;5,5;0,384148479;5,37807871
1928;1;17;2;9773;1;1;142;1;19;19;9;9;139,90;0;0;1;0;26;0;0;6;9;1;10,00;0;0;6;6;0;0,00;0;12,4;0,5;1,79;Dropout;0,083333333;1;0;5;0,356801648;5,352024717
111;1;1;1;9238;1;1;142;1;37;37;6;7;136,10;1;0;1;0;20;0;0;6;10;1;12,00;1;0;6;0;0;0,00;0;10,8;1,4;1,74;Dropout;0,083333333;1;0;6;0,411495311;4,114953107
1513;1;17;1;171;1;1;143;1;19;37;5;9;156,30;1;0;0;1;19;0;0;6;0;0;0,00;0;0;6;11;1;10,00;0;10,8;1,4;1,74;Dropout;0,083333333;1;0;5;0,356801648;3,924818126
3164;1;1;1;9238;1;1;142;1;1;38;5;7;127,70;0;0;0;1;18;0;0;6;6;1;11,00;0;0;6;0;0;0,00;0;12,7;3,7;-1,7;Dropout;0,083333333;0;0;5,5;0,384148479;2,304890876
3629;1;1;1;171;1;1;143;1;3;37;9;9;142,70;1;0;0;1;37;0;0;7;13;1;16,00;0;0;7;12;0;0,00;0;8,9;1,4;3,51;Dropout;0,071428571;0;0;8;0,508977875;12,72444687
1878;1;1;5;9500;1;1;143;1;37;19;4;4;123,30;1;0;1;1;20;0;0;7;14;1;13,00;0;0;7;15;0;0,00;0;11,1;0,6;2,02;Dropout;0,071428571;1;0;6,5;0,42693738;12,38118403
185;1;17;2;9254;1;1;143;1;1;19;4;6;135,00;0;0;1;0;36;0;0;7;16;1;12,00;0;0;7;13;0;0,00;1;11,1;0,6;2,02;Dropout;0,071428571;1;0;6;0,399590549;11,58812592
305;1;17;2;9238;1;1;143;1;1;11;4;3;128,00;1;0;0;1;18;0;0;7;9;0;0,00;0;0;7;8;1;10,00;0;15,5;2,8;-4,06;Dropout;0,071428571;1;0;5;0,344896886;5,863247061
2706;1;39;2;9147;1;1;143;1;19;5;4;1;100,00;1;0;1;0;37;0;0;7;7;0;0,00;0;0;7;7;1;10,00;0;8,9;1,4;3,51;Dropout;0,071428571;0;1;5;0,344896886;4,828556403
809;1;1;4;9773;1;1;143;1;1;3;4;7;129,70;1;0;0;0;29;0;0;7;9;1;10,00;0;0;7;0;0;0,00;0;12,7;3,7;-1,7;Dropout;0,071428571;1;0;5;0,344896886;3,104071973
1428;1;1;1;9254;1;1;143;1;2;37;1;1;133,20;1;0;1;0;18;0;0;5;9;0;0,00;0;0;5;5;0;0,00;0;7,6;2,6;0,32;Enrolled;0;1;0;0;0;0
696;1;1;1;9147;1;1;143;1;3;1;5;5;152,10;1;0;0;1;20;0;0;8;8;0;0,00;8;0;8;8;0;0,00;8;9,4;-0,8;-3,12;Enrolled;0;1;0;0;0;0
3893;1;1;3;9147;1;1;143;1;1;1;5;7;133,20;1;0;1;0;20;0;0;5;7;0;0,00;0;0;5;5;0;0,00;0;9,4;-0,8;-3,12;Enrolled;0;1;0;0;0;0
4269;1;1;2;9991;0;1;143;1;5;1;4;4;131,50;0;0;1;0;18;0;0;5;5;0;0,00;0;0;5;5;0;0,00;0;9,4;-0,8;-3,12;Enrolled;0;1;0;0;0;0
845;1;1;1;9238;1;1;143;1;38;34;9;9;133,60;1;0;0;1;30;0;0;6;6;0;0,00;0;0;6;6;0;0,00;0;11,1;0,6;2,02;Enrolled;0;1;0;0;0;0
3114;1;1;1;9670;1;1;143;1;3;38;2;9;144,10;1;0;1;0;29;0;0;5;5;0;0,00;0;0;5;5;0;0,00;0;7,6;2,6;0,32;Enrolled;0;1;0;0;0;0
1421;1;17;4;9853;1;1;143;1;37;37;9;5;127,30;1;0;0;0;20;0;0;6;13;0;0,00;0;0;5;11;0;0,00;0;9,4;-0,8;-3,12;Enrolled;0;1;0;0;0;0
2506;1;1;6;9500;1;1;143;1;19;19;9;9;127,00;1;0;1;0;24;0;0;6;6;0;0,00;0;0;6;6;0;0,00;0;12,7;3,7;-1,7;Enrolled;0;1;0;0;0;0
1292;1;1;1;9500;1;1;143;1;38;38;9;9;140,00;0;0;1;0;23;0;0;6;6;0;0,00;0;0;6;8;0;0,00;0;15,5;2,8;-4,06;Enrolled;0;1;0;0;0;0
3831;1;1;3;9500;1;1;143;1;1;1;4;4;129,00;1;0;1;0;19;0;0;5;10;0;0,00;0;0;5;5;0;0,00;0;7,6;2,6;0,32;Enrolled;0;1;0;0;0;0
3471;1;1;6;9500;1;1;143;1;38;19;7;9;129,50;1;0;0;0;20;0;0;5;10;0;0,00;0;0;5;10;0;0,00;3;7,6;2,6;0,32;Enrolled;0;1;0;0;0;0
3360;1;1;1;9147;1;1;143;1;1;37;9;9;135,00;1;0;1;0;27;0;0;6;6;0;0,00;0;0;6;6;0;0,00;0;11,1;0,6;2,02;Enrolled;0;1;0;0;0;0
89;1;1;6;9147;1;1;143;1;38;37;9;9;128,70;1;0;1;0;25;0;0;6;6;0;0,00;0;0;6;6;0;0,00;0;8,9;1,4;3,51;Enrolled;0;0;0;0;0;0
4080;1;1;2;9670;1;1;143;1;37;37;9;7;131,80;1;0;1;0;27;0;0;5;5;0;0,00;0;0;5;7;0;0,00;0;13,9;-0,3;0,79;Enrolled;0;0;0;0;0;0
1849;1;1;2;9500;1;1;143;1;5;5;2;2;137,80;0;0;0;0;22;0;0;5;8;0;0,00;0;0;5;7;0;0,00;0;8,9;1,4;3,51;Enrolled;0;0;0;0;0;0
1976;1;51;1;9070;1;1;143;1;1;1;4;4;120,00;1;0;0;0;26;0;0;5;5;0;0,00;0;0;5;0;0;0,00;0;9,4;-0,8;-3,12;Dropout;0;1;0;0;0;0
2562;1;1;3;9500;1;1;143;1;19;37;7;7;127,00;1;0;0;0;32;0;0;6;0;0;0,00;0;0;6;0;0;0,00;0;7,6;2,6;0,32;Dropout;0;1;0;0;0;0
3620;1;17;1;9238;1;1;143;1;19;37;9;9;126,20;1;0;0;0;19;0;0;7;0;0;0,00;0;0;8;0;0;0,00;0;12,4;0,5;1,79;Dropout;0;1;0;0;0;0
586;1;1;1;9147;1;1;143;1;1;19;3;3;133,90;0;0;0;0;20;0;0;6;6;0;0,00;0;0;5;5;0;0,00;0;8,9;1,4;3,51;Dropout;0;1;0;0;0;0
3659;1;1;1;9991;0;1;143;1;19;37;5;8;135,00;0;0;0;0;27;0;0;5;5;0;0,00;0;0;5;5;0;0,00;0;7,6;2,6;0,32;Dropout;0;1;0;0;0;0
1220;1;18;2;9147;1;1;143;1;19;38;9;7;132,20;1;0;1;0;23;0;0;6;6;0;0,00;0;0;6;8;0;0,00;0;15,5;2,8;-4,06;Dropout;0;1;0;0;0;0
4223;1;1;1;9238;1;1;143;1;19;1;9;9;144,40;1;0;0;0;32;0;0;7;0;0;0,00;0;0;8;0;0;0,00;0;12,4;0,5;1,79;Dropout;0;1;0;0;0;0
2155;1;1;1;9070;1;1;143;1;38;19;151;193;134,30;1;1;1;0;20;0;0;5;5;0;0,00;0;0;5;5;0;0,00;5;9,4;-0,8;-3,12;Dropout;0;1;0;0;0;0
815;1;1;1;9853;1;1;143;1;19;3;4;4;147,20;0;0;1;0;24;0;0;7;18;0;0,00;0;0;7;7;0;0,00;0;13,9;-0,3;0,79;Dropout;0;1;0;0;0;0
2020;1;1;2;9773;1;1;143;1;1;1;4;9;144,10;1;0;0;0;25;0;0;6;6;0;0,00;0;0;6;6;0;0,00;0;15,5;2,8;-4,06;Dropout;0;1;0;0;0;0
1050;1;1;1;9500;1;1;143;1;38;38;5;5;133,90;0;0;1;0;30;0;0;5;5;0;0,00;0;0;5;5;0;0,00;0;7,6;2,6;0,32;Dropout;0;1;0;0;0;0
2912;1;1;6;9500;1;1;143;1;19;19;4;4;135,30;1;0;1;0;29;0;0;5;5;0;0,00;0;0;5;5;0;0,00;0;7,6;2,6;0,32;Dropout;0;1;0;0;0;0
4131;1;1;5;9500;1;1;143;1;37;37;9;5;131,60;1;0;1;0;26;0;0;5;5;0;0,00;0;0;5;5;0;0,00;0;9,4;-0,8;-3,12;Dropout;0;1;0;0;0;0
2572;1;1;1;9500;1;1;143;1;38;38;9;9;138,80;1;0;0;1;43;0;0;6;6;0;0,00;0;0;5;5;0;0,00;0;8,9;1,4;3,51;Dropout;0;1;0;0;0;0
4075;1;18;1;9500;1;1;143;1;38;37;4;9;116,50;1;0;1;0;22;0;0;6;6;0;0,00;0;0;6;7;0;0,00;0;11,1;0,6;2,02;Dropout;0;1;0;0;0;0
1404;1;17;5;9500;1;1;143;1;38;1;9;7;130,60;1;0;0;0;34;0;0;6;0;0;0,00;0;0;6;0;0;0,00;0;15,5;2,8;-4,06;Dropout;0;1;1;0;0;0
1281;1;1;3;9773;1;1;143;11;19;19;4;9;133,90;1;0;1;0;29;0;0;6;17;0;0,00;2;0;6;8;0;0,00;0;15,5;2,8;-4,06;Dropout;0;1;0;0;0;0
3547;1;17;4;9500;1;1;143;1;19;38;9;6;131,50;1;0;0;0;47;0;0;6;12;0;0,00;0;0;5;10;0;0,00;0;7,6;2,6;0,32;Dropout;0;1;0;0;0;0
3619;1;17;5;9773;1;1;143;1;1;1;7;7;136,70;1;0;1;0;42;0;0;6;0;0;0,00;0;0;6;0;0;0,00;0;15,5;2,8;-4,06;Dropout;0;1;0;0;0;0
1260;1;1;1;9085;1;1;143;1;19;38;9;9;133,40;1;0;0;0;18;0;0;1;1;0;0,00;1;0;6;0;0;0,00;0;10,8;1,4;1,74;Dropout;0;1;0;0;0;0
1936;1;17;6;9500;1;1;143;1;1;38;3;3;133,20;1;0;1;0;47;0;0;6;0;0;0,00;0;0;6;0;0;0,00;0;16,2;0,3;-0,92;Dropout;0;1;0;0;0;0
605;1;1;1;9500;1;1;143;1;1;37;3;8;128,00;0;0;1;1;19;0;0;5;5;0;0,00;0;0;5;5;0;0,00;0;11,1;0,6;2,02;Dropout;0;1;0;0;0;0
3417;1;1;1;9773;1;1;143;1;3;3;2;5;144,80;0;0;1;0;59;0;0;5;7;0;0,00;0;0;5;7;0;0,00;0;16,2;0,3;-0,92;Dropout;0;1;0;0;0;0
644;1;1;3;9500;1;1;143;1;37;38;7;7;133,80;1;0;1;0;24;0;0;5;11;0;0,00;0;0;5;5;0;0,00;0;16,2;0,3;-0,92;Dropout;0;1;0;0;0;0
789;1;5;3;9085;1;1;143;1;37;37;0;90;159,10;0;0;0;0;29;0;0;7;14;0;0,00;0;0;6;6;0;0,00;0;11,1;0,6;2,02;Dropout;0;1;0;0;0;0
2527;1;1;4;9070;1;1;143;1;1;1;9;7;134,60;1;0;0;0;36;0;0;7;7;0;0,00;7;0;7;7;0;0,00;7;16,2;0,3;-0,92;Dropout;0;1;0;0;0;0
993;1;1;1;9773;1;1;143;1;1;3;3;3;149,00;1;0;0;0;19;0;0;6;10;0;0,00;4;0;6;0;0;0,00;0;7,6;2,6;0,32;Dropout;0;1;0;0;0;0
3435;1;1;1;9773;1;1;143;1;1;38;8;8;136,70;1;0;1;0;25;0;0;5;7;0;0,00;0;0;5;8;0;0,00;0;16,2;0,3;-0,92;Dropout;0;1;0;0;0;0
33;1;1;1;9147;1;1;143;1;1;1;4;6;138,80;0;0;1;0;18;0;0;7;0;0;0,00;0;0;8;0;0;0,00;0;7,6;2,6;0,32;Dropout;0;1;0;0;0;0
2146;1;17;1;9130;1;1;143;1;3;3;2;2;131,80;1;0;0;0;18;0;0;6;0;0;0,00;0;0;6;0;0;0,00;0;15,5;2,8;-4,06;Dropout;0;1;0;0;0;0
3608;1;43;1;171;1;1;144;1;19;19;9;4;121,60;0;0;1;0;18;0;0;8;8;0;0,00;3;0;8;8;0;0,00;3;10,8;1,4;1,74;Dropout;0;1;0;0;0;0
2993;1;1;2;9773;1;1;144;1;3;3;3;2;140,20;1;0;0;0;31;0;0;6;0;0;0,00;0;0;6;0;0;0,00;0;12,7;3,7;-1,7;Dropout;0;1;0;0;0;0
1173;1;42;1;9119;1;1;144;1;34;34;0;0;119,50;0;0;0;0;24;0;0;7;0;0;0,00;0;0;7;0;0;0,00;0;10,8;1,4;1,74;Dropout;0;1;0;0;0;0
3657;1;1;2;9085;1;1;144;1;1;19;4;10;132,10;1;0;0;0;51;0;0;6;12;0;0,00;0;1;6;11;0;0,00;1;7,6;2,6;0,32;Dropout;0;1;0;0;0;0
2365;1;1;1;9003;1;1;144;1;19;19;9;9;132,80;0;0;1;0;36;0;0;7;18;0;0,00;0;0;7;7;0;0,00;0;13,9;-0,3;0,79;Dropout;0;1;1;0;0;0
463;1;17;1;9238;1;1;144;1;3;1;2;3;126,90;0;0;1;0;24;0;0;7;21;0;0,00;3;0;7;7;0;0,00;0;16,2;0,3;-0,92;Dropout;0;1;0;0;0;0
4207;1;1;1;9254;1;1;144;1;19;19;9;9;142,60;1;0;0;0;18;0;0;6;0;0;0,00;0;0;6;0;0;0,00;0;12,4;0,5;1,79;Dropout;0;1;0;0;0;0
2738;1;1;1;9130;1;1;144;1;3;1;2;4;134,90;1;0;1;0;20;0;0;5;5;0;0,00;0;0;5;5;0;0,00;0;12,7;3,7;-1,7;Dropout;0;1;0;0;0;0
426;1;1;1;9500;1;1;144;1;37;37;9;3;150,50;0;0;0;0;19;0;0;6;0;0;0,00;0;0;6;0;0;0,00;0;10,8;1,4;1,74;Dropout;0;1;0;0;0;0
3736;1;1;2;9500;1;1;144;1;38;37;9;9;128,80;1;0;0;0;20;0;0;5;0;0;0,00;0;0;5;0;0;0,00;0;11,1;0,6;2,02;Dropout;0;1;0;0;0;0
2080;1;1;5;9500;1;1;144;1;38;38;7;7;136,00;1;0;0;0;19;0;0;7;0;0;0,00;0;0;8;0;0;0,00;0;9,4;-0,8;-3,12;Dropout;0;1;0;0;0;0
2821;1;18;6;9500;1;1;144;1;1;1;3;6;130,80;1;0;0;0;37;1;0;6;0;0;0,00;0;0;6;0;0;0,00;0;13,9;-0,3;0,79;Dropout;0;1;0;0;0;0
616;1;1;6;9500;1;1;144;1;1;37;9;9;127,50;1;0;1;0;39;0;0;2;5;0;0,00;0;0;4;4;0;0,00;0;10,8;1,4;1,74;Dropout;0;1;0;0;0;0
436;1;1;6;9500;1;1;144;1;19;19;5;5;130,30;1;0;1;0;27;0;0;5;0;0;0,00;0;0;5;0;0;0,00;0;10,8;1,4;1,74;Dropout;0;1;0;0;0;0
4121;1;17;5;9500;1;1;144;1;19;1;5;3;141,00;1;0;0;0;26;0;0;7;0;0;0,00;0;0;8;0;0;0,00;0;13,9;-0,3;0,79;Dropout;0;1;0;0;0;0
2934;1;1;6;9500;1;1;144;1;19;19;9;9;130,50;1;0;1;0;29;0;0;3;3;0;0,00;3;0;5;0;0;0,00;0;10,8;1,4;1,74;Dropout;0;1;0;0;0;0
3953;1;1;6;9500;1;1;144;1;1;19;9;4;130,80;1;0;1;0;18;0;0;6;0;0;0,00;0;0;6;0;0;0,00;0;12,4;0,5;1,79;Dropout;0;1;0;0;0;0
1431;1;1;3;9500;1;1;144;1;38;38;5;7;128,00;1;0;0;0;47;0;0;5;0;0;0,00;0;0;5;0;0;0,00;0;9,4;-0,8;-3,12;Dropout;0;1;0;0;0;0
3802;1;18;1;9500;1;1;144;1;37;37;6;6;127,50;1;0;1;0;45;0;0;5;5;0;0,00;0;0;5;5;0;0,00;0;7,6;2,6;0,32;Dropout;0;1;0;0;0;0
1126;1;1;2;9670;1;1;144;1;37;38;9;9;126,90;0;0;0;0;36;0;0;5;5;0;0,00;0;0;5;5;0;0,00;0;12,7;3,7;-1,7;Dropout;0;1;0;0;0;0
3911;1;17;1;9773;1;1;144;1;19;19;4;4;130,70;1;0;0;0;21;0;0;6;0;0;0,00;0;0;6;0;0;0,00;0;15,5;2,8;-4,06;Dropout;0;1;0;0;0;0
2018;1;1;1;9500;1;1;144;1;38;1;9;10;137,40;0;0;1;0;40;0;0;5;0;0;0,00;0;0;5;0;0;0,00;0;12,7;3,7;-1,7;Dropout;0;1;0;0;0;0
666;1;1;1;9085;1;1;144;13;3;3;6;6;137,60;1;0;0;0;41;0;0;6;0;0;0,00;0;0;6;0;0;0,00;0;11,1;0,6;2,02;Dropout;0;1;0;0;0;0
3675;1;1;1;9070;1;1;144;1;1;1;3;5;127,20;1;0;0;0;34;0;0;6;0;0;0,00;0;0;6;0;0;0,00;0;12,7;3,7;-1,7;Dropout;0;1;0;0;0;0
1033;1;1;1;9773;1;1;144;1;37;37;8;8;138,40;0;0;1;0;23;0;0;6;19;0;0,00;0;0;6;6;0;0,00;0;13,9;-0,3;0,79;Dropout;0;1;0;0;0;0
4253;2;1;1;9991;0;1;144;1;19;19;9;9;151,40;0;0;1;0;25;0;0;6;6;0;0,00;0;0;6;6;0;0,00;0;12,4;0,5;1,79;Dropout;0;1;0;0;0;0
2667;1;17;4;9070;1;1;144;1;38;1;9;9;137,40;1;0;0;0;20;0;0;6;0;0;0,00;0;0;6;0;0;0,00;0;11,1;0,6;2,02;Dropout;0;1;0;0;0;0
469;1;1;5;9500;1;1;144;1;19;38;4;8;141,30;1;0;1;0;33;0;0;5;5;0;0,00;0;0;5;5;0;0,00;0;12,7;3,7;-1,7;Dropout;0;1;0;0;0;0
1314;1;1;4;9500;1;1;144;1;3;39;2;3;129,00;1;0;0;0;35;0;0;7;7;0;0,00;0;0;6;0;0;0,00;0;8,9;1,4;3,51;Dropout;0;1;0;0;0;0
3117;1;1;5;9500;1;1;144;1;37;37;7;9;126,80;1;0;0;0;41;0;0;7;0;0;0,00;0;0;8;0;0;0,00;0;10,8;1,4;1,74;Dropout;0;1;0;0;0;0
1333;1;1;1;9130;1;1;144;1;3;1;1;3;137,70;0;0;0;0;33;0;0;5;0;0;0,00;0;0;5;0;0;0,00;0;12,7;3,7;-1,7;Dropout;0;1;0;0;0;0
528;1;39;1;171;1;1;145;1;3;1;2;10;114,50;1;0;1;0;20;0;0;5;0;0;0,00;0;0;5;0;0;0,00;0;12,4;0,5;1,79;Dropout;0;1;0;0;0;0
2638;1;16;2;171;1;1;145;1;3;3;2;2;143,60;1;0;0;0;19;0;0;7;0;0;0,00;0;0;8;0;0;0,00;0;15,5;2,8;-4,06;Dropout;0;1;0;0;0;0
1884;1;1;1;171;1;1;145;1;1;19;10;5;150,60;1;0;0;0;19;0;0;6;0;0;0,00;0;0;6;0;0;0,00;0;12,4;0,5;1,79;Dropout;0;1;0;0;0;0
2598;1;43;1;171;1;1;145;1;19;38;9;9;100,00;0;0;1;0;20;0;0;6;12;0;0,00;0;0;6;12;0;0,00;0;7,6;2,6;0,32;Dropout;0;1;0;0;0;0
1152;1;17;1;171;1;1;145;1;37;37;9;1;150,30;1;0;1;0;43;0;0;5;0;0;0,00;0;0;5;0;0;0,00;0;7,6;2,6;0,32;Dropout;0;1;0;0;0;0
4382;1;1;2;9238;1;1;145;1;1;19;4;8;121,40;0;0;0;0;20;0;0;6;0;0;0,00;0;0;6;0;0;0,00;0;16,2;0,3;-0,92;Dropout;0;1;1;0;0;0
1354;1;17;2;9853;1;1;145;1;38;19;4;9;127,90;1;0;0;0;23;0;0;5;0;0;0,00;0;0;5;0;0;0,00;0;7,6;2,6;0,32;Dropout;0;1;0;0;0;0
3189;1;17;1;9147;1;1;145;1;19;38;4;4;132,10;1;0;0;0;50;0;0;5;0;0;0,00;0;0;5;0;0;0,00;0;7,6;2,6;0,32;Dropout;0;1;0;0;0;0
4093;1;1;1;9500;1;1;145;1;1;1;4;10;145,00;0;0;1;0;33;0;0;6;6;0;0,00;0;0;5;5;0;0,00;0;8,9;1,4;3,51;Dropout;0;1;0;0;0;0
4407;1;1;1;9070;1;1;145;1;1;38;5;7;127,50;1;0;0;1;20;0;0;6;12;0;0,00;0;0;6;12;0;0,00;0;7,6;2,6;0,32;Dropout;0;1;0;0;0;0
2814;1;1;1;9238;1;1;145;1;1;19;9;9;129,30;0;0;1;0;24;0;0;5;7;0;0,00;0;0;5;7;0;0,00;0;16,2;0,3;-0,92;Dropout;0;1;1;0;0;0
890;1;1;3;9773;1;1;145;1;38;38;9;5;133,10;0;0;1;0;19;0;0;6;6;0;0,00;0;0;6;0;0;0,00;0;8,9;1,4;3,51;Dropout;0;1;1;0;0;0
242;1;16;1;171;1;1;145;1;3;3;3;3;155,00;1;0;0;0;21;0;0;6;0;0;0,00;0;0;6;0;0;0,00;0;11,1;0,6;2,02;Dropout;0;1;0;0;0;0
1073;1;1;1;9853;1;1;145;1;38;37;5;5;142,20;0;0;0;0;19;0;0;6;0;0;0,00;0;0;6;0;0;0,00;0;15,5;2,8;-4,06;Dropout;0;1;0;0;0;0
1138;1;1;1;9254;1;1;145;1;1;38;4;9;131,70;1;0;0;0;24;0;0;5;5;0;0,00;0;0;5;5;0;0,00;0;7,6;2,6;0,32;Dropout;0;1;0;0;0;0
3183;1;43;1;8014;0;1;145;6;34;34;0;0;134,50;1;0;1;0;18;0;0;6;0;0;0,00;0;0;6;0;0;0,00;0;7,6;2,6;0,32;Dropout;0;1;1;0;0;0
939;1;1;1;9773;1;1;145;1;19;38;4;10;131,70;1;0;1;0;23;0;0;5;7;0;0,00;0;0;5;5;0;0,00;0;7,6;2,6;0,32;Dropout;0;1;0;0;0;0
1067;1;1;6;9500;1;1;145;1;38;37;5;6;127,50;1;0;1;0;22;0;0;6;16;0;0,00;0;0;6;7;0;0,00;0;16,2;0,3;-0,92;Dropout;0;1;0;0;0;0
904;1;1;2;9500;1;1;145;1;37;1;9;4;138,80;1;0;1;0;29;0;0;3;4;0;0,00;0;0;4;8;0;0,00;0;16,2;0,3;-0,92;Dropout;0;1;0;0;0;0
1115;1;1;1;9500;1;1;145;1;19;19;9;7;136,60;0;0;0;0;21;0;0;6;0;0;0,00;0;0;6;0;0;0,00;0;7,6;2,6;0,32;Dropout;0;1;0;0;0;0
533;1;1;2;9500;1;1;145;1;4;2;2;3;127,30;1;0;1;0;28;0;0;5;9;0;0,00;0;0;5;5;0;0,00;0;7,6;2,6;0,32;Dropout;0;1;0;0;0;0
4077;1;1;3;9500;1;1;145;1;19;38;9;7;136,30;1;0;1;0;27;0;0;4;8;0;0,00;0;0;5;10;0;0,00;0;9,4;-0,8;-3,12;Dropout;0;1;0;0;0;0
4044;1;17;2;9500;1;1;145;1;2;38;3;8;136,30;1;0;1;0;20;0;0;5;5;0;0,00;0;0;5;0;0;0,00;0;9,4;-0,8;-3,12;Dropout;0;1;0;0;0;0
3369;1;1;6;9500;1;1;145;1;19;37;9;9;132,30;1;0;1;0;61;0;0;5;0;0;0,00;0;0;5;0;0;0,00;0;15,5;2,8;-4,06;Dropout;0;1;0;0;0;0
2740;1;1;4;9085;1;1;145;1;37;1;9;9;145,00;1;0;1;0;19;0;0;6;12;0;0,00;1;0;6;0;0;0,00;0;9,4;-0,8;-3,12;Dropout;0;1;0;0;0;0
908;1;17;2;9238;1;1;145;1;19;38;7;6;128,60;1;0;0;0;21;0;0;5;8;0;0,00;4;0;5;12;0;0,00;4;10,8;1,4;1,74;Dropout;0;1;0;0;0;0
1228;1;17;1;9238;1;1;145;1;38;38;5;7;138,00;1;0;0;0;20;0;0;6;0;0;0,00;0;0;6;0;0;0,00;0;15,5;2,8;-4,06;Dropout;0;1;0;0;0;0
3877;1;17;1;9500;1;1;145;1;1;1;4;10;131,40;0;0;0;0;21;0;0;6;0;0;0,00;0;0;6;0;0;0,00;0;15,5;2,8;-4,06;Dropout;0;1;0;0;0;0
1323;1;1;5;9500;1;1;145;1;38;38;9;9;125,50;1;0;1;0;30;0;0;2;2;0;0,00;0;0;2;2;0;0,00;0;7,6;2,6;0,32;Dropout;0;1;0;0;0;0
1134;1;1;1;9500;1;1;145;1;19;1;9;5;145,00;0;0;0;1;21;0;0;6;12;0;0,00;0;0;6;12;0;0,00;0;7,6;2,6;0,32;Dropout;0;1;0;0;0;0
3456;1;1;1;9238;1;1;145;1;19;1;6;5;127,90;1;0;0;0;19;0;0;6;0;0;0,00;0;0;6;0;0;0,00;0;16,2;0,3;-0,92;Dropout;0;1;0;0;0;0
4031;1;17;1;9130;1;1;145;1;38;37;9;7;129,30;1;0;1;0;24;0;0;6;7;0;0,00;0;0;6;10;0;0,00;0;12,4;0,5;1,79;Dropout;0;1;0;0;0;0
1131;1;1;3;9500;1;1;145;1;19;37;7;7;141,50;1;0;1;0;30;0;0;8;8;0;0,00;8;0;8;8;0;0,00;8;9,4;-0,8;-3,12;Dropout;0;1;0;0;0;0
936;1;1;3;171;1;1;145;1;1;1;3;3;140,10;1;0;1;0;27;0;0;7;0;0;0,00;0;0;8;0;0;0,00;0;12,4;0,5;1,79;Dropout;0;1;0;0;0;0
2170;1;17;1;9670;1;1;145;1;3;3;2;1;129,30;1;0;1;0;35;0;0;6;7;0;0,00;0;0;6;6;0;0,00;0;16,2;0,3;-0,92;Dropout;0;1;0;0;0;0
798;1;18;3;9500;1;1;145;1;1;1;4;8;133,60;1;0;1;0;32;0;0;5;5;0;0,00;0;0;5;5;0;0,00;0;7,6;2,6;0,32;Dropout;0;1;0;0;0;0
1610;1;1;2;9070;1;1;145;1;38;19;7;7;130,00;1;0;0;0;19;0;0;6;0;0;0,00;0;0;6;0;0;0,00;0;7,6;2,6;0,32;Dropout;0;1;0;0;0;0
4184;1;1;1;9085;1;1;145;1;38;38;9;10;139,80;1;0;1;0;19;0;0;6;0;0;0,00;0;0;6;0;0;0,00;0;15,5;2,8;-4,06;Dropout;0;1;0;0;0;0
1668;1;1;4;9500;1;1;145;1;3;19;1;5;130,00;1;0;0;0;46;0;0;5;5;0;0,00;0;0;5;5;0;0,00;0;7,6;2,6;0,32;Dropout;0;1;1;0;0;0
1353;1;1;2;9070;1;1;145;1;1;19;4;3;133,50;0;0;1;0;20;0;0;5;0;0;0,00;0;0;5;0;0;0,00;0;8,9;1,4;3,51;Dropout;0;1;0;0;0;0
1299;1;1;1;9991;0;1;145;1;2;37;4;9;127,50;1;0;1;0;35;0;0;5;5;0;0,00;0;0;5;5;0;0,00;0;11,1;0,6;2,02;Dropout;0;1;1;0;0;0
2581;1;1;1;9238;1;1;145;1;19;37;4;7;148,90;1;0;0;0;32;0;0;7;0;0;0,00;0;0;8;0;0;0,00;0;13,9;-0,3;0,79;Dropout;0;1;1;0;0;0
276;1;17;3;9500;1;1;145;1;12;1;4;10;139,80;1;0;1;0;51;0;0;4;4;0;0,00;0;0;5;0;0;0,00;0;12,7;3,7;-1,7;Dropout;0;1;0;0;0;0
2766;1;16;4;9500;1;1;145;1;1;1;4;4;127,50;1;0;1;0;19;0;0;6;7;0;0,00;0;0;6;6;0;0,00;0;15,5;2,8;-4,06;Dropout;0;1;0;0;0;0
2078;1;17;1;9500;1;1;145;1;19;37;4;8;136,80;1;0;1;0;36;0;0;5;0;0;0,00;0;0;5;0;0;0,00;0;16,2;0,3;-0,92;Dropout;0;1;0;0;0;0
4362;1;17;1;9500;1;1;145;1;3;3;2;3;141,80;0;0;0;0;21;0;0;5;12;0;0,00;3;0;5;5;0;0,00;0;12,7;3,7;-1,7;Dropout;0;1;1;0;0;0
3746;1;1;1;171;1;1;145;1;3;1;4;3;149,90;1;0;0;0;30;0;0;6;6;0;0,00;0;0;6;6;0;0,00;0;11,1;0,6;2,02;Dropout;0;1;0;0;0;0
4117;1;1;1;9085;1;1;145;1;38;37;3;9;138,40;1;0;0;0;20;0;0;4;4;0;0,00;0;0;6;0;0;0,00;0;8,9;1,4;3,51;Dropout;0;1;1;0;0;0
1891;1;1;1;171;1;1;146;1;40;43;4;4;150,20;1;0;0;0;26;0;0;6;0;0;0,00;0;0;6;0;0;0,00;0;8,9;1,4;3,51;Dropout;0;1;1;0;0;0
3406;1;17;2;171;1;1;146;1;3;3;3;3;155,10;1;0;1;0;28;0;0;6;6;0;0,00;0;0;6;6;0;0,00;0;11,1;0,6;2,02;Dropout;0;1;1;0;0;0
1792;1;1;4;9147;1;1;146;1;3;1;3;10;138,70;0;0;1;0;22;0;0;5;0;0;0,00;0;0;5;0;0;0,00;0;8,9;1,4;3,51;Dropout;0;1;1;0;0;0
1238;1;18;1;9119;1;1;146;1;1;37;7;7;132,40;1;0;0;0;32;0;0;6;7;0;0,00;0;0;6;6;0;0,00;0;12,4;0,5;1,79;Dropout;0;1;0;0;0;0
2467;1;1;1;9119;1;1;146;1;37;37;9;9;148,50;1;0;0;0;25;0;0;5;5;0;0,00;0;0;5;5;0;0,00;0;7,6;2,6;0,32;Dropout;0;1;1;0;0;0
266;1;1;2;9773;1;1;146;1;3;1;1;3;149,20;1;0;0;0;26;0;0;1;2;0;0,00;0;0;5;8;0;0,00;0;16,2;0,3;-0,92;Dropout;0;1;1;0;0;0
1741;1;18;1;9130;1;1;146;1;3;3;5;2;137,80;0;0;1;0;18;0;0;5;0;0;0,00;0;0;5;0;0;0,00;0;8,9;1,4;3,51;Dropout;0;1;0;0;0;0
4065;1;17;1;171;1;1;146;1;1;38;9;9;135,50;1;0;1;0;19;0;0;7;9;0;0,00;0;0;7;8;0;0,00;0;15,5;2,8;-4,06;Dropout;0;1;0;0;0;0
3047;1;1;1;9085;1;1;146;1;1;1;9;7;126,00;0;0;0;0;19;0;0;6;0;0;0,00;0;0;6;0;0;0,00;0;15,5;2,8;-4,06;Dropout;0;1;0;0;0;0
128;1;1;1;9853;1;1;146;1;19;38;9;3;145,30;1;0;0;0;19;0;0;6;0;0;0,00;0;0;6;0;0;0,00;0;11,1;0,6;2,02;Dropout;0;1;0;0;0;0
2579;1;17;4;9500;1;1;146;1;19;37;5;8;135,80;1;0;1;0;26;0;0;6;6;0;0,00;0;0;6;12;0;0,00;0;10,8;1,4;1,74;Dropout;0;1;0;0;0;0
2351;1;18;1;9500;1;1;146;1;19;3;4;9;127,00;0;0;1;0;35;1;0;7;8;0;0,00;1;0;6;9;0;0,00;0;8,9;1,4;3,51;Dropout;0;1;1;0;0;0
4118;1;1;1;9500;1;1;146;1;1;37;9;9;129,30;0;0;0;1;19;0;0;5;7;0;0,00;0;0;5;5;0;0,00;0;7,6;2,6;0,32;Dropout;0;1;1;0;0;0
2079;1;17;2;9500;1;1;146;1;3;3;3;6;133,40;1;0;0;0;25;0;0;5;9;0;0,00;4;0;5;9;0;0,00;3;10,8;1,4;1,74;Dropout;0;1;1;0;0;0
1581;1;1;1;9773;1;1;146;1;37;37;9;7;149,20;1;0;0;0;35;0;0;5;0;0;0,00;0;0;5;0;0;0,00;0;13,9;-0,3;0,79;Dropout;0;1;0;0;0;0
2548;1;1;5;9500;1;1;146;1;19;37;7;7;133,80;1;0;1;0;19;0;0;5;5;0;0,00;0;0;5;10;0;0,00;0;10,8;1,4;1,74;Dropout;0;1;0;0;0;0
1516;1;1;1;171;1;1;146;1;19;37;9;7;153,00;1;0;0;0;19;0;0;7;0;0;0,00;0;0;8;0;0;0,00;0;12,7;3,7;-1,7;Dropout;0;1;0;0;0;0
3207;1;1;1;9147;1;1;146;1;5;1;1;5;144,60;0;0;0;0;20;0;0;6;0;0;0,00;0;0;6;0;0;0,00;0;11,1;0,6;2,02;Dropout;0;1;0;0;0;0
3523;1;1;1;9670;1;1;146;1;1;1;9;8;149,50;1;0;1;0;46;0;0;5;6;0;0,00;0;0;5;5;0;0,00;0;7,6;2,6;0,32;Dropout;0;1;1;0;0;0
2739;1;17;2;9147;1;1;146;1;38;37;6;6;143,90;0;0;1;0;37;0;0;7;15;0;0,00;0;0;7;13;0;0,00;1;11,1;0,6;2,02;Dropout;0;1;1;0;0;0
2007;2;39;1;8014;0;1;146;1;37;37;9;8;120,50;0;0;1;0;18;0;0;6;0;0;0,00;0;0;6;0;0;0,00;0;7,6;2,6;0,32;Dropout;0;1;1;0;0;0
3389;1;1;4;171;1;1;146;1;1;1;9;5;151,30;1;0;1;0;41;0;0;5;5;0;0,00;0;0;5;5;0;0,00;0;7,6;2,6;0,32;Dropout;0;1;0;0;0;0
3202;1;1;1;9773;1;1;146;1;1;3;4;1;135,20;1;0;0;0;26;0;0;5;6;0;0,00;0;0;5;0;0;0,00;0;15,5;2,8;-4,06;Dropout;0;1;1;0;0;0
1000;1;1;3;9070;1;1;146;1;34;34;0;0;143,60;1;0;0;0;19;0;0;6;7;0;0,00;0;0;5;5;0;0,00;0;13,9;-0,3;0,79;Dropout;0;1;0;0;0;0
2433;1;1;3;9773;1;1;146;1;38;38;9;7;134,10;1;0;1;0;29;0;0;5;0;0;0,00;0;0;5;0;0;0,00;0;9,4;-0,8;-3,12;Dropout;0;1;0;0;0;0
790;1;17;3;171;1;1;147;1;19;1;5;4;137,60;1;0;0;0;36;0;0;6;0;0;0,00;0;0;6;0;0;0,00;0;9,4;-0,8;-3,12;Dropout;0;1;0;0;0;0
1378;1;1;1;171;1;1;147;1;37;19;7;7;134,40;1;0;1;0;37;0;0;6;9;0;0,00;0;0;6;6;0;0,00;0;16,2;0,3;-0,92;Dropout;0;1;1;0;0;0
822;1;1;3;171;1;1;147;1;12;19;9;3;151,60;1;0;0;0;19;0;0;6;0;0;0,00;0;0;6;12;0;0,00;0;10,8;1,4;1,74;Dropout;0;1;0;0;0;0
4100;1;18;1;9238;1;1;147;1;38;34;4;0;130,20;0;0;1;0;25;0;0;5;5;0;0,00;0;0;5;5;0;0,00;0;7,6;2,6;0,32;Dropout;0;1;1;0;0;0
2488;1;18;1;9147;1;1;147;1;19;1;9;7;139,30;1;0;0;0;27;0;0;5;0;0;0,00;0;0;5;0;0;0,00;0;8,9;1,4;3,51;Dropout;0;1;0;0;0;0
917;2;39;1;9991;0;1;147;1;34;34;90;90;111,70;1;0;0;0;21;0;0;6;0;0;0,00;0;0;6;0;0;0,00;0;8,9;1,4;3,51;Dropout;0;1;1;0;0;0
441;1;43;1;9556;1;1;147;1;3;4;3;2;100,00;0;0;1;0;36;0;0;4;4;0;0,00;0;0;5;9;0;0,00;0;10,8;1,4;1,74;Dropout;0;1;0;0;0;0
676;1;17;1;9853;1;1;147;1;37;37;9;9;142,80;1;0;0;0;29;0;0;5;0;0;0,00;0;0;5;0;0;0,00;0;16,2;0,3;-0,92;Dropout;0;1;0;0;0;0
4125;1;1;1;9085;1;1;147;1;37;19;9;5;133,70;1;0;1;0;22;0;0;5;0;0;0,00;0;0;5;0;0;0,00;0;10,8;1,4;1,74;Dropout;0;1;0;0;0;0
4291;1;1;1;171;1;1;147;1;1;12;4;4;148,40;1;0;0;0;18;0;0;5;11;0;0,00;0;0;5;8;0;0,00;0;9,4;-0,8;-3,12;Dropout;0;1;1;0;0;0
1984;1;1;1;9500;1;1;147;1;38;19;5;8;147,30;0;0;0;0;18;0;0;6;0;0;0,00;0;0;6;0;0;0,00;0;11,1;0,6;2,02;Dropout;0;1;1;0;0;0
3432;1;1;3;9500;1;1;147;1;1;1;4;4;134,30;1;0;0;0;30;0;0;6;0;0;0,00;0;0;6;0;0;0,00;0;10,8;1,4;1,74;Dropout;0;1;1;0;0;0
396;1;1;4;9500;1;1;147;1;1;1;4;9;124,50;1;0;1;1;30;0;0;6;0;0;0,00;0;0;6;0;0;0,00;0;12,4;0,5;1,79;Dropout;0;1;0;0;0;0
637;1;1;5;9500;1;1;147;1;37;37;9;9;134,30;0;0;1;0;28;0;0;6;0;0;0,00;0;0;6;0;0;0,00;0;12,4;0,5;1,79;Dropout;0;1;0;0;0;0
1640;1;1;1;9070;1;1;147;1;3;1;2;3;149,80;1;0;0;0;19;0;0;6;11;0;0,00;0;0;6;0;0;0,00;0;9,4;-0,8;-3,12;Dropout;0;1;1;0;0;0
4304;1;17;4;9773;1;1;147;1;1;1;4;5;139,70;1;0;0;0;18;1;0;6;12;0;0,00;1;0;6;0;0;0,00;0;9,4;-0,8;-3,12;Dropout;0;1;0;0;0;0
4334;1;1;2;9238;1;1;147;1;19;38;9;8;135,80;1;0;0;0;32;0;0;7;7;0;0,00;0;0;8;8;0;0,00;0;16,2;0,3;-0,92;Dropout;0;1;1;0;0;0
3022;1;1;1;9500;1;1;147;1;3;1;2;3;131,60;0;0;0;0;25;0;0;5;0;0;0,00;0;0;5;0;0;0,00;0;12,7;3,7;-1,7;Dropout;0;1;1;0;0;0
3807;1;1;3;9070;1;1;147;1;34;37;5;7;135,80;1;0;0;0;22;0;0;6;0;0;0,00;0;0;6;0;0;0,00;0;7,6;2,6;0,32;Dropout;0;1;0;0;0;0
1308;1;17;3;9147;1;1;147;1;19;38;5;7;132,30;1;0;0;0;19;0;0;6;0;0;0,00;0;0;6;0;0;0,00;0;11,1;0,6;2,02;Dropout;0;1;0;0;0;0
3387;1;1;2;9500;1;1;147;1;3;1;4;3;136,70;0;0;0;0;28;0;0;5;5;0;0,00;0;0;5;5;0;0,00;0;7,6;2,6;0,32;Dropout;0;1;1;0;0;0
1338;1;17;1;9147;1;1;147;1;37;37;9;6;142,80;1;0;1;0;24;0;0;5;0;0;0,00;0;0;5;0;0;0,00;0;7,6;2,6;0,32;Dropout;0;1;0;0;0;0
1199;1;1;1;9238;1;1;147;1;1;19;4;4;137,20;0;0;1;0;19;0;0;5;0;0;0,00;0;0;5;0;0;0,00;0;12,4;0,5;1,79;Dropout;0;1;1;0;0;0
669;1;17;5;9500;1;1;148;1;1;19;4;8;130,20;1;0;1;0;26;0;0;5;5;0;0,00;0;0;5;6;0;0,00;0;10,8;1,4;1,74;Dropout;0;1;0;0;0;0
2319;1;1;1;9070;1;1;148;1;1;1;4;8;141,40;0;0;0;0;35;0;0;5;5;0;0,00;0;0;5;5;0;0,00;0;11,1;0,6;2,02;Dropout;0;1;0;0;0;0
3749;1;1;3;9500;1;1;148;1;1;19;4;5;135,10;1;0;1;0;51;0;0;6;0;0;0,00;0;0;6;0;0;0,00;0;12,4;0,5;1,79;Dropout;0;1;1;0;0;0
2455;1;18;1;9119;1;1;148;1;3;19;3;5;147,70;0;0;1;0;27;0;0;6;8;0;0,00;0;0;6;10;0;0,00;0;16,2;0,3;-0,92;Dropout;0;1;0;0;0;0
4305;1;1;1;9147;1;1;148;1;19;1;7;5;138,30;1;0;0;0;28;0;0;5;10;0;0,00;0;0;5;5;0;0,00;0;7,6;2,6;0,32;Dropout;0;1;1;0;0;0
2542;1;1;1;9853;1;1;148;1;19;19;4;5;143,50;0;0;0;1;26;0;0;5;7;0;0,00;0;0;5;8;0;0,00;0;16,2;0,3;-0,92;Dropout;0;1;0;0;0;0
3219;1;43;1;8014;0;1;148;1;37;37;9;9;134,70;0;0;0;0;21;0;0;6;0;0;0,00;0;0;6;0;0;0,00;0;12,4;0,5;1,79;Dropout;0;1;1;0;0;0
875;1;1;1;9003;1;1;148;1;1;19;194;194;143,50;0;0;1;0;19;0;0;5;5;0;0,00;0;0;5;5;0;0,00;0;12,4;0,5;1,79;Dropout;0;1;1;0;0;0
584;1;1;1;9147;1;1;148;1;37;38;9;8;133,00;1;0;1;0;18;0;0;5;10;0;0,00;1;0;5;13;0;0,00;0;9,4;-0,8;-3,12;Dropout;0;1;1;0;0;0
3830;1;1;1;9085;1;1;148;1;38;38;4;9;131,60;0;0;0;0;27;0;0;5;5;0;0,00;0;0;5;6;0;0,00;0;12,4;0,5;1,79;Dropout;0;1;1;0;0;0
1916;1;1;4;9500;1;1;148;1;1;37;4;8;132,00;1;0;0;0;21;0;0;5;6;0;0,00;0;0;5;5;0;0,00;0;15,5;2,8;-4,06;Dropout;0;1;1;0;0;0
2167;1;17;1;9500;1;1;148;1;38;37;5;9;137,80;1;0;0;0;19;0;0;6;0;0;0,00;0;0;6;0;0;0,00;0;12,7;3,7;-1,7;Dropout;0;1;0;0;0;0
3200;1;1;1;9500;1;1;148;1;1;1;9;9;127,00;1;0;1;0;28;0;0;5;6;0;0,00;0;0;5;5;0;0,00;0;13,9;-0,3;0,79;Dropout;0;1;1;0;0;0
788;1;1;1;9500;1;1;148;1;3;1;4;5;132,80;0;0;1;0;31;0;0;5;0;0;0,00;0;0;5;0;0;0,00;0;10,8;1,4;1,74;Dropout;0;1;0;0;0;0
3001;1;39;1;9500;1;1;148;1;3;19;2;5;130,00;0;0;0;0;18;0;0;6;0;0;0,00;0;0;6;0;0;0,00;0;12,4;0,5;1,79;Dropout;0;1;0;0;0;0
3706;1;51;1;9147;1;1;148;1;1;19;9;6;118,40;1;0;0;0;20;0;0;5;13;0;0,00;5;0;5;5;0;0,00;5;9,4;-0,8;-3,12;Dropout;0;1;1;0;0;0
3752;1;1;1;9070;1;1;148;1;3;1;2;10;148,00;1;0;1;0;24;0;0;7;18;0;0,00;0;0;7;13;0;0,00;1;11,1;0,6;2,02;Dropout;0;1;0;0;0;0
237;1;1;1;9853;1;1;148;1;19;19;5;7;141,70;0;0;0;0;18;0;0;7;0;0;0,00;0;0;8;0;0;0,00;0;12,7;3,7;-1,7;Dropout;0;1;1;0;0;0
1452;1;1;1;9003;1;1;148;1;19;37;9;9;131,60;1;0;0;0;19;0;0;7;0;0;0,00;0;0;8;0;0;0,00;0;11,1;0,6;2,02;Dropout;0;1;1;0;0;0
1672;1;1;1;9085;1;1;148;1;19;3;4;2;136,50;0;0;0;0;19;0;0;5;10;0;0,00;0;0;5;10;0;0,00;0;7,6;2,6;0,32;Dropout;0;1;1;0;0;0
2529;1;17;2;9773;1;1;148;1;3;38;2;6;144,20;1;0;1;0;35;0;0;1;1;0;0,00;1;0;5;0;0;0,00;0;10,8;1,4;1,74;Dropout;0;1;0;0;0;0
4180;1;17;4;9500;1;1;148;1;3;19;4;7;131,90;1;0;1;0;21;0;0;6;0;0;0,00;0;0;6;0;0;0,00;0;10,8;1,4;1,74;Dropout;0;1;1;0;0;0
2320;1;17;1;9254;1;1;148;1;1;1;4;8;145,20;0;0;1;1;20;0;0;6;6;0;0,00;0;0;6;12;0;0,00;0;10,8;1,4;1,74;Dropout;0;1;0;0;0;0
829;1;1;4;9500;1;1;148;1;19;19;4;5;137,00;1;0;1;0;22;0;0;6;0;0;0,00;0;0;6;0;0;0,00;0;13,9;-0,3;0,79;Dropout;0;1;1;0;0;0
2570;1;1;2;9773;1;1;148;1;19;1;3;9;140,00;1;0;1;0;32;0;0;7;7;0;0,00;0;0;7;8;0;0,00;0;13,9;-0,3;0,79;Dropout;0;1;0;0;0;0
3444;1;1;2;9773;1;1;148;1;1;19;9;9;141,70;0;0;0;0;27;0;0;7;14;0;0,00;0;0;7;14;0;0,00;0;11,1;0,6;2,02;Dropout;0;1;0;0;0;0
2627;1;1;1;9500;1;1;148;1;1;1;4;3;137,50;0;0;0;0;41;0;0;6;0;0;0,00;0;0;6;0;0;0,00;0;16,2;0,3;-0,92;Dropout;0;1;0;0;0;0
2580;1;1;1;9238;1;1;148;1;37;37;9;9;143,50;0;0;0;0;39;1;0;7;0;0;0,00;0;0;8;0;0;0,00;0;12,7;3,7;-1,7;Dropout;0;1;0;0;0;0
2156;1;1;1;9500;1;1;148;1;19;19;9;9;138,70;0;0;1;0;36;0;0;7;0;0;0,00;0;0;8;0;0;0,00;0;12,4;0,5;1,79;Dropout;0;1;0;0;0;0
3572;1;17;1;9119;1;1;148;1;1;38;4;5;148,70;0;0;0;0;29;0;0;6;0;0;0,00;0;0;6;0;0;0,00;0;15,5;2,8;-4,06;Dropout;0;1;1;0;0;0
2789;1;39;1;9670;1;1;148;1;19;19;7;7;130,90;0;0;1;0;19;0;0;5;0;0;0,00;0;0;5;0;0;0,00;0;16,2;0,3;-0,92;Dropout;0;1;0;0;0;0
3617;1;1;1;9119;1;1;148;1;19;19;9;8;129,80;0;0;1;1;20;0;0;6;7;0;0,00;0;0;6;6;0;0,00;0;8,9;1,4;3,51;Dropout;0;1;1;0;0;0
2039;1;10;1;9670;1;1;148,9;22;37;37;9;9;148,90;0;0;0;0;18;0;0;6;12;0;0,00;0;0;6;12;0;0,00;0;7,6;2,6;0,32;Dropout;0;1;0;0;0;0
1890;1;1;1;171;1;1;149;1;1;1;9;3;156,00;1;0;0;0;18;0;0;7;0;0;0,00;0;0;8;0;0;0,00;0;13,9;-0,3;0,79;Dropout;0;1;0;0;0;0
882;1;1;1;171;1;1;149;1;3;2;2;5;151,10;1;0;1;0;20;0;0;5;14;0;0,00;0;0;5;5;0;0,00;0;11,1;0,6;2,02;Dropout;0;1;1;0;0;0
964;1;1;2;9119;1;1;149;1;38;38;5;5;141,00;0;0;1;0;48;0;0;6;0;0;0,00;0;0;6;0;0;0,00;0;15,5;2,8;-4,06;Dropout;0;1;0;0;0;0
549;1;1;1;9500;1;1;149;1;37;37;9;9;138,00;0;0;1;1;18;0;0;5;5;0;0,00;0;0;5;5;0;0,00;0;9,4;-0,8;-3,12;Dropout;0;1;0;0;0;0
3813;1;43;1;9238;1;1;149;1;37;37;9;6;130,50;1;0;0;0;19;0;0;6;0;0;0,00;0;0;6;0;0;0,00;0;12,4;0,5;1,79;Dropout;0;1;1;0;0;0
212;1;1;1;9500;1;1;149;1;37;37;9;9;136,00;0;0;0;0;19;0;0;7;0;0;0,00;0;0;8;0;0;0,00;0;16,2;0,3;-0,92;Dropout;0;1;0;0;0;0
2211;1;1;3;9500;1;1;149;1;1;1;4;4;129,30;1;0;1;0;22;0;0;6;0;0;0,00;0;0;6;0;0;0,00;0;13,9;-0,3;0,79;Dropout;0;1;0;0;0;0
3026;1;1;6;9500;1;1;149;1;1;1;4;9;133,00;1;0;1;0;24;0;0;6;13;0;0,00;3;0;6;6;0;0,00;0;16,2;0,3;-0,92;Dropout;0;1;0;0;0;0
577;1;1;2;9500;1;1;149;1;3;1;9;9;137,50;0;0;1;0;31;0;0;6;8;0;0,00;0;0;6;10;0;0,00;0;16,2;0,3;-0,92;Dropout;0;1;0;0;0;0
207;1;1;2;9500;1;1;149;1;19;38;9;9;126,50;1;0;0;0;19;0;0;6;0;0;0,00;0;0;6;0;0;0,00;0;12,4;0,5;1,79;Dropout;0;1;1;0;0;0
3487;1;1;2;9500;1;1;149;1;19;1;9;9;137,80;1;0;0;0;25;0;0;6;6;0;0,00;0;0;6;6;0;0,00;0;11,1;0,6;2,02;Dropout;0;1;0;0;0;0
524;1;18;3;9085;1;1;149;103;1;1;9;9;132,20;1;0;1;0;18;0;0;6;0;0;0,00;0;0;6;0;0;0,00;0;15,5;2,8;-4,06;Dropout;0;1;0;0;0;0
15;1;1;1;9085;1;1;149;1;38;37;5;5;137,10;1;0;0;0;18;0;0;6;0;0;0,00;0;0;6;0;0;0,00;0;13,9;-0,3;0,79;Dropout;0;1;1;0;0;0
1064;1;1;1;9500;1;1;149;1;19;1;4;4;134,80;0;0;1;0;37;0;0;6;0;0;0,00;0;0;6;0;0;0,00;0;9,4;-0,8;-3,12;Dropout;0;1;0;0;0;0
3355;1;1;1;9500;1;1;149;1;38;37;9;9;139,50;0;0;1;0;19;0;0;6;0;0;0,00;0;0;6;0;0;0,00;0;12,4;0,5;1,79;Dropout;0;1;1;0;0;0
4101;1;43;1;9556;1;1;149;1;1;1;4;8;140,20;1;1;1;0;22;0;0;6;11;0;0,00;0;0;5;10;0;0,00;0;9,4;-0,8;-3,12;Dropout;0;1;1;0;0;0
1776;1;1;3;9773;1;1;149;1;1;3;0;0;148,70;0;0;1;0;42;0;0;6;0;0;0,00;0;0;6;0;0;0,00;0;12,7;3,7;-1,7;Dropout;0;1;1;0;0;0
1752;1;1;1;171;1;1;150;1;38;19;9;9;137,80;1;0;0;0;50;0;0;1;1;0;0,00;1;0;6;0;0;0,00;0;10,8;1,4;1,74;Dropout;0;1;0;0;0;0
910;1;1;1;171;1;1;150;1;38;19;7;10;134,60;0;0;0;0;19;0;0;6;0;0;0,00;0;0;6;0;0;0,00;0;12,7;3,7;-1,7;Dropout;0;1;0;0;0;0
2892;1;39;1;9991;0;1;150;1;3;1;3;9;154,00;0;0;0;0;38;0;0;6;0;0;0,00;0;0;6;0;0;0,00;0;15,5;2,8;-4,06;Dropout;0;1;0;0;0;0
4006;2;39;1;9085;1;1;150;1;37;37;90;10;112,00;0;0;1;0;35;0;0;7;9;0;0,00;0;0;7;8;0;0,00;0;11,1;0,6;2,02;Dropout;0;1;1;0;0;0
2924;1;39;1;9670;1;1;150;1;34;34;0;0;108,00;0;0;1;0;34;0;0;6;0;0;0,00;0;0;6;0;0;0,00;0;10,8;1,4;1,74;Dropout;0;1;1;0;0;0
3866;1;17;2;9773;1;1;150;1;1;1;4;5;130,80;0;0;1;0;58;0;0;6;9;0;0,00;0;0;6;6;0;0,00;0;13,9;-0,3;0,79;Dropout;0;1;0;0;0;0
2313;1;1;1;9147;1;1;150;1;34;19;0;4;152,80;1;0;1;0;36;0;0;5;5;0;0,00;0;0;5;5;0;0,00;0;12,7;3,7;-1,7;Dropout;0;0;0;0;0;0
1939;1;39;1;9085;1;1;150;1;19;19;4;10;100,00;0;0;1;0;22;0;0;5;5;0;0,00;0;0;5;5;0;0,00;0;15,5;2,8;-4,06;Dropout;0;0;0;0;0;0
3489;1;39;1;9130;1;1;150;1;1;1;4;10;110,00;0;0;1;0;47;0;0;5;5;0;0,00;0;0;5;5;0;0,00;0;12,7;3,7;-1,7;Dropout;0;0;1;0;0;0
1793;1;39;1;9991;0;1;150;1;3;5;2;2;135,80;0;0;0;0;24;0;0;5;5;0;0,00;0;0;5;10;0;0,00;0;10,8;1,4;1,74;Dropout;0;0;0;0;0;0
3370;1;17;1;9254;1;1;150;1;1;1;9;10;142,70;0;0;1;0;24;0;0;6;12;0;0,00;0;0;6;9;0;0,00;0;10,8;1,4;1,74;Dropout;0;0;0;0;0;0
2202;1;39;1;9500;1;1;150;1;38;3;9;1;140,00;0;0;1;0;45;0;0;5;5;0;0,00;0;0;5;5;0;0,00;0;15,5;2,8;-4,06;Dropout;0;0;1;0;0;0
3168;1;39;1;9991;0;1;150;1;19;38;9;8;140,90;0;1;1;0;41;0;0;5;5;0;0,00;1;0;5;5;0;0,00;5;12,7;3,7;-1,7;Dropout;0;0;0;0;0;0
3776;1;1;1;9085;1;1;150;1;37;37;4;9;132,10;1;0;0;0;40;0;0;5;10;0;0,00;0;0;5;5;0;0,00;0;7,6;2,6;0,32;Dropout;0;0;0;0;0;0
174;1;42;1;8014;0;1;150;1;19;2;4;6;148,00;0;0;1;0;26;0;0;6;8;0;0,00;0;0;6;10;0;0,00;0;16,2;0,3;-0,92;Dropout;0;0;0;0;0;0
392;1;39;1;9500;1;1;150;1;1;19;5;3;140,00;0;1;1;1;22;0;0;4;8;0;0,00;0;0;4;8;0;0,00;0;7,6;2,6;0,32;Dropout;0;0;0;0;0;0
4355;4;39;1;9991;0;1;150;1;37;38;9;9;146,20;0;0;1;0;27;0;0;6;6;0;0,00;0;0;6;8;0;0,00;0;15,5;2,8;-4,06;Dropout;0;0;0;0;0;0
2375;1;39;1;9130;1;1;150;1;19;19;9;5;160,00;1;0;0;0;39;0;0;7;0;0;0,00;0;0;8;0;0;0,00;0;12,4;0,5;1,79;Dropout;0;0;1;0;0;0
1870;1;1;1;9773;1;1;150;1;19;11;0;0;131,10;1;0;1;0;33;0;0;6;8;0;0,00;0;0;5;6;0;0,00;0;16,2;0,3;-0,92;Dropout;0;0;1;0;0;0
4193;1;17;2;9853;1;1;150;1;37;37;5;6;132,50;1;0;0;0;18;0;0;6;0;0;0,00;0;0;6;0;0;0,00;0;13,9;-0,3;0,79;Dropout;0;0;1;0;0;0
2377;1;39;1;9147;1;1;150;1;37;1;7;3;148,80;0;0;1;0;38;0;0;5;5;0;0,00;0;0;5;5;0;0,00;0;8,9;1,4;3,51;Dropout;0;0;1;0;0;0
2584;1;39;1;9991;0;1;150;1;19;37;9;8;138,50;0;0;1;1;30;0;0;5;13;0;0,00;3;0;5;5;0;0,00;5;9,4;-0,8;-3,12;Dropout;0;0;1;0;0;0
3949;2;39;1;9670;1;1;150;1;37;19;9;4;135,60;0;0;0;0;31;0;0;5;7;0;0,00;0;0;5;7;0;0,00;0;16,2;0,3;-0,92;Dropout;0;0;0;0;0;0
2645;1;39;1;9003;1;1;150;1;37;19;6;4;137,00;0;0;1;0;32;0;0;7;0;0;0,00;0;0;8;0;0;0,00;0;16,2;0,3;-0,92;Dropout;0;0;0;0;0;0
1043;4;43;1;9670;1;1;150;1;37;37;9;6;110,00;0;0;1;0;19;0;0;5;5;0;0,00;0;0;4;4;0;0,00;0;7,6;2,6;0,32;Dropout;0;0;0;0;0;0
3454;1;1;6;9500;1;1;150;1;37;38;9;9;131,50;1;0;0;0;25;0;0;5;5;0;0,00;0;0;5;9;0;0,00;0;10,8;1,4;1,74;Dropout;0;0;1;0;0;0
1235;1;17;6;9500;1;1;150;1;1;37;1;1;131,50;1;0;0;0;20;0;0;7;9;0;0,00;0;0;6;6;0;0,00;0;11,1;0,6;2,02;Dropout;0;0;1;0;0;0
3144;1;17;1;9500;1;1;150;1;37;37;9;9;130,30;0;0;1;0;51;0;0;4;4;0;0,00;0;0;4;4;0;0,00;0;12,7;3,7;-1,7;Dropout;0;0;1;0;0;0
893;1;43;1;9500;1;1;150;1;37;37;9;9;130,80;1;0;1;0;23;0;0;5;5;0;0,00;0;0;5;5;0;0,00;0;7,6;2,6;0,32;Dropout;0;0;0;0;0;0
873;1;42;1;9991;0;1;150;1;19;19;5;5;113,70;0;0;0;0;29;0;0;4;4;0;0,00;0;0;5;0;0;0,00;0;12,7;3,7;-1,7;Dropout;0;0;0;0;0;0
536;1;43;1;9991;0;1;150;1;3;3;4;4;100,00;1;0;1;0;27;0;0;5;10;0;0,00;0;0;5;5;0;0,00;0;15,5;2,8;-4,06;Dropout;0;0;1;0;0;0
3289;1;39;1;9991;0;1;150;1;1;37;4;6;120,00;0;0;0;0;28;0;0;6;6;0;0,00;0;0;6;7;0;0,00;0;8,9;1,4;3,51;Dropout;0;0;0;0;0;0
509;1;1;1;9130;1;1;150;1;5;5;2;2;146,20;0;0;1;0;19;0;0;4;8;0;0,00;1;0;6;0;0;0,00;0;9,4;-0,8;-3,12;Dropout;0;0;0;0;0;0
2241;1;39;1;9254;1;1;150;1;3;1;3;4;122,30;0;0;1;0;45;0;0;6;12;0;0,00;0;0;6;12;0;0,00;0;9,4;-0,8;-3,12;Dropout;0;0;1;0;0;0
4188;2;39;1;8014;0;1;150;1;37;38;3;7;134,50;0;0;0;0;19;0;0;6;6;0;0,00;0;0;6;0;0;0,00;0;8,9;1,4;3,51;Dropout;0;0;1;0;0;0
4091;2;39;1;8014;0;1;150;1;34;34;0;0;112,50;0;0;1;0;32;0;0;5;9;0;0,00;1;0;5;5;0;0,00;0;9,4;-0,8;-3,12;Dropout;0;0;1;0;0;0
3857;1;39;1;9254;1;1;150;1;37;37;9;9;115,00;0;0;0;0;19;0;0;5;12;0;0,00;4;0;5;8;0;0,00;1;9,4;-0,8;-3,12;Dropout;0;0;1;0;0;0
1666;1;1;1;9773;1;1;150;1;1;1;4;4;138,10;1;0;1;0;34;0;0;6;7;0;0,00;0;0;6;0;0;0,00;0;12,4;0,5;1,79;Dropout;0;0;1;0;0;0
4054;1;43;1;9070;1;1;150;1;2;3;3;2;140,80;0;0;1;0;33;0;0;5;6;0;0,00;0;0;5;5;0;0,00;0;12,7;3,7;-1,7;Dropout;0;0;1;0;0;0
2619;1;17;2;9853;1;1;150;1;38;19;5;5;142,00;1;0;1;0;34;0;0;6;6;0;0,00;0;0;6;6;0;0,00;0;15,5;2,8;-4,06;Dropout;0;0;1;0;0;0
3761;1;2;1;9147;1;1;150;1;37;37;9;9;122,00;1;0;1;0;19;0;0;6;0;0;0,00;0;0;6;0;0;0,00;0;8,9;1,4;3,51;Dropout;0;0;0;0;0;0
2647;1;43;1;9070;1;1;150;1;3;39;3;7;126,40;0;0;1;0;34;0;0;6;6;0;0,00;0;0;6;9;0;0,00;0;10,8;1,4;1,74;Dropout;0;0;0;0;0;0
3468;1;17;1;9853;1;1;150;1;19;19;3;4;135,00;0;0;1;0;24;0;0;6;7;0;0,00;0;0;6;7;0;0,00;0;16,2;0,3;-0,92;Dropout;0;0;1;0;0;0
4245;1;1;1;171;1;1;150;1;3;3;2;5;154,60;1;0;0;0;35;0;0;6;0;0;0,00;0;0;6;0;0;0,00;0;10,8;1,4;1,74;Dropout;0;0;1;0;0;0
2343;1;43;1;9003;1;1;150;1;2;4;4;1;150,00;0;0;1;0;28;0;0;5;5;0;0,00;0;0;5;5;0;0,00;0;9,4;-0,8;-3,12;Dropout;0;0;0;0;0;0
323;1;1;1;9500;1;1;150;1;1;1;5;1;155,60;0;0;1;0;29;0;0;5;5;0;0,00;0;0;5;5;0;0,00;0;12,7;3,7;-1,7;Dropout;0;0;1;0;0;0
4212;1;1;1;9238;1;1;150;1;19;37;5;4;142,70;1;0;0;0;50;0;0;6;11;0;0,00;0;0;5;6;0;0,00;0;8,9;1,4;3,51;Dropout;0;0;0;0;0;0
4391;1;39;1;9085;1;1;150;1;38;38;9;9;132,00;1;0;0;0;54;1;0;7;7;0;0,00;0;0;5;10;0;0,00;0;12,4;0,5;1,79;Dropout;0;0;0;0;0;0
2436;1;42;1;9119;1;1;150;1;38;37;5;8;133,50;1;0;0;0;32;0;0;5;5;0;0,00;0;0;5;6;0;0,00;0;10,8;1,4;1,74;Dropout;0;0;0;0;0;0
79;1;17;4;9500;1;1;150;1;38;37;9;9;130,80;0;0;0;0;18;0;0;6;0;0;0,00;0;0;6;0;0;0,00;0;11,1;0,6;2,02;Dropout;0;0;0;0;0;0
2823;1;44;1;9238;1;1;150;1;1;38;4;9;145,90;0;0;1;0;29;0;0;6;6;0;0,00;0;0;5;5;0;0,00;0;8,9;1,4;3,51;Dropout;0;0;1;0;0;0
4064;1;39;1;9991;0;1;150;1;1;37;9;7;130,20;0;0;0;0;30;0;0;6;0;0;0,00;0;0;6;0;0;0,00;0;12,7;3,7;-1,7;Dropout;0;0;1;0;0;0
4352;1;1;3;9070;1;1;150;1;1;1;4;8;131,50;1;0;0;0;20;0;0;6;0;0;0,00;0;0;6;0;0;0,00;0;8,9;1,4;3,51;Dropout;0;0;1;0;0;0
1410;1;15;1;9147;1;1;150;1;38;1;9;1;150,00;0;0;1;0;24;0;0;6;0;0;0,00;0;0;6;0;0;0,00;0;11,1;0,6;2,02;Dropout;0;0;0;0;0;0
781;1;17;1;9773;1;1;150;1;38;38;7;7;137,80;1;0;1;0;18;0;0;6;12;0;0,00;0;0;6;0;0;0,00;0;9,4;-0,8;-3,12;Dropout;0;0;1;0;0;0
3966;1;1;3;9500;1;1;150;1;19;19;5;5;132,80;1;0;0;0;39;0;0;6;0;0;0,00;0;0;6;0;0;0,00;0;9,4;-0,8;-3,12;Dropout;0;0;0;0;0;0
2799;1;42;1;9500;1;1;150;1;19;1;9;3;110,00;1;0;0;0;37;0;0;5;5;0;0,00;0;0;5;10;0;0,00;0;10,8;1,4;1,74;Dropout;0;0;0;0;0;0
1663;1;1;1;9500;1;1;150;1;19;1;4;4;137,80;0;0;1;0;36;0;0;5;10;0;0,00;0;0;5;5;0;0,00;0;15,5;2,8;-4,06;Dropout;0;0;0;0;0;0
3580;1;1;1;9670;1;1;150;1;3;37;4;7;139,50;0;0;0;0;26;0;0;5;5;0;0,00;0;0;5;6;0;0,00;0;10,8;1,4;1,74;Dropout;0;0;1;0;0;0
1129;1;1;1;9147;1;1;150;1;37;37;9;6;138,50;0;0;1;0;26;0;0;5;5;0;0,00;0;0;5;9;0;0,00;0;10,8;1,4;1,74;Dropout;0;0;0;0;0;0
959;1;1;1;9147;1;1;150;1;1;19;5;5;137,80;1;0;0;0;32;0;0;5;6;0;0,00;0;0;5;5;0;0,00;0;12,7;3,7;-1,7;Dropout;0;0;1;0;0;0
72;1;17;1;9500;1;1;150;1;37;19;8;4;130,80;0;0;0;0;39;0;0;5;5;0;0,00;0;0;4;4;0;0,00;0;9,4;-0,8;-3,12;Dropout;0;0;1;0;0;0
3447;1;16;1;9085;1;1;150;1;3;3;2;1;153,50;1;0;1;0;49;0;0;5;5;0;0,00;0;0;5;5;0;0,00;0;7,6;2,6;0,32;Dropout;0;0;0;0;0;0
2938;1;43;5;9853;1;1;150;1;34;34;0;0;150,20;1;0;0;0;20;0;0;6;6;0;0,00;0;0;6;9;0;0,00;0;10,8;1,4;1,74;Dropout;0;0;1;0;0;0
1203;2;39;2;9147;1;1;150;1;19;37;9;7;101,00;0;0;0;0;40;0;0;4;4;0;0,00;0;0;5;0;0;0,00;0;12,7;3,7;-1,7;Dropout;0;0;0;0;0;0
1242;2;39;1;9130;1;1;150;1;19;19;4;4;130,00;0;0;1;0;24;0;0;6;0;0;0,00;0;0;6;0;0;0,00;0;13,9;-0,3;0,79;Dropout;0;0;1;0;0;0
1858;1;15;1;9238;1;1;150;26;19;1;9;9;146,50;1;0;0;0;34;0;0;5;5;0;0,00;0;0;5;0;0;0,00;0;9,4;-0,8;-3,12;Dropout;0;0;1;0;0;0
4388;2;1;1;9991;0;1;150;1;37;37;9;9;131,80;0;0;1;0;25;0;0;5;5;0;0,00;0;0;5;5;0;0,00;0;9,4;-0,8;-3,12;Dropout;0;0;0;0;0;0
523;1;15;1;9238;1;1;150;26;3;37;2;8;132,50;1;0;0;0;53;0;0;5;5;0;0,00;0;0;4;5;0;0,00;0;15,5;2,8;-4,06;Dropout;0;0;1;0;0;0
2833;2;39;1;9003;1;1;150;1;3;3;2;2;120,00;0;0;1;0;50;0;0;6;6;0;0,00;0;0;5;6;0;0,00;0;12,4;0,5;1,79;Dropout;0;0;0;0;0;0
680;1;1;1;171;1;1;151;41;3;3;2;5;161,90;1;0;1;0;26;0;0;6;0;0;0,00;0;0;6;0;0;0,00;0;16,2;0,3;-0,92;Dropout;0;0;1;0;0;0
2009;1;1;1;171;1;1;151;1;37;37;9;7;147,50;1;0;1;0;27;0;0;5;5;0;0,00;0;0;5;5;0;0,00;0;7,6;2,6;0,32;Dropout;0;0;0;0;0;0
1841;1;10;1;9773;1;1;151;22;38;37;0;5;151,00;1;0;1;0;38;0;0;5;5;0;0,00;0;0;5;5;0;0,00;0;8,9;1,4;3,51;Dropout;0;0;1;0;0;0
1273;2;1;1;9147;1;1;151;1;38;37;9;8;132,10;1;0;1;0;36;0;0;6;8;0;0,00;0;0;6;10;0;0,00;0;16,2;0,3;-0,92;Dropout;0;0;1;0;0;0
26;1;1;1;9238;1;1;151;1;19;38;9;9;157,00;1;0;1;0;29;0;0;5;11;0;0,00;4;0;5;6;0;0,00;1;9,4;-0,8;-3,12;Dropout;0;0;0;0;0;0
2094;1;1;1;9500;1;1;151;1;37;37;9;9;138,00;1;0;0;0;20;0;0;6;0;0;0,00;0;0;6;0;0;0,00;0;15,5;2,8;-4,06;Dropout;0;0;0;0;0;0
354;2;1;1;9500;1;1;151;1;37;38;9;7;134,50;0;0;0;0;37;0;0;8;8;0;0,00;1;0;8;8;0;0,00;1;12,7;3,7;-1,7;Dropout;0;0;0;0;0;0
270;1;1;5;9500;1;1;151;1;1;1;9;9;127,80;0;0;1;0;31;0;0;5;9;0;0,00;0;0;5;6;0;0,00;0;12,4;0,5;1,79;Dropout;0;0;0;0;0;0
1526;1;1;1;9500;1;1;151;1;1;1;4;3;132,30;0;0;0;0;32;0;0;6;0;0;0,00;0;0;6;0;0;0,00;0;11,1;0,6;2,02;Dropout;0;0;0;0;0;0
1074;1;1;1;9085;1;1;151;1;3;3;1;90;161,90;0;0;1;0;27;0;0;5;5;0;0,00;0;0;5;5;0;0,00;0;12,7;3,7;-1,7;Dropout;0;0;0;0;0;0
651;1;17;1;9238;1;1;151;1;19;1;5;0;144,40;1;0;0;0;18;0;0;4;4;0;0,00;0;0;4;4;0;0,00;0;12,7;3,7;-1,7;Dropout;0;0;0;0;0;0
671;1;1;1;9238;1;1;151;1;37;1;9;9;138,40;1;0;0;0;19;0;0;5;5;0;0,00;0;0;6;0;0;0,00;0;10,8;1,4;1,74;Dropout;0;0;0;0;0;0
3982;1;1;2;9085;1;1;151;1;40;4;2;2;144,50;1;0;1;0;38;0;0;6;8;0;0,00;0;0;6;10;0;0,00;0;16,2;0,3;-0,92;Dropout;0;0;0;0;0;0
3533;1;1;1;9147;1;1;151;1;1;38;4;7;137,00;1;0;1;0;29;0;0;6;12;0;0,00;0;0;6;6;0;0,00;6;9,4;-0,8;-3,12;Dropout;0;0;1;0;0;0
2896;2;1;1;8014;0;1;151;1;37;37;9;9;152,40;0;0;1;0;34;0;0;5;5;0;0,00;0;0;5;5;0;0,00;0;15,5;2,8;-4,06;Dropout;0;0;1;0;0;0
3024;1;1;2;171;1;1;152;1;38;19;9;9;151,70;1;0;0;0;37;0;0;6;6;0;0,00;0;0;5;5;0;0,00;0;8,9;1,4;3,51;Dropout;0;0;1;0;0;0
2605;1;17;1;9238;1;1;152;1;37;37;7;5;132,10;1;0;1;0;18;0;0;6;6;0;0,00;0;0;6;0;0;0,00;0;8,9;1,4;3,51;Dropout;0;0;0;0;0;0
1753;1;17;2;9070;1;1;152;1;39;39;3;3;134,20;1;0;0;0;19;0;0;6;0;0;0,00;0;0;6;0;0;0,00;0;11,1;0,6;2,02;Dropout;0;0;1;0;0;0
1178;1;1;2;9070;1;1;152;101;2;1;9;1;168,50;1;0;1;0;70;0;0;5;5;0;0,00;0;0;5;9;0;0,00;0;10,8;1,4;1,74;Dropout;0;0;1;0;0;0
1326;1;1;2;9500;1;1;152;1;37;37;9;9;139,00;1;0;1;0;28;0;0;5;10;0;0,00;0;0;5;7;0;0,00;0;12,4;0,5;1,79;Dropout;0;0;0;0;0;0
3868;1;17;1;9500;1;1;152;1;19;19;4;9;132,50;0;0;1;0;20;0;0;4;4;0;0,00;0;0;4;8;0;0,00;0;10,8;1,4;1,74;Dropout;0;0;0;0;0;0
4424;1;10;1;9773;1;1;152;22;38;37;5;9;152,00;1;0;0;0;39;0;0;5;5;0;0,00;0;0;5;5;0;0,00;0;7,6;2,6;0,32;Dropout;0;0;0;0;0;0
1434;1;16;3;9070;1;1;152;1;1;38;4;8;156,90;1;0;0;0;20;0;0;6;6;0;0,00;0;0;6;0;0;0,00;0;8,9;1,4;3,51;Dropout;0;0;1;0;0;0
378;1;1;1;9500;1;1;152;1;1;1;4;4;141,00;1;0;0;0;32;0;0;6;6;0;0,00;0;0;5;10;0;0,00;0;10,8;1,4;1,74;Dropout;0;0;1;0;0;0
318;1;1;1;9500;1;1;152;1;41;19;3;5;137,80;0;0;0;0;24;0;0;5;0;0;0,00;0;0;5;0;0;0,00;0;13,9;-0,3;0,79;Dropout;0;0;0;0;0;0
2785;1;1;1;9070;1;1;152;1;37;37;5;7;136,30;0;0;1;0;18;0;0;5;6;0;0,00;0;0;5;5;0;0,00;0;12,7;3,7;-1,7;Dropout;0;0;1;0;0;0
4400;1;1;1;9254;1;1;152;1;37;19;9;9;137,00;1;0;1;0;41;0;0;5;9;0;0,00;4;0;5;9;0;0,00;3;10,8;1,4;1,74;Dropout;0;0;0;0;0;0
1144;1;1;1;9853;1;1;152;1;19;19;9;5;154,10;0;0;1;0;23;0;0;7;0;0;0,00;0;0;8;0;0;0,00;0;12,7;3,7;-1,7;Dropout;0;0;0;0;0;0
1125;1;1;1;9773;1;1;152;1;38;37;9;9;139,10;0;0;0;0;20;0;0;4;4;0;0,00;0;0;5;5;0;0,00;0;12,4;0,5;1,79;Dropout;0;0;0;0;0;0
2316;1;1;1;9130;1;1;152;1;19;37;9;8;135,60;1;0;1;0;29;0;0;5;12;0;0,00;4;0;5;8;0;0,00;1;9,4;-0,8;-3,12;Dropout;0;0;1;0;0;0
4124;1;1;3;9500;1;1;153;6;37;37;9;9;131,80;1;0;1;0;20;0;0;5;5;0;0,00;0;0;5;0;0;0,00;0;9,4;-0,8;-3,12;Dropout;0;0;0;0;0;0
4111;1;1;1;9500;1;1;153;1;38;19;9;5;138,50;1;0;1;0;24;0;0;5;5;0;0,00;0;0;5;5;0;0,00;0;12,7;3,7;-1,7;Dropout;0;0;0;0;0;0
787;1;1;1;9070;1;1;153;1;3;3;1;2;146,70;1;0;0;0;19;0;0;7;14;0;0,00;0;0;8;0;0;0,00;0;11,1;0,6;2,02;Dropout;0;0;1;0;0;0
4396;1;17;3;9773;1;1;153;1;34;34;99;99;133,10;1;0;0;0;24;0;0;6;12;0;0,00;0;0;5;10;0;0,00;0;9,4;-0,8;-3,12;Dropout;0;0;0;0;0;0
1084;1;1;1;9853;1;1;153;1;1;19;9;4;139,70;1;0;0;0;41;0;0;6;6;0;0,00;6;0;6;12;0;0,00;0;9,4;-0,8;-3,12;Dropout;0;0;1;0;0;0
2546;1;1;3;9773;1;1;153;1;3;1;2;8;137,60;1;0;0;0;19;0;0;7;0;0;0,00;0;0;8;0;0;0,00;0;12,7;3,7;-1,7;Dropout;0;0;1;0;0;0
1226;1;17;1;9238;1;1;153;1;38;38;7;7;159,70;1;0;1;0;49;0;0;5;5;0;0,00;0;0;5;9;0;0,00;0;10,8;1,4;1,74;Dropout;0;0;0;0;0;0
2888;1;1;1;9853;1;1;153;1;19;37;9;9;153,70;0;0;1;0;20;0;0;6;11;0;0,00;6;0;6;12;0;0,00;12;16,2;0,3;-0,92;Dropout;0;0;1;0;0;0
4208;1;1;1;9500;1;1;153;1;38;37;7;8;147,90;0;0;0;0;26;0;0;3;3;0;0,00;0;0;6;0;0;0,00;0;8,9;1,4;3,51;Dropout;0;0;1;0;0;0
138;1;1;1;9773;1;1;153;1;1;1;141;175;157,90;0;0;0;0;48;0;0;6;6;0;0,00;0;0;6;6;0;0,00;0;11,1;0,6;2,02;Dropout;0;0;0;0;0;0
3950;1;43;1;9147;1;1;153;1;1;19;9;10;147,80;0;0;1;0;24;0;0;5;8;0;0,00;0;0;5;5;0;0,00;0;9,4;-0,8;-3,12;Dropout;0;0;1;0;0;0
117;1;17;1;9238;1;1;154;1;19;37;9;7;140,40;1;0;1;0;45;0;0;5;9;0;0,00;0;0;5;11;0;0,00;0;12,4;0,5;1,79;Dropout;0;0;1;0;0;0
46;1;17;1;9991;0;1;154;1;38;38;4;5;134,10;0;0;1;0;25;0;0;5;8;0;0,00;0;0;5;5;0;0,00;0;9,4;-0,8;-3,12;Dropout;0;0;1;0;0;0
4422;1;1;1;9500;1;1;154;1;37;37;9;9;149,50;1;0;1;0;33;0;0;5;5;0;0,00;0;0;5;5;0;0,00;0;7,6;2,6;0,32;Dropout;0;0;1;0;0;0
698;1;1;1;9254;1;1;154;1;3;1;2;1;137,20;0;0;1;0;22;0;0;6;0;0;0,00;0;0;4;6;0;0,00;2;10,8;1,4;1,74;Dropout;0;0;0;0;0;0
784;1;1;3;9500;1;1;154;1;3;3;1;3;129,00;1;0;1;0;20;0;0;5;5;0;0,00;0;0;5;5;0;0,00;0;8,9;1,4;3,51;Dropout;0;0;1;0;0;0
530;1;1;1;9130;1;1;154;1;3;3;2;2;137,20;1;0;0;0;18;0;0;7;0;0;0,00;0;0;8;0;0;0,00;0;9,4;-0,8;-3,12;Dropout;0;0;0;0;0;0
268;1;1;2;9773;1;1;154;1;38;38;9;9;133,40;1;0;0;0;27;0;0;6;8;0;0,00;0;0;5;6;0;0,00;0;16,2;0,3;-0,92;Dropout;0;0;1;0;0;0
236;1;1;1;9238;1;1;154;1;38;37;9;9;140,40;0;0;1;0;28;0;0;5;0;0;0,00;0;0;5;0;0;0,00;0;8,9;1,4;3,51;Dropout;0;0;0;0;0;0
544;1;1;1;9500;1;1;154;1;1;1;5;3;144,90;0;0;0;0;22;0;0;6;0;0;0,00;0;0;2;2;0;0,00;2;9,4;-0,8;-3,12;Dropout;0;0;0;0;0;0
2926;1;1;1;9773;1;1;154;1;37;37;9;7;150,20;0;0;1;0;42;0;0;4;5;0;0,00;0;0;4;4;0;0,00;0;13,9;-0,3;0,79;Dropout;0;0;1;0;0;0
3401;1;1;1;9238;1;1;154;1;38;38;9;9;156,50;1;1;1;0;31;0;0;6;14;0;0,00;0;0;6;6;0;0,00;0;12,7;3,7;-1,7;Dropout;0;0;0;0;0;0
1038;1;1;1;9238;1;1;154;1;1;3;4;2;164,90;0;0;0;0;35;0;0;6;0;0;0,00;0;0;6;0;0;0,00;0;15,5;2,8;-4,06;Dropout;0;0;0;0;0;0
2511;1;10;2;9773;1;1;154,4;22;19;38;3;5;154,40;1;0;0;1;26;0;0;6;7;0;0,00;0;0;6;6;0;0,00;0;13,9;-0,3;0,79;Dropout;0;0;0;0;0;0
2657;1;16;1;171;1;1;155;1;1;3;5;10;167,30;1;0;0;0;19;1;0;5;14;0;0,00;0;0;5;5;0;0,00;0;8,9;1,4;3,51;Dropout;0;0;1;0;0;0
2922;1;39;1;8014;0;1;155;1;19;37;4;5;117,50;0;0;1;0;22;0;0;0;0;0;0,00;0;0;0;0;0;0,00;0;7,6;2,6;0,32;Graduate;-1;1;1;0;-1;0
594;1;17;1;9670;1;1;155;1;1;19;4;8;134,70;1;0;1;1;19;0;0;0;0;0;0,00;0;0;0;0;0;0,00;0;11,1;0,6;2,02;Graduate;-1;1;1;0;-1;0
3988;1;1;2;9500;1;1;155;1;1;1;4;3;140,50;1;0;0;0;18;0;0;0;0;0;0,00;0;0;0;0;0;0,00;0;11,1;0,6;2,02;Graduate;-1;1;0;0;-1;0
208;1;1;4;9773;1;1;155;1;3;19;1;4;149,80;1;0;1;1;20;0;0;0;0;0;0,00;0;0;0;0;0;0,00;0;12,4;0,5;1,79;Graduate;-1;1;0;0;-1;0
723;1;1;1;171;1;1;156;1;19;38;9;5;170,00;1;0;0;1;18;0;0;0;0;0;0,00;0;0;0;0;0;0,00;0;9,4;-0,8;-3,12;Graduate;-1;1;0;0;-1;0
2176;1;1;1;171;1;1;156;1;19;38;9;1;153,60;1;0;1;0;19;0;0;0;0;0;0,00;0;0;0;0;0;0,00;0;11,1;0,6;2,02;Graduate;-1;1;0;0;-1;0
340;1;17;1;9130;1;1;156;1;2;9;3;5;166,90;0;0;1;0;24;0;0;0;0;0;0,00;0;0;0;0;0;0,00;0;9,4;-0,8;-3,12;Graduate;-1;1;1;0;-1;0
3546;1;17;3;9500;1;1;156;1;19;37;4;9;132,30;1;0;1;0;19;0;0;0;0;0;0,00;0;0;0;0;0;0,00;0;13,9;-0,3;0,79;Graduate;-1;1;0;0;-1;0
2093;1;1;1;9500;1;1;156;1;5;4;2;1;140,80;0;0;1;0;21;0;0;0;0;0;0,00;0;0;0;0;0;0,00;0;9,4;-0,8;-3,12;Graduate;-1;1;1;0;-1;0
4048;2;1;1;9500;1;1;156;1;1;1;9;10;135,50;0;0;1;1;19;0;0;0;0;0;0,00;0;0;0;0;0;0,00;0;13,9;-0,3;0,79;Graduate;-1;1;0;0;-1;0
947;1;1;1;9147;1;1;156;1;3;19;3;3;151,10;0;0;0;1;18;0;0;0;0;0;0,00;0;0;0;0;0;0,00;0;13,9;-0,3;0,79;Graduate;-1;1;1;0;-1;0
3154;1;1;1;171;1;1;156;1;3;3;2;2;147,70;1;0;0;1;20;0;0;0;0;0;0,00;0;0;0;0;0;0,00;0;12,7;3,7;-1,7;Graduate;-1;1;0;0;-1;0
3662;1;1;1;9773;1;1;156;1;3;3;123;122;155,00;0;0;1;1;18;0;0;0;0;0;0,00;0;0;0;0;0;0,00;0;10,8;1,4;1,74;Graduate;-1;1;0;0;-1;0
1701;1;1;1;9500;1;1;156;1;38;37;9;9;156,30;0;0;0;0;22;0;0;0;0;0;0,00;0;0;0;0;0;0,00;0;16,2;0,3;-0,92;Graduate;-1;1;1;0;-1;0
3312;1;1;2;9085;1;1;156;1;40;40;3;7;150,90;1;0;0;1;18;0;0;0;0;0;0,00;0;0;0;0;0;0,00;0;12,4;0,5;1,79;Graduate;-1;1;1;0;-1;0
2560;1;1;1;9773;1;1;156;1;19;1;5;10;136,80;1;0;0;0;18;0;0;0;0;0;0,00;0;0;0;0;0;0,00;0;7,6;2,6;0,32;Graduate;-1;1;0;0;-1;0
1747;1;43;1;9130;1;1;156;1;19;1;9;4;156,00;0;0;1;0;19;0;0;0;0;0;0,00;0;0;0;0;0;0,00;0;12,7;3,7;-1,7;Graduate;-1;1;1;0;-1;0
2002;1;1;1;9238;1;1;157;1;38;37;9;5;137,80;0;0;0;1;21;0;0;0;0;0;0,00;0;0;0;0;0;0,00;0;11,1;0,6;2,02;Graduate;-1;1;0;0;-1;0
3908;1;1;1;9238;1;1;157;1;3;38;1;5;136,70;1;0;0;0;18;0;0;0;0;0;0,00;0;0;0;0;0;0,00;0;12,4;0,5;1,79;Graduate;-1;1;0;0;-1;0
3635;1;1;2;9085;1;1;157;1;3;38;4;6;142,30;0;0;0;0;18;0;0;0;0;0;0,00;0;0;0;0;0;0,00;0;11,1;0,6;2,02;Graduate;-1;1;0;0;-1;0
1880;1;17;1;9500;1;1;157;1;19;3;4;9;138,80;0;0;0;1;18;0;0;0;0;0;0,00;0;0;0;0;0;0,00;0;13,9;-0,3;0,79;Graduate;-1;1;1;0;-1;0
2088;1;17;1;9130;1;1;157;1;3;2;3;6;150,90;1;0;1;0;21;0;0;0;0;0;0,00;0;0;0;0;0;0,00;0;12,4;0,5;1,79;Graduate;-1;1;0;0;-1;0
1662;1;1;2;9085;1;1;157;1;3;3;5;2;153,90;1;0;1;0;19;0;0;0;0;0;0,00;0;0;0;0;0;0,00;0;9,4;-0,8;-3,12;Graduate;-1;1;0;0;-1;0
3032;1;43;1;9500;1;1;157;1;38;3;5;2;141,40;0;0;0;0;18;0;0;0;0;0;0,00;0;0;0;0;0;0,00;0;10,8;1,4;1,74;Graduate;-1;1;1;0;-1;0
1947;1;1;1;9500;1;1;157;1;19;38;5;3;149,30;0;0;1;0;19;0;0;0;0;0;0,00;0;0;0;0;0;0,00;0;9,4;-0,8;-3,12;Graduate;-1;1;1;0;-1;0
2709;1;5;3;9070;1;1;157;1;3;1;9;6;138,10;1;0;0;1;18;0;0;0;0;0;0,00;0;0;0;0;0;0,00;0;15,5;2,8;-4,06;Graduate;-1;1;0;0;-1;0
2967;1;42;1;9500;1;1;157;1;3;3;3;3;100,00;0;0;1;0;18;0;0;0;0;0;0,00;0;0;0;0;0;0,00;0;12,4;0,5;1,79;Graduate;-1;1;1;0;-1;0
3181;1;17;1;9070;1;1;157;1;3;3;3;3;146,20;0;0;0;0;18;0;0;0;0;0;0,00;0;0;0;0;0;0,00;0;13,9;-0,3;0,79;Graduate;-1;1;1;0;-1;0
4061;1;5;1;9130;1;1;157;1;5;43;2;2;149,70;1;0;0;1;19;1;0;0;0;0;0,00;0;0;0;0;0;0,00;0;13,9;-0,3;0,79;Graduate;-1;1;0;0;-1;0
1580;1;16;1;171;1;1;158;1;38;37;9;9;164,30;1;0;1;0;22;0;0;0;0;0;0,00;0;0;0;0;0;0,00;0;12,7;3,7;-1,7;Graduate;-1;1;1;0;-1;0
1078;1;17;1;9254;1;1;158;1;37;37;5;9;138,10;1;0;0;0;19;0;0;0;0;0;0,00;0;0;0;0;0;0,00;0;13,9;-0,3;0,79;Graduate;-1;1;1;0;-1;0
2115;1;17;1;9853;1;1;158;1;38;37;5;5;140,20;1;0;1;1;18;0;0;0;0;0;0,00;0;0;0;0;0;0,00;0;12,7;3,7;-1,7;Graduate;-1;1;0;0;-1;0
1843;1;1;1;9147;1;1;158;1;1;38;3;6;155,20;0;0;1;0;18;0;0;0;0;0;0,00;0;0;0;0;0;0,00;0;11,1;0,6;2,02;Graduate;-1;1;1;0;-1;0
740;1;51;1;9773;1;1;158;1;1;19;8;8;117,10;1;0;0;1;24;0;0;0;0;0;0,00;0;0;0;0;0;0,00;0;11,1;0,6;2,02;Graduate;-1;1;0;0;-1;0
3433;1;1;1;9773;1;1;158;1;38;38;9;7;144,70;1;0;1;0;22;0;0;0;0;0;0,00;0;0;0;0;0;0,00;0;12,4;0,5;1,79;Graduate;-1;1;1;0;-1;0
114;1;1;3;9773;1;1;158;1;1;38;4;7;157,00;1;0;1;1;19;0;0;0;0;0;0,00;0;0;0;0;0;0,00;0;13,9;-0,3;0,79;Graduate;-1;1;0;0;-1;0
1667;1;17;1;9238;1;1;158;1;1;1;5;6;140,50;0;0;1;1;23;0;0;0;0;0;0,00;0;0;0;0;0;0,00;0;9,4;-0,8;-3,12;Graduate;-1;1;1;0;-1;0
4039;1;1;3;9085;1;1;158;1;1;19;9;9;153,60;1;0;1;1;19;0;0;0;0;0;0,00;0;0;0;0;0;0,00;0;9,4;-0,8;-3,12;Graduate;-1;1;1;0;-1;0
2989;1;17;1;171;1;1;158;1;3;3;3;3;151,40;1;0;0;0;18;0;0;0;0;0;0,00;0;0;0;0;0;0,00;0;9,4;-0,8;-3,12;Graduate;-1;1;0;0;-1;0
2463;1;1;1;171;1;1;159;1;3;3;2;2;165,70;1;0;1;0;36;0;0;0;0;0;0,00;0;0;0;0;0;0,00;0;7,6;2,6;0,32;Graduate;-1;1;0;0;-1;0
3152;1;1;1;171;1;1;159;1;3;1;4;4;162,20;1;0;1;0;18;0;0;0;0;0;0,00;0;0;0;0;0;0,00;0;7,6;2,6;0,32;Graduate;-1;1;1;0;-1;0
3500;1;39;1;9003;1;1;160;1;1;37;191;193;140,00;0;0;0;0;18;0;0;0;0;0;0,00;0;0;0;0;0;0,00;0;12,7;3,7;-1,7;Graduate;-1;1;1;0;-1;0
3819;1;17;1;9238;1;1;160;1;19;37;6;6;144,30;0;0;1;1;19;0;0;0;0;0;0,00;0;0;0;0;0;0,00;0;10,8;1,4;1,74;Graduate;-1;1;0;0;-1;0
2554;1;17;1;9991;0;1;160;1;34;34;0;0;161,80;1;0;0;0;18;0;0;0;0;0;0,00;0;0;0;0;0;0,00;0;13,9;-0,3;0,79;Graduate;-1;1;0;0;-1;0
1719;1;39;1;9119;1;1;160;1;38;37;7;7;129,00;0;0;0;1;18;0;0;0;0;0;0,00;0;0;0;0;0;0,00;0;12,4;0,5;1,79;Graduate;-1;1;0;0;-1;0
3344;1;1;1;9119;1;1;160;1;37;37;9;6;153,70;0;0;0;0;20;0;0;0;0;0;0,00;0;0;0;0;0;0,00;0;11,1;0,6;2,02;Graduate;-1;1;1;0;-1;0
2435;2;43;1;9085;1;1;160;1;37;37;9;7;120,00;0;0;1;0;19;0;0;0;0;0;0,00;0;0;0;0;0;0,00;0;7,6;2,6;0,32;Graduate;-1;1;1;0;-1;0
4158;1;1;5;9130;1;1;160;1;3;1;2;9;150,20;1;0;0;0;20;0;0;0;0;0;0,00;0;0;0;0;0;0,00;0;9,4;-0,8;-3,12;Graduate;-1;1;0;0;-1;0
1611;1;1;1;9147;1;1;160;1;1;38;4;7;141,50;1;0;1;1;21;0;0;0;0;0;0,00;0;0;0;0;0;0,00;0;12,4;0,5;1,79;Graduate;-1;1;0;0;-1;0
3051;2;39;1;9556;1;1;160;1;37;37;9;6;120,00;0;0;1;1;18;0;0;0;0;0;0,00;0;0;0;0;0;0,00;0;16,2;0,3;-0,92;Graduate;-1;1;0;0;-1;0
3479;1;39;1;9238;1;1;160;1;38;1;9;3;124,00;0;0;1;0;19;0;0;0;0;0;0,00;0;0;0;0;0;0,00;0;9,4;-0,8;-3,12;Graduate;-1;1;1;0;-1;0
3464;1;1;1;9853;1;1;160;1;1;37;9;9;146,00;1;0;1;0;18;0;0;0;0;0;0,00;0;0;0;0;0;0,00;0;7,6;2,6;0,32;Graduate;-1;1;0;0;-1;0
2674;2;39;1;9991;0;1;160;1;34;34;99;99;114,30;0;0;1;0;20;0;0;0;0;0;0,00;0;0;0;0;0;0,00;0;7,6;2,6;0,32;Graduate;-1;1;1;0;-1;0
2322;1;43;1;9070;1;1;160;1;1;2;4;2;100,00;0;0;1;1;21;0;0;0;0;0;0,00;0;0;0;0;0;0,00;0;10,8;1,4;1,74;Graduate;-1;1;1;0;-1;0
4399;1;39;1;9147;1;1;160;1;38;38;7;9;121,40;0;1;1;0;25;0;0;0;0;0;0,00;0;0;0;0;0;0,00;0;15,5;2,8;-4,06;Graduate;-1;1;1;0;-1;0
1227;1;1;1;9147;1;1;160;1;9;19;4;3;151,30;0;0;1;0;18;0;0;0;0;0;0,00;0;0;0;0;0;0,00;0;10,8;1,4;1,74;Graduate;-1;1;0;0;-1;0
320;1;17;1;9500;1;1;160;1;38;38;7;7;147,80;0;0;0;0;18;0;0;0;0;0;0,00;0;0;0;0;0;0,00;0;7,6;2,6;0,32;Graduate;-1;1;1;0;-1;0
2859;1;1;2;9670;1;1;160;1;2;1;4;4;137,30;1;0;0;0;19;0;0;0;0;0;0,00;0;0;0;0;0;0,00;0;16,2;0,3;-0,92;Graduate;-1;0;0;0;-1;0
2017;1;39;1;9254;1;1;160;1;3;1;6;6;116,30;1;0;1;0;19;0;0;0;0;0;0,00;0;0;0;0;0;0,00;0;12,7;3,7;-1,7;Graduate;-1;0;0;0;-1;0
1904;1;17;1;9500;1;1;160;1;19;1;4;10;153,00;1;0;0;1;18;0;0;0;0;0;0,00;0;0;0;0;0;0,00;0;12,7;3,7;-1,7;Enrolled;-1;1;0;0;-1;0
4406;1;1;4;9500;1;1;160;1;37;37;7;7;133,00;1;0;0;0;18;0;0;0;0;0;0,00;0;0;0;0;0;0,00;0;12,4;0,5;1,79;Enrolled;-1;1;1;0;-1;0
2353;1;1;1;9130;1;1;160;1;3;3;1;2;149,20;0;0;0;0;18;0;0;0;0;0;0,00;0;0;0;0;0;0,00;0;9,4;-0,8;-3,12;Enrolled;-1;1;0;0;-1;0
2843;2;39;1;9070;1;1;160;1;3;1;2;5;126,50;0;0;1;1;19;0;0;0;0;0;0,00;0;0;0;0;0;0,00;0;10,8;1,4;1,74;Enrolled;-1;1;0;0;-1;0
70;1;39;1;9254;1;1;160;1;19;37;7;10;100,00;0;0;1;0;18;0;0;0;0;0;0,00;0;0;0;0;0;0,00;0;7,6;2,6;0,32;Enrolled;-1;1;0;0;-1;0
2478;1;1;1;9254;1;1;160;1;19;38;9;9;140,80;1;0;0;0;19;0;0;0;0;0;0,00;0;0;0;0;0;0,00;0;12,7;3,7;-1,7;Enrolled;-1;1;1;0;-1;0
461;1;1;1;9130;1;1;160;1;3;3;3;2;155,10;1;0;0;0;18;0;0;0;0;0;0,00;0;0;0;0;0;0,00;0;12,4;0,5;1,79;Enrolled;-1;1;1;0;-1;0
1826;1;17;1;9254;1;1;160;1;19;37;5;3;152,00;0;0;1;0;17;0;0;0;0;0;0,00;0;0;0;0;0;0,00;0;15,5;2,8;-4,06;Enrolled;-1;1;1;0;-1;0
2583;1;1;1;9147;1;1;160;1;38;37;9;5;159,30;0;0;0;0;20;0;0;0;0;0;0,00;0;0;0;0;0;0,00;0;15,5;2,8;-4,06;Enrolled;-1;1;1;0;-1;0
3437;1;1;1;9773;1;1;160;1;1;38;4;7;146,50;0;0;1;0;19;0;0;0;0;0;0,00;0;0;0;0;0;0,00;0;15,5;2,8;-4,06;Enrolled;-1;1;1;0;-1;0
847;2;39;1;9991;0;1;160;1;1;1;194;131;128,40;0;0;1;0;22;0;0;0;0;0;0,00;0;0;0;0;0;0,00;0;10,8;1,4;1,74;Enrolled;-1;1;0;0;-1;0
2907;4;39;2;8014;0;1;160;1;37;38;7;5;115,00;0;0;1;0;22;0;0;0;0;0;0,00;0;0;0;0;0;0,00;0;13,9;-0,3;0,79;Enrolled;-1;1;1;0;-1;0
3880;2;39;1;9991;0;1;160;1;37;37;9;9;160,00;0;0;0;0;18;0;0;0;0;0;0,00;0;0;0;0;0;0,00;0;15,5;2,8;-4,06;Enrolled;-1;1;1;0;-1;0
303;1;1;1;9500;1;1;160;1;19;19;4;9;154,40;0;0;0;0;20;0;0;0;0;0;0,00;0;0;0;0;0;0,00;0;13,9;-0,3;0,79;Enrolled;-1;1;1;0;-1;0
4356;1;1;2;9085;1;1;160;1;4;19;2;5;162,10;1;0;1;1;18;0;0;0;0;0;0,00;0;0;0;0;0;0,00;0;10,8;1,4;1,74;Enrolled;-1;1;1;0;-1;0
311;1;51;1;9238;1;1;160;1;3;19;2;1;116,10;0;0;1;0;21;0;0;0;0;0;0,00;0;0;0;0;0;0,00;0;15,5;2,8;-4,06;Enrolled;-1;1;0;0;-1;0
1888;2;43;1;9773;1;1;160;1;37;37;5;0;160,00;0;0;0;0;18;0;0;0;0;0;0,00;0;0;0;0;0;0,00;0;7,6;2,6;0,32;Enrolled;-1;1;0;0;-1;0
1117;1;1;1;9070;1;1;160;1;3;38;1;9;152,00;1;0;1;0;22;0;0;0;0;0;0,00;0;0;0;0;0;0,00;0;7,6;2,6;0,32;Enrolled;-1;1;0;0;-1;0
2751;1;39;1;9119;1;1;160;1;1;38;4;7;112,00;0;0;1;0;20;0;0;0;0;0;0,00;0;0;0;0;0;0,00;0;16,2;0,3;-0,92;Enrolled;-1;1;0;0;-1;0
3426;2;43;2;9147;1;1;160;1;37;37;9;9;96,00;0;0;0;0;18;0;0;0;0;0;0,00;0;0;0;0;0;0,00;0;7,6;2,6;0,32;Enrolled;-1;1;1;0;-1;0
3338;1;43;1;9670;1;1;160;1;34;34;99;99;100,10;0;0;1;0;18;0;0;0;0;0;0,00;0;0;0;0;0;0,00;0;9,4;-0,8;-3,12;Enrolled;-1;0;0;0;-1;0
3566;2;39;1;9991;0;1;160;1;1;3;1;2;130,00;0;0;0;0;20;0;0;0;0;0;0,00;0;0;0;0;0;0,00;0;16,2;0,3;-0,92;Dropout;-1;1;0;0;-1;0
3503;1;15;1;9670;1;1;160;1;37;12;9;9;149,50;1;0;1;0;20;0;0;0;0;0;0,00;0;0;0;0;0;0,00;0;10,8;1,4;1,74;Dropout;-1;1;0;0;-1;0
2;1;15;1;9254;1;1;160;1;1;3;3;3;142,50;1;0;1;0;19;0;0;0;0;0;0,00;0;0;0;0;0;0,00;0;15,5;2,8;-4,06;Dropout;-1;1;0;0;-1;0
558;1;1;1;171;1;1;161;1;37;37;9;9;144,20;1;0;0;0;34;0;0;0;0;0;0,00;0;0;0;0;0;0,00;0;10,8;1,4;1,74;Dropout;-1;1;0;0;-1;0
4376;1;43;1;9991;0;1;161;1;37;37;9;9;100,00;1;0;0;0;19;0;0;0;0;0;0,00;0;0;0;0;0;0,00;0;13,9;-0,3;0,79;Dropout;-1;1;1;0;-1;0
373;1;17;1;9773;1;1;161;1;1;19;4;7;148,40;0;0;1;0;21;0;0;0;0;0;0,00;0;0;0;0;0;0,00;0;12,7;3,7;-1,7;Dropout;-1;1;1;0;-1;0
716;1;43;1;8014;0;1;161;1;19;37;4;10;100,00;0;0;1;0;19;0;0;0;0;0;0,00;0;0;0;0;0;0,00;0;12,4;0,5;1,79;Dropout;-1;1;0;0;-1;0
1201;1;1;1;9130;1;1;161;1;1;19;4;4;152,30;0;0;0;1;19;0;0;0;0;0;0,00;0;0;0;0;0;0,00;0;11,1;0,6;2,02;Dropout;-1;1;0;0;-1;0
4319;1;1;1;171;1;1;161;41;1;1;9;7;163,10;1;0;0;0;19;0;0;0;0;0;0,00;0;0;0;0;0;0,00;0;15,5;2,8;-4,06;Dropout;-1;1;1;0;-1;0
2921;1;1;1;171;1;1;162;1;19;19;4;7;152,90;1;0;0;0;18;0;0;0;0;0;0,00;0;0;0;0;0;0,00;0;15,5;2,8;-4,06;Dropout;-1;1;0;0;-1;0
3491;1;1;1;171;1;1;162;1;37;37;9;9;142,80;1;0;0;0;20;0;0;0;0;0;0,00;0;0;0;0;0;0,00;0;12,7;3,7;-1,7;Dropout;-1;1;1;0;-1;0
1831;1;1;1;9853;1;1;162;1;37;19;9;8;142,80;0;0;1;0;18;0;0;0;0;0;0,00;0;0;0;0;0;0,00;0;9,4;-0,8;-3,12;Dropout;-1;1;0;0;-1;0
2858;1;1;1;171;1;1;163;1;1;1;4;3;149,70;1;0;1;0;36;0;0;0;0;0;0,00;0;0;0;0;0;0,00;0;10,8;1,4;1,74;Dropout;-1;1;1;0;-1;0
1065;1;1;1;9853;1;1;163;1;19;1;5;10;146,60;1;0;1;0;18;0;0;0;0;0;0,00;0;0;0;0;0;0,00;0;7,6;2,6;0,32;Dropout;-1;1;1;0;-1;0
3672;1;17;1;9085;1;1;163;14;37;37;9;9;150,80;1;0;1;0;18;0;0;0;0;0;0,00;0;0;0;0;0;0,00;0;16,2;0,3;-0,92;Dropout;-1;1;0;0;-1;0
4175;1;1;1;9238;1;1;163;1;37;37;5;6;155,00;0;0;0;0;21;0;0;0;0;0;0,00;0;0;0;0;0;0,00;0;8,9;1,4;3,51;Dropout;-1;1;1;0;-1;0
2514;1;10;2;9085;1;1;163,3;22;19;1;4;9;163,30;0;0;0;0;20;0;0;0;0;0;0,00;0;0;0;0;0;0,00;0;15,5;2,8;-4,06;Dropout;-1;1;1;0;-1;0
1817;4;43;1;9991;0;1;164;1;37;37;6;6;131,80;0;0;1;0;19;0;0;0;0;0;0,00;0;0;0;0;0;0,00;0;7,6;2,6;0,32;Dropout;-1;1;1;0;-1;0
2854;1;18;3;9070;1;1;164;1;1;1;5;3;161,20;1;0;0;1;18;0;0;0;0;0;0,00;0;0;0;0;0;0,00;0;13,9;-0,3;0,79;Dropout;-1;1;1;0;-1;0
2558;1;1;2;171;1;1;165;1;3;3;2;2;163,60;1;0;0;0;20;0;0;0;0;0;0,00;0;0;0;0;0;0,00;0;13,9;-0,3;0,79;Dropout;-1;1;1;0;-1;0
1009;1;1;1;9500;1;1;165;1;19;37;5;5;142,30;0;0;0;0;18;0;0;0;0;0;0,00;0;0;0;0;0;0,00;0;13,9;-0,3;0,79;Dropout;-1;1;1;0;-1;0
2458;1;1;1;9147;1;1;166;1;19;37;4;8;146,40;0;0;1;0;22;0;0;0;0;0;0,00;0;0;0;0;0;0,00;0;11,1;0,6;2,02;Dropout;-1;1;0;0;-1;0
395;1;17;2;9085;1;1;166;1;1;19;4;3;158,70;0;0;1;0;18;0;0;0;0;0;0,00;0;0;0;0;0;0,00;0;12,7;3,7;-1,7;Dropout;-1;1;1;0;-1;0
4390;1;1;1;9238;1;1;167;1;19;19;9;7;156,20;0;0;1;0;19;0;0;0;0;0;0,00;0;0;0;0;0;0,00;0;10,8;1,4;1,74;Dropout;-1;1;0;0;-1;0
54;1;1;3;9130;1;1;167;1;37;37;90;90;159,30;0;0;1;1;25;1;0;0;0;0;0,00;0;0;0;0;0;0,00;0;15,5;2,8;-4,06;Dropout;-1;1;1;0;-1;0
2177;1;1;4;9070;1;1;167;1;1;1;7;3;158,30;1;0;0;1;18;0;0;0;0;0;0,00;0;0;0;0;0;0,00;0;13,9;-0,3;0,79;Dropout;-1;1;0;0;-1;0
1699;1;1;1;9500;1;1;168;1;1;1;5;5;161,00;1;0;1;0;20;0;0;0;0;0;0,00;0;0;0;0;0;0,00;0;10,8;1,4;1,74;Dropout;-1;1;0;0;-1;0
3962;1;42;1;9500;1;1;168;1;37;1;9;4;133,40;1;0;0;0;19;0;0;0;0;0;0,00;0;0;0;0;0;0,00;0;15,5;2,8;-4,06;Dropout;-1;1;0;0;-1;0
1284;1;1;1;9119;1;1;168;1;19;19;4;4;171,20;0;0;1;1;21;0;0;0;0;0;0,00;0;0;0;0;0;0,00;0;15,5;2,8;-4,06;Dropout;-1;1;0;0;-1;0
4395;1;1;4;9500;1;1;168;1;38;1;9;10;166,00;1;0;0;0;18;0;0;0;0;0;0,00;0;0;0;0;0;0,00;0;16,2;0,3;-0,92;Dropout;-1;1;1;0;-1;0
1295;2;39;1;9003;1;1;168;1;1;41;9;3;153,90;0;0;0;0;19;0;0;0;0;0;0,00;0;0;0;0;0;0,00;0;10,8;1,4;1,74;Dropout;-1;1;0;0;-1;0
3025;1;1;1;171;1;1;169;1;19;37;9;7;176,00;1;0;1;1;18;0;0;0;0;0;0,00;0;0;0;0;0;0,00;0;9,4;-0,8;-3,12;Dropout;-1;1;0;0;-1;0
2329;1;1;1;171;1;1;170;1;38;19;9;2;160,60;1;0;0;0;19;0;0;0;0;0;0,00;0;0;0;0;0;0,00;0;12,4;0,5;1,79;Dropout;-1;1;0;0;-1;0
2129;1;1;1;171;1;1;170;1;19;19;8;8;176,70;1;0;0;0;26;0;0;0;0;0;0,00;0;0;0;0;0;0,00;0;16,2;0,3;-0,92;Dropout;-1;1;1;0;-1;0
1255;1;43;1;9085;1;1;170;1;19;19;5;1;170,00;1;0;1;0;26;0;0;0;0;0;0,00;0;0;0;0;0;0,00;0;11,1;0,6;2,02;Dropout;-1;1;0;0;-1;0
1121;1;39;1;9238;1;1;170;1;38;19;9;9;140,00;1;0;1;0;21;0;0;0;0;0;0,00;0;0;0;0;0;0,00;0;10,8;1,4;1,74;Dropout;-1;1;0;0;-1;0
3667;2;42;1;9070;1;1;170;1;37;25;0;4;148,50;0;0;1;0;20;0;0;0;0;0;0,00;0;0;0;0;0;0,00;0;10,8;1,4;1,74;Dropout;-1;1;0;0;-1;0
382;1;43;1;9500;1;1;170;1;19;37;8;8;100,00;0;0;0;0;21;0;0;0;0;0;0,00;0;0;0;0;0;0,00;0;9,4;-0,8;-3,12;Dropout;-1;1;0;0;-1;0
975;2;39;1;9991;0;1;170;1;37;19;9;3;151,10;0;0;1;0;38;0;0;0;0;0;0,00;0;0;0;0;0;0,00;0;7,6;2,6;0,32;Dropout;-1;1;0;0;-1;0
4079;2;39;1;9991;0;1;170;1;38;19;4;8;134,70;0;0;1;0;27;0;0;0;0;0;0,00;0;0;0;0;0;0,00;0;9,4;-0,8;-3,12;Dropout;-1;1;0;0;-1;0
1444;1;17;1;9003;1;1;170;1;1;4;9;5;144,10;1;0;1;0;22;0;0;0;0;0;0,00;0;0;0;0;0;0,00;0;7,6;2,6;0,32;Dropout;-1;0;0;0;-1;0
3318;1;1;1;171;1;1;172;1;1;1;4;9;167,10;0;0;0;0;21;0;0;0;0;0;0,00;0;0;0;0;0;0,00;0;9,4;-0,8;-3,12;Dropout;-1;0;0;0;-1;0
578;1;39;2;9991;0;1;172;1;19;37;9;8;150,00;1;0;1;0;25;0;0;0;0;0;0,00;0;0;0;0;0;0,00;0;15,5;2,8;-4,06;Dropout;-1;0;1;0;-1;0
2125;1;1;1;171;1;1;174;1;5;3;3;3;157,90;0;0;1;1;19;0;0;0;0;0;0,00;0;0;0;0;0;0,00;0;9,4;-0,8;-3,12;Dropout;-1;0;1;0;-1;0
1047;1;1;3;9773;1;1;175;1;3;38;2;10;157,50;1;0;0;1;18;0;0;0;0;0;0,00;0;0;0;0;0;0,00;0;12,7;3,7;-1,7;Dropout;-1;0;0;0;-1;0
1216;1;1;1;9500;1;1;176;1;3;38;3;7;169,70;0;0;1;0;20;0;0;0;0;0;0,00;0;0;0;0;0;0,00;0;9,4;-0,8;-3,12;Dropout;-1;0;0;0;-1;0
3153;1;17;1;9773;1;1;177;1;2;1;123;135;155,70;0;0;0;0;18;0;0;0;0;0;0,00;0;0;0;0;0;0,00;0;8,9;1,4;3,51;Dropout;-1;0;0;0;-1;0
3110;1;1;1;9147;1;1;177;1;1;38;3;9;162,30;0;0;0;0;18;0;0;0;0;0;0,00;0;0;0;0;0;0,00;0;12,4;0,5;1,79;Dropout;-1;0;1;0;-1;0
2263;1;1;1;9254;1;1;178;1;2;1;2;3;157,70;0;0;1;1;18;0;0;0;0;0;0,00;0;0;0;0;0;0,00;0;13,9;-0,3;0,79;Dropout;-1;0;0;0;-1;0
140;1;18;1;9500;1;1;178;1;19;1;4;8;174,70;0;0;1;0;18;0;0;0;0;0;0,00;0;0;0;0;0;0,00;0;9,4;-0,8;-3,12;Dropout;-1;0;0;0;-1;0
525;1;1;1;9556;1;1;180;103;5;3;1;1;183,50;1;0;1;0;19;0;0;0;0;0;0,00;0;0;0;0;0;0,00;0;15,5;2,8;-4,06;Dropout;-1;0;1;0;-1;0
4423;1;1;1;9147;1;1;180;1;37;37;7;4;153,80;1;0;0;1;23;0;0;0;0;0;0,00;0;0;0;0;0;0,00;0;9,4;-0,8;-3,12;Dropout;-1;0;1;0;-1;0
3944;5;39;1;9147;1;1;180;1;1;1;4;8;140,50;0;0;0;0;19;0;0;0;0;0;0,00;0;0;0;0;0;0,00;0;10,8;1,4;1,74;Dropout;-1;0;1;0;-1;0
2130;1;1;1;9070;1;1;182;1;19;1;5;7;156,80;1;0;1;0;18;0;0;0;0;0;0,00;0;0;0;0;0;0,00;0;9,4;-0,8;-3,12;Dropout;-1;0;0;0;-1;0
1889;1;10;1;9085;1;1;184,4;22;2;19;2;8;184,40;0;0;0;0;19;0;0;0;0;0;0,00;0;0;0;0;0;0,00;0;9,4;-0,8;-3,12;Dropout;-1;0;1;0;-1;0
342;1;1;1;171;1;1;188;1;3;3;2;2;178,30;1;0;1;0;19;0;0;0;0;0;0,00;0;0;0;0;0;0,00;0;10,8;1,4;1,74;Dropout;-1;0;0;0;-1;0
2512;1;15;1;9500;1;1;190;108;3;2;122;4;190,00;1;0;1;0;20;0;0;0;0;0;0,00;0;0;0;0;0;0,00;0;9,4;-0,8;-3,12;Dropout;-1;0;1;0;-1;0
